Client,Age,Tenure,Count_CA,Count_SA,Count_MF,Count_OVD,Count_CC,Count_CL,ActBal_CA,ActBal_SA,ActBal_MF,ActBal_OVD,ActBal_CC,ActBal_CL,VolumeCred,VolumeCred_CA,TransactionsCred,TransactionsCred_CA,VolumeDeb,VolumeDeb_CA,VolumeDebCash_Card,VolumeDebCashless_Card,VolumeDeb_PaymentOrder,TransactionsDeb,TransactionsDeb_CA,TransactionsDebCash_Card,TransactionsDebCashless_Card,TransactionsDeb_PaymentOrder,Sex_M,has_Count_SA,has_Count_MF,has_Count_CL,avgBal_SA,avgBal_MF,avgBal_CL,has_TransactionsCred,has_TransactionsCred_CA,has_TransactionsCred_nonCA,has_TransactionsDeb,has_TransactionsDeb_nonCA,has_TransactionsDebCash,has_TransactionsDebCashless,has_PaymentOrder,avg_VolumeCred,avg_VolumeCred_CA,avg_VolumeDeb,avg_VolumeDeb_CA,avg_VolumeDebCash,avg_VolumeDebCashless,avg_VolumeDeb_PaymentOrder,VolumeCred_nonCA,VolumeDeb_nonCA,Sale_MF,Sale_CC,Sale_CL,Revenue_MF,Revenue_CC,Revenue_CL
1217,38,165,1,0.0,0.0,0.0,0.0,0.0,6752.244642857143,0.0,0.0,0.0,0.0,0.0,0.002142857142857143,0.002142857142857143,1,1,714.2857142857143,714.2857142857143,0.0,0.0,714.2857142857143,1,1,0,0,1,1,0,0,0,0.0,0.0,0.0,1,1,0,1,0,0,0,1,0.002142857142857143,0.002142857142857143,714.2857142857143,714.2857142857143,0.0,0.0,714.2857142857143,0.0,0.0,0,0,0,0.0,0.0,0.0
850,49,44,1,0.0,0.0,0.0,0.0,0.0,43.52321428571429,0.0,0.0,0.0,0.0,0.0,1392.402857142857,1392.402857142857,3,3,1226.345357142857,1226.345357142857,0.0,0.0,121.92857142857143,6,6,0,0,1,0,0,0,0,0.0,0.0,0.0,1,1,0,1,0,0,0,1,464.1342857142857,464.1342857142857,204.39089285714283,204.39089285714283,0.0,0.0,121.92857142857143,0.0,0.0,0,1,0,0.0,0.8939285714285715,0.0
1473,54,34,1,1.0,0.0,0.0,1.0,1.0,29.024285714285714,14447.801428571429,0.0,0.0,653.91,1132.590357142857,1787.1275,939.1289285714286,14,5,3875.1378571428572,3794.5807142857143,357.14285714285717,444.59749999999997,2076.785714285714,48,38,1,26,11,1,1,0,1,14447.801428571429,0.0,1132.590357142857,1,1,1,1,1,1,1,1,127.65196428571429,187.8257857142857,80.73203869047619,99.85738721804512,357.14285714285717,17.099903846153843,188.7987012987013,847.9985714285715,80.55714285714294,1,0,0,4.929642857142857,0.0,0.0
1038,29,106,1,0.0,0.0,0.0,0.0,0.0,27.035714285714285,0.0,0.0,0.0,0.0,0.0,0.006071428571428572,0.006071428571428572,1,1,0.0,0.0,0.0,0.0,0.0,0,0,0,0,0,1,0,0,0,0.0,0.0,0.0,1,1,0,0,0,0,0,0,0.006071428571428572,0.006071428571428572,0.0,0.0,0.0,0.0,0.0,0.0,0.0,0,0,0,0.0,0.0,0.0
225,14,187,1,0.0,0.0,1.0,0.0,0.0,345.6860714285714,0.0,0.0,618.3975,0.0,0.0,0.0075,0.0075,1,1,130.52142857142857,130.52142857142857,0.0,111.23571428571428,19.285714285714285,5,5,0,4,1,1,0,0,0,0.0,0.0,0.0,1,1,0,1,0,0,1,1,0.0075,0.0075,26.104285714285716,26.104285714285716,0.0,27.80892857142857,19.285714285714285,0.0,0.0,0,0,1,0.0,0.0,8.130714285714285
827,57,50,1,0.0,0.0,1.0,1.0,0.0,49.19357142857143,0.0,0.0,0.0,0.4642857142857143,0.0,1755.2817857142857,1750.4042857142856,9,6,1474.3214285714287,1455.0357142857142,607.1428571428571,17.857142857142858,843.25,26,23,4,1,17,1,0,0,0,0.0,0.0,0.0,1,1,1,1,1,1,1,1,195.0313095238095,291.7340476190476,56.704670329670336,63.26242236024844,151.78571428571428,17.857142857142858,49.60294117647059,4.877500000000055,19.285714285714448,0,1,1,0.0,7.928571428571429,12.242142857142856
1231,6,232,1,0.0,0.0,0.0,0.0,0.0,819.8539285714286,0.0,0.0,0.0,0.0,0.0,0.015714285714285715,0.015714285714285715,2,2,2257.0,2257.0,2250.0,0.0,0.0,9,9,6,0,0,0,0,0,0,0.0,0.0,0.0,1,1,0,1,0,1,0,0,0.007857142857142858,0.007857142857142858,250.77777777777777,250.77777777777777,375.0,0.0,0.0,0.0,0.0,0,0,1,0.0,0.0,24.434642857142855
739,69,55,1,1.0,8.0,1.0,0.0,1.0,5519.308928571429,0.0,9824.236785714285,0.0,0.0,3868.679642857143,208.4467857142857,150.00357142857143,4,2,287.00357142857143,282.575,0.0,211.18214285714288,0.0,7,5,0,3,0,1,1,1,1,0.0,1228.0295982142857,3868.679642857143,1,1,1,1,1,0,1,0,52.11169642857143,75.00178571428572,41.000510204081635,56.515,0.0,70.39404761904763,0.0,58.44321428571428,4.428571428571445,0,1,1,0.0,2.138571428571429,7.785714285714286
956,52,139,2,0.0,0.0,1.0,0.0,0.0,3611.397857142857,0.0,0.0,0.0,0.0,0.0,1699.1328571428571,1278.5364285714284,13,10,1647.4603571428572,1238.9960714285714,71.42857142857143,118.72107142857143,624.2142857142857,27,20,1,4,11,1,0,0,0,0.0,0.0,0.0,1,1,1,1,1,1,1,1,130.70252747252746,127.85364285714283,61.01705026455027,61.949803571428575,71.42857142857143,29.68026785714286,56.746753246753244,420.59642857142876,408.4642857142858,0,0,1,0.0,0.0,19.958214285714288
1219,33,19,1,0.0,0.0,0.0,0.0,0.0,5164.206428571429,0.0,0.0,0.0,0.0,0.0,347.32214285714286,347.32214285714286,2,2,368.49285714285713,368.49285714285713,71.42857142857143,19.67142857142857,246.32142857142858,13,13,2,3,5,1,0,0,0,0.0,0.0,0.0,1,1,0,1,0,1,1,1,173.66107142857143,173.66107142857143,28.345604395604393,28.345604395604393,35.714285714285715,6.557142857142857,49.26428571428572,0.0,0.0,0,0,0,0.0,0.0,0.0
137,63,168,3,0.0,1.0,0.0,0.0,0.0,185.72214285714287,0.0,0.0,0.0,0.0,0.0,447.11285714285714,447.11285714285714,2,2,503.98071428571427,503.98071428571427,178.57142857142858,255.90928571428572,67.42857142857143,11,11,1,6,3,0,0,1,0,0.0,0.0,0.0,1,1,0,1,0,1,1,1,223.55642857142857,223.55642857142857,45.81642857142857,45.81642857142857,178.57142857142858,42.65154761904762,22.476190476190478,0.0,0.0,0,1,0,0.0,9.392857142857142,0.0
316,1,211,1,0.0,0.0,0.0,0.0,0.0,22.733571428571427,0.0,0.0,0.0,0.0,0.0,1022.8460714285713,1022.8460714285713,6,6,1026.8178571428573,1026.8178571428573,535.7142857142857,7.710714285714286,481.4642857142857,21,21,6,1,9,0,0,0,0,0.0,0.0,0.0,1,1,0,1,0,1,1,1,170.47434523809522,170.47434523809522,48.89608843537415,48.89608843537415,89.28571428571428,7.710714285714286,53.49603174603175,0.0,0.0,0,0,1,0.0,0.0,15.015357142857143
461,17,64,1,1.0,0.0,0.0,0.0,0.0,6.537857142857143,6128.227857142857,0.0,0.0,0.0,0.0,1463.9160714285715,1463.8007142857143,5,4,1590.5982142857142,1590.5982142857142,0.0,340.7517857142857,719.9642857142857,18,18,0,3,12,0,1,0,0,6128.227857142857,0.0,0.0,1,1,1,1,0,0,1,1,292.7832142857143,365.9501785714286,88.36656746031746,88.36656746031746,0.0,113.58392857142856,59.9970238095238,0.11535714285719223,0.0,0,0,0,0.0,0.0,0.0
1048,65,71,1,0.0,0.0,1.0,0.0,0.0,1911.4914285714287,0.0,0.0,0.0,0.0,0.0,729.2757142857143,729.2757142857143,2,2,541.25,541.25,535.7142857142857,0.0,0.0,3,3,1,0,0,0,0,0,0,0.0,0.0,0.0,1,1,0,1,0,1,0,0,364.6378571428572,364.6378571428572,180.41666666666666,180.41666666666666,535.7142857142857,0.0,0.0,0.0,0.0,0,0,0,0.0,0.0,0.0
123,22,40,2,0.0,0.0,0.0,0.0,0.0,8883.968214285715,0.0,0.0,0.0,0.0,0.0,30.381785714285716,30.381785714285716,2,2,35.892857142857146,35.892857142857146,0.0,33.92857142857143,0.0,2,2,0,1,0,0,0,0,0,0.0,0.0,0.0,1,1,0,1,0,0,1,0,15.190892857142858,15.190892857142858,17.946428571428573,17.946428571428573,0.0,33.92857142857143,0.0,0.0,0.0,0,0,1,0.0,0.0,10.46107142857143
1574,30,149,1,0.0,0.0,0.0,0.0,0.0,478.5435714285714,0.0,0.0,0.0,0.0,0.0,0.0071428571428571435,0.0071428571428571435,1,1,0.8939285714285715,0.8939285714285715,0.0,0.0,0.0,1,1,0,0,0,0,0,0,0,0.0,0.0,0.0,1,1,0,1,0,0,0,0,0.0071428571428571435,0.0071428571428571435,0.8939285714285715,0.8939285714285715,0.0,0.0,0.0,0.0,0.0,0,0,1,0.0,0.0,3.9435714285714285
1160,19,260,1,0.0,0.0,1.0,0.0,1.0,2723.980357142857,0.0,0.0,0.0,0.0,4239.8775000000005,884.592857142857,865.2971428571428,3,2,929.5178571428571,925.625,285.7142857142857,190.81428571428572,178.64285714285714,28,26,3,9,7,1,0,0,1,0.0,0.0,4239.8775000000005,1,1,1,1,1,1,1,1,294.8642857142857,432.6485714285714,33.19706632653061,35.60096153846154,95.23809523809524,21.201587301587303,25.520408163265305,19.29571428571421,3.8928571428571104,0,1,1,0.0,0.8571428571428571,17.993214285714284
1083,39,12,2,0.0,1.0,0.0,0.0,0.0,42.61892857142857,0.0,759.1507142857143,0.0,0.0,0.0,1076.222142857143,1076.222142857143,2,2,1078.7632142857142,1078.7632142857142,0.0,0.0,0.0,4,4,0,0,0,0,0,1,0,0.0,759.1507142857143,0.0,1,1,0,1,0,0,0,0,538.1110714285714,538.1110714285714,269.69080357142855,269.69080357142855,0.0,0.0,0.0,0.0,0.0,0,0,1,0.0,0.0,27.551785714285717
36,49,263,1,1.0,2.0,0.0,0.0,0.0,60.99785714285714,1912.6325,3697.8375,0.0,0.0,0.0,7155.630357142857,7142.885,4,2,0.0,0.0,0.0,0.0,0.0,0,0,0,0,0,0,1,1,0,1912.6325,1848.91875,0.0,1,1,1,0,0,0,0,0,1788.9075892857143,3571.4425,0.0,0.0,0.0,0.0,0.0,12.745357142856847,0.0,1,0,0,0.2380357142857143,0.0,0.0
191,59,150,1,0.0,0.0,0.0,0.0,0.0,1047.5860714285714,0.0,0.0,0.0,0.0,0.0,998.6810714285714,998.6810714285714,4,4,995.4103571428572,995.4103571428572,114.28571428571429,83.94678571428572,790.035,19,19,6,5,4,1,0,0,0,0.0,0.0,0.0,1,1,0,1,0,1,1,1,249.67026785714285,249.67026785714285,52.39001879699248,52.39001879699248,19.047619047619047,16.789357142857146,197.50875,0.0,0.0,0,0,0,0.0,0.0,0.0
689,39,133,1,0.0,0.0,0.0,0.0,0.0,396.30821428571426,0.0,0.0,0.0,0.0,0.0,1071.4289285714285,1071.4289285714285,3,3,908.275,908.275,0.0,10.785714285714286,0.0,5,5,0,3,0,0,0,0,0,0.0,0.0,0.0,1,1,0,1,0,0,1,0,357.1429761904762,357.1429761904762,181.655,181.655,0.0,3.5952380952380953,0.0,0.0,0.0,0,0,0,0.0,0.0,0.0
390,50,67,1,1.0,79.0,0.0,0.0,0.0,442.34607142857146,0.39571428571428574,5468.865357142858,0.0,0.0,0.0,1839.9928571428572,1836.7453571428573,6,4,701.9875000000001,701.9875000000001,89.28571428571429,213.9517857142857,397.14285714285717,38,38,2,29,6,1,1,1,0,0.39571428571428574,69.226143761302,0.0,1,1,1,1,0,1,1,1,306.6654761904762,459.1863392857143,18.473355263157895,18.473355263157895,44.642857142857146,7.3776477832512315,66.19047619047619,3.2474999999999454,0.0,1,0,0,1.3798214285714285,0.0,0.0
729,17,85,1,1.0,1.0,1.0,0.0,0.0,2082.3089285714286,0.0,0.0,0.0,0.0,0.0,1069.8657142857144,1069.8110714285715,6,5,4748.714285714285,4748.714285714285,0.0,0.0,462.7857142857143,14,14,0,0,11,1,1,1,0,0.0,0.0,0.0,1,1,1,1,0,0,0,1,178.3109523809524,213.9622142857143,339.19387755102036,339.19387755102036,0.0,0.0,42.07142857142857,0.05464285714288053,0.0,0,1,1,0.0,3.5021428571428572,28.14892857142857
186,40,26,1,0.0,0.0,1.0,0.0,1.0,981.5882142857143,0.0,0.0,0.0,0.0,8742.690357142857,1918.8739285714287,1343.8639285714287,23,18,1884.7275000000002,1243.8639285714287,332.14285714285717,73.24285714285715,239.5,34,18,4,4,4,1,0,0,1,0.0,0.0,8742.690357142857,1,1,1,1,1,1,1,1,83.42930124223604,74.65910714285715,55.433161764705886,69.1035515873016,83.03571428571429,18.310714285714287,59.875,575.01,640.8635714285715,0,0,0,0.0,0.0,0.0
682,3,149,1,1.0,11.0,0.0,0.0,0.0,684.2814285714286,4557.6075,1146.4175,0.0,0.0,0.0,1152.682857142857,866.5007142857143,5,3,1043.5357142857142,1043.5357142857142,742.8571428571429,0.0,297.92857142857144,22,22,12,0,2,0,1,1,0,4557.6075,104.21977272727273,0.0,1,1,1,1,0,1,0,1,230.53657142857142,288.8335714285714,47.43344155844156,47.43344155844156,61.904761904761905,0.0,148.96428571428572,286.1821428571428,0.0,0,1,1,0.0,0.21428571428571427,9.392857142857142
363,33,59,1,0.0,0.0,0.0,0.0,0.0,7169.007142857144,0.0,0.0,0.0,0.0,0.0,443.05571428571426,443.05571428571426,2,2,468.67857142857144,468.67857142857144,0.0,447.42857142857144,17.857142857142858,6,6,0,4,1,1,0,0,0,0.0,0.0,0.0,1,1,0,1,0,0,1,1,221.52785714285713,221.52785714285713,78.11309523809524,78.11309523809524,0.0,111.85714285714286,17.857142857142858,0.0,0.0,0,0,0,0.0,0.0,0.0
308,45,135,1,0.0,0.0,0.0,0.0,0.0,286.4214285714286,0.0,0.0,0.0,0.0,0.0,148.5725,148.5725,3,3,300.32142857142856,300.32142857142856,160.71428571428572,32.857142857142854,103.71428571428571,12,12,6,1,1,0,0,0,0,0.0,0.0,0.0,1,1,0,1,0,1,1,1,49.524166666666666,49.524166666666666,25.02678571428571,25.02678571428571,26.78571428571429,32.857142857142854,103.71428571428571,0.0,0.0,0,0,0,0.0,0.0,0.0
416,44,95,1,0.0,0.0,0.0,0.0,0.0,906.5260714285714,0.0,0.0,0.0,0.0,0.0,5704.231785714285,5704.231785714285,5,5,185.39285714285714,185.39285714285714,28.571428571428573,156.82142857142858,0.0,25,25,4,21,0,0,0,0,0,0.0,0.0,0.0,1,1,0,1,0,1,1,0,1140.846357142857,1140.846357142857,7.4157142857142855,7.4157142857142855,7.142857142857143,7.467687074829932,0.0,0.0,0.0,1,0,0,10.363035714285715,0.0,0.0
328,27,10,1,0.0,0.0,0.0,0.0,0.0,2.415,0.0,0.0,0.0,0.0,0.0,1408.4760714285715,1408.4760714285715,2,2,1.9642857142857142,1.9642857142857142,0.0,0.0,0.0,1,1,0,0,0,0,0,0,0,0.0,0.0,0.0,1,1,0,1,0,0,0,0,704.2380357142857,704.2380357142857,1.9642857142857142,1.9642857142857142,0.0,0.0,0.0,0.0,0.0,0,0,0,0.0,0.0,0.0
938,57,33,1,1.0,2.0,0.0,0.0,0.0,7.576785714285714,52743.09071428572,0.0,0.0,0.0,0.0,448.46714285714285,448.46500000000003,3,2,470.5285714285714,470.5285714285714,85.71428571428571,221.52857142857144,163.28571428571428,17,17,2,9,6,1,1,1,0,52743.09071428572,0.0,0.0,1,1,1,1,0,1,1,1,149.48904761904762,224.23250000000002,27.6781512605042,27.6781512605042,42.857142857142854,24.614285714285714,27.21428571428571,0.0021428571428145915,0.0,0,1,1,0.0,4.928571428571429,7.812142857142858
285,76,249,1,0.0,0.0,0.0,0.0,0.0,89.44571428571429,0.0,0.0,0.0,0.0,0.0,388.6432142857143,388.6432142857143,2,2,395.14285714285717,395.14285714285717,382.14285714285717,7.107142857142857,0.0,6,6,2,1,0,0,0,0,0,0.0,0.0,0.0,1,1,0,1,0,1,1,0,194.32160714285715,194.32160714285715,65.85714285714286,65.85714285714286,191.07142857142858,7.107142857142857,0.0,0.0,0.0,0,1,0,0.0,5.642857142857143,0.0
1404,68,11,1,0.0,0.0,0.0,0.0,0.0,133.43107142857144,0.0,0.0,0.0,0.0,0.0,198.96071428571426,198.96071428571426,3,3,65.71428571428571,65.71428571428571,0.0,0.0,64.60714285714286,3,3,0,0,2,0,0,0,0,0.0,0.0,0.0,1,1,0,1,0,0,0,1,66.32023809523808,66.32023809523808,21.9047619047619,21.9047619047619,0.0,0.0,32.30357142857143,0.0,0.0,0,1,0,0.0,1.7867857142857144,0.0
387,36,149,1,0.0,1.0,0.0,0.0,0.0,486.99071428571426,0.0,4454.228571428571,0.0,0.0,0.0,489.96714285714285,489.96714285714285,2,2,502.39285714285717,502.39285714285717,442.85714285714283,0.0,57.142857142857146,4,4,1,0,2,1,0,1,0,0.0,4454.228571428571,0.0,1,1,0,1,0,1,0,1,244.98357142857142,244.98357142857142,125.59821428571429,125.59821428571429,442.85714285714283,0.0,28.571428571428573,0.0,0.0,0,0,1,0.0,0.0,10.310357142857143
441,46,0,1,0.0,0.0,0.0,0.0,0.0,0.5700000000000001,0.0,0.0,0.0,0.0,0.0,371.43071428571426,371.43071428571426,5,5,311.26071428571424,311.26071428571424,25.0,65.11785714285715,203.28571428571428,8,8,2,2,3,1,0,0,0,0.0,0.0,0.0,1,1,0,1,0,1,1,1,74.28614285714285,74.28614285714285,38.90758928571428,38.90758928571428,12.5,32.558928571428574,67.76190476190476,0.0,0.0,0,0,1,0.0,0.0,6.25
883,34,67,1,0.0,0.0,0.0,0.0,0.0,236.21785714285716,0.0,0.0,0.0,0.0,0.0,354.6435714285714,354.6435714285714,4,4,341.8307142857143,341.8307142857143,257.14285714285717,0.0,82.18785714285715,7,7,2,0,4,0,0,0,0,0.0,0.0,0.0,1,1,0,1,0,1,0,1,88.66089285714285,88.66089285714285,48.83295918367347,48.83295918367347,128.57142857142858,0.0,20.54696428571429,0.0,0.0,1,0,0,2.2319642857142856,0.0,0.0
547,52,31,1,1.0,1.0,0.0,0.0,0.0,4446.794642857143,1253.6607142857142,33004.46142857143,0.0,0.0,0.0,528.9292857142857,526.3135714285714,3,2,325.9857142857143,325.9857142857143,0.0,102.09285714285714,222.82142857142858,11,11,0,2,8,0,1,1,0,1253.6607142857142,33004.46142857143,0.0,1,1,1,1,0,0,1,1,176.3097619047619,263.1567857142857,29.63506493506494,29.63506493506494,0.0,51.04642857142857,27.852678571428573,2.6157142857142617,0.0,1,0,0,2.1423214285714285,0.0,0.0
317,35,53,1,0.0,0.0,0.0,0.0,0.0,6.373928571428571,0.0,0.0,0.0,0.0,0.0,709.0907142857143,709.0907142857143,3,3,0.0,0.0,0.0,0.0,0.0,0,0,0,0,0,1,0,0,0,0.0,0.0,0.0,1,1,0,0,0,0,0,0,236.36357142857142,236.36357142857142,0.0,0.0,0.0,0.0,0.0,0.0,0.0,0,1,0,0.0,4.286785714285714,0.0
1579,50,0,1,1.0,3.0,0.0,0.0,0.0,427.1817857142857,8593.743928571428,0.0,0.0,0.0,0.0,4713.645357142857,4665.335714285714,4,3,3276.093214285714,3276.093214285714,1571.4285714285713,914.9503571428571,787.2142857142857,25,25,5,10,8,1,1,1,0,8593.743928571428,0.0,0.0,1,1,1,1,0,1,1,1,1178.4113392857143,1555.1119047619047,131.04372857142857,131.04372857142857,314.2857142857143,91.4950357142857,98.40178571428571,48.309642857143444,0.0,0,0,1,0.0,0.0,4.388928571428571
882,36,150,1,1.0,1.0,0.0,0.0,0.0,51.971785714285716,19147.45464285714,11207.173214285713,0.0,0.0,0.0,418.05071428571426,416.86285714285714,3,2,1020.282142857143,1020.282142857143,0.0,281.03214285714284,736.75,14,14,0,8,5,1,1,1,0,19147.45464285714,11207.173214285713,0.0,1,1,1,1,0,0,1,1,139.3502380952381,208.43142857142857,72.87729591836735,72.87729591836735,0.0,35.129017857142856,147.35,1.1878571428571263,0.0,0,0,0,0.0,0.0,0.0
1461,32,158,1,0.0,0.0,1.0,0.0,0.0,38.30357142857143,0.0,0.0,0.0,0.0,0.0,1056.6385714285714,749.9442857142857,12,10,1217.6742857142856,749.9442857142857,0.0,0.0,434.57142857142856,19,10,0,0,5,1,0,0,0,0.0,0.0,0.0,1,1,1,1,1,0,0,1,88.05321428571428,74.99442857142857,64.08812030075187,74.99442857142857,0.0,0.0,86.91428571428571,306.6942857142857,467.7299999999999,0,1,0,0.0,4.285714285714286,0.0
1182,47,86,1,0.0,0.0,1.0,1.0,0.0,3044.5989285714286,0.0,0.0,0.0,512.8,0.0,2450.1746428571428,1928.6564285714285,13,7,2266.7289285714287,1787.4875,89.28571428571429,753.8196428571429,911.2882142857143,53,18,1,34,13,1,0,0,0,0.0,0.0,0.0,1,1,1,1,1,1,1,1,188.47497252747252,275.5223469387755,42.768470350404314,99.30486111111111,89.28571428571429,22.171165966386553,70.09909340659341,521.5182142857143,479.24142857142874,1,0,0,6.997321428571429,0.0,0.0
561,51,25,1,0.0,0.0,1.0,1.0,0.0,269.36857142857144,0.0,0.0,0.0,619.2857142857143,0.0,1886.7139285714286,1297.77,20,14,1849.3135714285713,1297.77,60.714285714285715,78.56428571428572,576.0,32,19,3,3,8,0,0,0,0,0.0,0.0,0.0,1,1,1,1,1,1,1,1,94.33569642857142,92.69785714285715,57.791049107142854,68.30368421052631,20.238095238095237,26.18809523809524,72.0,588.9439285714286,551.5435714285713,0,0,1,0.0,0.0,5.214285714285714
1381,38,135,1,0.0,0.0,0.0,0.0,0.0,144.87142857142857,0.0,0.0,0.0,0.0,0.0,571.6182142857143,571.6182142857143,3,3,57.07142857142857,57.07142857142857,10.714285714285714,46.357142857142854,0.0,6,6,1,5,0,1,0,0,0,0.0,0.0,0.0,1,1,0,1,0,1,1,0,190.53940476190476,190.53940476190476,9.511904761904761,9.511904761904761,10.714285714285714,9.27142857142857,0.0,0.0,0.0,0,0,0,0.0,0.0,0.0
181,71,0,1,1.0,0.0,0.0,0.0,0.0,549.2064285714285,36.613214285714285,0.0,0.0,0.0,0.0,377.6235714285714,377.6203571428572,7,6,13.964285714285714,13.964285714285714,0.0,0.0,11.785714285714286,2,2,0,0,1,1,1,0,0,36.613214285714285,0.0,0.0,1,1,1,1,0,0,0,1,53.94622448979591,62.9367261904762,6.982142857142857,6.982142857142857,0.0,0.0,11.785714285714286,0.0032142857141934655,0.0,0,0,1,0.0,0.0,12.94357142857143
1484,39,0,1,0.0,0.0,0.0,0.0,0.0,0.0,0.0,0.0,0.0,0.0,0.0,1355.0885714285716,1355.0885714285716,5,5,768.625,768.625,107.14285714285714,302.44642857142856,357.7857142857143,23,23,1,16,5,1,0,0,0,0.0,0.0,0.0,1,1,0,1,0,1,1,1,271.0177142857143,271.0177142857143,33.41847826086956,33.41847826086956,107.14285714285714,18.902901785714285,71.55714285714285,0.0,0.0,1,0,1,25.60910714285714,0.0,8.7225
932,22,126,1,1.0,7.0,0.0,0.0,0.0,3060.9460714285715,7537.403214285715,2116.0714285714284,0.0,0.0,0.0,0.1867857142857143,0.010714285714285714,2,1,124.38821428571428,124.38821428571428,0.0,0.0,121.85249999999999,6,6,0,0,4,0,1,1,0,7537.403214285715,302.2959183673469,0.0,1,1,1,1,0,0,0,1,0.09339285714285715,0.010714285714285714,20.731369047619047,20.731369047619047,0.0,0.0,30.463124999999998,0.1760714285714286,0.0,0,0,0,0.0,0.0,0.0
1274,41,35,1,0.0,6.0,0.0,0.0,0.0,15.485,0.0,0.0,0.0,0.0,0.0,993.5571428571428,993.5571428571428,5,5,2499.6964285714284,2499.6964285714284,107.14285714285714,82.26785714285714,2310.285714285714,11,11,1,2,8,1,0,1,0,0.0,0.0,0.0,1,1,0,1,0,1,1,1,198.71142857142857,198.71142857142857,227.24512987012986,227.24512987012986,107.14285714285714,41.13392857142857,288.7857142857143,0.0,0.0,0,0,0,0.0,0.0,0.0
204,41,12,1,0.0,0.0,0.0,0.0,0.0,0.6821428571428572,0.0,0.0,0.0,0.0,0.0,349.2710714285714,349.2710714285714,2,2,397.25,397.25,357.14285714285717,0.0,38.57142857142857,6,6,2,0,1,0,0,0,0,0.0,0.0,0.0,1,1,0,1,0,1,0,1,174.6355357142857,174.6355357142857,66.20833333333333,66.20833333333333,178.57142857142858,0.0,38.57142857142857,0.0,0.0,0,0,0,0.0,0.0,0.0
875,43,124,1,0.0,0.0,0.0,0.0,0.0,50.341071428571425,0.0,0.0,0.0,0.0,0.0,362.8582142857143,362.8582142857143,3,3,362.0364285714286,362.0364285714286,217.85714285714286,50.28642857142857,92.46428571428571,19,19,7,7,4,1,0,0,0,0.0,0.0,0.0,1,1,0,1,0,1,1,1,120.9527380952381,120.9527380952381,19.05454887218045,19.05454887218045,31.122448979591837,7.1837755102040814,23.116071428571427,0.0,0.0,1,0,0,0.28232142857142856,0.0,0.0
236,37,168,1,0.0,0.0,0.0,0.0,0.0,561.1032142857142,0.0,0.0,0.0,0.0,0.0,433.3582142857143,433.3582142857143,3,3,512.7392857142858,512.7392857142858,450.0,35.346428571428575,21.428571428571427,25,25,11,3,1,0,0,0,0,0.0,0.0,0.0,1,1,0,1,0,1,1,1,144.45273809523812,144.45273809523812,20.50957142857143,20.50957142857143,40.90909090909091,11.782142857142858,21.428571428571427,0.0,0.0,0,1,1,0.0,4.821428571428571,32.13285714285714
725,31,74,1,0.0,20.0,0.0,0.0,0.0,374.2242857142857,0.0,0.0,0.0,0.0,0.0,1156.5575000000001,1156.5575000000001,6,6,0.0,0.0,0.0,0.0,0.0,0,0,0,0,0,0,0,1,0,0.0,0.0,0.0,1,1,0,0,0,0,0,0,192.75958333333335,192.75958333333335,0.0,0.0,0.0,0.0,0.0,0.0,0.0,1,0,0,2.5944642857142854,0.0,0.0
1545,60,159,1,1.0,0.0,0.0,0.0,0.0,8478.090357142857,281.9692857142857,0.0,0.0,0.0,0.0,0.05178571428571428,0.0075,8,1,14.298214285714286,14.285714285714286,0.0,0.0,0.0,6,1,0,0,0,1,1,0,0,281.9692857142857,0.0,0.0,1,1,1,1,1,0,0,0,0.006473214285714285,0.0075,2.383035714285714,14.285714285714286,0.0,0.0,0.0,0.04428571428571428,0.01249999999999929,0,1,0,0.0,21.207142857142856,0.0
248,27,127,1,0.0,0.0,0.0,0.0,0.0,776.5903571428571,0.0,0.0,0.0,0.0,0.0,325.01928571428573,325.01928571428573,3,3,253.1239285714286,253.1239285714286,132.14285714285714,72.99499999999999,47.98607142857143,14,14,4,9,1,0,0,0,0,0.0,0.0,0.0,1,1,0,1,0,1,1,1,108.33976190476191,108.33976190476191,18.0802806122449,18.0802806122449,33.035714285714285,8.110555555555555,47.98607142857143,0.0,0.0,0,1,0,0.0,10.608214285714284,0.0
1469,32,15,1,1.0,4.0,0.0,0.0,0.0,32.54357142857143,9686.63107142857,0.0,0.0,0.0,0.0,560.1278571428571,555.5128571428571,4,2,0.0,0.0,0.0,0.0,0.0,0,0,0,0,0,0,1,1,0,9686.63107142857,0.0,0.0,1,1,1,0,0,0,0,0,140.03196428571428,277.75642857142856,0.0,0.0,0.0,0.0,0.0,4.615000000000009,0.0,1,1,0,22.7425,0.21428571428571427,0.0
840,67,86,1,0.0,0.0,0.0,1.0,0.0,14.712142857142856,0.0,0.0,0.0,0.0,0.0,336.90857142857146,335.73,6,4,1380.3103571428571,1377.9532142857145,71.42857142857143,642.8571428571429,236.24964285714285,13,9,2,1,3,0,0,0,0,0.0,0.0,0.0,1,1,1,1,1,1,1,1,56.151428571428575,83.9325,106.17771978021977,153.1059126984127,35.714285714285715,642.8571428571429,78.74988095238095,1.1785714285714448,2.3571428571426623,0,1,0,0.0,3.5107142857142857,0.0
478,41,11,1,0.0,0.0,1.0,0.0,0.0,33573.15178571428,0.0,0.0,0.0,0.0,0.0,20.075,20.075,3,3,247.5,247.5,0.0,0.0,247.5,5,5,0,0,5,1,0,0,0,0.0,0.0,0.0,1,1,0,1,0,0,0,1,6.691666666666666,6.691666666666666,49.5,49.5,0.0,0.0,49.5,0.0,0.0,0,1,0,0.0,4.5,0.0
703,21,149,1,0.0,6.0,0.0,0.0,0.0,198.87964285714287,0.0,125.12571428571428,0.0,0.0,0.0,370.1471428571429,370.1471428571429,5,5,518.8107142857143,126.88214285714285,71.42857142857143,55.45357142857143,0.0,10,6,2,4,0,0,0,1,0,0.0,20.854285714285712,0.0,1,1,0,1,1,1,1,0,74.02942857142858,74.02942857142858,51.88107142857143,21.14702380952381,35.714285714285715,13.863392857142857,0.0,0.0,391.92857142857144,0,0,1,0.0,0.0,2.107142857142857
1005,28,87,1,0.0,0.0,1.0,1.0,1.0,16.228928571428572,0.0,0.0,0.0,2.357142857142857,983.1507142857143,2507.113214285714,1611.7942857142857,31,22,2408.781785714286,1611.7942857142857,117.85714285714286,70.76535714285714,555.9346428571429,52,24,4,4,11,1,0,0,1,0.0,0.0,983.1507142857143,1,1,1,1,1,1,1,1,80.8746198156682,73.26337662337663,46.322726648351654,67.15809523809524,29.464285714285715,17.691339285714285,50.53951298701299,895.3189285714284,796.9875000000002,0,0,1,0.0,0.0,10.964285714285714
550,64,179,1,0.0,0.0,1.0,0.0,0.0,57.60035714285714,0.0,0.0,192.0142857142857,0.0,0.0,886.6121428571429,886.6121428571429,2,2,896.0107142857142,896.0107142857142,0.0,0.0,566.6785714285714,9,9,0,0,7,0,0,0,0,0.0,0.0,0.0,1,1,0,1,0,0,0,1,443.30607142857144,443.30607142857144,99.55674603174603,99.55674603174603,0.0,0.0,80.95408163265306,0.0,0.0,0,0,0,0.0,0.0,0.0
1116,24,33,1,1.0,0.0,1.0,1.0,1.0,124.16535714285715,0.4810714285714286,0.0,98.2817857142857,211.14642857142857,10166.985714285713,1583.9678571428572,1377.1975,22,13,1928.2214285714285,1673.4182142857142,428.57142857142856,447.1385714285714,467.25,61,48,5,20,16,1,1,0,1,0.4810714285714286,0.0,10166.985714285713,1,1,1,1,1,1,1,1,71.99853896103896,105.93826923076924,31.610187353629975,34.86287946428571,85.71428571428571,22.356928571428572,29.203125,206.77035714285716,254.80321428571438,0,0,0,0.0,0.0,0.0
203,57,181,1,0.0,0.0,0.0,0.0,0.0,10.772857142857143,0.0,0.0,0.0,0.0,0.0,503.57464285714286,503.57464285714286,2,2,556.3928571428571,556.3928571428571,553.5714285714286,0.0,0.0,11,11,6,0,0,0,0,0,0,0.0,0.0,0.0,1,1,0,1,0,1,0,0,251.78732142857143,251.78732142857143,50.58116883116883,50.58116883116883,92.26190476190476,0.0,0.0,0.0,0.0,1,1,1,0.6416071428571428,16.945357142857144,5.714285714285714
519,17,151,1,0.0,0.0,0.0,0.0,0.0,210.84464285714284,0.0,0.0,0.0,0.0,0.0,458.97035714285715,458.97035714285715,2,2,486.64964285714285,486.64964285714285,364.2857142857143,89.09571428571428,30.66107142857143,10,10,3,2,3,1,0,0,0,0.0,0.0,0.0,1,1,0,1,0,1,1,1,229.48517857142858,229.48517857142858,48.664964285714284,48.664964285714284,121.42857142857143,44.54785714285714,10.220357142857143,0.0,0.0,0,1,1,0.0,5.892857142857143,5.5
469,38,183,1,0.0,0.0,0.0,0.0,0.0,4415.646071428571,0.0,0.0,0.0,0.0,0.0,1484.0089285714287,1484.0089285714287,5,5,1549.925,1549.925,500.0,0.0,789.9285714285714,13,13,1,0,7,1,0,0,0,0.0,0.0,0.0,1,1,0,1,0,1,0,1,296.80178571428576,296.80178571428576,119.225,119.225,500.0,0.0,112.84693877551021,0.0,0.0,0,0,0,0.0,0.0,0.0
1001,64,9,1,0.0,0.0,1.0,0.0,0.0,714.4475,0.0,0.0,529.8546428571428,0.0,0.0,1302.1778571428572,1302.1778571428572,2,2,610.3839285714286,610.3839285714286,353.16964285714283,149.71428571428572,104.35714285714286,15,15,4,3,5,1,0,0,0,0.0,0.0,0.0,1,1,0,1,0,1,1,1,651.0889285714286,651.0889285714286,40.69226190476191,40.69226190476191,88.29241071428571,49.904761904761905,20.871428571428574,0.0,0.0,0,1,0,0.0,10.105714285714285,0.0
262,38,72,1,0.0,0.0,0.0,0.0,0.0,2614.3335714285713,0.0,0.0,0.0,0.0,0.0,973.71,973.71,2,2,506.83214285714286,506.83214285714286,35.714285714285715,46.54642857142857,417.42857142857144,13,13,1,1,10,0,0,0,0,0.0,0.0,0.0,1,1,0,1,0,1,1,1,486.855,486.855,38.987087912087915,38.987087912087915,35.714285714285715,46.54642857142857,41.74285714285715,0.0,0.0,0,0,0,0.0,0.0,0.0
2,43,152,1,1.0,0.0,0.0,0.0,0.0,110.76857142857143,13326.190357142857,0.0,0.0,0.0,0.0,708.1296428571429,704.9357142857143,4,3,386.4428571428571,386.4428571428571,307.14285714285717,38.40714285714286,35.714285714285715,6,6,2,2,1,1,1,0,0,13326.190357142857,0.0,0.0,1,1,1,1,0,1,1,1,177.03241071428573,234.97857142857143,64.40714285714286,64.40714285714286,153.57142857142858,19.20357142857143,35.714285714285715,3.1939285714286143,0.0,0,0,0,0.0,0.0,0.0
601,61,33,1,1.0,2.0,0.0,0.0,0.0,865.6828571428571,92884.32964285715,0.0,0.0,0.0,0.0,2363.577857142857,2357.1489285714283,4,2,2875.3928571428573,518.25,0.0,380.75,137.5,6,5,0,4,1,1,1,1,0,92884.32964285715,0.0,0.0,1,1,1,1,1,0,1,1,590.8944642857142,1178.5744642857142,479.2321428571429,103.65,0.0,95.1875,137.5,6.428928571428514,2357.1428571428573,0,1,0,0.0,6.8625,0.0
477,32,152,2,2.0,0.0,0.0,0.0,0.0,5419.339999999999,7352.996785714286,0.0,0.0,0.0,0.0,59.03642857142857,59.03642857142857,2,2,90.25,90.25,0.0,0.0,90.25,2,2,0,0,2,1,1,0,0,3676.498392857143,0.0,0.0,1,1,0,1,0,0,0,1,29.518214285714286,29.518214285714286,45.125,45.125,0.0,0.0,45.125,0.0,0.0,1,0,1,22.098214285714285,0.0,4.214285714285714
907,67,193,1,0.0,0.0,0.0,0.0,0.0,778.5221428571429,0.0,0.0,0.0,0.0,0.0,196.43178571428572,196.43178571428572,3,3,97.5,97.5,0.0,0.0,97.5,5,5,0,0,5,1,0,0,0,0.0,0.0,0.0,1,1,0,1,0,0,0,1,65.4772619047619,65.4772619047619,19.5,19.5,0.0,0.0,19.5,0.0,0.0,1,0,0,2.288392857142857,0.0,0.0
1572,48,151,1,1.0,1.0,0.0,1.0,0.0,346.2367857142857,0.20107142857142857,7251.969642857142,0.0,1.7857142857142858,0.0,2937.971785714286,2933.802857142857,3,2,1569.115,1569.115,342.85714285714283,796.615,418.92857142857144,31,31,3,25,2,0,1,1,0,0.20107142857142857,7251.969642857142,0.0,1,1,1,1,0,1,1,1,979.3239285714286,1466.9014285714286,50.61661290322581,50.61661290322581,114.28571428571428,31.8646,209.46428571428572,4.168928571428751,0.0,0,0,0,0.0,0.0,0.0
1584,39,181,1,0.0,0.0,0.0,0.0,0.0,0.0,0.0,0.0,0.0,0.0,0.0,23091.727857142858,23091.727857142858,7,7,27026.035714285714,27026.035714285714,892.8571428571429,0.0,22554.678571428572,24,24,3,0,17,1,0,0,0,0.0,0.0,0.0,1,1,0,1,0,1,0,1,3298.8182653061226,3298.8182653061226,1126.0848214285713,1126.0848214285713,297.61904761904765,0.0,1326.7457983193278,0.0,0.0,0,0,1,0.0,0.0,5.083571428571429
661,67,56,1,1.0,0.0,0.0,0.0,0.0,378.88892857142855,882.2335714285715,0.0,0.0,0.0,0.0,359.9785714285714,357.14428571428573,3,2,495.32892857142855,138.18607142857144,71.42857142857143,64.79321428571428,357.14285714285717,10,9,1,7,1,0,1,0,0,882.2335714285715,0.0,0.0,1,1,1,1,1,1,1,1,119.99285714285713,178.57214285714286,49.532892857142855,15.354007936507937,71.42857142857143,9.256173469387756,357.14285714285717,2.83428571428567,357.1428571428571,0,0,0,0.0,0.0,0.0
159,33,152,1,0.0,0.0,0.0,0.0,0.0,1577.5682142857145,0.0,0.0,0.0,0.0,0.0,714.3042857142857,714.3042857142857,3,3,3124.072142857143,3124.072142857143,178.57142857142858,65.37857142857142,2329.5257142857145,15,15,1,1,10,1,0,0,0,0.0,0.0,0.0,1,1,0,1,0,1,1,1,238.10142857142856,238.10142857142856,208.2714761904762,208.2714761904762,178.57142857142858,65.37857142857142,232.95257142857145,0.0,0.0,0,0,1,0.0,0.0,9.940357142857142
1142,41,0,1,3.0,1.0,0.0,0.0,0.0,5239.471071428571,255.23892857142854,113.21678571428572,0.0,0.0,0.0,10.469642857142857,0.0,1,0,0.0,0.0,0.0,0.0,0.0,0,0,0,0,0,0,1,1,0,85.07964285714284,113.21678571428572,0.0,1,0,1,0,0,0,0,0,10.469642857142857,0.0,0.0,0.0,0.0,0.0,0.0,10.469642857142857,0.0,0,0,0,0.0,0.0,0.0
1342,27,211,1,0.0,0.0,1.0,0.0,0.0,14998.111071428571,0.0,0.0,0.0,0.0,0.0,2105.404285714286,2105.404285714286,6,6,2191.4075000000003,2191.4075000000003,500.0,603.8228571428572,1080.2275,40,40,4,18,14,1,0,0,0,0.0,0.0,0.0,1,1,0,1,0,1,1,1,350.9007142857143,350.9007142857143,54.785187500000006,54.785187500000006,125.0,33.54571428571429,77.15910714285714,0.0,0.0,0,0,1,0.0,0.0,16.153214285714288
1379,47,133,1,0.0,0.0,0.0,0.0,0.0,364.61642857142857,0.0,0.0,0.0,0.0,0.0,759.1217857142857,759.1217857142857,3,3,684.0317857142857,684.0317857142857,71.42857142857143,85.17464285714286,527.4285714285714,22,22,2,10,10,0,0,0,0,0.0,0.0,0.0,1,1,0,1,0,1,1,1,253.04059523809522,253.04059523809522,31.092353896103894,31.092353896103894,35.714285714285715,8.517464285714286,52.74285714285715,0.0,0.0,0,0,0,0.0,0.0,0.0
187,55,164,1,1.0,25.0,0.0,0.0,0.0,923.9675,456.4010714285714,0.0,0.0,0.0,0.0,1531.1332142857143,1518.6160714285713,6,4,762.4703571428571,762.4703571428571,160.71428571428572,140.48214285714286,302.9596428571429,24,24,3,6,10,1,1,1,0,456.4010714285714,0.0,0.0,1,1,1,1,0,1,1,1,255.18886904761905,379.65401785714283,31.76959821428571,31.76959821428571,53.57142857142858,23.413690476190478,30.29596428571429,12.517142857142971,0.0,1,0,1,2.7010714285714283,0.0,15.75
82,20,151,1,0.0,1.0,0.0,0.0,0.0,11324.907857142856,0.0,34612.790357142854,0.0,0.0,0.0,1001.5760714285715,1001.5760714285715,4,4,886.0357142857143,886.0357142857143,357.14285714285717,0.0,525.2857142857143,16,16,1,0,14,0,0,1,0,0.0,34612.790357142854,0.0,1,1,0,1,0,1,0,1,250.39401785714287,250.39401785714287,55.377232142857146,55.377232142857146,357.14285714285717,0.0,37.52040816326531,0.0,0.0,0,0,1,0.0,0.0,5.396428571428571
527,17,22,1,0.0,0.0,0.0,0.0,0.0,1780.251785714286,0.0,0.0,0.0,0.0,0.0,677.6457142857143,677.6457142857143,2,2,773.1285714285714,773.1285714285714,535.7142857142857,32.15,0.0,25,25,12,3,0,0,0,0,0,0.0,0.0,0.0,1,1,0,1,0,1,1,0,338.8228571428572,338.8228571428572,30.925142857142855,30.925142857142855,44.64285714285714,10.716666666666667,0.0,0.0,0.0,1,0,1,0.656607142857143,0.0,2.6785714285714284
536,29,14,1,0.0,0.0,0.0,0.0,0.0,663.8435714285714,0.0,0.0,0.0,0.0,0.0,167.78821428571428,167.78821428571428,3,3,185.64285714285714,185.64285714285714,0.0,0.0,183.46428571428572,2,2,0,0,1,1,0,0,0,0.0,0.0,0.0,1,1,0,1,0,0,0,1,55.929404761904756,55.929404761904756,92.82142857142857,92.82142857142857,0.0,0.0,183.46428571428572,0.0,0.0,0,0,0,0.0,0.0,0.0
761,44,13,1,1.0,0.0,0.0,0.0,0.0,128.38821428571427,0.0,0.0,0.0,0.0,0.0,838.6692857142858,731.4303571428571,7,5,716.1432142857142,573.2860714285714,78.57142857142857,117.46464285714286,375.82142857142856,21,20,4,9,6,0,1,0,0,0.0,0.0,0.0,1,1,1,1,1,1,1,1,119.80989795918369,146.28607142857143,34.10205782312924,28.66430357142857,19.642857142857142,13.051626984126985,62.63690476190476,107.23892857142869,142.85714285714278,0,0,0,0.0,0.0,0.0
1034,68,172,1,0.0,0.0,0.0,0.0,0.0,158.76892857142857,0.0,0.0,0.0,0.0,0.0,60.714999999999996,60.714999999999996,2,2,43.17857142857143,43.17857142857143,21.428571428571427,3.4285714285714284,17.857142857142858,9,9,2,5,1,1,0,0,0,0.0,0.0,0.0,1,1,0,1,0,1,1,1,30.357499999999998,30.357499999999998,4.7976190476190474,4.7976190476190474,10.714285714285714,0.6857142857142857,17.857142857142858,0.0,0.0,0,0,0,0.0,0.0,0.0
247,55,172,1,1.0,0.0,0.0,1.0,0.0,689.3110714285714,351.86678571428575,0.0,0.0,0.0,0.0,4184.068928571428,2380.5107142857146,11,5,1233.107142857143,1230.75,571.4285714285714,246.10714285714286,410.57142857142856,22,18,4,3,8,0,1,0,0,351.86678571428575,0.0,0.0,1,1,1,1,1,1,1,1,380.36990259740253,476.1021428571429,56.050324675324674,68.375,142.85714285714286,82.03571428571429,51.32142857142857,1803.5582142857133,2.3571428571428896,0,0,0,0.0,0.0,0.0
865,23,26,1,0.0,0.0,0.0,0.0,0.0,591.2628571428571,0.0,0.0,0.0,0.0,0.0,125.27499999999999,125.27499999999999,2,2,441.4642857142857,441.4642857142857,214.28571428571428,14.285714285714286,203.42857142857142,12,12,3,1,5,1,0,0,0,0.0,0.0,0.0,1,1,0,1,0,1,1,1,62.637499999999996,62.637499999999996,36.788690476190474,36.788690476190474,71.42857142857143,14.285714285714286,40.68571428571428,0.0,0.0,0,0,1,0.0,0.0,7.535714285714286
1287,40,176,1,0.0,0.0,1.0,1.0,0.0,2962.5217857142857,0.0,0.0,0.0,315.01214285714286,0.0,3261.070714285714,2422.837142857143,18,14,3053.1717857142858,2476.4085714285716,678.5714285714286,12.460714285714285,689.5357142857143,42,26,7,1,10,1,0,0,0,0.0,0.0,0.0,1,1,1,1,1,1,1,1,181.17059523809522,173.05979591836737,72.69456632653062,95.24648351648352,96.93877551020408,12.460714285714285,68.95357142857144,838.2335714285709,576.7632142857142,0,1,0,0.0,1.9642857142857142,0.0
1434,76,268,2,3.0,0.0,0.0,0.0,0.0,13808.472857142857,10698.813214285716,0.0,0.0,0.0,0.0,429.9164285714286,428.6017857142857,4,3,632.1489285714285,632.1489285714285,85.71428571428571,209.7607142857143,329.14285714285717,38,38,7,22,3,0,1,0,0,3566.2710714285718,0.0,0.0,1,1,1,1,0,1,1,1,107.47910714285715,142.8672619047619,16.635498120300753,16.635498120300753,12.244897959183673,9.534577922077922,109.71428571428572,1.3146428571428714,0.0,0,0,0,0.0,0.0,0.0
914,28,8,1,0.0,0.0,0.0,0.0,2.0,2.6075000000000004,0.0,0.0,0.0,0.0,12567.025714285714,18412.146785714285,6387.828214285714,6,3,20090.50357142857,2230.1464285714287,235.71428571428572,568.3035714285714,425.0,26,22,3,10,1,1,0,0,1,0.0,0.0,6283.512857142857,1,1,1,1,1,1,1,1,3068.6911309523807,2129.2760714285714,772.7116758241757,101.37029220779222,78.57142857142857,56.830357142857146,425.0,12024.318571428572,17860.35714285714,0,1,1,0.0,17.31,12.425714285714287
253,37,13,1,0.0,0.0,1.0,1.0,0.0,64.68964285714286,0.0,0.0,0.0,779.2857142857143,0.0,1437.0089285714287,1434.6189285714286,7,3,1656.7857142857142,1654.4285714285713,0.0,0.0,535.8571428571429,14,10,0,0,5,1,0,0,0,0.0,0.0,0.0,1,1,1,1,1,0,0,1,205.28698979591837,478.2063095238095,118.34183673469387,165.44285714285712,0.0,0.0,107.17142857142858,2.3900000000001,2.3571428571428896,0,0,0,0.0,0.0,0.0
453,23,83,1,1.0,3.0,0.0,0.0,0.0,605.08,26022.27464285714,1825.0935714285715,0.0,0.0,0.0,2003.2960714285714,2003.2382142857143,4,3,2670.3892857142855,2670.3892857142855,357.14285714285717,174.53571428571428,2125.8214285714284,10,10,1,2,6,0,1,1,0,26022.27464285714,608.3645238095238,0.0,1,1,1,1,0,1,1,1,500.82401785714285,667.7460714285714,267.0389285714285,267.0389285714285,357.14285714285717,87.26785714285714,354.3035714285714,0.057857142857073995,0.0,0,0,0,0.0,0.0,0.0
1542,56,62,1,1.0,0.0,0.0,1.0,0.0,54.0375,7554.2867857142855,0.0,0.0,0.7142857142857143,0.0,465.04785714285714,452.3542857142857,6,2,2.142857142857143,0.7142857142857143,0.0,0.0,0.7142857142857143,3,1,0,0,1,0,1,0,0,7554.2867857142855,0.0,0.0,1,1,1,1,1,0,0,1,77.50797619047619,226.17714285714285,0.7142857142857143,0.7142857142857143,0.0,0.0,0.7142857142857143,12.693571428571431,1.4285714285714284,0,0,0,0.0,0.0,0.0
631,65,150,1,0.0,0.0,0.0,0.0,0.0,339.81928571428574,0.0,0.0,0.0,0.0,0.0,233.92857142857142,233.92857142857142,2,2,233.53571428571428,233.53571428571428,0.0,0.0,231.57142857142858,3,3,0,0,2,0,0,0,0,0.0,0.0,0.0,1,1,0,1,0,0,0,1,116.96428571428571,116.96428571428571,77.84523809523809,77.84523809523809,0.0,0.0,115.78571428571429,0.0,0.0,0,0,0,0.0,0.0,0.0
1477,64,184,1,3.0,0.0,1.0,0.0,0.0,1183.0539285714287,212.62892857142856,0.0,113.845,0.0,0.0,335.0964285714286,333.5053571428571,3,2,400.2642857142857,400.2642857142857,142.85714285714286,74.65714285714286,179.92857142857142,19,19,3,8,6,0,1,0,0,70.87630952380952,0.0,0.0,1,1,1,1,0,1,1,1,111.69880952380953,166.75267857142856,21.066541353383457,21.066541353383457,47.61904761904762,9.332142857142857,29.988095238095237,1.5910714285714675,0.0,0,0,0,0.0,0.0,0.0
238,24,256,1,0.0,0.0,0.0,0.0,0.0,563.4078571428571,0.0,0.0,0.0,0.0,0.0,412.46857142857147,412.46857142857147,3,3,491.2964285714285,491.2964285714285,214.28571428571428,26.710714285714285,68.42857142857143,12,12,2,2,5,1,0,0,0,0.0,0.0,0.0,1,1,0,1,0,1,1,1,137.48952380952383,137.48952380952383,40.94136904761904,40.94136904761904,107.14285714285714,13.355357142857143,13.685714285714287,0.0,0.0,0,0,0,0.0,0.0,0.0
457,73,0,1,0.0,0.0,1.0,0.0,0.0,427.5753571428572,0.0,0.0,0.0,0.0,0.0,2959.5814285714287,2004.2567857142858,17,14,2703.7096428571426,2004.2567857142858,464.2857142857143,100.86428571428571,335.82142857142856,27,16,2,5,3,0,0,0,0,0.0,0.0,0.0,1,1,1,1,1,1,1,1,174.09302521008405,143.16119897959183,100.13739417989417,125.26604910714286,232.14285714285714,20.172857142857143,111.94047619047619,955.3246428571429,699.4528571428568,0,0,0,0.0,0.0,0.0
1552,50,89,1,0.0,0.0,0.0,0.0,0.0,1771.4667857142856,0.0,0.0,0.0,0.0,0.0,500.0017857142857,500.0017857142857,2,2,493.1217857142857,493.1217857142857,0.0,306.3360714285714,183.39285714285714,9,9,0,4,4,1,0,0,0,0.0,0.0,0.0,1,1,0,1,0,0,1,1,250.00089285714284,250.00089285714284,54.791309523809524,54.791309523809524,0.0,76.58401785714285,45.848214285714285,0.0,0.0,1,0,0,6.901071428571428,0.0,0.0
215,32,94,1,0.0,0.0,0.0,0.0,0.0,12891.626785714285,0.0,0.0,0.0,0.0,0.0,601.3675000000001,601.3675000000001,3,3,645.6785714285714,645.6785714285714,250.0,14.25,378.82142857142856,9,9,1,1,6,1,0,0,0,0.0,0.0,0.0,1,1,0,1,0,1,1,1,200.45583333333335,200.45583333333335,71.7420634920635,71.7420634920635,250.0,14.25,63.13690476190476,0.0,0.0,0,0,1,0.0,0.0,12.511785714285713
130,60,147,1,0.0,0.0,1.0,0.0,0.0,12.750357142857142,0.0,0.0,681.5203571428572,0.0,0.0,1922.2571428571428,1339.5464285714286,24,22,1958.1642857142856,1350.2607142857144,185.71428571428572,85.37142857142858,496.0357142857143,45,24,6,11,3,0,0,0,0,0.0,0.0,0.0,1,1,1,1,1,1,1,1,80.09404761904761,60.88847402597403,43.514761904761905,56.2608630952381,30.952380952380953,7.761038961038962,165.3452380952381,582.7107142857142,607.9035714285712,1,0,0,0.06714285714285714,0.0,0.0
1036,68,19,1,1.0,0.0,0.0,0.0,0.0,819.3517857142857,32160.165714285715,0.0,0.0,0.0,0.0,483.4485714285714,478.0646428571428,4,2,1.9642857142857142,1.9642857142857142,0.0,0.0,0.0,1,1,0,0,0,0,1,0,0,32160.165714285715,0.0,0.0,1,1,1,1,0,0,0,0,120.86214285714286,239.0323214285714,1.9642857142857142,1.9642857142857142,0.0,0.0,0.0,5.383928571428612,0.0,0,0,0,0.0,0.0,0.0
1060,40,88,1,0.0,0.0,0.0,0.0,0.0,633.7039285714285,0.0,0.0,0.0,0.0,0.0,157.0717857142857,157.0717857142857,5,5,144.04535714285714,144.04535714285714,46.42857142857143,96.36678571428571,0.0,9,9,1,7,0,1,0,0,0,0.0,0.0,0.0,1,1,0,1,0,1,1,0,31.414357142857142,31.414357142857142,16.00503968253968,16.00503968253968,46.42857142857143,13.766683673469387,0.0,0.0,0.0,0,1,1,0.0,8.071428571428571,4.913571428571429
370,77,1,1,0.0,0.0,0.0,0.0,0.0,368.99107142857144,0.0,0.0,0.0,0.0,0.0,0.0010714285714285715,0.0010714285714285715,1,1,1.9642857142857142,1.9642857142857142,0.0,0.0,0.0,1,1,0,0,0,1,0,0,0,0.0,0.0,0.0,1,1,0,1,0,0,0,0,0.0010714285714285715,0.0010714285714285715,1.9642857142857142,1.9642857142857142,0.0,0.0,0.0,0.0,0.0,0,0,0,0.0,0.0,0.0
322,1,92,1,1.0,0.0,0.0,0.0,0.0,2175.27,128617.59107142857,0.0,0.0,0.0,0.0,28.572499999999998,28.572499999999998,2,2,919.8214285714286,919.8214285714286,0.0,0.0,0.0,2,2,0,0,0,0,1,0,0,128617.59107142857,0.0,0.0,1,1,0,1,0,0,0,0,14.286249999999999,14.286249999999999,459.9107142857143,459.9107142857143,0.0,0.0,0.0,0.0,0.0,0,1,0,0.0,1.7857142857142858,0.0
1556,60,162,1,0.0,0.0,0.0,1.0,0.0,18.709642857142857,0.0,0.0,0.0,-15.479285714285714,0.0,535.7167857142857,535.7167857142857,3,3,476.25,476.25,0.0,0.0,476.25,4,4,0,0,4,1,0,0,0,0.0,0.0,0.0,1,1,0,1,0,0,0,1,178.57226190476192,178.57226190476192,119.0625,119.0625,0.0,0.0,119.0625,0.0,0.0,0,0,0,0.0,0.0,0.0
501,64,11,1,2.0,1.0,0.0,0.0,0.0,460.57714285714286,5136.296071428572,0.0,0.0,0.0,0.0,356.2885714285714,352.1092857142857,3,2,163.03571428571428,163.03571428571428,0.0,0.0,161.71428571428572,3,3,0,0,2,0,1,1,0,2568.148035714286,0.0,0.0,1,1,1,1,0,0,0,1,118.76285714285713,176.05464285714285,54.345238095238095,54.345238095238095,0.0,0.0,80.85714285714286,4.179285714285697,0.0,0,0,1,0.0,0.0,15.952142857142858
981,34,59,1,0.0,0.0,0.0,0.0,0.0,2754.4928571428572,0.0,0.0,0.0,0.0,0.0,0.00035714285714285714,0.00035714285714285714,1,1,14.285714285714286,14.285714285714286,14.285714285714286,0.0,0.0,1,1,1,0,0,1,0,0,0,0.0,0.0,0.0,1,1,0,1,0,1,0,0,0.00035714285714285714,0.00035714285714285714,14.285714285714286,14.285714285714286,14.285714285714286,0.0,0.0,0.0,0.0,0,0,0,0.0,0.0,0.0
1195,68,200,1,0.0,0.0,1.0,0.0,0.0,120.15178571428571,0.0,0.0,0.0,0.0,0.0,1227.0417857142857,1227.0417857142857,2,2,1094.6739285714286,1094.6739285714286,357.14285714285717,330.8525,401.57142857142856,30,30,1,16,11,1,0,0,0,0.0,0.0,0.0,1,1,0,1,0,1,1,1,613.5208928571428,613.5208928571428,36.489130952380954,36.489130952380954,357.14285714285717,20.67828125,36.506493506493506,0.0,0.0,0,0,1,0.0,0.0,3.3214285714285716
278,36,56,2,0.0,0.0,0.0,0.0,0.0,272.3232142857143,0.0,0.0,0.0,0.0,0.0,267.8614285714286,267.8614285714286,3,3,344.25,344.25,0.0,0.0,240.67857142857142,4,4,0,0,3,1,0,0,0,0.0,0.0,0.0,1,1,0,1,0,0,0,1,89.28714285714285,89.28714285714285,86.0625,86.0625,0.0,0.0,80.22619047619047,0.0,0.0,1,0,0,6.1883928571428575,0.0,0.0
37,30,172,1,1.0,0.0,0.0,0.0,0.0,19.013571428571428,3850.1732142857145,0.0,0.0,0.0,0.0,1205.1785714285713,1188.0828571428572,3,2,889.6303571428572,889.6303571428572,382.14285714285717,265.8803571428571,238.92857142857142,32,32,12,16,2,0,1,0,0,3850.1732142857145,0.0,0.0,1,1,1,1,0,1,1,1,401.7261904761904,594.0414285714286,27.800948660714287,27.800948660714287,31.8452380952381,16.61752232142857,119.46428571428571,17.095714285714166,0.0,0,1,0,0.0,0.6428571428571429,0.0
86,36,31,1,0.0,0.0,0.0,0.0,0.0,34.32214285714286,0.0,0.0,0.0,0.0,0.0,9319.197142857143,9319.197142857143,4,4,1086.5821428571428,1086.5821428571428,460.7142857142857,0.0,203.67857142857142,15,15,6,0,5,1,0,0,0,0.0,0.0,0.0,1,1,0,1,0,1,0,1,2329.799285714286,2329.799285714286,72.43880952380952,72.43880952380952,76.78571428571429,0.0,40.73571428571428,0.0,0.0,1,0,0,1.4573214285714287,0.0,0.0
1353,29,83,1,0.0,0.0,0.0,1.0,0.0,1257.3753571428572,0.0,0.0,0.0,30.06607142857143,0.0,298.28035714285716,295.92892857142857,6,2,298.5475,296.1903571428571,0.0,0.0,292.85714285714283,7,3,0,0,1,1,0,0,0,0.0,0.0,0.0,1,1,1,1,1,0,0,1,49.71339285714286,147.96446428571429,42.64964285714286,98.73011904761904,0.0,0.0,292.85714285714283,2.3514285714285847,2.3571428571428896,1,0,0,6.714821428571428,0.0,0.0
79,41,75,1,2.0,1.0,0.0,0.0,0.0,340.195,901.5539285714285,4771.731071428571,0.0,0.0,0.0,50.348571428571425,0.00035714285714285714,3,1,0.0,0.0,0.0,0.0,0.0,0,0,0,0,0,0,1,1,0,450.77696428571426,4771.731071428571,0.0,1,1,1,0,0,0,0,0,16.782857142857143,0.00035714285714285714,0.0,0.0,0.0,0.0,0.0,50.348214285714285,0.0,0,0,0,0.0,0.0,0.0
1045,53,25,1,0.0,0.0,1.0,0.0,0.0,469.4325,0.0,0.0,0.0,0.0,0.0,107.15428571428572,107.15428571428572,3,3,462.71785714285716,462.71785714285716,0.0,0.0,247.14285714285714,7,7,0,0,3,1,0,0,0,0.0,0.0,0.0,1,1,0,1,0,0,0,1,35.71809523809524,35.71809523809524,66.10255102040817,66.10255102040817,0.0,0.0,82.38095238095238,0.0,0.0,0,0,0,0.0,0.0,0.0
943,13,150,1,0.0,0.0,0.0,1.0,0.0,446.3989285714286,0.0,0.0,0.0,1.1785714285714286,0.0,205.96821428571428,205.96821428571428,2,2,211.80464285714285,211.80464285714285,21.428571428571427,133.23678571428573,56.925000000000004,15,15,2,11,1,0,0,0,0,0.0,0.0,0.0,1,1,0,1,0,1,1,1,102.98410714285714,102.98410714285714,14.120309523809523,14.120309523809523,10.714285714285714,12.112435064935067,56.925000000000004,0.0,0.0,0,0,0,0.0,0.0,0.0
324,35,23,1,0.0,1.0,0.0,0.0,0.0,11581.948214285714,0.0,202941.60892857143,0.0,0.0,0.0,655.08,655.08,4,4,1100.625,1100.625,535.7142857142857,257.55357142857144,303.42857142857144,20,20,2,5,12,0,0,1,0,0.0,202941.60892857143,0.0,1,1,0,1,0,1,1,1,163.77,163.77,55.03125,55.03125,267.85714285714283,51.510714285714286,25.28571428571429,0.0,0.0,0,0,0,0.0,0.0,0.0
272,61,103,1,0.0,0.0,0.0,0.0,0.0,716.3985714285715,0.0,0.0,0.0,0.0,0.0,316.46535714285716,316.46535714285716,2,2,322.5,322.5,178.57142857142858,0.0,141.53571428571428,5,5,2,0,2,1,0,0,0,0.0,0.0,0.0,1,1,0,1,0,1,0,1,158.23267857142858,158.23267857142858,64.5,64.5,89.28571428571429,0.0,70.76785714285714,0.0,0.0,0,0,1,0.0,0.0,13.469642857142857
1423,67,50,1,0.0,0.0,0.0,0.0,0.0,443.8607142857143,0.0,0.0,0.0,0.0,0.0,620.2524999999999,620.2524999999999,2,2,548.1428571428571,548.1428571428571,535.7142857142857,0.0,10.464285714285714,3,3,1,0,1,1,0,0,0,0.0,0.0,0.0,1,1,0,1,0,1,0,1,310.12624999999997,310.12624999999997,182.7142857142857,182.7142857142857,535.7142857142857,0.0,10.464285714285714,0.0,0.0,0,0,0,0.0,0.0,0.0
1311,66,135,1,0.0,0.0,0.0,0.0,0.0,155.63464285714286,0.0,0.0,0.0,0.0,0.0,785.7232142857143,785.7232142857143,3,3,736.6464285714285,736.6464285714285,17.857142857142858,159.8607142857143,554.0714285714286,17,17,1,3,11,0,0,0,0,0.0,0.0,0.0,1,1,0,1,0,1,1,1,261.90773809523813,261.90773809523813,43.332142857142856,43.332142857142856,17.857142857142858,53.286904761904765,50.370129870129865,0.0,0.0,0,0,0,0.0,0.0,0.0
819,34,181,1,0.0,0.0,0.0,1.0,2.0,325.1242857142857,0.0,0.0,0.0,2.25,3816.9796428571426,918.7039285714285,826.2892857142857,5,2,386.05821428571426,377.1296428571428,0.0,168.48678571428573,46.42857142857143,12,9,0,5,2,1,0,0,1,0.0,0.0,1908.4898214285713,1,1,1,1,1,0,1,1,183.7407857142857,413.14464285714286,32.17151785714285,41.90329365079364,0.0,33.69735714285714,23.214285714285715,92.41464285714278,8.928571428571445,0,0,0,0.0,0.0,0.0
806,37,59,1,0.0,0.0,0.0,0.0,0.0,0.0,0.0,0.0,0.0,0.0,0.0,356.0364285714286,356.0364285714286,3,3,359.10714285714283,359.10714285714283,357.14285714285717,0.0,0.0,3,3,2,0,0,0,0,0,0,0.0,0.0,0.0,1,1,0,1,0,1,0,0,118.67880952380953,118.67880952380953,119.70238095238095,119.70238095238095,178.57142857142858,0.0,0.0,0.0,0.0,0,0,1,0.0,0.0,12.023928571428572
1352,67,59,1,0.0,0.0,0.0,0.0,0.0,2228.3939285714287,0.0,0.0,0.0,0.0,0.0,132.14392857142857,132.14392857142857,2,2,76.66428571428571,76.66428571428571,3.5714285714285716,73.09285714285714,0.0,3,3,1,2,0,0,0,0,0,0.0,0.0,0.0,1,1,0,1,0,1,1,0,66.07196428571429,66.07196428571429,25.554761904761904,25.554761904761904,3.5714285714285716,36.54642857142857,0.0,0.0,0.0,0,0,0,0.0,0.0,0.0
436,27,70,1,0.0,0.0,0.0,0.0,0.0,40.60071428571428,0.0,0.0,0.0,0.0,0.0,1205.715,1205.715,6,6,1136.5,1136.5,660.7142857142857,52.714285714285715,420.0357142857143,17,17,6,2,4,1,0,0,0,0.0,0.0,0.0,1,1,0,1,0,1,1,1,200.9525,200.9525,66.8529411764706,66.8529411764706,110.1190476190476,26.357142857142858,105.00892857142857,0.0,0.0,0,0,0,0.0,0.0,0.0
393,60,170,1,0.0,0.0,0.0,0.0,0.0,208.6057142857143,0.0,0.0,0.0,0.0,0.0,3285.735,3285.735,3,3,3931.714285714286,3931.714285714286,0.0,0.0,103.57142857142857,9,9,0,0,4,1,0,0,0,0.0,0.0,0.0,1,1,0,1,0,0,0,1,1095.2450000000001,1095.2450000000001,436.8571428571429,436.8571428571429,0.0,0.0,25.892857142857142,0.0,0.0,0,0,0,0.0,0.0,0.0
1532,35,101,1,0.0,2.0,0.0,0.0,0.0,883.8357142857143,0.0,0.0,0.0,0.0,0.0,2285.725357142857,2285.725357142857,4,4,1500.2378571428574,1500.2378571428574,0.0,231.27357142857142,1265.5714285714287,14,14,0,5,8,1,0,1,0,0.0,0.0,0.0,1,1,0,1,0,0,1,1,571.4313392857142,571.4313392857142,107.15984693877553,107.15984693877553,0.0,46.254714285714286,158.19642857142858,0.0,0.0,0,0,0,0.0,0.0,0.0
413,53,15,1,2.0,3.0,1.0,1.0,0.0,1668.3721428571428,20631.684642857144,0.0,0.0,2.357142857142857,0.0,19345.754642857144,10941.4525,17,7,12033.856785714286,9433.315357142857,1650.0,1406.1128571428574,8049.535714285715,69,35,12,16,25,1,1,1,0,10315.842321428572,0.0,0.0,1,1,1,1,1,1,1,1,1137.985567226891,1563.0646428571429,174.4037215320911,269.52329591836735,137.5,87.88205357142859,321.9814285714286,8404.302142857145,2600.5414285714287,0,0,1,0.0,0.0,11.714285714285714
1019,18,39,1,0.0,0.0,0.0,0.0,0.0,337.4732142857143,0.0,0.0,0.0,0.0,0.0,634.4328571428571,634.4328571428571,2,2,725.9421428571429,725.9421428571429,200.0,238.835,249.60714285714286,49,49,8,25,5,0,0,0,0,0.0,0.0,0.0,1,1,0,1,0,1,1,1,317.21642857142854,317.21642857142854,14.815145772594754,14.815145772594754,25.0,9.5534,49.92142857142857,0.0,0.0,0,0,0,0.0,0.0,0.0
1499,5,267,1,0.0,0.0,1.0,0.0,1.0,0.0,0.0,0.0,127.35714285714286,0.0,12738.255357142858,1376.794642857143,1339.0503571428574,5,4,1733.8507142857143,1730.8864285714285,285.7142857142857,344.92214285714283,395.85714285714283,31,30,4,10,12,0,0,0,1,0.0,0.0,12738.255357142858,1,1,1,1,1,1,1,1,275.3589285714286,334.76258928571434,55.93066820276498,57.696214285714284,71.42857142857143,34.49221428571428,32.988095238095234,37.744285714285525,2.9642857142857792,0,0,1,0.0,0.0,7.107142857142857
564,58,32,1,0.0,0.0,0.0,0.0,0.0,1391.6125,0.0,0.0,0.0,0.0,0.0,0.0017857142857142859,0.0017857142857142859,1,1,136.64285714285714,136.64285714285714,0.0,0.0,134.25,3,3,0,0,2,1,0,0,0,0.0,0.0,0.0,1,1,0,1,0,0,0,1,0.0017857142857142859,0.0017857142857142859,45.547619047619044,45.547619047619044,0.0,0.0,67.125,0.0,0.0,0,1,0,0.0,28.705000000000002,0.0
971,59,56,1,0.0,0.0,0.0,0.0,0.0,28.571428571428573,0.0,0.0,0.0,0.0,0.0,336.3071428571429,336.3071428571429,2,2,291.1917857142857,291.1917857142857,0.0,181.94714285714286,108.60178571428571,13,13,0,9,3,1,0,0,0,0.0,0.0,0.0,1,1,0,1,0,0,1,1,168.15357142857144,168.15357142857144,22.39936813186813,22.39936813186813,0.0,20.216349206349207,36.20059523809524,0.0,0.0,0,0,0,0.0,0.0,0.0
947,34,86,1,0.0,0.0,0.0,0.0,0.0,1313.1657142857143,0.0,0.0,0.0,0.0,0.0,35.714642857142856,35.714642857142856,2,2,35.74285714285714,35.74285714285714,7.142857142857143,27.349999999999998,0.0,6,6,1,4,0,1,0,0,0,0.0,0.0,0.0,1,1,0,1,0,1,1,0,17.857321428571428,17.857321428571428,5.957142857142856,5.957142857142856,7.142857142857143,6.8374999999999995,0.0,0.0,0.0,0,0,1,0.0,0.0,16.33892857142857
1165,21,73,1,0.0,0.0,0.0,0.0,0.0,19180.76607142857,0.0,0.0,0.0,0.0,0.0,385.7160714285714,385.7160714285714,3,3,343.7482142857143,343.7482142857143,78.57142857142857,93.74821428571428,171.42857142857142,22,22,6,13,3,0,0,0,0,0.0,0.0,0.0,1,1,0,1,0,1,1,1,128.5720238095238,128.5720238095238,15.624918831168833,15.624918831168833,13.095238095238095,7.211401098901098,57.14285714285714,0.0,0.0,0,1,0,0.0,3.8214285714285716,0.0
1439,25,7,1,0.0,0.0,0.0,0.0,0.0,9137.487857142858,0.0,0.0,0.0,0.0,0.0,970.5346428571429,970.5346428571429,3,3,1232.8007142857143,1232.8007142857143,60.714285714285715,227.37142857142857,944.2864285714286,14,14,1,7,5,0,0,0,0,0.0,0.0,0.0,1,1,0,1,0,1,1,1,323.51154761904763,323.51154761904763,88.05719387755103,88.05719387755103,60.714285714285715,32.481632653061226,188.85728571428572,0.0,0.0,0,0,0,0.0,0.0,0.0
1303,52,151,1,0.0,0.0,0.0,0.0,0.0,24326.445,0.0,0.0,0.0,0.0,0.0,897.0828571428572,897.0828571428572,4,4,855.3603571428572,855.3603571428572,250.0,134.57464285714286,467.32142857142856,16,16,3,9,2,1,0,0,0,0.0,0.0,0.0,1,1,0,1,0,1,1,1,224.2707142857143,224.2707142857143,53.460022321428575,53.460022321428575,83.33333333333333,14.952738095238097,233.66071428571428,0.0,0.0,0,1,0,0.0,6.0,0.0
554,40,150,1,0.0,0.0,0.0,0.0,0.0,2032.232857142857,0.0,0.0,0.0,0.0,0.0,482.1482142857143,482.1482142857143,3,3,618.4642857142857,618.4642857142857,285.7142857142857,0.0,330.4642857142857,7,7,2,0,4,1,0,0,0,0.0,0.0,0.0,1,1,0,1,0,1,0,1,160.71607142857144,160.71607142857144,88.35204081632652,88.35204081632652,142.85714285714286,0.0,82.61607142857143,0.0,0.0,0,1,0,0.0,1.7857142857142858,0.0
1104,79,213,1,0.0,0.0,1.0,1.0,1.0,0.0,0.0,0.0,0.0,1.1785714285714286,120.67607142857142,4778.456428571429,4118.971071428571,40,28,4534.124285714285,4052.7210714285716,1650.0,534.75,1150.2857142857142,102,69,7,34,18,0,0,0,1,0.0,0.0,120.67607142857142,1,1,1,1,1,1,1,1,119.46141071428572,147.10610969387753,44.452198879551815,58.73508799171843,235.71428571428572,15.727941176470589,63.9047619047619,659.4853571428575,481.4032142857136,1,0,1,0.6996428571428571,0.0,6.25
1015,31,96,1,1.0,0.0,0.0,0.0,0.0,794.4564285714285,1951.595357142857,0.0,0.0,0.0,0.0,136.9325,136.63785714285714,3,2,1938.455357142857,1938.455357142857,0.0,672.6860714285714,1261.6264285714285,31,31,0,11,19,1,1,0,0,1951.595357142857,0.0,0.0,1,1,1,1,0,0,1,1,45.64416666666667,68.31892857142857,62.53081797235023,62.53081797235023,0.0,61.15327922077922,66.40139097744361,0.2946428571428612,0.0,0,0,0,0.0,0.0,0.0
1596,49,78,1,1.0,0.0,0.0,0.0,0.0,69.16928571428572,7168.960714285714,0.0,0.0,0.0,0.0,539.97,535.7546428571428,3,2,1.9642857142857142,1.9642857142857142,0.0,0.0,0.0,1,1,0,0,0,1,1,0,0,7168.960714285714,0.0,0.0,1,1,1,1,0,0,0,0,179.99,267.8773214285714,1.9642857142857142,1.9642857142857142,0.0,0.0,0.0,4.215357142857215,0.0,0,0,1,0.0,0.0,9.821428571428571
256,29,93,1,0.0,0.0,1.0,0.0,0.0,572.1632142857143,0.0,0.0,0.0,0.0,0.0,1492.9939285714286,1443.5049999999999,4,2,612.2060714285715,612.2060714285715,107.14285714285714,262.35285714285715,0.0,14,14,2,7,0,0,0,0,0,0.0,0.0,0.0,1,1,1,1,0,1,1,0,373.24848214285714,721.7524999999999,43.72900510204082,43.72900510204082,53.57142857142857,37.47897959183673,0.0,49.48892857142869,0.0,0,0,0,0.0,0.0,0.0
167,73,92,1,0.0,0.0,0.0,0.0,0.0,3446.8114285714287,0.0,0.0,0.0,0.0,0.0,232.86392857142854,232.86392857142854,3,3,170.625,170.625,42.857142857142854,90.73214285714286,37.035714285714285,15,15,3,8,4,1,0,0,0,0.0,0.0,0.0,1,1,0,1,0,1,1,1,77.62130952380951,77.62130952380951,11.375,11.375,14.285714285714285,11.341517857142858,9.258928571428571,0.0,0.0,1,0,0,1.7032142857142856,0.0,0.0
1285,76,4,1,0.0,0.0,0.0,0.0,0.0,84.30357142857143,0.0,0.0,0.0,0.0,0.0,552.2146428571428,552.2146428571428,2,2,570.4157142857142,570.4157142857142,25.0,69.52285714285715,470.7142857142857,12,12,1,8,2,1,0,0,0,0.0,0.0,0.0,1,1,0,1,0,1,1,1,276.1073214285714,276.1073214285714,47.53464285714285,47.53464285714285,25.0,8.690357142857144,235.35714285714286,0.0,0.0,0,0,0,0.0,0.0,0.0
1561,12,204,1,1.0,0.0,0.0,0.0,0.0,361.47035714285715,1927.5317857142857,0.0,0.0,0.0,0.0,1250.1635714285715,1142.859642857143,6,4,1964.5467857142855,1285.975357142857,246.42857142857142,670.1289285714286,104.75,21,19,2,12,1,1,1,0,0,1927.5317857142857,0.0,0.0,1,1,1,1,1,1,1,1,208.36059523809524,285.71491071428574,93.5498469387755,67.68291353383458,123.21428571428571,55.84407738095238,104.75,107.30392857142851,678.5714285714284,0,0,1,0.0,0.0,4.214285714285714
1084,23,102,1,0.0,0.0,0.0,0.0,0.0,529.0857142857143,0.0,0.0,0.0,0.0,0.0,253.59678571428572,253.59678571428572,2,2,731.9064285714286,731.9064285714286,535.7142857142857,190.47785714285715,0.0,15,15,4,7,0,1,0,0,0,0.0,0.0,0.0,1,1,0,1,0,1,1,0,126.79839285714286,126.79839285714286,48.79376190476191,48.79376190476191,133.92857142857142,27.21112244897959,0.0,0.0,0.0,0,0,0,0.0,0.0,0.0
1121,35,190,1,0.0,0.0,0.0,0.0,0.0,52.526428571428575,0.0,0.0,0.0,0.0,0.0,114.30071428571429,114.30071428571429,2,2,689.1842857142857,689.1842857142857,256.3692857142857,424.9264285714286,0.0,12,12,2,7,0,0,0,0,0,0.0,0.0,0.0,1,1,0,1,0,1,1,0,57.150357142857146,57.150357142857146,57.432023809523805,57.432023809523805,128.18464285714285,60.70377551020408,0.0,0.0,0.0,0,0,1,0.0,0.0,15.38892857142857
42,23,4,1,0.0,12.0,0.0,0.0,0.0,875.3714285714286,0.0,0.0,0.0,0.0,0.0,643.1878571428571,643.1878571428571,4,4,546.6428571428571,546.6428571428571,178.57142857142858,68.53571428571429,296.07142857142856,9,9,1,1,6,1,0,1,0,0.0,0.0,0.0,1,1,0,1,0,1,1,1,160.79696428571427,160.79696428571427,60.738095238095234,60.738095238095234,178.57142857142858,68.53571428571429,49.345238095238095,0.0,0.0,1,0,0,15.275714285714287,0.0,0.0
998,37,7,1,0.0,0.0,1.0,1.0,0.0,2435.4757142857147,0.0,0.0,0.0,242.6239285714286,0.0,1604.7024999999999,1158.7603571428572,8,4,1721.3642857142856,1559.1321428571428,392.85714285714283,159.875,1162.6678571428572,28,18,3,6,14,1,0,0,0,0.0,0.0,0.0,1,1,1,1,1,1,1,1,200.58781249999998,289.6900892857143,61.477295918367346,86.61845238095238,130.95238095238093,26.645833333333332,83.04770408163266,445.9421428571427,162.2321428571429,0,0,0,0.0,0.0,0.0
638,1,31,1,0.0,0.0,1.0,0.0,0.0,89.25,0.0,0.0,0.0,0.0,0.0,592.8282142857142,592.8282142857142,2,2,885.9785714285715,885.9785714285715,535.7142857142857,140.72857142857143,23.642857142857142,9,9,1,4,1,1,0,0,0,0.0,0.0,0.0,1,1,0,1,0,1,1,1,296.4141071428571,296.4141071428571,98.4420634920635,98.4420634920635,535.7142857142857,35.18214285714286,23.642857142857142,0.0,0.0,0,0,0,0.0,0.0,0.0
711,26,150,1,0.0,0.0,0.0,0.0,0.0,111.12678571428572,0.0,0.0,0.0,0.0,0.0,396.0735714285714,396.0735714285714,3,3,704.9428571428572,704.9428571428572,0.0,369.70714285714286,0.0,4,4,0,1,0,0,0,0,0,0.0,0.0,0.0,1,1,0,1,0,0,1,0,132.0245238095238,132.0245238095238,176.2357142857143,176.2357142857143,0.0,369.70714285714286,0.0,0.0,0.0,0,0,0,0.0,0.0,0.0
1294,51,172,1,0.0,0.0,1.0,0.0,0.0,980.1721428571428,0.0,0.0,0.0,0.0,0.0,2710.3742857142856,2025.5142857142857,18,14,2680.3139285714283,2096.942857142857,1321.4285714285713,47.51142857142857,39.285714285714285,22,13,3,2,2,0,0,0,0,0.0,0.0,0.0,1,1,1,1,1,1,1,1,150.5763492063492,144.6795918367347,121.83245129870129,161.3032967032967,440.4761904761904,23.755714285714284,19.642857142857142,684.8599999999999,583.3710714285712,0,0,0,0.0,0.0,0.0
736,74,233,1,0.0,0.0,0.0,0.0,0.0,285.7142857142857,0.0,0.0,0.0,0.0,0.0,3392.118214285714,3392.118214285714,4,4,4963.694285714286,4963.694285714286,1607.142857142857,1889.9764285714284,1272.642857142857,48,48,5,26,13,0,0,0,0,0.0,0.0,0.0,1,1,0,1,0,1,1,1,848.0295535714286,848.0295535714286,103.41029761904763,103.41029761904763,321.42857142857144,72.6914010989011,97.8956043956044,0.0,0.0,0,0,0,0.0,0.0,0.0
1258,63,48,1,1.0,7.0,1.0,0.0,0.0,147.04892857142858,357.92214285714283,0.0,0.0,0.0,0.0,682.8703571428571,669.5614285714286,16,12,1148.0271428571427,996.717857142857,428.57142857142856,0.0,554.8403571428572,20,15,4,0,8,1,1,1,0,357.92214285714283,0.0,0.0,1,1,1,1,1,1,0,1,42.67939732142857,55.79678571428571,57.40135714285714,66.44785714285713,107.14285714285714,0.0,69.35504464285715,13.30892857142851,151.3092857142857,1,0,0,0.1467857142857143,0.0,0.0
1364,39,63,1,1.0,0.0,1.0,0.0,0.0,0.0,4846.536428571429,0.0,260.86357142857145,0.0,0.0,1168.9903571428572,1002.0071428571429,10,7,1517.7471428571428,1517.7471428571428,35.714285714285715,547.0328571428571,931.1785714285714,31,31,1,11,18,0,1,0,0,4846.536428571429,0.0,0.0,1,1,1,1,0,1,1,1,116.89903571428572,143.1438775510204,48.95958525345622,48.95958525345622,35.714285714285715,49.73025974025973,51.73214285714286,166.98321428571433,0.0,0,1,1,0.0,14.285714285714286,22.703928571428573
684,43,165,1,2.0,3.0,0.0,0.0,0.0,20.96642857142857,12881.371071428572,20469.94,0.0,0.0,0.0,1505.4192857142857,1499.402857142857,3,2,699.3153571428572,699.3153571428572,285.7142857142857,281.4582142857143,132.14285714285714,13,13,1,10,2,1,1,1,0,6440.685535714286,6823.313333333333,0.0,1,1,1,1,0,1,1,1,501.80642857142857,749.7014285714286,53.79348901098902,53.79348901098902,285.7142857142857,28.14582142857143,66.07142857142857,6.016428571428605,0.0,0,0,0,0.0,0.0,0.0
722,26,83,1,1.0,6.0,0.0,0.0,0.0,4933.748928571428,465.5371428571429,1942.857142857143,0.0,0.0,0.0,334.5671428571428,0.0075,3,1,429.67857142857144,429.67857142857144,428.57142857142856,0.0,0.0,3,3,1,0,0,0,1,1,0,465.5371428571429,323.8095238095238,0.0,1,1,1,1,0,1,0,0,111.52238095238094,0.0075,143.22619047619048,143.22619047619048,428.57142857142856,0.0,0.0,334.5596428571428,0.0,0,0,0,0.0,0.0,0.0
189,16,22,2,0.0,0.0,0.0,0.0,1.0,18245.913214285716,0.0,0.0,0.0,0.0,6001.416785714287,199.84357142857144,110.71464285714286,3,2,113.28571428571429,106.25,0.0,0.0,0.0,4,2,0,0,0,1,0,0,1,0.0,0.0,6001.416785714287,1,1,1,1,1,0,0,0,66.61452380952382,55.35732142857143,28.321428571428573,53.125,0.0,0.0,0.0,89.12892857142857,7.035714285714292,0,0,0,0.0,0.0,0.0
636,51,82,1,1.0,0.0,0.0,1.0,0.0,2623.8264285714286,2457.837142857143,0.0,0.0,-7.738214285714285,0.0,1271.5389285714284,1265.9717857142857,9,4,1385.417857142857,1383.060714285714,0.0,64.60714285714286,560.3571428571429,13,9,0,3,2,1,1,0,0,2457.837142857143,0.0,0.0,1,1,1,1,1,0,1,1,141.28210317460315,316.49294642857143,106.57060439560438,153.67341269841268,0.0,21.53571428571429,280.17857142857144,5.567142857142699,2.3571428571428896,0,0,0,0.0,0.0,0.0
1600,44,200,1,1.0,0.0,1.0,0.0,0.0,243.63107142857143,7280.285714285715,0.0,0.0,0.0,0.0,3211.069285714286,1624.5657142857142,16,4,3235.036071428571,1610.4714285714285,464.2857142857143,142.98285714285714,71.42857142857143,14,11,2,2,1,0,1,0,0,7280.285714285715,0.0,0.0,1,1,1,1,1,1,1,1,200.69183035714286,406.14142857142855,231.0740051020408,146.4064935064935,232.14285714285714,71.49142857142857,71.42857142857143,1586.5035714285716,1624.5646428571426,0,1,1,0.0,3.9285714285714284,9.214285714285714
1236,24,151,1,1.0,0.0,0.0,0.0,0.0,2278.614642857143,0.0,0.0,0.0,0.0,0.0,7.895714285714286,0.0,1,0,0.0,0.0,0.0,0.0,0.0,0,0,0,0,0,1,1,0,0,0.0,0.0,0.0,1,0,1,0,0,0,0,0,7.895714285714286,0.0,0.0,0.0,0.0,0.0,0.0,7.895714285714286,0.0,0,0,0,0.0,0.0,0.0
1523,42,111,1,0.0,0.0,0.0,0.0,0.0,3248.6817857142855,0.0,0.0,0.0,0.0,0.0,1555.075,1555.075,6,6,1554.3964285714285,1554.3964285714285,0.0,0.0,1086.607142857143,11,11,0,0,8,1,0,0,0,0.0,0.0,0.0,1,1,0,1,0,0,0,1,259.1791666666667,259.1791666666667,141.30876623376622,141.30876623376622,0.0,0.0,135.82589285714286,0.0,0.0,0,0,0,0.0,0.0,0.0
264,48,109,1,0.0,0.0,0.0,0.0,0.0,4483.517142857143,0.0,0.0,0.0,0.0,0.0,1071.5267857142858,1071.5267857142858,2,2,1324.642857142857,1324.642857142857,250.0,0.0,1071.4285714285713,4,4,1,0,1,0,0,0,0,0.0,0.0,0.0,1,1,0,1,0,1,0,1,535.7633928571429,535.7633928571429,331.1607142857143,331.1607142857143,250.0,0.0,1071.4285714285713,0.0,0.0,0,0,0,0.0,0.0,0.0
346,52,71,1,0.0,0.0,1.0,0.0,0.0,248.77142857142857,0.0,0.0,468.0807142857143,0.0,0.0,800.4735714285714,800.4735714285714,5,5,1951.5357142857142,1951.5357142857142,178.57142857142858,127.78571428571429,1641.6785714285713,20,20,1,6,12,1,0,0,0,0.0,0.0,0.0,1,1,0,1,0,1,1,1,160.09471428571428,160.09471428571428,97.5767857142857,97.5767857142857,178.57142857142858,21.297619047619047,136.80654761904762,0.0,0.0,0,0,0,0.0,0.0,0.0
904,23,152,1,0.0,0.0,0.0,0.0,0.0,3758.344285714286,0.0,0.0,0.0,0.0,0.0,0.007857142857142858,0.007857142857142858,1,1,654.5985714285714,654.5985714285714,235.71428571428572,302.9557142857143,113.75,14,14,1,9,3,0,0,0,0,0.0,0.0,0.0,1,1,0,1,0,1,1,1,0.007857142857142858,0.007857142857142858,46.75704081632653,46.75704081632653,235.71428571428572,33.661746031746034,37.916666666666664,0.0,0.0,0,0,1,0.0,0.0,8.321428571428571
1361,64,10,1,0.0,0.0,0.0,0.0,0.0,2869.156071428571,0.0,0.0,0.0,0.0,0.0,0.004285714285714286,0.004285714285714286,1,1,1.9642857142857142,1.9642857142857142,0.0,0.0,0.0,1,1,0,0,0,0,0,0,0,0.0,0.0,0.0,1,1,0,1,0,0,0,0,0.004285714285714286,0.004285714285714286,1.9642857142857142,1.9642857142857142,0.0,0.0,0.0,0.0,0.0,0,0,0,0.0,0.0,0.0
542,24,25,1,0.0,0.0,1.0,0.0,0.0,1525.1414285714286,0.0,0.0,0.0,0.0,0.0,178.5732142857143,178.5732142857143,2,2,218.24178571428573,218.24178571428573,28.571428571428573,90.06321428571428,99.60714285714286,20,20,4,14,2,1,0,0,0,0.0,0.0,0.0,1,1,0,1,0,1,1,1,89.28660714285715,89.28660714285715,10.912089285714286,10.912089285714286,7.142857142857143,6.433086734693878,49.80357142857143,0.0,0.0,0,1,1,0.0,1.7857142857142858,20.214285714285715
131,47,92,1,0.0,0.0,0.0,0.0,0.0,898.485,0.0,0.0,0.0,0.0,0.0,23.214285714285715,23.214285714285715,1,1,24.321428571428573,24.321428571428573,0.0,0.0,22.142857142857142,3,3,0,0,2,1,0,0,0,0.0,0.0,0.0,1,1,0,1,0,0,0,1,23.214285714285715,23.214285714285715,8.107142857142858,8.107142857142858,0.0,0.0,11.071428571428571,0.0,0.0,1,1,0,3.1389285714285715,4.642857142857143,0.0
584,35,232,1,1.0,0.0,1.0,0.0,0.0,2538.386785714286,5734.547142857143,0.0,0.0,0.0,0.0,1007.1478571428571,1007.1475,6,5,1474.9210714285714,1474.9210714285714,0.0,428.2889285714286,558.6785714285714,39,39,0,21,15,1,1,0,0,5734.547142857143,0.0,0.0,1,1,1,1,0,0,1,1,167.8579761904762,201.42950000000002,37.81848901098901,37.81848901098901,0.0,20.394710884353742,37.24523809523809,0.00035714285706944793,0.0,0,0,1,0.0,0.0,8.75
755,34,55,1,0.0,11.0,0.0,0.0,0.0,590.4103571428572,0.0,2165.822857142857,0.0,0.0,0.0,619.9271428571428,619.9271428571428,2,2,607.75,607.75,107.14285714285714,0.0,138.71428571428572,6,6,1,0,3,1,0,1,0,0.0,196.89298701298702,0.0,1,1,0,1,0,1,0,1,309.9635714285714,309.9635714285714,101.29166666666667,101.29166666666667,107.14285714285714,0.0,46.23809523809524,0.0,0.0,0,0,0,0.0,0.0,0.0
287,32,104,1,0.0,0.0,0.0,0.0,0.0,1681.3917857142858,0.0,0.0,0.0,0.0,0.0,541.4475,541.4475,5,5,471.84785714285715,471.84785714285715,0.0,173.45464285714283,296.96464285714285,24,24,0,20,3,1,0,0,0,0.0,0.0,0.0,1,1,0,1,0,0,1,1,108.2895,108.2895,19.66032738095238,19.66032738095238,0.0,8.672732142857141,98.98821428571428,0.0,0.0,1,0,0,18.486785714285713,0.0,0.0
1298,26,176,3,0.0,0.0,0.0,0.0,1.0,40.69714285714286,0.0,0.0,0.0,0.0,639.8746428571429,6628.4825,178.5717857142857,4,2,12878.482142857143,21.339285714285715,0.0,0.0,0.0,6,1,0,0,0,0,0,0,1,0.0,0.0,639.8746428571429,1,1,1,1,1,0,0,0,1657.120625,89.28589285714285,2146.4136904761904,21.339285714285715,0.0,0.0,0.0,6449.910714285715,12857.142857142857,0,0,1,0.0,0.0,25.243214285714284
1492,56,200,1,0.0,2.0,0.0,0.0,0.0,6.057857142857143,0.0,9021.25107142857,0.0,0.0,0.0,482.64464285714286,482.64464285714286,2,2,552.3214285714286,552.3214285714286,410.7142857142857,0.0,138.57142857142858,8,8,2,0,5,1,0,1,0,0.0,4510.625535714285,0.0,1,1,0,1,0,1,0,1,241.32232142857143,241.32232142857143,69.04017857142857,69.04017857142857,205.35714285714286,0.0,27.714285714285715,0.0,0.0,1,0,0,0.8155357142857144,0.0,0.0
40,27,33,1,0.0,0.0,0.0,0.0,0.0,871.7367857142857,0.0,0.0,0.0,0.0,0.0,0.0010714285714285715,0.0010714285714285715,1,1,18.035714285714285,18.035714285714285,0.0,0.0,18.035714285714285,1,1,0,0,1,1,0,0,0,0.0,0.0,0.0,1,1,0,1,0,0,0,1,0.0010714285714285715,0.0010714285714285715,18.035714285714285,18.035714285714285,0.0,0.0,18.035714285714285,0.0,0.0,0,0,0,0.0,0.0,0.0
1413,31,52,1,1.0,0.0,0.0,0.0,0.0,237.29607142857142,56187.43392857142,0.0,0.0,0.0,0.0,6.4332142857142856,0.004642857142857143,2,1,143.16892857142858,143.16892857142858,0.0,122.91892857142857,20.25,15,15,0,14,1,1,1,0,0,56187.43392857142,0.0,0.0,1,1,1,1,0,0,1,1,3.2166071428571428,0.004642857142857143,9.544595238095239,9.544595238095239,0.0,8.779923469387755,20.25,6.428571428571429,0.0,1,1,0,1.676607142857143,6.964285714285714,0.0
1191,69,46,1,1.0,0.0,0.0,1.0,0.0,907.0853571428571,638.6628571428572,0.0,0.0,283.8092857142857,0.0,797.8167857142856,729.4671428571429,7,2,409.9132142857143,389.2264285714286,300.0,0.0,39.785714285714285,19,14,7,0,3,1,1,0,0,638.6628571428572,0.0,0.0,1,1,1,1,1,1,0,1,113.97382653061223,364.73357142857145,21.57437969924812,27.80188775510204,42.857142857142854,0.0,13.261904761904761,68.34964285714273,20.68678571428569,0,1,1,0.0,0.21428571428571427,18.382857142857144
66,62,91,1,1.0,1.0,0.0,1.0,0.0,101.32392857142858,4104.848928571429,0.0,0.0,671.9992857142857,0.0,2135.977142857143,0.017857142857142856,9,1,12005.129642857142,9965.385714285714,0.0,962.9582142857143,0.0,23,5,0,14,0,1,1,1,0,4104.848928571429,0.0,0.0,1,1,1,1,1,0,1,0,237.33079365079368,0.017857142857142856,521.9621583850932,1993.077142857143,0.0,68.78272959183674,0.0,2135.9592857142857,2039.7439285714281,0,0,0,0.0,0.0,0.0
1590,50,52,1,0.0,0.0,0.0,0.0,0.0,2622.9874999999997,0.0,0.0,0.0,0.0,0.0,17970.20392857143,17970.20392857143,28,28,24382.802857142855,24382.802857142855,2777.4285714285716,3635.7014285714286,17947.39285714286,83,83,6,59,14,1,0,0,0,0.0,0.0,0.0,1,1,0,1,0,1,1,1,641.7929974489797,641.7929974489797,293.76870912220306,293.76870912220306,462.9047619047619,61.62205811138014,1281.9566326530614,0.0,0.0,0,0,1,0.0,0.0,4.607142857142857
1023,49,150,1,0.0,0.0,0.0,0.0,0.0,2916.7925,0.0,0.0,0.0,0.0,0.0,357.1489285714286,357.1489285714286,2,2,869.0296428571429,869.0296428571429,232.14285714285714,184.99392857142857,448.39285714285717,24,24,2,11,10,0,0,0,0,0.0,0.0,0.0,1,1,0,1,0,1,1,1,178.5744642857143,178.5744642857143,36.20956845238096,36.20956845238096,116.07142857142857,16.81762987012987,44.839285714285715,0.0,0.0,0,0,0,0.0,0.0,0.0
518,52,115,1,0.0,0.0,0.0,0.0,0.0,1704.7117857142857,0.0,0.0,0.0,0.0,0.0,535.7164285714285,535.7164285714285,3,3,556.3642857142858,556.3642857142858,125.0,358.04285714285714,41.67857142857143,14,14,2,7,2,0,0,0,0,0.0,0.0,0.0,1,1,0,1,0,1,1,1,178.57214285714284,178.57214285714284,39.740306122448985,39.740306122448985,62.5,51.148979591836735,20.839285714285715,0.0,0.0,0,1,1,0.0,4.928571428571429,12.208214285714286
291,72,12,2,0.0,0.0,0.0,0.0,0.0,805.28,0.0,0.0,0.0,0.0,0.0,690.0385714285715,690.0385714285715,3,3,771.9642857142857,771.9642857142857,0.0,0.0,768.5714285714286,6,6,0,0,5,0,0,0,0,0.0,0.0,0.0,1,1,0,1,0,0,0,1,230.01285714285714,230.01285714285714,128.66071428571428,128.66071428571428,0.0,0.0,153.71428571428572,0.0,0.0,0,1,0,0.0,6.607142857142857,0.0
771,6,66,1,0.0,2.0,0.0,0.0,0.0,17.625714285714285,0.0,0.0,0.0,0.0,0.0,402.86678571428575,402.86678571428575,2,2,348.14285714285717,348.14285714285717,196.42857142857142,0.0,149.10714285714286,5,5,1,0,3,0,0,1,0,0.0,0.0,0.0,1,1,0,1,0,1,0,1,201.43339285714288,201.43339285714288,69.62857142857143,69.62857142857143,196.42857142857142,0.0,49.702380952380956,0.0,0.0,0,0,0,0.0,0.0,0.0
415,57,177,1,0.0,0.0,0.0,0.0,0.0,1188.3842857142859,0.0,0.0,0.0,0.0,0.0,107.1432142857143,107.1432142857143,2,2,26.82857142857143,26.82857142857143,14.285714285714286,12.542857142857143,0.0,10,10,2,8,0,1,0,0,0,0.0,0.0,0.0,1,1,0,1,0,1,1,0,53.57160714285715,53.57160714285715,2.682857142857143,2.682857142857143,7.142857142857143,1.5678571428571428,0.0,0.0,0.0,0,1,1,0.0,16.428571428571427,27.2575
69,41,17,1,0.0,0.0,0.0,0.0,0.0,1909.81,0.0,0.0,0.0,0.0,0.0,3851.0192857142856,3851.0192857142856,3,3,988.4967857142857,988.4967857142857,135.71428571428572,199.08214285714286,653.7003571428571,21,21,2,10,9,1,0,0,0,0.0,0.0,0.0,1,1,0,1,0,1,1,1,1283.6730952380951,1283.6730952380951,47.07127551020408,47.07127551020408,67.85714285714286,19.908214285714287,72.63337301587302,0.0,0.0,1,0,0,42.71660714285714,0.0,0.0
1601,22,139,1,1.0,6.0,0.0,0.0,0.0,0.7253571428571428,12657.74,44575.35214285715,0.0,0.0,0.0,2021.48,2021.4467857142859,6,5,1024.7910714285715,1024.7910714285715,0.0,289.71964285714284,731.6785714285714,12,12,0,7,4,1,1,1,0,12657.74,7429.225357142858,0.0,1,1,1,1,0,0,1,1,336.91333333333336,404.28935714285717,85.39925595238095,85.39925595238095,0.0,41.38852040816327,182.91964285714286,0.03321428571416618,0.0,0,0,0,0.0,0.0,0.0
580,57,40,1,1.0,7.0,0.0,0.0,0.0,4.025357142857143,16272.202142857142,2510.752857142857,0.0,0.0,0.0,330.72357142857146,330.7232142857143,5,4,129.82142857142858,129.82142857142858,0.0,28.571428571428573,101.03571428571429,4,4,0,2,1,0,1,1,0,16272.202142857142,358.6789795918367,0.0,1,1,1,1,0,0,1,1,66.14471428571429,82.68080357142857,32.455357142857146,32.455357142857146,0.0,14.285714285714286,101.03571428571429,0.00035714285718313477,0.0,0,0,0,0.0,0.0,0.0
1505,60,176,1,3.0,0.0,1.0,1.0,0.0,73.135,3287.6585714285716,0.0,490.53035714285716,382.625,0.0,284.55357142857144,273.7010714285714,7,2,727.4642857142857,725.1071428571429,571.4285714285714,32.035714285714285,116.85714285714286,16,12,3,1,6,1,1,0,0,1095.8861904761904,0.0,0.0,1,1,1,1,1,1,1,1,40.650510204081634,136.8505357142857,45.466517857142854,60.42559523809524,190.47619047619048,32.035714285714285,19.476190476190478,10.85250000000002,2.357142857142776,0,1,0,0.0,0.21428571428571427,0.0
924,30,135,1,0.0,0.0,1.0,1.0,0.0,341.5514285714286,0.0,0.0,0.0,460.0892857142857,0.0,68371.54214285714,66908.95107142857,10,3,64608.361428571436,64178.18535714286,0.0,425.67607142857145,61955.10392857143,45,21,0,20,16,0,0,0,0,0.0,0.0,0.0,1,1,1,1,1,0,1,1,6837.154214285714,22302.98369047619,1435.7413650793653,3056.1040646258502,0.0,21.28380357142857,3872.1939955357143,1462.591071428571,430.1760714285774,0,1,0,0.0,25.040357142857143,0.0
880,49,64,1,0.0,0.0,0.0,0.0,0.0,70.54857142857142,0.0,0.0,0.0,0.0,0.0,8.143214285714285,8.143214285714285,2,2,42.42857142857143,42.42857142857143,17.857142857142858,24.571428571428573,0.0,9,9,2,7,0,0,0,0,0,0.0,0.0,0.0,1,1,0,1,0,1,1,0,4.071607142857142,4.071607142857142,4.714285714285714,4.714285714285714,8.928571428571429,3.5102040816326534,0.0,0.0,0.0,1,0,0,1.2494642857142857,0.0,0.0
993,19,38,1,1.0,3.0,0.0,0.0,0.0,2.045,5401.167142857143,0.0,0.0,0.0,0.0,2443.7292857142857,2437.029285714286,7,6,3551.0107142857146,3551.0107142857146,0.0,438.80321428571426,3108.8146428571426,25,25,0,12,12,0,1,1,0,5401.167142857143,0.0,0.0,1,1,1,1,0,0,1,1,349.1041836734694,406.17154761904766,142.04042857142858,142.04042857142858,0.0,36.56693452380952,259.0678869047619,6.699999999999818,0.0,1,0,0,0.27464285714285713,0.0,0.0
718,2,13,1,0.0,0.0,1.0,0.0,1.0,273.42857142857144,0.0,0.0,215.49,0.0,1057.9571428571428,1075.4146428571428,826.0521428571428,13,10,873.9603571428571,826.0521428571428,382.14285714285717,0.0,35.714285714285715,24,15,3,0,1,0,0,0,1,0.0,0.0,1057.9571428571428,1,1,1,1,1,1,0,1,82.7242032967033,82.60521428571428,36.41501488095238,55.070142857142855,127.3809523809524,0.0,35.714285714285715,249.36249999999995,47.90821428571428,1,0,0,8.301785714285714,0.0,0.0
680,37,26,1,0.0,0.0,0.0,0.0,0.0,0.5064285714285715,0.0,0.0,0.0,0.0,0.0,607.3932142857142,607.3932142857142,2,2,166.96428571428572,166.96428571428572,142.85714285714286,0.0,21.428571428571427,5,5,2,0,1,1,0,0,0,0.0,0.0,0.0,1,1,0,1,0,1,0,1,303.6966071428571,303.6966071428571,33.392857142857146,33.392857142857146,71.42857142857143,0.0,21.428571428571427,0.0,0.0,0,0,0,0.0,0.0,0.0
935,46,49,1,0.0,0.0,1.0,0.0,0.0,2430.9746428571425,0.0,0.0,0.0,0.0,0.0,957.4142857142857,643.4035714285714,13,11,977.4142857142857,643.4035714285714,171.42857142857142,0.0,153.71428571428572,21,11,3,0,5,0,0,0,0,0.0,0.0,0.0,1,1,1,1,1,1,0,1,73.64725274725275,58.49123376623376,46.54353741496599,58.49123376623376,57.14285714285714,0.0,30.742857142857144,314.01071428571436,334.01071428571436,1,0,0,2.3448214285714286,0.0,0.0
1035,32,145,3,1.0,1.0,0.0,0.0,0.0,104.60178571428571,4644.8207142857145,15094.395,0.0,0.0,0.0,923.1692857142858,922.0932142857143,4,3,342.67857142857144,342.67857142857144,178.57142857142858,0.0,159.5,7,7,1,0,5,0,1,1,0,4644.8207142857145,15094.395,0.0,1,1,1,1,0,1,0,1,230.79232142857146,307.3644047619048,48.954081632653065,48.954081632653065,178.57142857142858,0.0,31.9,1.0760714285714812,0.0,0,0,1,0.0,0.0,15.678571428571429
568,42,151,1,0.0,0.0,0.0,1.0,0.0,809.9760714285715,0.0,0.0,0.0,325.6457142857143,0.0,18.299285714285713,0.0010714285714285715,4,1,5.928571428571429,3.5714285714285716,0.0,0.0,0.0,6,2,0,0,0,0,0,0,0,0.0,0.0,0.0,1,1,1,1,1,0,0,0,4.574821428571428,0.0010714285714285715,0.9880952380952381,1.7857142857142858,0.0,0.0,0.0,18.298214285714284,2.357142857142857,0,1,0,0.0,5.356071428571428,0.0
1293,31,151,1,1.0,0.0,1.0,0.0,0.0,465.5467857142857,257.125,0.0,0.0,0.0,0.0,16961.991071428572,15080.345,22,14,17111.047142857144,15266.059285714286,185.71428571428572,0.0,13195.82142857143,23,15,1,0,5,0,1,0,0,257.125,0.0,0.0,1,1,1,1,1,1,0,1,770.9995941558442,1077.1675,743.9585714285714,1017.7372857142857,185.71428571428572,0.0,2639.164285714286,1881.6460714285731,1844.987857142858,0,1,1,0.0,89.76107142857143,11.546071428571429
492,24,139,1,0.0,0.0,0.0,1.0,0.0,8846.825714285715,0.0,0.0,0.0,0.4642857142857143,0.0,520.0707142857143,490.2910714285714,8,3,1111.1189285714286,966.0689285714286,278.57142857142856,0.0,663.9285714285714,34,25,11,0,6,0,0,0,0,0.0,0.0,0.0,1,1,1,1,1,1,0,1,65.00883928571429,163.43035714285713,32.67996848739496,38.64275714285714,25.324675324675322,0.0,110.65476190476191,29.779642857142903,145.04999999999995,0,1,1,0.0,13.214285714285714,1.0714285714285714
1078,27,169,1,0.0,0.0,0.0,0.0,0.0,111.17321428571428,0.0,0.0,0.0,0.0,0.0,690.9242857142857,690.9242857142857,3,3,699.967857142857,699.967857142857,209.82,327.11678571428575,151.78571428571428,50,50,10,29,1,0,0,0,0,0.0,0.0,0.0,1,1,0,1,0,1,1,1,230.30809523809523,230.30809523809523,13.999357142857141,13.999357142857141,20.982,11.279889162561577,151.78571428571428,0.0,0.0,0,0,1,0.0,0.0,9.285714285714286
486,43,195,2,0.0,0.0,0.0,0.0,0.0,1815.5228571428572,0.0,0.0,0.0,0.0,0.0,0.06535714285714286,0.06535714285714286,1,1,5.535714285714286,5.535714285714286,0.0,0.0,0.0,1,1,0,0,0,1,0,0,0,0.0,0.0,0.0,1,1,0,1,0,0,0,0,0.06535714285714286,0.06535714285714286,5.535714285714286,5.535714285714286,0.0,0.0,0.0,0.0,0.0,0,0,0,0.0,0.0,0.0
1213,36,152,1,0.0,0.0,1.0,0.0,0.0,1615.3417857142856,0.0,0.0,0.0,0.0,0.0,2035.0546428571429,2035.0546428571429,11,11,1494.7142857142858,1494.7142857142858,1285.7142857142858,0.0,204.96428571428572,17,17,8,0,5,1,0,0,0,0.0,0.0,0.0,1,1,0,1,0,1,0,1,185.00496753246753,185.00496753246753,87.92436974789916,87.92436974789916,160.71428571428572,0.0,40.99285714285715,0.0,0.0,0,1,0,0.0,2.392857142857143,0.0
1573,69,181,1,1.0,0.0,1.0,1.0,0.0,0.7410714285714286,2089.9389285714287,0.0,0.0,274.74285714285713,0.0,3912.39,1822.7685714285712,22,10,2271.4657142857145,1227.4139285714284,125.0,256.83892857142854,806.0357142857143,46,19,6,18,8,0,1,0,0,2089.9389285714287,0.0,0.0,1,1,1,1,1,1,1,1,177.8359090909091,182.27685714285712,49.37968944099379,64.60073308270675,20.833333333333332,14.268829365079363,100.75446428571429,2089.6214285714286,1044.051785714286,0,1,0,0.0,5.142857142857143,0.0
735,23,53,1,0.0,0.0,0.0,0.0,0.0,188.99464285714288,0.0,0.0,0.0,0.0,0.0,326.2867857142857,326.2867857142857,6,6,339.9357142857143,339.9357142857143,214.28571428571428,104.75714285714285,16.5,20,20,6,8,1,1,0,0,0,0.0,0.0,0.0,1,1,0,1,0,1,1,1,54.38113095238095,54.38113095238095,16.996785714285714,16.996785714285714,35.714285714285715,13.094642857142857,16.5,0.0,0.0,1,0,0,4.37375,0.0,0.0
930,26,117,1,2.0,0.0,0.0,0.0,0.0,849.1971428571429,4113.770357142857,0.0,0.0,0.0,0.0,1.6575,0.029285714285714283,2,1,1.9642857142857142,1.9642857142857142,0.0,0.0,0.0,1,1,0,0,0,0,1,0,0,2056.8851785714287,0.0,0.0,1,1,1,1,0,0,0,0,0.82875,0.029285714285714283,1.9642857142857142,1.9642857142857142,0.0,0.0,0.0,1.6282142857142856,0.0,0,0,0,0.0,0.0,0.0
178,20,46,1,1.0,0.0,0.0,0.0,0.0,86.61035714285715,0.11035714285714285,0.0,0.0,0.0,0.0,9.494285714285713,0.06535714285714286,2,1,1414.7142857142858,1414.7142857142858,0.0,0.0,1414.7142857142858,4,4,0,0,4,1,1,0,0,0.11035714285714285,0.0,0.0,1,1,1,1,0,0,0,1,4.747142857142856,0.06535714285714286,353.67857142857144,353.67857142857144,0.0,0.0,353.67857142857144,9.42892857142857,0.0,1,0,0,1.5814285714285714,0.0,0.0
757,50,108,1,0.0,0.0,0.0,0.0,0.0,1202.2350000000001,0.0,0.0,0.0,0.0,0.0,1183.3957142857143,1183.3957142857143,5,5,1117.882142857143,1117.882142857143,535.7142857142857,0.0,363.89285714285717,7,7,2,0,2,0,0,0,0,0.0,0.0,0.0,1,1,0,1,0,1,0,1,236.67914285714286,236.67914285714286,159.69744897959185,159.69744897959185,267.85714285714283,0.0,181.94642857142858,0.0,0.0,1,0,0,9.93982142857143,0.0,0.0
687,43,57,2,0.0,0.0,0.0,0.0,0.0,338.58964285714285,0.0,0.0,0.0,0.0,0.0,2610.36,2610.36,5,5,1199.0325,1199.0325,22.557142857142857,180.32714285714286,988.5357142857143,20,20,1,8,9,0,0,0,0,0.0,0.0,0.0,1,1,0,1,0,1,1,1,522.072,522.072,59.951625,59.951625,22.557142857142857,22.540892857142858,109.8373015873016,0.0,0.0,0,0,0,0.0,0.0,0.0
1401,51,81,1,1.0,0.0,0.0,0.0,0.0,881.6421428571429,1430.1460714285713,0.0,0.0,0.0,0.0,2471.108928571429,2460.435,8,7,4216.821428571428,4216.821428571428,1428.5714285714287,341.67857142857144,2444.4285714285716,17,17,1,2,13,1,1,0,0,1430.1460714285713,0.0,0.0,1,1,1,1,0,1,1,1,308.8886160714286,351.49071428571426,248.0483193277311,248.0483193277311,1428.5714285714287,170.83928571428572,188.03296703296704,10.67392857142886,0.0,0,0,0,0.0,0.0,0.0
915,59,180,1,0.0,1.0,1.0,0.0,0.0,33.43214285714286,0.0,13680.277142857143,175.59964285714287,0.0,0.0,558.9314285714286,558.9314285714286,2,2,664.5357142857143,664.5357142857143,178.57142857142858,0.0,485.10714285714283,10,10,1,0,8,1,0,1,0,0.0,13680.277142857143,0.0,1,1,0,1,0,1,0,1,279.4657142857143,279.4657142857143,66.45357142857144,66.45357142857144,178.57142857142858,0.0,60.638392857142854,0.0,0.0,1,0,0,3.490535714285714,0.0,0.0
1431,19,231,1,0.0,0.0,0.0,0.0,0.0,1046.317142857143,0.0,0.0,0.0,0.0,0.0,714.2953571428571,714.2953571428571,2,2,668.4892857142858,668.4892857142858,0.0,0.0,535.7142857142857,5,5,0,0,1,0,0,0,0,0.0,0.0,0.0,1,1,0,1,0,0,0,1,357.14767857142857,357.14767857142857,133.69785714285715,133.69785714285715,0.0,0.0,535.7142857142857,0.0,0.0,0,0,1,0.0,0.0,16.47642857142857
1496,28,103,1,0.0,0.0,0.0,1.0,0.0,3574.404642857143,0.0,0.0,0.0,-8.283214285714285,0.0,16998.319642857143,16282.312142857143,11,5,15672.702857142856,14746.005714285713,596.4285714285714,936.6075,13419.370357142858,84,22,3,60,15,0,0,0,0,0.0,0.0,0.0,1,1,1,1,1,1,1,1,1545.3017857142856,3256.4624285714285,186.57979591836732,670.272987012987,198.80952380952382,15.610125,894.6246904761905,716.0074999999997,926.6971428571433,1,0,0,5.77125,0.0,0.0
773,68,42,1,0.0,0.0,0.0,0.0,0.0,1693.1764285714287,0.0,0.0,0.0,0.0,0.0,0.0025,0.0025,1,1,934.3582142857142,934.3582142857142,285.7142857142857,643.1071428571429,0.0,9,9,2,4,0,0,0,0,0,0.0,0.0,0.0,1,1,0,1,0,1,1,0,0.0025,0.0025,103.81757936507935,103.81757936507935,142.85714285714286,160.77678571428572,0.0,0.0,0.0,0,0,0,0.0,0.0,0.0
589,39,150,1,1.0,0.0,1.0,0.0,0.0,168.18785714285715,2.1517857142857144,0.0,0.0,0.0,0.0,1824.7728571428572,1803.7814285714285,6,5,1115.2857142857142,1115.2857142857142,0.0,0.0,1115.2857142857142,7,7,0,0,7,1,1,0,0,2.1517857142857144,0.0,0.0,1,1,1,1,0,0,0,1,304.12880952380954,360.7562857142857,159.32653061224488,159.32653061224488,0.0,0.0,159.32653061224488,20.99142857142874,0.0,0,0,0,0.0,0.0,0.0
1317,39,176,1,0.0,0.0,0.0,0.0,0.0,435.1732142857143,0.0,0.0,0.0,0.0,0.0,1077.4371428571428,1077.4371428571428,6,6,743.3117857142857,743.3117857142857,178.57142857142858,471.5260714285714,89.82142857142857,35,35,2,29,3,0,0,0,0,0.0,0.0,0.0,1,1,0,1,0,1,1,1,179.57285714285715,179.57285714285715,21.237479591836735,21.237479591836735,89.28571428571429,16.259519704433497,29.94047619047619,0.0,0.0,1,0,0,5.987678571428572,0.0,0.0
1085,32,103,1,0.0,0.0,1.0,0.0,1.0,0.5360714285714285,0.0,0.0,0.0,0.0,1384.7114285714285,4011.999642857143,2849.8675,19,15,3684.0732142857146,2489.4925,850.0,310.67535714285714,134.28571428571428,34,21,4,8,4,1,0,0,1,0.0,0.0,1384.7114285714285,1,1,1,1,1,1,1,1,211.15787593984965,189.99116666666666,108.35509453781513,118.5472619047619,212.5,38.83441964285714,33.57142857142857,1162.1321428571432,1194.5807142857147,1,0,0,3.7639285714285715,0.0,0.0
303,32,87,3,0.0,0.0,1.0,1.0,0.0,3032.8325,0.0,0.0,277.98785714285714,251.93571428571428,0.0,3678.526428571429,2676.002857142857,28,21,3984.0407142857143,2676.002857142857,232.14285714285714,347.61571428571426,756.6785714285714,67,39,3,20,14,1,0,0,0,0.0,0.0,0.0,1,1,1,1,1,1,1,1,131.37594387755104,127.42870748299319,59.463294243070365,68.61545787545788,77.38095238095238,17.380785714285715,54.048469387755105,1002.5235714285718,1308.0378571428573,0,0,1,0.0,0.0,5.178571428571429
611,35,181,1,0.0,0.0,1.0,0.0,1.0,943.8375,0.0,0.0,0.0,0.0,2515.4192857142857,4093.2264285714286,2704.8742857142856,23,17,4105.4628571428575,2704.8742857142856,0.0,165.99428571428572,452.67857142857144,36,21,0,9,3,1,0,0,1,0.0,0.0,2515.4192857142857,1,1,1,1,1,0,1,1,177.96636645962732,159.11025210084034,114.04063492063493,128.80353741496597,0.0,18.443809523809524,150.89285714285714,1388.352142857143,1400.5885714285719,1,0,1,17.25375,0.0,10.386785714285713
1022,71,53,1,0.0,0.0,0.0,1.0,0.0,375.5846428571429,0.0,0.0,0.0,1055.2010714285714,0.0,993.8957142857143,712.3228571428572,8,2,951.3925,712.8257142857143,300.0,253.56678571428571,120.85714285714286,34,10,3,22,4,1,0,0,0,0.0,0.0,0.0,1,1,1,1,1,1,1,1,124.2369642857143,356.1614285714286,27.98213235294118,71.28257142857143,100.0,11.525762987012987,30.214285714285715,281.5728571428572,238.56678571428574,0,0,0,0.0,0.0,0.0
649,21,39,1,0.0,0.0,1.0,0.0,0.0,15377.353928571427,0.0,0.0,0.0,0.0,0.0,3536.4764285714286,2726.868214285714,31,26,3563.449642857143,2728.2967857142858,321.42857142857144,403.4207142857143,713.1857142857143,60,41,5,16,12,0,0,0,0,0.0,0.0,0.0,1,1,1,1,1,1,1,1,114.07988479262673,104.8795467032967,59.39082738095238,66.54382404181185,64.28571428571429,25.213794642857145,59.43214285714286,809.6082142857144,835.1528571428571,0,1,0,0.0,3.0,0.0
623,39,129,1,0.0,0.0,0.0,0.0,0.0,1607.2757142857142,0.0,0.0,0.0,0.0,0.0,5226.257857142858,5226.257857142858,5,5,4476.527857142857,4476.527857142857,0.0,343.9207142857143,4129.785714285715,26,26,0,16,9,0,0,0,0,0.0,0.0,0.0,1,1,0,1,0,0,1,1,1045.2515714285714,1045.2515714285714,172.17414835164834,172.17414835164834,0.0,21.495044642857145,458.8650793650794,0.0,0.0,0,0,0,0.0,0.0,0.0
1068,46,24,1,0.0,0.0,0.0,1.0,0.0,3002.503928571429,0.0,0.0,0.0,1020.8460714285713,0.0,2312.1521428571427,2234.5089285714284,8,3,1899.0132142857144,1821.4039285714284,766.0957142857143,251.69071428571428,414.60714285714283,25,21,3,6,5,1,0,0,0,0.0,0.0,0.0,1,1,1,1,1,1,1,1,289.01901785714284,744.8363095238095,75.96052857142858,86.73352040816326,255.36523809523808,41.94845238095238,82.92142857142856,77.6432142857143,77.60928571428599,0,0,0,0.0,0.0,0.0
1397,18,81,1,0.0,0.0,0.0,0.0,0.0,2.623214285714286,0.0,0.0,0.0,0.0,0.0,0.015,0.015,1,1,276.6582142857143,276.6582142857143,250.0,0.0,23.26535714285714,5,5,2,0,2,1,0,0,0,0.0,0.0,0.0,1,1,0,1,0,1,0,1,0.015,0.015,55.33164285714285,55.33164285714285,125.0,0.0,11.63267857142857,0.0,0.0,0,0,0,0.0,0.0,0.0
1322,63,52,1,0.0,2.0,1.0,0.0,0.0,454.69607142857143,0.0,0.0,93.72678571428571,0.0,0.0,836.6082142857142,836.6082142857142,2,2,811.8264285714286,811.8264285714286,207.14285714285714,136.70499999999998,338.92857142857144,15,15,1,6,5,1,0,1,0,0.0,0.0,0.0,1,1,0,1,0,1,1,1,418.3041071428571,418.3041071428571,54.121761904761904,54.121761904761904,207.14285714285714,22.784166666666664,67.78571428571429,0.0,0.0,0,1,0,0.0,14.285714285714286,0.0
1372,10,176,1,1.0,0.0,0.0,0.0,0.0,224.75821428571427,549.0392857142857,0.0,0.0,0.0,0.0,21.731785714285714,0.002857142857142857,2,1,0.0,0.0,0.0,0.0,0.0,0,0,0,0,0,1,1,0,0,549.0392857142857,0.0,0.0,1,1,1,0,0,0,0,0,10.865892857142857,0.002857142857142857,0.0,0.0,0.0,0.0,0.0,21.728928571428572,0.0,0,0,1,0.0,0.0,10.464285714285714
304,78,49,1,0.0,0.0,0.0,0.0,1.0,1354.99,0.0,0.0,0.0,0.0,7570.783928571429,638.2753571428572,553.2171428571429,3,2,942.1785714285714,925.8214285714286,589.2857142857143,102.5,0.0,14,12,7,1,0,0,0,0,1,0.0,0.0,7570.783928571429,1,1,1,1,1,1,1,0,212.75845238095238,276.60857142857145,67.2984693877551,77.15178571428571,84.18367346938776,102.5,0.0,85.05821428571426,16.35714285714289,0,0,1,0.0,0.0,20.071428571428573
1209,50,19,1,0.0,0.0,0.0,0.0,0.0,588.7410714285714,0.0,0.0,0.0,0.0,0.0,1035.7157142857143,1035.7157142857143,2,2,1095.9321428571427,1095.9321428571427,0.0,0.0,0.0,2,2,0,0,0,1,0,0,0,0.0,0.0,0.0,1,1,0,1,0,0,0,0,517.8578571428571,517.8578571428571,547.9660714285714,547.9660714285714,0.0,0.0,0.0,0.0,0.0,0,0,1,0.0,0.0,9.428571428571429
372,39,172,1,2.0,0.0,0.0,0.0,0.0,21493.719642857144,6884.011785714285,0.0,0.0,0.0,0.0,178.5725,178.5725,2,2,119.82142857142857,119.82142857142857,117.85714285714286,0.0,0.0,4,4,3,0,0,0,1,0,0,3442.0058928571425,0.0,0.0,1,1,0,1,0,1,0,0,89.28625,89.28625,29.955357142857142,29.955357142857142,39.285714285714285,0.0,0.0,0.0,0.0,1,1,1,24.545892857142857,1.7867857142857144,17.214285714285715
1539,76,3,1,3.0,0.0,1.0,1.0,0.0,46.25,8.480714285714287,0.0,0.0,1.4285714285714286,0.0,908.6907142857143,491.60964285714283,9,2,1064.2939285714285,497.4296428571429,53.57142857142857,359.79285714285714,25.0,16,4,1,7,1,0,1,0,0,2.8269047619047623,0.0,0.0,1,1,1,1,1,1,1,1,100.96563492063493,245.80482142857142,66.51837053571428,124.35741071428572,53.57142857142857,51.398979591836735,25.0,417.0810714285715,566.8642857142856,0,0,0,0.0,0.0,0.0
1570,70,7,1,0.0,0.0,0.0,0.0,0.0,0.0,0.0,0.0,0.0,0.0,0.0,292.64964285714285,292.64964285714285,3,3,355.5357142857143,355.5357142857143,353.57142857142856,0.0,0.0,2,2,1,0,0,1,0,0,0,0.0,0.0,0.0,1,1,0,1,0,1,0,0,97.54988095238095,97.54988095238095,177.76785714285714,177.76785714285714,353.57142857142856,0.0,0.0,0.0,0.0,0,0,0,0.0,0.0,0.0
1109,25,46,1,0.0,0.0,0.0,0.0,0.0,1706.419642857143,0.0,0.0,0.0,0.0,0.0,0.0,0.0,0,0,1.2182142857142857,1.2182142857142857,0.0,0.0,0.0,1,1,0,0,0,0,0,0,0,0.0,0.0,0.0,0,0,0,1,0,0,0,0,0.0,0.0,1.2182142857142857,1.2182142857142857,0.0,0.0,0.0,0.0,0.0,0,0,0,0.0,0.0,0.0
855,35,150,1,0.0,1.0,0.0,0.0,0.0,49.0575,0.0,1171.0714285714287,0.0,0.0,0.0,800.6507142857143,800.6507142857143,5,5,316.6928571428571,316.6928571428571,250.0,52.621428571428574,10.678571428571429,5,5,2,1,1,1,0,1,0,0.0,1171.0714285714287,0.0,1,1,0,1,0,1,1,1,160.13014285714286,160.13014285714286,63.33857142857143,63.33857142857143,125.0,52.621428571428574,10.678571428571429,0.0,0.0,0,0,1,0.0,0.0,17.642857142857142
366,21,75,1,0.0,0.0,1.0,0.0,0.0,564.0332142857143,0.0,0.0,0.0,0.0,0.0,37.32178571428572,0.00035714285714285714,2,1,0.0,0.0,0.0,0.0,0.0,0,0,0,0,0,1,0,0,0,0.0,0.0,0.0,1,1,1,0,0,0,0,0,18.66089285714286,0.00035714285714285714,0.0,0.0,0.0,0.0,0.0,37.32142857142858,0.0,0,0,0,0.0,0.0,0.0
960,15,53,1,0.0,0.0,0.0,0.0,0.0,515.3353571428571,0.0,0.0,0.0,0.0,0.0,0.0,0.0,0,0,8.714285714285714,8.714285714285714,7.142857142857143,0.0,0.0,3,3,1,0,0,1,0,0,0,0.0,0.0,0.0,0,0,0,1,0,1,0,0,0.0,0.0,2.9047619047619047,2.9047619047619047,7.142857142857143,0.0,0.0,0.0,0.0,0,0,1,0.0,0.0,9.821428571428571
1558,42,48,2,0.0,0.0,0.0,0.0,0.0,347.0753571428572,0.0,0.0,0.0,0.0,0.0,388.735,388.735,3,3,545.2685714285715,545.2685714285715,375.0,30.768571428571427,139.28571428571428,14,14,7,5,1,0,0,0,0,0.0,0.0,0.0,1,1,0,1,0,1,1,1,129.57833333333335,129.57833333333335,38.94775510204082,38.94775510204082,53.57142857142857,6.153714285714285,139.28571428571428,0.0,0.0,0,0,1,0.0,0.0,8.5
946,48,154,1,1.0,1.0,0.0,1.0,0.0,9830.705357142857,1796.0335714285716,1131.907857142857,0.0,2.357142857142857,0.0,60.20178571428572,0.031785714285714285,7,1,2.357142857142857,0.9285714285714286,0.0,0.0,0.0,4,2,0,0,0,1,1,1,0,1796.0335714285716,1131.907857142857,0.0,1,1,1,1,1,0,0,0,8.600255102040817,0.031785714285714285,0.5892857142857143,0.4642857142857143,0.0,0.0,0.0,60.17000000000001,1.4285714285714286,0,1,0,0.0,0.6442857142857142,0.0
973,39,105,1,0.0,0.0,0.0,0.0,0.0,1633.8282142857145,0.0,0.0,0.0,0.0,0.0,0.0010714285714285715,0.0010714285714285715,1,1,23.142857142857142,23.142857142857142,0.0,23.142857142857142,0.0,1,1,0,1,0,0,0,0,0,0.0,0.0,0.0,1,1,0,1,0,0,1,0,0.0010714285714285715,0.0010714285714285715,23.142857142857142,23.142857142857142,0.0,23.142857142857142,0.0,0.0,0.0,1,0,0,0.6864285714285714,0.0,0.0
890,35,22,1,1.0,0.0,0.0,0.0,0.0,1024.4442857142856,16727.635357142855,0.0,0.0,0.0,0.0,1394.6492857142857,1394.6482142857144,5,4,1577.5071428571428,1577.5071428571428,0.0,0.0,1178.5714285714287,4,4,0,0,1,1,1,0,0,16727.635357142855,0.0,0.0,1,1,1,1,0,0,0,1,278.92985714285714,348.6620535714286,394.3767857142857,394.3767857142857,0.0,0.0,1178.5714285714287,0.0010714285713220306,0.0,1,1,0,8.936964285714286,4.25,0.0
242,45,146,1,0.0,0.0,0.0,0.0,0.0,708.8621428571429,0.0,0.0,0.0,0.0,0.0,0.016428571428571428,0.016428571428571428,1,1,205.78571428571428,205.78571428571428,0.0,0.0,173.60714285714286,3,3,0,0,1,0,0,0,0,0.0,0.0,0.0,1,1,0,1,0,0,0,1,0.016428571428571428,0.016428571428571428,68.59523809523809,68.59523809523809,0.0,0.0,173.60714285714286,0.0,0.0,0,0,0,0.0,0.0,0.0
1375,65,93,1,0.0,0.0,0.0,0.0,0.0,47.82821428571429,0.0,0.0,0.0,0.0,0.0,787.155,787.155,2,2,616.5,616.5,0.0,427.39285714285717,185.71428571428572,8,8,0,6,1,0,0,0,0,0.0,0.0,0.0,1,1,0,1,0,0,1,1,393.5775,393.5775,77.0625,77.0625,0.0,71.23214285714286,185.71428571428572,0.0,0.0,0,0,0,0.0,0.0,0.0
767,58,9,1,2.0,3.0,0.0,0.0,0.0,0.0,8036.430714285714,424.18642857142856,0.0,0.0,0.0,1944.0467857142855,1942.9014285714286,5,4,3461.066071428572,1471.1553571428572,0.0,81.72678571428571,313.25,13,11,0,4,5,0,1,1,0,4018.215357142857,141.3954761904762,0.0,1,1,1,1,1,0,1,1,388.8093571428571,485.72535714285715,266.2358516483517,133.7413961038961,0.0,20.431696428571428,62.65,1.1453571428569376,1989.9107142857147,1,0,0,0.6869642857142857,0.0,0.0
494,58,151,1,0.0,0.0,0.0,0.0,1.0,715.6910714285714,0.0,0.0,0.0,0.0,3571.4285714285716,1584.6292857142857,1482.645,4,3,1490.6535714285715,1482.332142857143,564.2857142857143,0.0,515.0357142857143,19,17,3,0,9,0,0,0,1,0.0,0.0,3571.4285714285716,1,1,1,1,1,1,0,1,396.15732142857144,494.215,78.45545112781956,87.19600840336136,188.0952380952381,0.0,57.22619047619048,101.98428571428576,8.321428571428442,1,0,0,4.361785714285714,0.0,0.0
858,8,25,1,0.0,0.0,0.0,0.0,0.0,660.2478571428571,0.0,0.0,0.0,0.0,0.0,70.28642857142857,70.28642857142857,3,3,23.214285714285715,23.214285714285715,0.0,0.0,16.071428571428573,2,2,0,0,1,1,0,0,0,0.0,0.0,0.0,1,1,0,1,0,0,0,1,23.428809523809523,23.428809523809523,11.607142857142858,11.607142857142858,0.0,0.0,16.071428571428573,0.0,0.0,0,0,0,0.0,0.0,0.0
339,16,60,1,0.0,0.0,0.0,0.0,0.0,490.93142857142857,0.0,0.0,0.0,0.0,0.0,339.2864285714286,339.2864285714286,2,2,350.3075,350.3075,46.42857142857143,303.8789285714286,0.0,29,29,4,25,0,1,0,0,0,0.0,0.0,0.0,1,1,0,1,0,1,1,0,169.6432142857143,169.6432142857143,12.079568965517241,12.079568965517241,11.607142857142858,12.155157142857144,0.0,0.0,0.0,1,0,0,8.502857142857144,0.0,0.0
1152,16,179,1,0.0,0.0,0.0,0.0,0.0,727.3235714285714,0.0,0.0,0.0,0.0,0.0,164.64357142857145,164.64357142857145,3,3,151.82857142857142,151.82857142857142,17.857142857142858,115.47142857142856,16.321428571428573,12,12,1,9,1,1,0,0,0,0.0,0.0,0.0,1,1,0,1,0,1,1,1,54.88119047619048,54.88119047619048,12.652380952380952,12.652380952380952,17.857142857142858,12.830158730158729,16.321428571428573,0.0,0.0,0,0,0,0.0,0.0,0.0
417,33,183,1,0.0,0.0,1.0,0.0,0.0,621.9010714285714,0.0,0.0,243.4,0.0,0.0,712.5778571428572,712.5778571428572,4,4,805.0649999999999,805.0649999999999,53.57142857142857,156.7792857142857,594.7142857142857,16,16,1,8,7,0,0,0,0,0.0,0.0,0.0,1,1,0,1,0,1,1,1,178.1444642857143,178.1444642857143,50.316562499999996,50.316562499999996,53.57142857142857,19.59741071428571,84.95918367346938,0.0,0.0,0,0,1,0.0,0.0,36.050714285714285
712,51,48,1,0.0,0.0,1.0,0.0,1.0,3551.878214285714,0.0,0.0,0.0,0.0,1985.3728571428571,999.0375,683.7485714285714,8,5,948.7114285714285,683.7485714285714,346.42857142857144,0.0,0.0,10,5,1,0,0,0,0,0,1,0.0,0.0,1985.3728571428571,1,1,1,1,1,1,0,0,124.8796875,136.74971428571428,94.87114285714286,136.74971428571428,346.42857142857144,0.0,0.0,315.28892857142864,264.96285714285716,0,0,0,0.0,0.0,0.0
1576,66,219,1,0.0,0.0,1.0,0.0,0.0,2155.6600000000003,0.0,0.0,1031.077142857143,0.0,0.0,1580.5314285714285,1256.5639285714285,15,13,1585.6982142857144,1256.5639285714285,214.28571428571428,0.0,376.8535714285714,28,17,1,0,11,1,0,0,0,0.0,0.0,0.0,1,1,1,1,1,1,0,1,105.3687619047619,96.65876373626374,56.632079081632654,73.91552521008403,214.28571428571428,0.0,34.259415584415585,323.9675,329.13428571428585,0,0,0,0.0,0.0,0.0
46,45,95,1,1.0,1.0,0.0,0.0,0.0,503.99357142857144,3628.3885714285716,1891.0521428571428,0.0,0.0,0.0,2470.3732142857143,2469.470357142857,6,5,4293.023214285714,2677.9160714285713,964.2857142857143,407.1660714285714,591.8571428571429,35,32,5,9,16,1,1,1,0,3628.3885714285716,1891.0521428571428,0.0,1,1,1,1,1,1,1,1,411.72886904761907,493.89407142857146,122.65780612244897,83.68487723214285,192.85714285714286,45.2406746031746,36.99107142857143,0.9028571428571013,1615.1071428571427,0,1,0,0.0,7.152500000000001,0.0
1075,29,101,1,0.0,0.0,0.0,0.0,0.0,1021.6946428571429,0.0,0.0,0.0,0.0,0.0,1071.445,1071.445,2,2,859.217857142857,859.217857142857,0.0,0.0,0.0,4,4,0,0,0,0,0,0,0,0.0,0.0,0.0,1,1,0,1,0,0,0,0,535.7225,535.7225,214.80446428571426,214.80446428571426,0.0,0.0,0.0,0.0,0.0,0,0,0,0.0,0.0,0.0
230,40,271,1,0.0,0.0,1.0,0.0,0.0,74934.95607142858,0.0,0.0,0.0,0.0,0.0,5155.043214285714,3491.4614285714283,26,22,5331.315714285714,3480.247142857143,0.0,113.1082142857143,1267.0714285714287,41,22,0,2,12,1,0,0,0,0.0,0.0,0.0,1,1,1,1,1,0,1,1,198.27089285714285,158.70279220779219,130.0320905923345,158.19305194805196,0.0,56.55410714285715,105.58928571428572,1663.581785714286,1851.0685714285714,0,1,0,0.0,1.9642857142857142,0.0
1184,28,80,1,0.0,1.0,1.0,0.0,0.0,2282.5242857142857,0.0,0.0,793.6710714285715,0.0,0.0,2921.692857142857,2042.0078571428571,8,3,3113.4360714285717,2042.0,0.0,0.0,1162.3214285714287,9,4,0,0,3,0,0,1,0,0.0,0.0,0.0,1,1,1,1,1,0,0,1,365.21160714285713,680.6692857142857,345.9373412698413,510.5,0.0,0.0,387.4404761904762,879.685,1071.4360714285717,0,0,0,0.0,0.0,0.0
1020,21,150,1,0.0,0.0,0.0,0.0,0.0,240.9632142857143,0.0,0.0,0.0,0.0,0.0,0.0017857142857142859,0.0017857142857142859,1,1,0.0,0.0,0.0,0.0,0.0,0,0,0,0,0,1,0,0,0,0.0,0.0,0.0,1,1,0,0,0,0,0,0,0.0017857142857142859,0.0017857142857142859,0.0,0.0,0.0,0.0,0.0,0.0,0.0,0,0,0,0.0,0.0,0.0
793,63,20,1,1.0,0.0,0.0,0.0,0.0,20.649285714285714,4004.674285714286,0.0,0.0,0.0,0.0,945.4446428571429,944.6789285714285,5,4,1014.4321428571428,1014.4321428571428,0.0,58.71785714285714,941.6071428571429,8,8,0,1,5,0,1,0,0,4004.674285714286,0.0,0.0,1,1,1,1,0,0,1,1,189.08892857142857,236.16973214285713,126.80401785714285,126.80401785714285,0.0,58.71785714285714,188.32142857142858,0.7657142857143526,0.0,0,1,0,0.0,6.892857142857143,0.0
1230,45,20,1,0.0,1.0,1.0,1.0,0.0,3.1092857142857144,0.0,9198.638214285715,0.0,382.2635714285714,0.0,1845.285,1839.472857142857,31,26,2988.16,2061.4757142857143,275.0,754.9767857142857,1011.3167857142856,86,59,6,26,20,0,0,1,0,0.0,9198.638214285715,0.0,1,1,1,1,1,1,1,1,59.52532258064517,70.74895604395604,34.7460465116279,34.94026634382566,45.833333333333336,29.03756868131868,50.56583928571428,5.812142857143044,926.6842857142856,1,0,0,1.5474999999999999,0.0,0.0
120,32,14,1,2.0,0.0,0.0,0.0,0.0,156.81750000000002,4.548571428571429,0.0,0.0,0.0,0.0,1036.2667857142858,1021.0078571428572,3,2,710.9821428571429,710.9821428571429,114.28571428571429,139.55357142857142,456.92857142857144,19,19,1,9,8,1,1,0,0,2.2742857142857145,0.0,0.0,1,1,1,1,0,1,1,1,345.4222619047619,510.5039285714286,37.42011278195489,37.42011278195489,114.28571428571429,15.50595238095238,57.11607142857143,15.258928571428555,0.0,0,0,1,0.0,0.0,7.297857142857143
526,73,40,1,0.0,0.0,0.0,0.0,1.0,237.47571428571428,0.0,0.0,0.0,0.0,7142.857142857143,509.7721428571429,359.1796428571429,4,3,364.39285714285717,361.57142857142856,0.0,0.0,123.5,6,5,0,0,3,1,0,0,1,0.0,0.0,7142.857142857143,1,1,1,1,1,0,0,1,127.44303571428573,119.72654761904762,60.73214285714286,72.31428571428572,0.0,0.0,41.166666666666664,150.59250000000003,2.821428571428612,0,0,0,0.0,0.0,0.0
1537,29,65,1,0.0,0.0,0.0,0.0,0.0,224.2932142857143,0.0,0.0,0.0,0.0,0.0,149.89857142857142,149.89857142857142,3,3,466.12857142857143,466.12857142857143,121.42857142857143,181.30714285714288,160.71428571428572,19,19,3,13,1,1,0,0,0,0.0,0.0,0.0,1,1,0,1,0,1,1,1,49.96619047619047,49.96619047619047,24.53308270676692,24.53308270676692,40.476190476190474,13.946703296703298,160.71428571428572,0.0,0.0,1,0,1,38.43142857142857,0.0,3.892857142857143
198,54,5,1,0.0,3.0,0.0,0.0,0.0,3991.9914285714285,0.0,0.0,0.0,0.0,0.0,377.04321428571427,377.04321428571427,2,2,393.8071428571429,393.8071428571429,178.57142857142858,29.12857142857143,183.60714285714286,11,11,1,3,6,0,0,1,0,0.0,0.0,0.0,1,1,0,1,0,1,1,1,188.52160714285714,188.52160714285714,35.80064935064935,35.80064935064935,178.57142857142858,9.70952380952381,30.601190476190478,0.0,0.0,0,0,0,0.0,0.0,0.0
1567,39,176,1,0.0,0.0,0.0,0.0,0.0,5.519285714285714,0.0,0.0,0.0,0.0,0.0,0.00035714285714285714,0.00035714285714285714,1,1,0.0,0.0,0.0,0.0,0.0,0,0,0,0,0,0,0,0,0,0.0,0.0,0.0,1,1,0,0,0,0,0,0,0.00035714285714285714,0.00035714285714285714,0.0,0.0,0.0,0.0,0.0,0.0,0.0,0,0,0,0.0,0.0,0.0
698,51,102,1,1.0,0.0,0.0,0.0,0.0,64.74285714285715,1841.0621428571428,0.0,0.0,0.0,0.0,1664.4432142857145,1659.095,3,2,28.678571428571427,28.678571428571427,0.0,0.0,26.285714285714285,3,3,0,0,2,1,1,0,0,1841.0621428571428,0.0,0.0,1,1,1,1,0,0,0,1,554.8144047619048,829.5475,9.559523809523808,9.559523809523808,0.0,0.0,13.142857142857142,5.348214285714448,0.0,0,0,0,0.0,0.0,0.0
581,44,102,1,1.0,0.0,1.0,1.0,0.0,0.0,14811.98107142857,0.0,0.0,-1.4285714285714286,0.0,1993.0303571428572,1990.6478571428572,8,3,2176.4542857142856,2174.097142857143,35.714285714285715,1039.6114285714286,362.92857142857144,43,39,1,24,7,1,1,0,0,14811.98107142857,0.0,0.0,1,1,1,1,1,1,1,1,249.12879464285714,663.5492857142857,50.61521594684385,55.74608058608059,35.714285714285715,43.31714285714286,51.8469387755102,2.3824999999999363,2.3571428571426623,0,0,0,0.0,0.0,0.0
1338,42,61,1,0.0,0.0,0.0,0.0,0.0,150.81964285714284,0.0,0.0,0.0,0.0,0.0,0.0010714285714285715,0.0010714285714285715,1,1,0.0,0.0,0.0,0.0,0.0,0,0,0,0,0,1,0,0,0,0.0,0.0,0.0,1,1,0,0,0,0,0,0,0.0010714285714285715,0.0010714285714285715,0.0,0.0,0.0,0.0,0.0,0.0,0.0,1,0,0,19.461071428571426,0.0,0.0
553,43,152,1,0.0,0.0,0.0,0.0,0.0,3274.0575,0.0,0.0,0.0,0.0,0.0,421.68142857142857,421.68142857142857,2,2,461.92857142857144,461.92857142857144,232.14285714285714,0.0,226.96428571428572,6,6,1,0,4,1,0,0,0,0.0,0.0,0.0,1,1,0,1,0,1,0,1,210.84071428571428,210.84071428571428,76.98809523809524,76.98809523809524,232.14285714285714,0.0,56.74107142857143,0.0,0.0,0,0,1,0.0,0.0,29.78107142857143
1306,43,102,1,0.0,0.0,0.0,0.0,0.0,253.21214285714285,0.0,0.0,0.0,0.0,0.0,979.4296428571428,979.4296428571428,3,3,885.9857142857143,885.9857142857143,661.7242857142857,220.6542857142857,0.0,11,11,3,6,0,0,0,0,0,0.0,0.0,0.0,1,1,0,1,0,1,1,0,326.4765476190476,326.4765476190476,80.54415584415584,80.54415584415584,220.57476190476189,36.77571428571428,0.0,0.0,0.0,0,1,0,0.0,0.8939285714285715,0.0
782,75,22,1,2.0,2.0,0.0,0.0,0.0,323.6771428571428,37651.5,69073.49214285714,0.0,0.0,0.0,64.56892857142857,63.25642857142857,3,2,346.5678571428571,346.5678571428571,0.0,343.175,0.0,25,25,0,24,0,1,1,1,0,18825.75,34536.74607142857,0.0,1,1,1,1,0,0,1,0,21.52297619047619,31.628214285714286,13.862714285714285,13.862714285714285,0.0,14.298958333333333,0.0,1.3125,0.0,0,1,0,0.0,2.0010714285714286,0.0
1453,80,54,1,0.0,0.0,1.0,0.0,0.0,3702.84,0.0,0.0,339.58964285714285,0.0,0.0,1633.8364285714285,1109.7682142857143,21,19,1616.6075,1109.7682142857143,71.42857142857143,123.84285714285714,387.17857142857144,36,19,2,3,11,1,0,0,0,0.0,0.0,0.0,1,1,1,1,1,1,1,1,77.80173469387755,58.40885338345865,44.90576388888889,58.40885338345865,35.714285714285715,41.28095238095238,35.19805194805195,524.0682142857142,506.8392857142858,0,0,0,0.0,0.0,0.0
928,83,24,1,0.0,26.0,0.0,0.0,0.0,10594.522500000001,0.0,69777.20535714286,0.0,0.0,0.0,2693.3825,2693.3825,6,6,2457.778214285714,2457.778214285714,0.0,128.81428571428572,2286.464285714286,14,14,0,4,4,0,0,1,0,0.0,2683.7386675824173,0.0,1,1,0,1,0,0,1,1,448.89708333333334,448.89708333333334,175.55558673469386,175.55558673469386,0.0,32.20357142857143,571.6160714285714,0.0,0.0,0,0,0,0.0,0.0,0.0
1535,28,27,1,1.0,0.0,0.0,1.0,0.0,142.85714285714286,0.0,0.0,0.0,2.357142857142857,0.0,956.7982142857143,953.8692857142858,6,2,850.6514285714286,849.2228571428572,107.14285714285714,251.32999999999998,486.42857142857144,18,16,2,8,4,1,1,0,0,0.0,0.0,0.0,1,1,1,1,1,1,1,1,159.46636904761905,476.9346428571429,47.2584126984127,53.07642857142857,53.57142857142857,31.416249999999998,121.60714285714286,2.9289285714285143,1.4285714285714448,0,0,0,0.0,0.0,0.0
118,43,92,1,1.0,2.0,0.0,0.0,0.0,1184.9382142857141,5876.2814285714285,23214.285714285714,0.0,0.0,0.0,3098.8125,3075.1617857142855,4,2,1618.580357142857,1618.580357142857,142.85714285714286,1209.5089285714287,266.2142857142857,34,34,1,26,7,0,1,1,0,5876.2814285714285,11607.142857142857,0.0,1,1,1,1,0,1,1,1,774.703125,1537.5808928571428,47.60530462184874,47.60530462184874,142.85714285714286,46.51957417582418,38.03061224489796,23.650714285714457,0.0,0,0,1,0.0,0.0,11.382499999999999
1232,56,149,1,0.0,0.0,0.0,0.0,0.0,18.089285714285715,0.0,0.0,0.0,0.0,0.0,1209.542857142857,1209.542857142857,3,3,1338.365,1338.365,321.42857142857144,184.50785714285715,825.2857142857143,22,22,1,10,10,1,0,0,0,0.0,0.0,0.0,1,1,0,1,0,1,1,1,403.1809523809523,403.1809523809523,60.83477272727273,60.83477272727273,321.42857142857144,18.450785714285715,82.52857142857144,0.0,0.0,1,1,0,1.825357142857143,6.035714285714286,0.0
1362,76,53,1,1.0,0.0,0.0,1.0,0.0,21933.971428571425,42857.729999999996,0.0,0.0,352.37392857142856,0.0,449.40857142857146,427.7610714285714,6,2,580.8553571428572,577.4485714285714,410.7142857142857,132.37714285714284,12.678571428571429,23,20,6,10,1,0,1,0,0,42857.729999999996,0.0,0.0,1,1,1,1,1,1,1,1,74.90142857142858,213.8805357142857,25.254580745341617,28.87242857142857,68.45238095238095,13.237714285714285,12.678571428571429,21.647500000000036,3.4067857142857747,0,1,0,0.0,2.857142857142857,0.0
1581,45,38,1,0.0,1.0,0.0,0.0,0.0,74.36678571428571,0.0,5907.5939285714285,0.0,0.0,0.0,0.00035714285714285714,0.00035714285714285714,1,1,3.392857142857143,3.392857142857143,0.0,0.0,0.0,1,1,0,0,0,1,0,1,0,0.0,5907.5939285714285,0.0,1,1,0,1,0,0,0,0,0.00035714285714285714,0.00035714285714285714,3.392857142857143,3.392857142857143,0.0,0.0,0.0,0.0,0.0,0,0,0,0.0,0.0,0.0
657,42,42,1,1.0,0.0,1.0,0.0,0.0,757.75,0.0,0.0,274.94392857142856,0.0,0.0,1029.9842857142858,1029.7225,4,3,1062.5,1062.5,535.7142857142857,119.03571428571429,407.75,7,7,1,2,4,0,1,0,0,0.0,0.0,0.0,1,1,1,1,0,1,1,1,257.49607142857144,343.24083333333334,151.78571428571428,151.78571428571428,535.7142857142857,59.517857142857146,101.9375,0.2617857142856792,0.0,0,0,0,0.0,0.0,0.0
259,30,21,1,1.0,10.0,0.0,0.0,0.0,3260.1164285714285,15882.94607142857,7542.775000000001,0.0,0.0,0.0,794.5407142857142,788.6039285714286,4,2,60.57142857142857,60.57142857142857,0.0,0.0,60.57142857142857,2,2,0,0,2,1,1,1,0,15882.94607142857,754.2775,0.0,1,1,1,1,0,0,0,1,198.63517857142855,394.3019642857143,30.285714285714285,30.285714285714285,0.0,0.0,30.285714285714285,5.936785714285634,0.0,0,0,0,0.0,0.0,0.0
970,32,255,1,1.0,10.0,0.0,0.0,0.0,30.576428571428572,12347.847142857141,0.0,0.0,0.0,0.0,701.17,695.5732142857142,4,3,328.57142857142856,328.57142857142856,328.57142857142856,0.0,0.0,1,1,1,0,0,1,1,1,0,12347.847142857141,0.0,0.0,1,1,1,1,0,1,0,0,175.2925,231.8577380952381,328.57142857142856,328.57142857142856,328.57142857142856,0.0,0.0,5.596785714285716,0.0,0,0,1,0.0,0.0,6.321428571428571
642,87,196,1,1.0,4.0,0.0,0.0,0.0,2238.091785714286,9665.433571428572,194.28571428571428,0.0,0.0,0.0,5.112857142857143,4.674642857142857,3,2,6576.507142857144,6576.507142857144,6428.571428571428,147.93571428571428,0.0,15,15,9,6,0,0,1,1,0,9665.433571428572,48.57142857142857,0.0,1,1,1,1,0,1,1,0,1.7042857142857144,2.3373214285714283,438.4338095238096,438.4338095238096,714.2857142857142,24.65595238095238,0.0,0.43821428571428633,0.0,0,0,1,0.0,0.0,14.558214285714286
720,21,150,1,0.0,0.0,0.0,0.0,0.0,0.0,0.0,0.0,0.0,0.0,0.0,406.25107142857144,406.25107142857144,4,4,487.10714285714283,487.10714285714283,482.14285714285717,0.0,0.0,7,7,4,0,0,1,0,0,0,0.0,0.0,0.0,1,1,0,1,0,1,0,0,101.56276785714286,101.56276785714286,69.58673469387755,69.58673469387755,120.53571428571429,0.0,0.0,0.0,0.0,0,0,1,0.0,0.0,10.1575
1238,50,54,1,0.0,0.0,0.0,0.0,0.0,602.6167857142857,0.0,0.0,0.0,0.0,0.0,560.7171428571429,560.7171428571429,3,3,1000.5678571428572,1000.5678571428572,678.5714285714286,211.46071428571426,107.14285714285714,21,21,3,16,1,1,0,0,0,0.0,0.0,0.0,1,1,0,1,0,1,1,1,186.9057142857143,186.9057142857143,47.64608843537415,47.64608843537415,226.19047619047618,13.216294642857141,107.14285714285714,0.0,0.0,0,0,1,0.0,0.0,12.6725
1256,6,149,1,0.0,0.0,1.0,1.0,0.0,237.14857142857142,0.0,0.0,0.0,426.4360714285714,0.0,382.7128571428571,262.59535714285715,13,8,433.04785714285714,262.59535714285715,0.0,0.0,139.39285714285714,17,8,0,0,4,1,0,0,0,0.0,0.0,0.0,1,1,1,1,1,0,0,1,29.439450549450548,32.824419642857144,25.473403361344538,32.824419642857144,0.0,0.0,34.848214285714285,120.11749999999995,170.4525,0,0,0,0.0,0.0,0.0
407,32,12,1,0.0,0.0,0.0,0.0,0.0,5215.269642857143,0.0,0.0,0.0,0.0,0.0,783.5225,783.5225,3,3,705.967857142857,705.967857142857,178.57142857142858,64.50357142857142,459.32142857142856,19,19,1,3,14,1,0,0,0,0.0,0.0,0.0,1,1,0,1,0,1,1,1,261.1741666666667,261.1741666666667,37.15620300751879,37.15620300751879,178.57142857142858,21.501190476190473,32.808673469387756,0.0,0.0,0,0,0,0.0,0.0,0.0
290,66,24,1,0.0,0.0,0.0,0.0,0.0,132.98142857142858,0.0,0.0,0.0,0.0,0.0,1723.1896428571429,1723.1896428571429,9,9,4068.5728571428567,4068.5728571428567,164.28571428571428,108.71571428571428,3791.535714285714,28,28,1,12,14,0,0,0,0,0.0,0.0,0.0,1,1,0,1,0,1,1,1,191.46551587301587,191.46551587301587,145.30617346938774,145.30617346938774,164.28571428571428,9.059642857142856,270.82397959183675,0.0,0.0,0,0,0,0.0,0.0,0.0
770,37,80,1,0.0,0.0,0.0,0.0,0.0,1.4082142857142856,0.0,0.0,0.0,0.0,0.0,413.43,413.43,3,3,408.32142857142856,408.32142857142856,196.42857142857142,0.0,209.71428571428572,3,3,1,0,1,1,0,0,0,0.0,0.0,0.0,1,1,0,1,0,1,0,1,137.81,137.81,136.10714285714286,136.10714285714286,196.42857142857142,0.0,209.71428571428572,0.0,0.0,1,0,0,1.595357142857143,0.0,0.0
1462,36,38,1,0.0,0.0,0.0,0.0,0.0,893.9132142857143,0.0,0.0,0.0,0.0,0.0,1796.7789285714284,1796.7789285714284,3,3,2310.2464285714286,2310.2464285714286,325.0,321.53214285714284,728.3571428571429,18,18,2,6,7,0,0,0,0,0.0,0.0,0.0,1,1,0,1,0,1,1,1,598.9263095238094,598.9263095238094,128.34702380952382,128.34702380952382,162.5,53.58869047619047,104.05102040816327,0.0,0.0,0,0,0,0.0,0.0,0.0
558,29,172,1,0.0,0.0,0.0,0.0,0.0,393.41285714285715,0.0,0.0,0.0,0.0,0.0,1448.2724999999998,1448.2724999999998,3,3,1754.9928571428572,1754.9928571428572,767.8571428571429,337.45714285714286,645.75,34,34,4,12,17,0,0,0,0,0.0,0.0,0.0,1,1,0,1,0,1,1,1,482.75749999999994,482.75749999999994,51.61743697478992,51.61743697478992,191.96428571428572,28.12142857142857,37.98529411764706,0.0,0.0,0,0,1,0.0,0.0,8.318214285714285
1043,52,1,1,0.0,0.0,1.0,0.0,1.0,658.5878571428572,0.0,0.0,0.0,0.0,5781.347500000001,3313.664642857143,1974.8707142857143,25,20,3696.1696428571427,1903.4421428571427,553.5714285714286,0.0,429.57142857142856,37,19,5,0,9,0,0,0,1,0.0,0.0,5781.347500000001,1,1,1,1,1,1,0,1,132.54658571428573,98.74353571428571,99.89647683397683,100.18116541353383,110.71428571428571,0.0,47.73015873015873,1338.7939285714288,1792.7275,0,1,0,0.0,2.857142857142857,0.0
995,13,48,1,0.0,0.0,0.0,0.0,0.0,292.9007142857143,0.0,0.0,0.0,0.0,0.0,0.00035714285714285714,0.00035714285714285714,1,1,1.9642857142857142,1.9642857142857142,0.0,0.0,0.0,1,1,0,0,0,0,0,0,0,0.0,0.0,0.0,1,1,0,1,0,0,0,0,0.00035714285714285714,0.00035714285714285714,1.9642857142857142,1.9642857142857142,0.0,0.0,0.0,0.0,0.0,0,0,0,0.0,0.0,0.0
846,21,52,1,1.0,2.0,1.0,1.0,0.0,224.0717857142857,5.000357142857142,12033.395714285714,558.7092857142858,0.0,0.0,17891.394642857143,9564.714285714286,12,3,16854.963571428572,4686.850357142857,357.14285714285717,639.7310714285715,1278.8071428571427,61,29,4,23,15,1,1,1,0,5.000357142857142,6016.697857142857,0.0,1,1,1,1,1,1,1,1,1490.9495535714286,3188.2380952380954,276.3108782201405,161.61552955665024,89.28571428571429,27.81439440993789,85.25380952380951,8326.680357142857,12168.113214285715,0,0,1,0.0,0.0,2.5535714285714284
618,48,62,1,0.0,0.0,1.0,0.0,1.0,0.0,0.0,0.0,0.0,0.0,887.375,1266.7357142857143,1182.6810714285714,5,4,816.7889285714285,814.6817857142858,285.7142857142857,73.18178571428572,270.17857142857144,17,16,1,2,11,1,0,0,1,0.0,0.0,887.375,1,1,1,1,1,1,1,1,253.34714285714284,295.67026785714285,48.046407563025205,50.91761160714286,285.7142857142857,36.59089285714286,24.561688311688314,84.05464285714288,2.107142857142776,0,1,0,0.0,18.571428571428573,0.0
1613,46,45,1,0.0,0.0,0.0,0.0,0.0,676.0085714285715,0.0,0.0,0.0,0.0,0.0,1370.3625,1370.3625,4,4,1283.5189285714284,1283.5189285714284,142.85714285714286,144.0225,353.0,25,25,2,12,8,1,0,0,0,0.0,0.0,0.0,1,1,0,1,0,1,1,1,342.590625,342.590625,51.340757142857136,51.340757142857136,71.42857142857143,12.001875,44.125,0.0,0.0,1,0,0,2.0885714285714285,0.0,0.0
774,29,33,1,0.0,0.0,1.0,0.0,2.0,83.05642857142857,0.0,0.0,0.0,0.0,337.7471428571429,2256.2417857142855,1475.5832142857143,20,16,2208.9160714285713,1475.5832142857143,421.42857142857144,0.0,160.42857142857142,30,15,4,0,2,0,0,0,1,0.0,0.0,168.87357142857144,1,1,1,1,1,1,0,1,112.81208928571428,92.22395089285715,73.63053571428571,98.37221428571429,105.35714285714286,0.0,80.21428571428571,780.6585714285711,733.3328571428569,0,0,0,0.0,0.0,0.0
908,43,179,1,0.0,0.0,0.0,0.0,0.0,54172.86928571429,0.0,0.0,0.0,0.0,0.0,0.2017857142857143,0.2017857142857143,1,1,1.9642857142857142,1.9642857142857142,0.0,0.0,0.0,1,1,0,0,0,1,0,0,0,0.0,0.0,0.0,1,1,0,1,0,0,0,0,0.2017857142857143,0.2017857142857143,1.9642857142857142,1.9642857142857142,0.0,0.0,0.0,0.0,0.0,0,1,0,0.0,26.998214285714287,0.0
911,22,30,1,0.0,0.0,1.0,0.0,0.0,3.257142857142857,0.0,0.0,0.0,0.0,0.0,1353.2367857142856,1353.2367857142856,4,4,2878.437142857143,2878.437142857143,696.4285714285714,644.1871428571429,1533.107142857143,40,40,3,20,15,0,0,0,0,0.0,0.0,0.0,1,1,0,1,0,1,1,1,338.3091964285714,338.3091964285714,71.96092857142858,71.96092857142858,232.14285714285714,32.209357142857144,102.20714285714286,0.0,0.0,1,0,1,1.269642857142857,0.0,1.0714285714285714
867,36,62,1,0.0,0.0,1.0,0.0,0.0,1097.7342857142858,0.0,0.0,0.0,0.0,0.0,0.0007142857142857143,0.0007142857142857143,1,1,224.00607142857143,224.00607142857143,0.0,93.86321428571429,126.75,5,5,0,2,2,0,0,0,0,0.0,0.0,0.0,1,1,0,1,0,0,1,1,0.0007142857142857143,0.0007142857142857143,44.80121428571429,44.80121428571429,0.0,46.931607142857146,63.375,0.0,0.0,0,1,0,0.0,3.392857142857143,0.0
1205,69,83,1,0.0,0.0,1.0,0.0,0.0,628.3125,0.0,0.0,176.88535714285715,0.0,0.0,365.0857142857143,365.0857142857143,3,3,387.4392857142857,387.4392857142857,160.71428571428572,27.832142857142856,194.07142857142858,13,13,5,3,4,1,0,0,0,0.0,0.0,0.0,1,1,0,1,0,1,1,1,121.6952380952381,121.6952380952381,29.803021978021977,29.803021978021977,32.142857142857146,9.277380952380952,48.517857142857146,0.0,0.0,0,1,0,0.0,12.765357142857143,0.0
1059,34,48,1,1.0,4.0,0.0,0.0,0.0,819.1517857142857,1816.0475000000001,210.35714285714286,0.0,0.0,0.0,1234.1964285714287,876.2532142857143,6,3,925.3249999999999,925.3249999999999,328.57142857142856,94.21785714285714,502.5357142857143,14,14,3,2,9,1,1,1,0,1816.0475000000001,52.589285714285715,0.0,1,1,1,1,0,1,1,1,205.6994047619048,292.08440476190475,66.09464285714286,66.09464285714286,109.52380952380952,47.10892857142857,55.83730158730159,357.94321428571436,0.0,1,0,0,1.3689285714285713,0.0,0.0
1272,35,96,1,0.0,1.0,0.0,0.0,0.0,5786.205714285715,0.0,5861.208928571429,0.0,0.0,0.0,2108.401785714286,2108.401785714286,5,5,1930.1685714285716,1930.1685714285716,714.2857142857143,288.31142857142856,924.3214285714286,18,18,3,4,9,1,0,1,0,0.0,5861.208928571429,0.0,1,1,0,1,0,1,1,1,421.68035714285713,421.68035714285713,107.23158730158731,107.23158730158731,238.0952380952381,72.07785714285714,102.70238095238095,0.0,0.0,0,0,0,0.0,0.0,0.0
901,41,52,1,0.0,0.0,1.0,1.0,1.0,153.9807142857143,0.0,0.0,803.7907142857142,983.7857142857143,9501.474642857142,1153.4210714285714,1079.0414285714285,15,8,1679.3971428571429,1405.4782142857143,203.57142857142858,26.785714285714285,1038.642857142857,29,18,3,3,5,0,0,0,1,0.0,0.0,9501.474642857142,1,1,1,1,1,1,1,1,76.8947380952381,134.88017857142856,57.91024630541872,78.08212301587302,67.85714285714286,8.928571428571429,207.72857142857143,74.37964285714293,273.9189285714285,1,0,0,0.14482142857142857,0.0,0.0
1130,33,31,1,0.0,0.0,1.0,0.0,0.0,0.44821428571428573,0.0,0.0,1776.0653571428572,0.0,0.0,1673.4524999999999,1537.3425,25,22,2004.6382142857144,1731.5110714285713,53.57142857142857,500.70464285714286,861.9285714285714,66,52,1,31,14,1,0,0,0,0.0,0.0,0.0,1,1,1,1,1,1,1,1,66.93809999999999,69.87920454545454,30.37330627705628,33.29828983516483,53.57142857142857,16.15176267281106,61.566326530612244,136.1099999999999,273.1271428571431,0,0,1,0.0,0.0,16.928571428571427
751,59,20,1,0.0,0.0,0.0,0.0,0.0,38.65571428571428,0.0,0.0,0.0,0.0,0.0,470.90392857142854,470.90392857142854,3,3,1014.7607142857142,1014.7607142857142,357.14285714285717,490.11785714285713,165.21428571428572,9,9,1,3,4,1,0,0,0,0.0,0.0,0.0,1,1,0,1,0,1,1,1,156.96797619047618,156.96797619047618,112.75119047619047,112.75119047619047,357.14285714285717,163.37261904761905,41.30357142857143,0.0,0.0,0,0,0,0.0,0.0,0.0
391,1,16,1,0.0,0.0,0.0,1.0,1.0,172.58142857142857,0.0,0.0,0.0,0.7142857142857143,4592.336428571429,636.6425,576.8935714285715,10,4,565.7914285714286,504.82107142857143,178.57142857142858,0.0,137.67857142857142,31,18,4,0,6,1,0,0,1,0.0,0.0,4592.336428571429,1,1,1,1,1,1,0,1,63.66425,144.22339285714287,18.251336405529955,28.045615079365078,44.642857142857146,0.0,22.94642857142857,59.748928571428564,60.970357142857154,0,0,0,0.0,0.0,0.0
918,37,44,1,0.0,0.0,0.0,0.0,0.0,1054.8021428571428,0.0,0.0,0.0,0.0,0.0,0.0014285714285714286,0.0014285714285714286,1,1,40.75,40.75,0.0,0.0,38.57142857142857,2,2,0,0,1,1,0,0,0,0.0,0.0,0.0,1,1,0,1,0,0,0,1,0.0014285714285714286,0.0014285714285714286,20.375,20.375,0.0,0.0,38.57142857142857,0.0,0.0,0,0,0,0.0,0.0,0.0
1344,21,100,1,0.0,0.0,1.0,0.0,0.0,33954.502857142856,0.0,0.0,0.0,0.0,0.0,402.2885714285714,402.2885714285714,5,5,690.3285714285714,690.3285714285714,267.85714285714283,63.38928571428572,355.6892857142857,15,15,2,3,9,1,0,0,0,0.0,0.0,0.0,1,1,0,1,0,1,1,1,80.45771428571427,80.45771428571427,46.021904761904764,46.021904761904764,133.92857142857142,21.129761904761907,39.521031746031746,0.0,0.0,0,1,0,0.0,2.857142857142857,0.0
1565,37,44,1,0.0,0.0,1.0,0.0,0.0,822.2410714285714,0.0,0.0,0.0,0.0,0.0,1094.9014285714286,1023.4946428571428,12,10,1264.4432142857145,1029.6996428571429,625.0,65.61428571428571,257.14285714285717,26,19,5,6,4,0,0,0,0,0.0,0.0,0.0,1,1,1,1,1,1,1,1,91.24178571428571,102.34946428571428,48.63243131868133,54.19471804511278,125.0,10.935714285714285,64.28571428571429,71.40678571428577,234.7435714285716,0,0,1,0.0,0.0,15.714285714285714
65,67,180,1,0.0,0.0,0.0,0.0,0.0,220.45892857142857,0.0,0.0,0.0,0.0,0.0,191.17892857142857,191.17892857142857,4,4,190.10714285714286,190.10714285714286,75.0,18.571428571428573,85.82142857142857,19,19,6,9,2,0,0,0,0,0.0,0.0,0.0,1,1,0,1,0,1,1,1,47.79473214285714,47.79473214285714,10.00563909774436,10.00563909774436,12.5,2.0634920634920637,42.910714285714285,0.0,0.0,0,0,0,0.0,0.0,0.0
1299,24,72,1,0.0,0.0,0.0,0.0,0.0,1725.3710714285714,0.0,0.0,0.0,0.0,0.0,535.7153571428572,535.7153571428572,2,2,141.17857142857142,141.17857142857142,0.0,0.0,137.78571428571428,4,4,0,0,3,0,0,0,0,0.0,0.0,0.0,1,1,0,1,0,0,0,1,267.8576785714286,267.8576785714286,35.294642857142854,35.294642857142854,0.0,0.0,45.92857142857142,0.0,0.0,0,0,1,0.0,0.0,13.119285714285713
1267,37,125,1,1.0,0.0,1.0,0.0,1.0,1753.0407142857143,1959.8710714285714,0.0,461.3339285714286,0.0,4312.384642857143,1284.8639285714287,1028.784642857143,17,12,1238.0685714285714,1028.784642857143,600.0,0.0,83.53571428571429,32,19,5,0,4,0,1,0,1,1959.8710714285714,0.0,4312.384642857143,1,1,1,1,1,1,0,1,75.58023109243697,85.73205357142858,38.68964285714286,54.14656015037594,120.0,0.0,20.883928571428573,256.0792857142858,209.28392857142853,0,1,1,0.0,2.858214285714286,21.820714285714285
23,4,160,1,2.0,4.0,1.0,0.0,0.0,22.967142857142857,25325.437857142857,868.7035714285714,333.4007142857143,0.0,0.0,559.1042857142858,559.0246428571429,4,3,945.715,945.715,107.14285714285714,529.3792857142857,309.1928571428571,33,33,1,26,6,1,1,1,0,12662.718928571428,217.17589285714286,0.0,1,1,1,1,0,1,1,1,139.77607142857144,186.34154761904765,28.658030303030305,28.658030303030305,107.14285714285714,20.36074175824176,51.53214285714285,0.07964285714285779,0.0,0,0,1,0.0,0.0,8.25
210,55,120,1,1.0,7.0,1.0,1.0,1.0,60226.14178571429,2501.6967857142854,0.0,0.0,494.0885714285714,1193.524642857143,8900.306428571428,5592.935357142857,43,29,12011.994642857142,5592.935357142857,678.5714285714286,1805.7825,926.9814285714285,80,44,2,27,7,1,1,1,1,2501.6967857142854,0.0,1193.524642857143,1,1,1,1,1,1,1,1,206.98387043189368,192.85983990147784,150.14993303571427,127.11216720779221,339.2857142857143,66.88083333333333,132.42591836734692,3307.3710714285708,6419.059285714285,0,0,0,0.0,0.0,0.0
1290,65,252,1,0.0,0.0,1.0,0.0,0.0,17862.919285714284,0.0,0.0,335.5207142857143,0.0,0.0,390.71535714285716,390.71535714285716,6,6,264.05357142857144,264.05357142857144,0.0,70.91071428571429,186.0,8,8,0,6,1,1,0,0,0,0.0,0.0,0.0,1,1,0,1,0,0,1,1,65.1192261904762,65.1192261904762,33.00669642857143,33.00669642857143,0.0,11.818452380952381,186.0,0.0,0.0,0,0,0,0.0,0.0,0.0
1529,1,36,1,1.0,0.0,0.0,0.0,0.0,742.2635714285715,85471.00071428572,0.0,0.0,0.0,0.0,1802.9953571428573,1786.6225,6,4,3688.5978571428573,2260.0264285714284,785.7142857142857,69.07142857142857,316.0621428571429,12,11,2,1,5,0,1,0,0,85471.00071428572,0.0,0.0,1,1,1,1,1,1,1,1,300.49922619047624,446.655625,307.3831547619048,205.45694805194805,392.85714285714283,69.07142857142857,63.212428571428575,16.372857142857356,1428.571428571429,0,0,0,0.0,0.0,0.0
310,45,149,1,0.0,0.0,0.0,0.0,0.0,0.0,0.0,0.0,0.0,0.0,0.0,252.27428571428572,252.27428571428572,3,3,449.3639285714286,449.3639285714286,357.14285714285717,70.97107142857143,17.857142857142858,11,11,3,6,1,0,0,0,0,0.0,0.0,0.0,1,1,0,1,0,1,1,1,84.09142857142858,84.09142857142858,40.85126623376623,40.85126623376623,119.04761904761905,11.828511904761905,17.857142857142858,0.0,0.0,1,0,0,56.13982142857143,0.0,0.0
78,24,142,1,0.0,0.0,0.0,0.0,0.0,3684.7542857142857,0.0,0.0,0.0,0.0,0.0,4312.963571428571,4312.963571428571,5,5,2721.265,2721.265,435.4785714285714,1592.8235714285713,683.6071428571429,64,64,3,47,10,0,0,0,0,0.0,0.0,0.0,1,1,0,1,0,1,1,1,862.5927142857142,862.5927142857142,42.519765625,42.519765625,145.1595238095238,33.8898632218845,68.3607142857143,0.0,0.0,0,0,0,0.0,0.0,0.0
420,47,74,1,1.0,1.0,0.0,0.0,0.0,0.0,57822.75714285714,0.0,0.0,0.0,0.0,5620.5425000000005,3085.5864285714283,5,3,4114.8378571428575,4114.8378571428575,1428.5714285714287,0.0,2686.0521428571433,6,6,2,0,3,1,1,1,0,57822.75714285714,0.0,0.0,1,1,1,1,0,1,0,1,1124.1085,1028.5288095238095,685.8063095238095,685.8063095238095,714.2857142857143,0.0,895.3507142857144,2534.956071428572,0.0,0,1,0,0.0,6.785714285714286,0.0
102,20,172,1,0.0,0.0,1.0,0.0,0.0,48.771071428571425,0.0,0.0,114.14,0.0,0.0,4160.701071428572,2840.9796428571426,38,33,4245.904642857143,2803.675714285714,232.14285714285714,786.3367857142857,202.24964285714285,86,58,4,38,6,1,0,0,0,0.0,0.0,0.0,1,1,1,1,1,1,1,1,109.49213345864662,86.0902922077922,49.370984219269104,48.33923645320197,58.035714285714285,20.693073308270677,33.70827380952381,1319.721428571429,1442.2289285714287,1,0,1,2.9580357142857143,0.0,6.9525
734,64,134,1,1.0,0.0,0.0,0.0,0.0,69.51107142857143,57901.67928571429,0.0,0.0,0.0,0.0,9000.198214285714,8470.18857142857,17,14,11324.370714285715,7752.942142857143,3535.714285714286,402.9535714285715,3631.952857142857,37,35,6,5,20,1,1,0,0,57901.67928571429,0.0,0.0,1,1,1,1,1,1,1,1,529.4234243697479,605.0134693877551,306.06407335907335,221.51263265306125,589.2857142857143,80.5907142857143,181.59764285714283,530.0096428571433,3571.4285714285716,0,1,0,0.0,4.501071428571429,0.0
1137,67,51,1,0.0,0.0,0.0,0.0,0.0,232.55892857142857,0.0,0.0,0.0,0.0,0.0,305.3960714285714,305.3960714285714,4,4,25.428571428571427,25.428571428571427,0.0,0.0,23.25,2,2,0,0,1,0,0,0,0,0.0,0.0,0.0,1,1,0,1,0,0,0,1,76.34901785714285,76.34901785714285,12.714285714285714,12.714285714285714,0.0,0.0,23.25,0.0,0.0,0,0,0,0.0,0.0,0.0
148,45,42,1,0.0,3.0,0.0,0.0,0.0,132.09857142857143,0.0,5560.714285714285,0.0,0.0,0.0,6043.837857142857,6043.837857142857,6,6,2378.608928571429,2378.608928571429,0.0,0.0,2366.0375,23,23,0,0,21,1,0,1,0,0.0,1853.5714285714284,0.0,1,1,0,1,0,0,0,1,1007.3063095238094,1007.3063095238094,103.4177795031056,103.4177795031056,0.0,0.0,112.66845238095237,0.0,0.0,1,0,0,4.234464285714286,0.0,0.0
43,65,83,1,0.0,0.0,1.0,0.0,0.0,26315.770357142854,0.0,0.0,0.0,0.0,0.0,2230.964285714286,1716.5910714285715,22,18,2242.764642857143,1812.1853571428571,410.7142857142857,334.59785714285715,551.6428571428571,51,37,7,10,13,0,0,0,0,0.0,0.0,0.0,1,1,1,1,1,1,1,1,101.40746753246754,95.36617063492064,43.97577731092437,48.977982625482625,58.673469387755105,33.459785714285715,42.434065934065934,514.3732142857143,430.5792857142858,1,1,0,73.04178571428572,1.9642857142857142,0.0
1198,34,144,1,0.0,0.0,0.0,0.0,0.0,3378.41,0.0,0.0,0.0,0.0,0.0,512.5310714285714,512.5310714285714,5,5,662.7571428571429,662.7571428571429,535.7142857142857,22.32857142857143,100.82142857142857,15,15,5,1,5,1,0,0,0,0.0,0.0,0.0,1,1,0,1,0,1,1,1,102.50621428571428,102.50621428571428,44.18380952380952,44.18380952380952,107.14285714285714,22.32857142857143,20.164285714285715,0.0,0.0,0,0,0,0.0,0.0,0.0
1533,37,181,1,0.0,0.0,0.0,0.0,0.0,38.074999999999996,0.0,0.0,0.0,0.0,0.0,214.28607142857143,214.28607142857143,2,2,239.48714285714286,239.48714285714286,0.0,13.785714285714286,221.20035714285714,4,4,0,1,1,1,0,0,0,0.0,0.0,0.0,1,1,0,1,0,0,1,1,107.14303571428572,107.14303571428572,59.871785714285714,59.871785714285714,0.0,13.785714285714286,221.20035714285714,0.0,0.0,0,0,0,0.0,0.0,0.0
1151,22,45,1,0.0,0.0,1.0,0.0,1.0,35454.3,0.0,0.0,12.34,0.0,1651.2996428571428,3153.4582142857143,1986.2546428571427,42,35,2921.8660714285716,2037.3617857142856,112.13,222.46392857142857,457.35714285714283,66,36,6,11,7,1,0,0,1,0.0,0.0,1651.2996428571428,1,1,1,1,1,1,1,1,75.08233843537415,56.75013265306122,44.27069805194805,56.593382936507936,18.688333333333333,20.223993506493507,65.33673469387755,1167.2035714285716,884.504285714286,0,1,1,0.0,9.25,21.271071428571428
1042,61,83,1,0.0,0.0,1.0,0.0,0.0,13648.459642857142,0.0,0.0,0.0,0.0,0.0,1963.2210714285716,1681.1785714285713,35,30,2747.335714285714,2039.0874999999999,164.28571428571428,883.6878571428571,703.1428571428571,96,74,8,40,17,1,0,0,0,0.0,0.0,0.0,1,1,1,1,1,1,1,1,56.092030612244905,56.03928571428571,28.618080357142855,27.555236486486486,20.535714285714285,22.092196428571427,41.36134453781512,282.04250000000025,708.2482142857141,1,1,0,0.9167857142857143,14.5,0.0
615,34,132,1,0.0,0.0,0.0,0.0,0.0,2509.531428571429,0.0,0.0,0.0,0.0,0.0,1627.3757142857141,1627.3757142857141,3,3,2374.148214285714,2374.148214285714,989.2857142857143,963.8267857142857,416.85714285714283,49,49,3,30,13,1,0,0,0,0.0,0.0,0.0,1,1,0,1,0,1,1,1,542.4585714285714,542.4585714285714,48.452004373177836,48.452004373177836,329.76190476190476,32.12755952380952,32.065934065934066,0.0,0.0,1,0,0,2.8075,0.0,0.0
800,35,75,1,0.0,1.0,1.0,0.0,0.0,660.9817857142858,0.0,0.0,0.0,0.0,0.0,0.023214285714285715,0.023214285714285715,1,1,1613.9271428571428,1613.9271428571428,1142.857142857143,393.10571428571427,74.42857142857143,16,16,2,7,3,1,0,1,0,0.0,0.0,0.0,1,1,0,1,0,1,1,1,0.023214285714285715,0.023214285714285715,100.87044642857143,100.87044642857143,571.4285714285714,56.15795918367347,24.80952380952381,0.0,0.0,0,0,0,0.0,0.0,0.0
1261,22,148,1,0.0,0.0,1.0,0.0,0.0,958.0035714285714,0.0,0.0,336.21,0.0,0.0,1696.090357142857,1159.6821428571427,26,23,1700.4360714285715,1144.2185714285713,185.71428571428572,55.628214285714286,199.5,42,22,4,6,6,1,0,0,0,0.0,0.0,0.0,1,1,1,1,1,1,1,1,65.2342445054945,50.42096273291925,40.4865731292517,52.00993506493506,46.42857142857143,9.271369047619048,33.25,536.4082142857144,556.2175000000002,0,0,1,0.0,0.0,6.163571428571429
202,61,150,1,0.0,0.0,1.0,1.0,0.0,42.95142857142857,0.0,0.0,0.0,254.98964285714285,0.0,1190.065,1125.1067857142857,9,4,1577.0528571428572,1336.6535714285715,0.0,235.89928571428572,966.9642857142857,18,12,0,2,6,0,0,0,0,0.0,0.0,0.0,1,1,1,1,1,0,1,1,132.22944444444445,281.2766964285714,87.61404761904762,111.38779761904762,0.0,117.94964285714286,161.16071428571428,64.95821428571435,240.39928571428572,0,0,0,0.0,0.0,0.0
297,73,56,1,0.0,0.0,1.0,0.0,0.0,906.7657142857142,0.0,0.0,0.0,0.0,0.0,1185.6614285714284,1185.6614285714284,5,5,785.7514285714286,785.7514285714286,0.0,185.13714285714286,64.96428571428571,12,12,0,7,3,1,0,0,0,0.0,0.0,0.0,1,1,0,1,0,0,1,1,237.13228571428567,237.13228571428567,65.47928571428572,65.47928571428572,0.0,26.448163265306125,21.6547619047619,0.0,0.0,0,0,0,0.0,0.0,0.0
906,24,55,1,0.0,0.0,0.0,0.0,0.0,50.730000000000004,0.0,0.0,0.0,0.0,0.0,162.5007142857143,162.5007142857143,4,4,280.6092857142857,280.6092857142857,208.50607142857143,67.84642857142858,0.0,18,18,11,5,0,1,0,0,0,0.0,0.0,0.0,1,1,0,1,0,1,1,0,40.62517857142858,40.62517857142858,15.589404761904762,15.589404761904762,18.955097402597403,13.569285714285716,0.0,0.0,0.0,0,0,1,0.0,0.0,2.107142857142857
826,30,108,1,0.0,1.0,1.0,1.0,0.0,0.0,0.0,62103.26857142857,0.0,0.0,0.0,1610.2435714285714,1504.4739285714284,18,13,1689.4035714285715,1478.895,196.42857142857142,174.4935714285714,107.14285714285714,43,32,6,17,1,0,0,1,0,0.0,62103.26857142857,0.0,1,1,1,1,1,1,1,1,89.45797619047619,115.72876373626372,39.288455149501665,46.21546875,32.738095238095234,10.264327731092436,107.14285714285714,105.76964285714303,210.50857142857149,0,0,1,0.0,0.0,2.8214285714285716
443,30,73,1,0.0,0.0,0.0,0.0,2.0,0.0,0.0,0.0,0.0,0.0,1038.6967857142856,806.755,696.16,3,2,965.8928571428571,963.7857142857143,178.57142857142858,0.0,661.6785714285714,11,10,1,0,7,1,0,0,1,0.0,0.0,519.3483928571428,1,1,1,1,1,1,0,1,268.91833333333335,348.08,87.80844155844156,96.37857142857143,178.57142857142858,0.0,94.52551020408164,110.59500000000003,2.107142857142776,0,0,0,0.0,0.0,0.0
964,52,61,1,0.0,0.0,1.0,0.0,0.0,2445.9664285714284,0.0,0.0,345.0017857142857,0.0,0.0,2985.0164285714286,2234.6867857142856,19,17,3729.8375,2234.6867857142856,142.85714285714286,423.25,914.5357142857143,35,20,1,6,10,1,0,0,0,0.0,0.0,0.0,1,1,1,1,1,1,1,1,157.10612781954887,131.45216386554623,106.56678571428571,111.73433928571428,142.85714285714286,70.54166666666667,91.45357142857144,750.329642857143,1495.1507142857145,0,1,0,0.0,3.7510714285714286,0.0
563,26,150,1,1.0,4.0,1.0,0.0,0.0,56.62785714285714,0.44749999999999995,263.9532142857143,255.48535714285714,0.0,0.0,1321.2260714285715,1142.6110714285714,4,2,1054.857142857143,1054.857142857143,203.57142857142858,0.0,846.9285714285714,20,20,3,0,16,0,1,1,0,0.44749999999999995,65.98830357142857,0.0,1,1,1,1,0,1,0,1,330.30651785714286,571.3055357142857,52.74285714285715,52.74285714285715,67.85714285714286,0.0,52.933035714285715,178.615,0.0,0,1,0,0.0,1.3225,0.0
1189,33,83,1,1.0,0.0,0.0,0.0,0.0,48.986785714285716,8421.004642857142,0.0,0.0,0.0,0.0,324.36607142857144,323.2625,3,2,233.46428571428572,233.46428571428572,178.57142857142858,0.0,53.57142857142857,4,4,1,0,1,1,1,0,0,8421.004642857142,0.0,0.0,1,1,1,1,0,1,0,1,108.12202380952381,161.63125,58.36607142857143,58.36607142857143,178.57142857142858,0.0,53.57142857142857,1.1035714285714562,0.0,0,0,0,0.0,0.0,0.0
1018,36,51,1,0.0,0.0,0.0,0.0,1.0,1400.9367857142859,0.0,0.0,0.0,0.0,1278.5925,1703.3514285714284,1593.9664285714284,6,5,2107.729642857143,2096.1225,1332.142857142857,584.8446428571428,54.32142857142857,38,37,6,26,2,1,0,0,1,0.0,0.0,1278.5925,1,1,1,1,1,1,1,1,283.89190476190475,318.7932857142857,55.46656954887219,56.651959459459455,222.02380952380952,22.494024725274723,27.160714285714285,109.38499999999999,11.607142857143117,1,0,0,2.641785714285714,0.0,0.0
939,62,151,1,0.0,0.0,0.0,0.0,0.0,2181.302142857143,0.0,0.0,0.0,0.0,0.0,171.42964285714285,171.42964285714285,2,2,170.70357142857142,170.70357142857142,0.0,0.0,0.0,2,2,0,0,0,1,0,0,0,0.0,0.0,0.0,1,1,0,1,0,0,0,0,85.71482142857143,85.71482142857143,85.35178571428571,85.35178571428571,0.0,0.0,0.0,0.0,0.0,1,0,0,1.5850000000000002,0.0,0.0
989,55,181,3,0.0,0.0,0.0,0.0,0.0,778.1028571428571,0.0,0.0,0.0,0.0,0.0,692.0114285714286,692.0114285714286,3,3,982.2507142857143,982.2507142857143,253.57142857142858,636.5364285714286,85.0,37,37,6,27,3,1,0,0,0,0.0,0.0,0.0,1,1,0,1,0,1,1,1,230.6704761904762,230.6704761904762,26.547316602316602,26.547316602316602,42.261904761904766,23.57542328042328,28.333333333333332,0.0,0.0,0,0,0,0.0,0.0,0.0
483,57,175,1,0.0,4.0,1.0,0.0,0.0,1345.2339285714286,0.0,0.0,8.868928571428572,0.0,0.0,1000.0810714285715,1000.0810714285715,2,2,808.1,808.1,35.714285714285715,16.428571428571427,104.82142857142857,7,7,1,2,1,0,0,1,0,0.0,0.0,0.0,1,1,0,1,0,1,1,1,500.04053571428574,500.04053571428574,115.44285714285715,115.44285714285715,35.714285714285715,8.214285714285714,104.82142857142857,0.0,0.0,0,0,1,0.0,0.0,10.809642857142858
805,57,147,1,0.0,0.0,1.0,0.0,0.0,0.6174999999999999,0.0,0.0,354.96,0.0,0.0,1001.2989285714285,1001.2989285714285,16,16,1577.325,1577.325,928.5714285714286,245.64642857142857,399.60714285714283,24,24,4,9,10,1,0,0,0,0.0,0.0,0.0,1,1,0,1,0,1,1,1,62.58118303571428,62.58118303571428,65.721875,65.721875,232.14285714285714,27.294047619047618,39.96071428571428,0.0,0.0,0,0,0,0.0,0.0,0.0
801,44,24,1,0.0,0.0,0.0,0.0,0.0,28.571428571428573,0.0,0.0,0.0,0.0,0.0,0.0007142857142857143,0.0007142857142857143,1,1,305.575,305.575,57.142857142857146,211.28928571428574,35.714285714285715,9,9,3,4,1,0,0,0,0,0.0,0.0,0.0,1,1,0,1,0,1,1,1,0.0007142857142857143,0.0007142857142857143,33.952777777777776,33.952777777777776,19.047619047619047,52.822321428571435,35.714285714285715,0.0,0.0,1,1,0,51.965535714285714,3.9285714285714284,0.0
251,67,8,1,1.0,0.0,0.0,0.0,0.0,0.0,6432.599999999999,0.0,0.0,0.0,0.0,1270.847857142857,1141.8757142857144,5,3,1410.6821428571427,1410.6821428571427,267.85714285714283,0.0,1139.4321428571427,14,14,3,0,10,0,1,0,0,6432.599999999999,0.0,0.0,1,1,1,1,0,1,0,1,254.1695714285714,380.6252380952381,100.76301020408162,100.76301020408162,89.28571428571428,0.0,113.94321428571428,128.97214285714267,0.0,0,0,0,0.0,0.0,0.0
670,88,110,1,0.0,0.0,0.0,0.0,0.0,13.929285714285713,0.0,0.0,0.0,0.0,0.0,571.9303571428571,571.9303571428571,3,3,237.67214285714286,237.67214285714286,50.0,39.457142857142856,148.215,15,15,4,9,2,0,0,0,0,0.0,0.0,0.0,1,1,0,1,0,1,1,1,190.64345238095237,190.64345238095237,15.844809523809523,15.844809523809523,12.5,4.384126984126984,74.1075,0.0,0.0,0,0,0,0.0,0.0,0.0
185,24,95,1,0.0,0.0,0.0,0.0,0.0,5733.328214285714,0.0,0.0,0.0,0.0,0.0,620.8582142857142,620.8582142857142,3,3,435.8285714285715,435.8285714285715,0.0,73.47142857142856,358.9642857142857,9,9,0,3,5,1,0,0,0,0.0,0.0,0.0,1,1,0,1,0,0,1,1,206.95273809523806,206.95273809523806,48.42539682539683,48.42539682539683,0.0,24.490476190476187,71.79285714285714,0.0,0.0,1,0,0,1.5453571428571429,0.0,0.0
1432,35,156,1,0.0,0.0,0.0,0.0,0.0,273.32785714285717,0.0,0.0,0.0,0.0,0.0,628.8253571428571,628.8253571428571,5,5,590.4992857142857,590.4992857142857,306.7857142857143,152.00142857142856,125.0,23,23,7,11,3,1,0,0,0,0.0,0.0,0.0,1,1,0,1,0,1,1,1,125.76507142857142,125.76507142857142,25.67388198757764,25.67388198757764,43.826530612244895,13.818311688311688,41.666666666666664,0.0,0.0,1,0,0,2.260357142857143,0.0,0.0
1350,23,111,1,0.0,0.0,0.0,0.0,0.0,4.249642857142857,0.0,0.0,0.0,0.0,0.0,806.9396428571429,806.9396428571429,2,2,1255.8274999999999,1255.8274999999999,392.85714285714283,133.3632142857143,725.2857142857143,24,24,4,12,3,0,0,0,0,0.0,0.0,0.0,1,1,0,1,0,1,1,1,403.46982142857144,403.46982142857144,52.32614583333333,52.32614583333333,98.21428571428571,11.11360119047619,241.7619047619048,0.0,0.0,0,0,1,0.0,0.0,8.952142857142857
1175,21,233,1,0.0,0.0,0.0,0.0,0.0,25428.11142857143,0.0,0.0,0.0,0.0,0.0,527.9296428571429,527.9296428571429,3,3,887.8178571428572,887.8178571428572,635.7142857142857,27.103571428571428,221.42857142857142,14,14,7,3,3,0,0,0,0,0.0,0.0,0.0,1,1,0,1,0,1,1,1,175.97654761904764,175.97654761904764,63.4155612244898,63.4155612244898,90.81632653061224,9.03452380952381,73.80952380952381,0.0,0.0,1,1,1,7.892857142857143,5.179642857142857,12.785714285714286
1325,24,134,1,1.0,0.0,0.0,0.0,0.0,14561.740357142857,9648.365714285714,0.0,0.0,0.0,0.0,1723.425,1657.5032142857142,7,5,1865.3960714285713,1508.2532142857142,285.7142857142857,749.6817857142858,467.35714285714283,62,61,10,39,6,1,1,0,0,9648.365714285714,0.0,0.0,1,1,1,1,1,1,1,1,246.20357142857142,331.50064285714285,30.087033410138247,24.725462529274004,28.571428571428573,19.22260989010989,77.89285714285714,65.92178571428576,357.1428571428571,0,0,0,0.0,0.0,0.0
952,71,165,1,0.0,0.0,0.0,0.0,1.0,72.4042857142857,0.0,0.0,0.0,0.0,1447.7096428571429,203.8225,148.1242857142857,5,4,223.39285714285714,219.42857142857142,142.85714285714286,0.0,7.142857142857143,7,5,1,0,1,0,0,0,1,0.0,0.0,1447.7096428571429,1,1,1,1,1,1,0,1,40.7645,37.03107142857142,31.913265306122447,43.885714285714286,142.85714285714286,0.0,7.142857142857143,55.6982142857143,3.9642857142857224,1,1,0,1.1898214285714286,4.285714285714286,0.0
1329,16,149,1,0.0,45.0,0.0,0.0,0.0,715.9089285714286,0.0,90062.94607142858,0.0,0.0,0.0,3261.152857142857,3261.152857142857,6,6,2479.685,2479.685,714.2857142857143,131.8642857142857,1628.7492857142859,32,32,3,8,20,0,0,1,0,0.0,2001.3988015873017,0.0,1,1,0,1,0,1,1,1,543.5254761904762,543.5254761904762,77.49015625,77.49015625,238.0952380952381,16.483035714285712,81.4374642857143,0.0,0.0,1,0,1,13.357142857142858,0.0,7.964285714285714
1220,28,53,1,1.0,0.0,1.0,1.0,0.0,1242.6432142857143,26851.724642857145,0.0,493.2075,1.4285714285714286,0.0,1324.3414285714284,966.5921428571429,39,33,1465.7285714285715,1001.2439285714287,371.42857142857144,122.82857142857142,141.21428571428572,73,40,12,12,4,1,1,0,0,26851.724642857145,0.0,0.0,1,1,1,1,1,1,1,1,33.957472527472525,29.290670995670997,20.07847358121331,25.031098214285716,30.952380952380953,10.235714285714286,35.30357142857143,357.7492857142855,464.48464285714283,1,0,1,4.910714285714286,0.0,4.251428571428572
1027,64,150,1,0.0,0.0,0.0,0.0,0.0,5265.1167857142855,0.0,0.0,0.0,0.0,0.0,478.82,478.82,2,2,462.74392857142857,462.74392857142857,0.0,73.61857142857143,385.5182142857143,18,18,0,12,5,0,0,0,0,0.0,0.0,0.0,1,1,0,1,0,0,1,1,239.41,239.41,25.70799603174603,25.70799603174603,0.0,6.134880952380953,77.10364285714286,0.0,0.0,0,1,0,0.0,0.8928571428571429,0.0
1399,24,151,1,0.0,1.0,0.0,1.0,1.0,0.0,0.0,0.0,0.0,301.11571428571426,5921.967857142858,1988.6453571428572,1632.6539285714284,14,4,1680.8153571428572,1461.6967857142859,57.142857142857146,136.56392857142856,931.2903571428571,58,21,3,27,8,1,0,1,1,0.0,0.0,5921.967857142858,1,1,1,1,1,1,1,1,142.04609693877552,408.1634821428571,28.97957512315271,69.60460884353742,19.047619047619047,5.05792328042328,116.41129464285714,355.99142857142874,219.11857142857139,1,1,1,27.233749999999997,5.142857142857143,11.178571428571429
1506,56,108,1,0.0,0.0,1.0,0.0,0.0,197.46,0.0,0.0,586.1757142857142,0.0,0.0,637.9307142857143,417.94750000000005,16,12,626.5021428571429,417.94750000000005,0.0,0.0,195.25,21,12,0,0,7,1,0,0,0,0.0,0.0,0.0,1,1,1,1,1,0,0,1,39.870669642857145,34.82895833333334,29.833435374149662,34.82895833333334,0.0,0.0,27.892857142857142,219.98321428571427,208.55464285714282,0,0,1,0.0,0.0,1.7857142857142858
905,37,11,1,0.0,0.0,0.0,0.0,0.0,4899.0482142857145,0.0,0.0,0.0,0.0,0.0,573.8610714285714,573.8610714285714,2,2,634.8453571428571,634.8453571428571,0.0,0.0,631.4525,2,2,0,0,1,1,0,0,0,0.0,0.0,0.0,1,1,0,1,0,0,0,1,286.9305357142857,286.9305357142857,317.42267857142855,317.42267857142855,0.0,0.0,631.4525,0.0,0.0,1,1,1,1.7610714285714286,0.8928571428571429,13.166785714285714
21,24,60,1,1.0,0.0,0.0,0.0,0.0,434.7425,173499.86285714287,0.0,0.0,0.0,0.0,409.8507142857143,409.30035714285714,3,2,505.6535714285714,505.6535714285714,178.57142857142858,259.18928571428575,64.28571428571429,22,22,4,14,3,0,1,0,0,173499.86285714287,0.0,0.0,1,1,1,1,0,1,1,1,136.61690476190475,204.65017857142857,22.984253246753244,22.984253246753244,44.642857142857146,18.513520408163266,21.42857142857143,0.5503571428571377,0.0,0,1,0,0.0,3.607142857142857,0.0
149,54,18,1,0.0,0.0,0.0,0.0,0.0,574.6835714285714,0.0,0.0,0.0,0.0,0.0,635.215,635.215,2,2,629.1071428571429,629.1071428571429,0.0,0.0,0.0,2,2,0,0,0,1,0,0,0,0.0,0.0,0.0,1,1,0,1,0,0,0,0,317.6075,317.6075,314.55357142857144,314.55357142857144,0.0,0.0,0.0,0.0,0.0,0,0,0,0.0,0.0,0.0
874,32,151,1,1.0,2.0,1.0,0.0,0.0,3612.059285714286,1628.4907142857141,1218.6610714285714,0.0,0.0,0.0,11553.494642857142,11537.646071428573,7,4,11369.861785714285,11356.881785714286,0.0,16.12035714285714,11324.483928571428,17,16,0,1,12,0,1,1,0,1628.4907142857141,609.3305357142857,0.0,1,1,1,1,1,0,1,1,1650.4992346938775,2884.4115178571433,668.8153991596638,709.8051116071429,0.0,16.12035714285714,943.706994047619,15.848571428568903,12.979999999999563,0,0,0,0.0,0.0,0.0
857,61,171,1,0.0,0.0,0.0,0.0,0.0,983.3739285714286,0.0,0.0,0.0,0.0,0.0,420.75892857142856,420.75892857142856,2,2,367.14285714285717,367.14285714285717,0.0,0.0,363.5357142857143,9,9,0,0,8,0,0,0,0,0.0,0.0,0.0,1,1,0,1,0,0,0,1,210.37946428571428,210.37946428571428,40.7936507936508,40.7936507936508,0.0,0.0,45.441964285714285,0.0,0.0,0,0,0,0.0,0.0,0.0
1081,27,173,1,0.0,0.0,0.0,0.0,0.0,5.3428571428571425,0.0,0.0,0.0,0.0,0.0,457.68071428571426,457.68071428571426,3,3,165.71785714285716,165.71785714285716,0.0,0.0,0.0,3,3,0,0,0,0,0,0,0,0.0,0.0,0.0,1,1,0,1,0,0,0,0,152.56023809523808,152.56023809523808,55.23928571428572,55.23928571428572,0.0,0.0,0.0,0.0,0.0,0,0,0,0.0,0.0,0.0
869,66,93,1,1.0,3.0,0.0,0.0,0.0,352.82785714285717,5469.851071428571,833.2367857142857,0.0,0.0,0.0,3404.1335714285715,545.7589285714286,5,3,873.7171428571429,873.7171428571429,89.28571428571429,462.7528571428571,320.42857142857144,21,21,2,12,6,1,1,1,0,5469.851071428571,277.74559523809523,0.0,1,1,1,1,0,1,1,1,680.8267142857143,181.91964285714286,41.60557823129252,41.60557823129252,44.642857142857146,38.562738095238096,53.404761904761905,2858.374642857143,0.0,0,0,0,0.0,0.0,0.0
194,27,2,1,0.0,0.0,0.0,0.0,0.0,239.06392857142856,0.0,0.0,0.0,0.0,0.0,58.93071428571428,58.93071428571428,3,3,342.70714285714286,342.70714285714286,0.0,0.0,0.0,3,3,0,0,0,1,0,0,0,0.0,0.0,0.0,1,1,0,1,0,0,0,0,19.643571428571427,19.643571428571427,114.23571428571428,114.23571428571428,0.0,0.0,0.0,0.0,0.0,0,1,0,0.0,5.4071428571428575,0.0
672,4,261,1,0.0,0.0,0.0,0.0,0.0,47.964642857142856,0.0,0.0,0.0,0.0,0.0,350.7910714285714,350.7910714285714,2,2,291.83214285714286,291.83214285714286,0.0,0.0,0.0,2,2,0,0,0,1,0,0,0,0.0,0.0,0.0,1,1,0,1,0,0,0,0,175.3955357142857,175.3955357142857,145.91607142857143,145.91607142857143,0.0,0.0,0.0,0.0,0.0,0,1,0,0.0,1.9642857142857142,0.0
599,22,23,1,1.0,0.0,0.0,0.0,0.0,16.67107142857143,23252.443571428572,0.0,0.0,0.0,0.0,1161.2535714285714,1140.3178571428573,5,4,1777.8971428571429,1777.8971428571429,178.57142857142858,771.6507142857143,686.1607142857143,41,41,2,27,9,0,1,0,0,23252.443571428572,0.0,0.0,1,1,1,1,0,1,1,1,232.25071428571428,285.0794642857143,43.36334494773519,43.36334494773519,89.28571428571429,28.579656084656087,76.24007936507937,20.935714285714084,0.0,0,0,0,0.0,0.0,0.0
385,51,70,1,3.0,2.0,1.0,0.0,0.0,2717.866785714286,48214.33392857143,8922.489285714286,0.0,0.0,0.0,956.0699999999999,955.5775,4,3,1099.0385714285715,1099.0385714285715,964.2857142857143,0.0,131.25285714285715,15,15,4,0,10,0,1,1,0,16071.444642857145,4461.244642857143,0.0,1,1,1,1,0,1,0,1,239.01749999999998,318.5258333333333,73.2692380952381,73.2692380952381,241.07142857142858,0.0,13.125285714285715,0.49249999999995,0.0,0,1,0,0.0,4.5,0.0
944,43,149,1,0.0,0.0,0.0,0.0,0.0,764.6896428571429,0.0,0.0,0.0,0.0,0.0,0.00035714285714285714,0.00035714285714285714,1,1,0.0,0.0,0.0,0.0,0.0,0,0,0,0,0,1,0,0,0,0.0,0.0,0.0,1,1,0,0,0,0,0,0,0.00035714285714285714,0.00035714285714285714,0.0,0.0,0.0,0.0,0.0,0.0,0.0,1,0,0,15.77892857142857,0.0,0.0
491,53,10,1,0.0,0.0,1.0,1.0,2.0,185.90321428571428,0.0,0.0,0.0,0.0,9115.112857142858,6029.955357142857,3751.715357142857,63,48,5773.601071428571,3751.715357142857,0.0,101.34607142857143,1696.0685714285714,96,48,0,6,33,1,0,0,1,0.0,0.0,4557.556428571429,1,1,1,1,1,0,1,1,95.71357709750566,78.16073660714285,60.14167782738095,78.16073660714285,0.0,16.891011904761907,51.396017316017314,2278.24,2021.8857142857141,0,0,1,0.0,0.0,5.162857142857143
1014,37,152,1,0.0,0.0,0.0,0.0,0.0,10020.610357142858,0.0,0.0,0.0,0.0,0.0,886.9350000000001,886.9350000000001,2,2,1014.0714285714286,1014.0714285714286,835.7142857142857,0.0,176.42857142857142,16,16,6,0,5,1,0,0,0,0.0,0.0,0.0,1,1,0,1,0,1,0,1,443.46750000000003,443.46750000000003,63.379464285714285,63.379464285714285,139.28571428571428,0.0,35.285714285714285,0.0,0.0,0,1,0,0.0,5.392857142857143,0.0
1437,67,62,1,0.0,0.0,0.0,0.0,0.0,323.1082142857143,0.0,0.0,0.0,0.0,0.0,485.00357142857143,485.00357142857143,6,6,203.35714285714286,203.35714285714286,0.0,73.17857142857143,126.78571428571429,5,5,0,2,2,1,0,0,0,0.0,0.0,0.0,1,1,0,1,0,0,1,1,80.83392857142857,80.83392857142857,40.67142857142857,40.67142857142857,0.0,36.589285714285715,63.392857142857146,0.0,0.0,0,0,0,0.0,0.0,0.0
860,26,9,1,0.0,0.0,0.0,0.0,0.0,169.96964285714284,0.0,0.0,0.0,0.0,0.0,0.00035714285714285714,0.00035714285714285714,1,1,0.0,0.0,0.0,0.0,0.0,0,0,0,0,0,1,0,0,0,0.0,0.0,0.0,1,1,0,0,0,0,0,0,0.00035714285714285714,0.00035714285714285714,0.0,0.0,0.0,0.0,0.0,0.0,0.0,0,0,1,0.0,0.0,9.107142857142858
557,21,151,1,0.0,2.0,1.0,0.0,0.0,2815.486785714286,0.0,0.0,0.0,0.0,0.0,1101.9939285714286,910.4160714285715,15,13,1190.8760714285713,947.8539285714286,96.42857142857143,308.2610714285714,349.94357142857143,33,23,6,11,3,0,0,1,0,0.0,0.0,0.0,1,1,1,1,1,1,1,1,73.46626190476191,70.0320054945055,36.087153679653674,41.21104037267081,16.071428571428573,28.023733766233764,116.64785714285715,191.57785714285706,243.02214285714274,1,0,1,0.3964285714285714,0.0,2.380714285714286
437,45,58,1,0.0,0.0,0.0,0.0,0.0,3.4274999999999998,0.0,0.0,0.0,0.0,0.0,1900.4896428571428,1900.4896428571428,12,12,3.392857142857143,3.392857142857143,0.0,0.0,0.0,1,1,0,0,0,0,0,0,0,0.0,0.0,0.0,1,1,0,1,0,0,0,0,158.3741369047619,158.3741369047619,3.392857142857143,3.392857142857143,0.0,0.0,0.0,0.0,0.0,1,0,0,54.330357142857146,0.0,0.0
156,54,95,1,1.0,1.0,0.0,0.0,0.0,417.8764285714286,6458.979285714287,9760.005357142858,0.0,0.0,0.0,1830.454642857143,1826.0492857142856,7,5,4655.535714285715,4655.535714285715,0.0,0.0,1012.6785714285714,8,8,0,0,6,1,1,1,0,6458.979285714287,9760.005357142858,0.0,1,1,1,1,0,0,0,1,261.4935204081633,365.2098571428571,581.9419642857143,581.9419642857143,0.0,0.0,168.7797619047619,4.405357142857383,0.0,0,0,1,0.0,0.0,16.317857142857143
1337,65,175,1,1.0,6.0,0.0,0.0,0.0,0.0,3930.255,3644.262142857143,0.0,0.0,0.0,1665.1107142857143,1654.392142857143,7,6,1297.24,1297.24,0.0,0.0,1297.24,7,7,0,0,7,0,1,1,0,3930.255,607.3770238095238,0.0,1,1,1,1,0,0,0,1,237.87295918367346,275.7320238095238,185.32,185.32,0.0,0.0,185.32,10.718571428571295,0.0,1,0,0,3.9001785714285715,0.0,0.0
402,29,30,1,0.0,0.0,0.0,0.0,0.0,3358.467857142857,0.0,0.0,0.0,0.0,0.0,8912.037142857143,8912.037142857143,4,4,10656.658571428572,10656.658571428572,1114.4782142857143,3637.616785714286,2261.1760714285715,37,37,5,18,5,0,0,0,0,0.0,0.0,0.0,1,1,0,1,0,1,1,1,2228.009285714286,2228.009285714286,288.01779922779923,288.01779922779923,222.89564285714286,202.08982142857144,452.2352142857143,0.0,0.0,0,0,0,0.0,0.0,0.0
1135,67,27,1,1.0,2.0,1.0,0.0,0.0,2253.8857142857146,405.61428571428576,0.0,166.20714285714286,0.0,0.0,5500.921785714286,5499.166785714287,13,10,526.2142857142857,526.2142857142857,267.85714285714283,0.0,244.60714285714286,8,8,1,0,5,0,1,1,0,405.61428571428576,0.0,0.0,1,1,1,1,0,1,0,1,423.14782967032966,549.9166785714286,65.77678571428571,65.77678571428571,267.85714285714283,0.0,48.92142857142857,1.7549999999991996,0.0,1,0,0,6.136428571428572,0.0,0.0
421,28,110,1,0.0,0.0,0.0,0.0,1.0,7074.069285714286,0.0,0.0,0.0,0.0,4850.017142857143,785.407142857143,739.3632142857142,3,2,796.1821428571428,789.967857142857,146.42857142857142,267.96785714285716,280.5,37,35,5,17,7,1,0,0,1,0.0,0.0,4850.017142857143,1,1,1,1,1,1,1,1,261.802380952381,369.6816071428571,21.51843629343629,22.57051020408163,29.285714285714285,15.762815126050421,40.07142857142857,46.04392857142875,6.214285714285779,0,0,1,0.0,0.0,10.678571428571429
38,27,12,1,1.0,0.0,0.0,0.0,0.0,6398.112142857143,7908.8832142857145,0.0,0.0,0.0,0.0,987.8585714285715,987.8585714285715,4,4,957.6796428571428,957.6796428571428,307.14285714285717,219.42964285714285,427.7142857142857,26,26,4,12,9,0,1,0,0,7908.8832142857145,0.0,0.0,1,1,0,1,0,1,1,1,246.96464285714288,246.96464285714288,36.833832417582414,36.833832417582414,76.78571428571429,18.28580357142857,47.523809523809526,0.0,0.0,0,0,0,0.0,0.0,0.0
447,30,176,1,0.0,0.0,0.0,0.0,0.0,2418.475,0.0,0.0,0.0,0.0,0.0,262.50107142857144,262.50107142857144,3,3,587.2467857142857,587.2467857142857,0.0,23.820357142857144,563.4264285714286,6,6,0,4,2,0,0,0,0,0.0,0.0,0.0,1,1,0,1,0,0,1,1,87.50035714285714,87.50035714285714,97.87446428571428,97.87446428571428,0.0,5.955089285714286,281.7132142857143,0.0,0.0,0,0,1,0.0,0.0,9.916785714285714
103,80,199,1,0.0,0.0,0.0,0.0,0.0,42.99071428571428,0.0,0.0,0.0,0.0,0.0,0.010357142857142856,0.0007142857142857143,2,1,6.438214285714286,6.428571428571429,0.0,0.0,0.0,2,1,0,0,0,0,0,0,0,0.0,0.0,0.0,1,1,1,1,1,0,0,0,0.005178571428571428,0.0007142857142857143,3.219107142857143,6.428571428571429,0.0,0.0,0.0,0.009642857142857142,0.009642857142857508,0,1,0,0.0,12.256428571428572,0.0
1577,66,72,1,0.0,0.0,0.0,0.0,0.0,6280.635,0.0,0.0,0.0,0.0,0.0,269.10785714285714,269.10785714285714,3,3,272.6,272.6,0.0,0.0,0.0,3,3,0,0,0,1,0,0,0,0.0,0.0,0.0,1,1,0,1,0,0,0,0,89.70261904761905,89.70261904761905,90.86666666666667,90.86666666666667,0.0,0.0,0.0,0.0,0.0,0,0,0,0.0,0.0,0.0
27,62,181,1,0.0,0.0,1.0,0.0,0.0,1649.98,0.0,0.0,0.0,0.0,0.0,10491.710714285715,10134.567857142858,4,3,425.0,67.85714285714286,0.0,0.0,0.0,2,1,0,0,0,1,0,0,0,0.0,0.0,0.0,1,1,1,1,1,0,0,0,2622.9276785714287,3378.189285714286,212.5,67.85714285714286,0.0,0.0,0.0,357.1428571428569,357.1428571428571,1,0,0,220.4882142857143,0.0,0.0
1555,19,86,1,0.0,0.0,1.0,0.0,0.0,393.3885714285714,0.0,0.0,0.0,0.0,0.0,337.54785714285714,337.54785714285714,2,2,271.66785714285714,271.66785714285714,142.85714285714286,46.846428571428575,17.857142857142858,13,13,2,2,1,0,0,0,0,0.0,0.0,0.0,1,1,0,1,0,1,1,1,168.77392857142857,168.77392857142857,20.89752747252747,20.89752747252747,71.42857142857143,23.423214285714288,17.857142857142858,0.0,0.0,0,0,1,0.0,0.0,12.357142857142858
900,48,251,1,0.0,0.0,0.0,0.0,0.0,7.145714285714286,0.0,0.0,0.0,0.0,0.0,71.43249999999999,71.43249999999999,2,2,34.13785714285714,34.13785714285714,0.0,9.137857142857143,25.0,3,3,0,2,1,1,0,0,0,0.0,0.0,0.0,1,1,0,1,0,0,1,1,35.716249999999995,35.716249999999995,11.379285714285714,11.379285714285714,0.0,4.568928571428572,25.0,0.0,0.0,0,1,1,0.0,7.392857142857143,24.797500000000003
48,64,92,1,0.0,5.0,1.0,0.0,0.0,2418.3175,0.0,59721.75928571429,0.0,0.0,0.0,360.97499999999997,360.97499999999997,2,2,308.5357142857143,308.5357142857143,178.57142857142858,0.0,128.67857142857142,8,8,1,0,6,1,0,1,0,0.0,11944.351857142858,0.0,1,1,0,1,0,1,0,1,180.48749999999998,180.48749999999998,38.566964285714285,38.566964285714285,178.57142857142858,0.0,21.44642857142857,0.0,0.0,0,1,0,0.0,0.8939285714285715,0.0
1180,18,150,1,0.0,0.0,0.0,1.0,1.0,18364.818571428572,0.0,0.0,0.0,119.84285714285714,1361.0182142857143,1209.1714285714286,1068.6242857142856,11,6,1582.9696428571428,1569.3625,364.2857142857143,389.2482142857143,615.7928571428572,50,44,5,23,11,0,0,0,1,0.0,0.0,1361.0182142857143,1,1,1,1,1,1,1,1,109.92467532467532,178.1040476190476,31.65939285714286,35.66732954545454,72.85714285714286,16.92383540372671,55.98116883116884,140.54714285714294,13.60714285714289,0,0,0,0.0,0.0,0.0
1471,75,108,1,0.0,0.0,1.0,0.0,0.0,4428.725714285714,0.0,0.0,0.0,0.0,0.0,2781.927857142857,1763.2392857142856,20,17,2780.5139285714286,1763.2392857142856,400.0,37.714285714285715,481.3721428571429,37,21,7,4,5,0,0,0,0,0.0,0.0,0.0,1,1,1,1,1,1,1,1,139.09639285714286,103.71995798319327,75.1490250965251,83.96377551020407,57.142857142857146,9.428571428571429,96.27442857142857,1018.6885714285715,1017.2746428571429,0,1,0,0.0,2.108214285714286,0.0
1286,39,181,1,0.0,3.0,0.0,0.0,0.0,5612.3525,0.0,3567.8396428571427,0.0,0.0,0.0,499.5442857142857,499.5442857142857,5,5,505.0678571428571,505.0678571428571,392.85714285714283,36.13928571428571,75.21428571428571,13,13,3,4,5,1,0,1,0,0.0,1189.2798809523808,0.0,1,1,0,1,0,1,1,1,99.90885714285714,99.90885714285714,38.85137362637362,38.85137362637362,130.95238095238093,9.034821428571428,15.042857142857141,0.0,0.0,0,0,0,0.0,0.0,0.0
1527,39,10,1,0.0,0.0,1.0,1.0,0.0,24.782857142857143,0.0,0.0,0.0,17.178571428571427,0.0,366.39285714285717,323.7192857142857,7,3,984.6721428571428,953.1310714285713,660.7142857142857,0.0,274.08785714285716,22,15,7,0,6,1,0,0,0,0.0,0.0,0.0,1,1,1,1,1,1,0,1,52.34183673469388,107.90642857142858,44.75782467532468,63.54207142857142,94.38775510204081,0.0,45.681309523809524,42.67357142857145,31.541071428571513,0,0,1,0.0,0.0,6.678571428571429
1575,25,67,1,0.0,0.0,0.0,0.0,0.0,5204.289642857142,0.0,0.0,0.0,0.0,0.0,1289.6832142857143,1289.6832142857143,3,3,1008.6135714285714,1008.6135714285714,639.0285714285714,210.6032142857143,155.16071428571428,26,26,3,15,6,0,0,0,0,0.0,0.0,0.0,1,1,0,1,0,1,1,1,429.89440476190475,429.89440476190475,38.79282967032967,38.79282967032967,213.00952380952378,14.040214285714287,25.860119047619047,0.0,0.0,0,0,0,0.0,0.0,0.0
116,47,239,1,0.0,0.0,0.0,0.0,0.0,637.8357142857143,0.0,0.0,0.0,0.0,0.0,91.0807142857143,91.0807142857143,2,2,126.92857142857143,126.92857142857143,0.0,124.96428571428571,0.0,2,2,0,1,0,0,0,0,0,0.0,0.0,0.0,1,1,0,1,0,0,1,0,45.54035714285715,45.54035714285715,63.464285714285715,63.464285714285715,0.0,124.96428571428571,0.0,0.0,0.0,0,0,0,0.0,0.0,0.0
1159,33,128,1,1.0,0.0,0.0,0.0,0.0,467.1382142857143,21.534285714285716,0.0,0.0,0.0,0.0,2501.0460714285714,2500.002857142857,7,6,4964.964285714285,2464.964285714286,1250.0,0.0,1211.392857142857,25,20,5,0,11,0,1,0,0,21.534285714285716,0.0,0.0,1,1,1,1,1,1,0,1,357.29229591836736,416.66714285714284,198.5985714285714,123.24821428571428,250.0,0.0,110.12662337662337,1.0432142857143845,2499.9999999999995,0,1,1,0.0,0.8939285714285715,4.8307142857142855
446,27,181,1,0.0,0.0,0.0,0.0,0.0,13956.804999999998,0.0,0.0,0.0,0.0,0.0,800.9296428571428,800.9296428571428,2,2,377.0,377.0,357.14285714285717,0.0,17.678571428571427,4,4,1,0,2,0,0,0,0,0.0,0.0,0.0,1,1,0,1,0,1,0,1,400.4648214285714,400.4648214285714,94.25,94.25,357.14285714285717,0.0,8.839285714285714,0.0,0.0,0,0,0,0.0,0.0,0.0
546,63,47,1,0.0,0.0,0.0,0.0,0.0,1023.3364285714285,0.0,0.0,0.0,0.0,0.0,892.8614285714285,892.8614285714285,3,3,564.7675,564.7675,225.0,338.5175,0.0,34,34,6,27,0,0,0,0,0,0.0,0.0,0.0,1,1,0,1,0,1,1,0,297.62047619047615,297.62047619047615,16.610808823529414,16.610808823529414,37.5,12.537685185185184,0.0,0.0,0.0,0,1,0,0.0,8.928214285714287,0.0
612,74,9,1,1.0,0.0,1.0,1.0,0.0,28.535714285714285,1085.2085714285715,0.0,0.0,110.02107142857143,0.0,4668.532857142857,2989.7296428571426,10,5,3182.860357142857,2925.6549999999997,35.714285714285715,257.20535714285717,924.5714285714286,29,16,1,13,10,0,1,0,0,1085.2085714285715,0.0,0.0,1,1,1,1,1,1,1,1,466.85328571428573,597.9459285714286,109.75380541871921,182.85343749999998,35.714285714285715,19.785027472527474,92.45714285714286,1678.8032142857146,257.20535714285734,0,0,0,0.0,0.0,0.0
1490,61,181,1,1.0,0.0,1.0,1.0,0.0,70.70714285714286,0.0,0.0,0.0,888.4632142857143,0.0,919.2446428571428,517.8614285714286,9,4,680.9246428571429,287.10714285714283,0.0,392.38892857142855,286.67857142857144,13,5,0,6,4,0,1,0,0,0.0,0.0,0.0,1,1,1,1,1,0,1,1,102.13829365079364,129.46535714285716,52.378818681318684,57.421428571428564,0.0,65.39815476190476,71.66964285714286,401.3832142857142,393.81750000000005,0,0,0,0.0,0.0,0.0
136,33,52,1,0.0,0.0,0.0,0.0,0.0,564.9810714285715,0.0,0.0,0.0,0.0,0.0,399.0728571428572,399.0728571428572,2,2,96.64285714285714,96.64285714285714,0.0,0.0,95.10714285714286,4,4,0,0,3,1,0,0,0,0.0,0.0,0.0,1,1,0,1,0,0,0,1,199.5364285714286,199.5364285714286,24.160714285714285,24.160714285714285,0.0,0.0,31.702380952380953,0.0,0.0,0,0,0,0.0,0.0,0.0
254,34,55,1,0.0,0.0,1.0,0.0,0.0,1049.0621428571428,0.0,0.0,0.0,0.0,0.0,153.5717857142857,153.5717857142857,2,2,148.7357142857143,148.7357142857143,0.0,0.0,0.0,3,3,0,0,0,0,0,0,0,0.0,0.0,0.0,1,1,0,1,0,0,0,0,76.78589285714285,76.78589285714285,49.57857142857143,49.57857142857143,0.0,0.0,0.0,0.0,0.0,0,0,0,0.0,0.0,0.0
1495,50,8,1,1.0,0.0,0.0,0.0,0.0,293.1660714285714,323.3885714285714,0.0,0.0,0.0,0.0,555.4510714285714,554.5557142857143,4,3,592.0803571428571,592.0803571428571,250.0,0.0,339.6875,5,5,2,0,2,1,1,0,0,323.3885714285714,0.0,0.0,1,1,1,1,0,1,0,1,138.86276785714284,184.85190476190476,118.41607142857143,118.41607142857143,125.0,0.0,169.84375,0.8953571428570513,0.0,0,0,1,0.0,0.0,5.920357142857143
1346,32,77,2,0.0,0.0,0.0,0.0,0.0,651.4214285714286,0.0,0.0,0.0,0.0,0.0,11.250357142857142,11.250357142857142,2,2,14.642857142857142,14.642857142857142,0.0,0.0,11.25,2,2,0,0,1,0,0,0,0,0.0,0.0,0.0,1,1,0,1,0,0,0,1,5.625178571428571,5.625178571428571,7.321428571428571,7.321428571428571,0.0,0.0,11.25,0.0,0.0,0,1,0,0.0,0.21428571428571427,0.0
1235,65,97,1,1.0,6.0,0.0,0.0,0.0,27.67214285714286,5936.270714285713,10492.55392857143,0.0,0.0,0.0,485.46214285714285,484.30249999999995,3,2,393.67857142857144,393.67857142857144,250.0,0.0,143.25,8,8,1,0,6,1,1,1,0,5936.270714285713,1748.7589880952382,0.0,1,1,1,1,0,1,0,1,161.82071428571427,242.15124999999998,49.20982142857143,49.20982142857143,250.0,0.0,23.875,1.1596428571428987,0.0,0,0,0,0.0,0.0,0.0
551,10,32,1,0.0,0.0,0.0,1.0,1.0,865.4814285714285,0.0,0.0,0.0,0.9285714285714286,625.6260714285714,1029.3632142857143,876.2157142857143,10,4,987.6646428571429,874.2182142857143,392.85714285714283,199.84321428571428,175.14285714285714,36,22,1,13,10,0,0,0,1,0.0,0.0,625.6260714285714,1,1,1,1,1,1,1,1,102.93632142857143,219.05392857142857,27.43512896825397,39.73719155844156,392.85714285714283,15.372554945054945,17.514285714285712,153.14750000000004,113.44642857142856,0,0,0,0.0,0.0,0.0
692,32,126,1,0.0,0.0,1.0,0.0,0.0,641.1296428571429,0.0,0.0,0.0,0.0,0.0,1092.6328571428571,930.532142857143,13,10,1142.7139285714286,980.6467857142858,71.42857142857143,120.39285714285714,567.0103571428572,31,25,2,9,9,1,0,0,0,0.0,0.0,0.0,1,1,1,1,1,1,1,1,84.04868131868132,93.05321428571429,36.861739631336405,39.22587142857143,35.714285714285715,13.376984126984127,63.001150793650794,162.10071428571416,162.0671428571428,0,1,1,0.0,4.285714285714286,13.13107142857143
1052,34,150,1,0.0,0.0,0.0,0.0,0.0,1.2785714285714285,0.0,0.0,0.0,0.0,0.0,35.714285714285715,35.714285714285715,1,1,0.0,0.0,0.0,0.0,0.0,0,0,0,0,0,1,0,0,0,0.0,0.0,0.0,1,1,0,0,0,0,0,0,35.714285714285715,35.714285714285715,0.0,0.0,0.0,0.0,0.0,0.0,0.0,1,1,0,1.5414285714285714,4.286785714285714,0.0
1308,22,10,1,0.0,0.0,0.0,0.0,0.0,12.612857142857143,0.0,0.0,0.0,0.0,0.0,0.0,0.0,0,0,0.8939285714285715,0.8939285714285715,0.0,0.0,0.0,1,1,0,0,0,0,0,0,0,0.0,0.0,0.0,0,0,0,1,0,0,0,0,0.0,0.0,0.8939285714285715,0.8939285714285715,0.0,0.0,0.0,0.0,0.0,0,0,1,0.0,0.0,12.96107142857143
1166,77,79,1,0.0,0.0,0.0,0.0,0.0,1780.152857142857,0.0,0.0,0.0,0.0,0.0,1142.8625,1142.8625,4,4,692.1785714285714,692.1785714285714,0.0,0.0,688.5714285714286,13,13,0,0,12,0,0,0,0,0.0,0.0,0.0,1,1,0,1,0,0,0,1,285.715625,285.715625,53.244505494505496,53.244505494505496,0.0,0.0,57.38095238095238,0.0,0.0,1,0,0,0.3198214285714286,0.0,0.0
795,68,26,1,0.0,1.0,0.0,0.0,0.0,528.5796428571429,0.0,12768.21357142857,0.0,0.0,0.0,0.00035714285714285714,0.00035714285714285714,1,1,0.0,0.0,0.0,0.0,0.0,0,0,0,0,0,0,0,1,0,0.0,12768.21357142857,0.0,1,1,0,0,0,0,0,0,0.00035714285714285714,0.00035714285714285714,0.0,0.0,0.0,0.0,0.0,0.0,0.0,0,0,1,0.0,0.0,10.333571428571428
388,40,89,1,0.0,0.0,0.0,1.0,0.0,357.14285714285717,0.0,0.0,0.0,0.7142857142857143,0.0,5014.412142857143,3304.287857142857,12,5,3428.0135714285716,3412.3892857142855,0.0,0.0,1447.25,25,19,0,0,13,0,0,0,0,0.0,0.0,0.0,1,1,1,1,1,0,0,1,417.8676785714286,660.8575714285714,137.12054285714285,179.59943609022557,0.0,0.0,111.32692307692308,1710.1242857142865,15.624285714286088,0,1,1,0.0,37.23321428571428,7.285714285714286
1223,44,0,1,0.0,0.0,0.0,0.0,0.0,143.31678571428571,0.0,0.0,0.0,0.0,0.0,858.2603571428572,858.2603571428572,4,4,760.6035714285715,760.6035714285715,478.57142857142856,241.6392857142857,36.464285714285715,19,19,4,11,2,0,0,0,0,0.0,0.0,0.0,1,1,0,1,0,1,1,1,214.5650892857143,214.5650892857143,40.03176691729324,40.03176691729324,119.64285714285714,21.96720779220779,18.232142857142858,0.0,0.0,0,0,1,0.0,0.0,18.052500000000002
320,28,114,1,0.0,0.0,0.0,0.0,0.0,86.42857142857143,0.0,0.0,0.0,0.0,0.0,0.0071428571428571435,0.0071428571428571435,1,1,0.8939285714285715,0.8939285714285715,0.0,0.0,0.0,1,1,0,0,0,1,0,0,0,0.0,0.0,0.0,1,1,0,1,0,0,0,0,0.0071428571428571435,0.0071428571428571435,0.8939285714285715,0.8939285714285715,0.0,0.0,0.0,0.0,0.0,0,0,0,0.0,0.0,0.0
280,23,234,1,0.0,0.0,0.0,0.0,0.0,0.0,0.0,0.0,0.0,0.0,0.0,0.00035714285714285714,0.00035714285714285714,1,1,1.9642857142857142,1.9642857142857142,0.0,0.0,0.0,1,1,0,0,0,1,0,0,0,0.0,0.0,0.0,1,1,0,1,0,0,0,0,0.00035714285714285714,0.00035714285714285714,1.9642857142857142,1.9642857142857142,0.0,0.0,0.0,0.0,0.0,0,0,0,0.0,0.0,0.0
306,52,78,1,1.0,0.0,0.0,0.0,0.0,224.45428571428573,901.3535714285715,0.0,0.0,0.0,0.0,1663.3025,588.8546428571428,4,2,1266.8214285714287,1266.8214285714287,0.0,0.0,195.39285714285714,4,4,0,0,3,0,1,0,0,901.3535714285715,0.0,0.0,1,1,1,1,0,0,0,1,415.825625,294.4273214285714,316.70535714285717,316.70535714285717,0.0,0.0,65.13095238095238,1074.4478571428572,0.0,0,1,0,0.0,5.357142857142857,0.0
744,33,107,2,0.0,0.0,0.0,0.0,1.0,7881.311071428571,0.0,0.0,0.0,0.0,9055.584642857142,1380.6439285714284,1296.8960714285713,4,3,1395.8942857142858,1384.6085714285714,71.42857142857143,247.00142857142856,868.75,37,35,2,12,19,1,0,0,1,0.0,0.0,9055.584642857142,1,1,1,1,1,1,1,1,345.1609821428571,432.2986904761904,37.72687258687259,39.56024489795918,35.714285714285715,20.58345238095238,45.723684210526315,83.74785714285713,11.285714285714448,0,0,0,0.0,0.0,0.0
14,38,95,1,1.0,2.0,0.0,1.0,1.0,23.344642857142855,403.65928571428566,13184.9225,0.0,53.13214285714286,17062.324285714287,4358.740714285715,3567.309285714286,13,7,2385.7867857142855,1986.292857142857,625.0,399.49392857142857,383.5357142857143,46,21,5,25,10,0,1,1,1,403.65928571428566,6592.46125,17062.324285714287,1,1,1,1,1,1,1,1,335.2877472527473,509.615612244898,51.8649301242236,94.58537414965986,125.0,15.979757142857142,38.35357142857143,791.4314285714286,399.49392857142857,0,0,0,0.0,0.0,0.0
917,44,232,1,1.0,1.0,0.0,0.0,0.0,9.055,191.30928571428572,0.0,0.0,0.0,0.0,637.1457142857143,635.9525,5,4,1283.0714285714287,1283.0714285714287,785.7142857142857,127.89285714285714,369.25,14,14,3,3,7,0,1,1,0,191.30928571428572,0.0,0.0,1,1,1,1,0,1,1,1,127.42914285714286,158.988125,91.64795918367348,91.64795918367348,261.90476190476187,42.63095238095238,52.75,1.1932142857143617,0.0,0,0,1,0.0,0.0,3.9285714285714284
831,47,111,1,0.0,1.0,0.0,0.0,0.0,1440.0525,0.0,0.0,0.0,0.0,0.0,788.0039285714286,788.0039285714286,3,3,1018.8021428571428,1018.8021428571428,0.0,0.0,1016.5164285714285,6,6,0,0,5,1,0,1,0,0.0,0.0,0.0,1,1,0,1,0,0,0,1,262.66797619047617,262.66797619047617,169.80035714285714,169.80035714285714,0.0,0.0,203.3032857142857,0.0,0.0,1,0,0,2.024642857142857,0.0,0.0
219,70,50,1,1.0,27.0,0.0,0.0,0.0,1400.1689285714288,389883.8307142857,15095.649285714286,0.0,0.0,0.0,33213.0075,8192.971071428572,6,3,40102.309285714284,40102.309285714284,0.0,0.0,25498.309285714287,17,17,0,0,9,1,1,1,0,389883.8307142857,559.0981216931217,0.0,1,1,1,1,0,0,0,1,5535.50125,2730.990357142857,2358.959369747899,2358.959369747899,0.0,0.0,2833.1454761904765,25020.036428571428,0.0,0,1,0,0.0,4.286785714285714,0.0
548,54,12,1,0.0,0.0,0.0,0.0,0.0,2663.1378571428572,0.0,0.0,0.0,0.0,0.0,684.0367857142857,684.0367857142857,2,2,674.3821428571429,674.3821428571429,0.0,0.0,142.85714285714286,3,3,0,0,1,0,0,0,0,0.0,0.0,0.0,1,1,0,1,0,0,0,1,342.0183928571428,342.0183928571428,224.79404761904763,224.79404761904763,0.0,0.0,142.85714285714286,0.0,0.0,0,0,0,0.0,0.0,0.0
1065,25,119,1,0.0,0.0,1.0,0.0,1.0,1450.2350000000001,0.0,0.0,0.0,0.0,360.3546428571429,1157.1389285714286,1064.652857142857,7,4,747.0582142857144,724.8796428571429,303.57142857142856,0.0,281.14285714285717,13,11,2,0,5,0,0,0,1,0.0,0.0,360.3546428571429,1,1,1,1,1,1,0,1,165.3055612244898,266.1632142857143,57.46601648351649,65.89814935064936,151.78571428571428,0.0,56.228571428571435,92.48607142857145,22.178571428571445,0,0,1,0.0,0.0,8.571428571428571
395,49,150,1,0.0,0.0,1.0,0.0,0.0,102.75714285714285,0.0,0.0,0.0,0.0,0.0,416.92285714285714,382.0642857142857,7,5,468.1471428571429,433.40500000000003,275.0,113.01071428571429,0.0,16,13,4,5,0,0,0,0,0,0.0,0.0,0.0,1,1,1,1,1,1,1,0,59.56040816326531,76.41285714285713,29.259196428571432,33.338846153846156,68.75,22.60214285714286,0.0,34.85857142857145,34.74214285714288,0,1,0,0.0,7.0,0.0
1582,51,237,2,0.0,0.0,1.0,1.0,0.0,2.454285714285714,0.0,0.0,698.2592857142856,2.357142857142857,0.0,408.1685714285714,229.47607142857143,13,6,362.09714285714284,229.47607142857143,0.0,0.0,107.03571428571429,16,6,0,0,2,0,0,0,0,0.0,0.0,0.0,1,1,1,1,1,0,0,1,31.397582417582417,38.24601190476191,22.631071428571428,38.24601190476191,0.0,0.0,53.517857142857146,178.69249999999997,132.6210714285714,0,0,1,0.0,0.0,12.170714285714284
1087,29,34,1,1.0,18.0,0.0,0.0,0.0,0.0,0.0,3687.2599999999998,0.0,0.0,0.0,1430.577142857143,1428.5825,3,2,1508.7857142857142,80.21428571428571,0.0,80.21428571428571,0.0,2,1,0,1,0,1,1,1,0,0.0,204.84777777777776,0.0,1,1,1,1,1,0,1,0,476.85904761904766,714.29125,754.3928571428571,80.21428571428571,0.0,80.21428571428571,0.0,1.994642857142935,1428.5714285714284,1,1,0,8.805892857142856,4.357142857142857,0.0
544,5,113,1,0.0,64.0,0.0,0.0,0.0,4808.271071428571,0.0,32990.446071428574,0.0,0.0,0.0,1226.2267857142856,1226.2267857142856,5,5,804.9799999999999,804.9799999999999,278.57142857142856,451.81857142857143,72.73285714285714,24,24,1,15,6,1,0,1,0,0.0,515.4757198660715,0.0,1,1,0,1,0,1,1,1,245.24535714285713,245.24535714285713,33.54083333333333,33.54083333333333,278.57142857142856,30.121238095238095,12.122142857142856,0.0,0.0,1,0,1,0.059821428571428574,0.0,17.785714285714285
113,43,150,1,0.0,0.0,1.0,0.0,1.0,50.78071428571428,0.0,0.0,0.0,0.0,17300.489642857145,251.87857142857143,191.80749999999998,7,4,241.99035714285714,226.6475,107.14285714285714,16.482142857142858,0.0,12,9,2,2,0,0,0,0,1,0.0,0.0,17300.489642857145,1,1,1,1,1,1,1,0,35.98265306122449,47.951874999999994,20.165863095238095,25.183055555555555,53.57142857142857,8.241071428571429,0.0,60.07107142857146,15.342857142857127,0,0,0,0.0,0.0,0.0
1384,27,124,1,1.0,0.0,1.0,1.0,0.0,8270.066428571428,237.14892857142857,0.0,713.1942857142857,479.3607142857143,0.0,847.4782142857142,845.97,6,2,652.9621428571428,651.5335714285713,178.57142857142858,146.82642857142858,325.20714285714286,14,12,1,5,4,1,1,0,0,237.14892857142857,0.0,0.0,1,1,1,1,1,1,1,1,141.24636904761903,422.985,46.64015306122449,54.29446428571428,178.57142857142858,29.365285714285715,81.30178571428571,1.508214285714189,1.4285714285714448,0,1,0,0.0,4.607142857142857,0.0
812,29,175,1,0.0,0.0,0.0,0.0,0.0,6302.067857142857,0.0,0.0,0.0,0.0,0.0,0.002857142857142857,0.002857142857142857,1,1,2.5,2.5,0.0,0.0,0.0,2,2,0,0,0,1,0,0,0,0.0,0.0,0.0,1,1,0,1,0,0,0,0,0.002857142857142857,0.002857142857142857,1.25,1.25,0.0,0.0,0.0,0.0,0.0,0,0,0,0.0,0.0,0.0
1514,38,171,1,0.0,0.0,0.0,0.0,0.0,31.175,0.0,0.0,0.0,0.0,0.0,721.4407142857143,721.4407142857143,2,2,517.9628571428572,517.9628571428572,0.0,517.9628571428572,0.0,23,23,0,23,0,0,0,0,0,0.0,0.0,0.0,1,1,0,1,0,0,1,0,360.72035714285715,360.72035714285715,22.520124223602487,22.520124223602487,0.0,22.520124223602487,0.0,0.0,0.0,1,0,1,5.40125,0.0,13.516071428571427
673,73,116,1,2.0,1.0,1.0,1.0,0.0,2588.8382142857145,16144.002142857144,733.0685714285713,8.445,1.1785714285714286,0.0,372.6653571428571,369.8314285714286,8,3,438.57142857142856,436.2142857142857,357.14285714285717,0.0,74.28571428571429,13,9,2,0,5,1,1,1,0,8072.001071428572,733.0685714285713,0.0,1,1,1,1,1,1,0,1,46.583169642857136,123.27714285714286,33.73626373626374,48.46825396825397,178.57142857142858,0.0,14.857142857142858,2.833928571428487,2.357142857142833,1,0,1,24.135892857142856,0.0,12.508571428571429
714,52,181,1,1.0,0.0,0.0,0.0,0.0,224.44250000000002,5495.8610714285705,0.0,0.0,0.0,0.0,23.684642857142855,0.020714285714285713,4,2,111.1417857142857,111.1417857142857,0.0,0.0,107.21392857142857,6,6,0,0,4,1,1,0,0,5495.8610714285705,0.0,0.0,1,1,1,1,0,0,0,1,5.921160714285714,0.010357142857142856,18.52363095238095,18.52363095238095,0.0,0.0,26.803482142857142,23.66392857142857,0.0,0,1,0,0.0,0.21428571428571427,0.0
399,59,152,1,0.0,0.0,0.0,0.0,0.0,451.7967857142857,0.0,0.0,0.0,0.0,0.0,0.0032142857142857142,0.0032142857142857142,1,1,0.8928571428571429,0.8928571428571429,0.0,0.0,0.0,1,1,0,0,0,1,0,0,0,0.0,0.0,0.0,1,1,0,1,0,0,0,0,0.0032142857142857142,0.0032142857142857142,0.8928571428571429,0.8928571428571429,0.0,0.0,0.0,0.0,0.0,1,0,0,0.08750000000000001,0.0,0.0
160,41,181,1,0.0,0.0,0.0,0.0,0.0,3314.279642857143,0.0,0.0,0.0,0.0,0.0,1104.7310714285716,1104.7310714285716,3,3,708.7110714285715,708.7110714285715,0.0,50.13964285714286,657.8214285714286,23,23,0,7,15,0,0,0,0,0.0,0.0,0.0,1,1,0,1,0,0,1,1,368.2436904761905,368.2436904761905,30.813524844720497,30.813524844720497,0.0,7.16280612244898,43.8547619047619,0.0,0.0,0,0,1,0.0,0.0,17.0475
737,55,31,3,0.0,0.0,0.0,0.0,0.0,3175.264642857143,0.0,0.0,0.0,0.0,0.0,357.1439285714286,357.1439285714286,2,2,404.0053571428571,404.0053571428571,0.0,0.0,0.0,7,7,0,0,0,0,0,0,0,0.0,0.0,0.0,1,1,0,1,0,0,0,0,178.5719642857143,178.5719642857143,57.71505102040816,57.71505102040816,0.0,0.0,0.0,0.0,0.0,0,0,0,0.0,0.0,0.0
281,30,140,1,0.0,1.0,0.0,0.0,0.0,355.7167857142857,0.0,26801.155,0.0,0.0,0.0,2708.7110714285714,2708.7110714285714,2,2,1388.2142857142858,1361.9285714285713,771.4285714285714,230.17857142857142,385.2857142857143,11,10,4,3,2,1,0,1,0,0.0,26801.155,0.0,1,1,0,1,1,1,1,1,1354.3555357142857,1354.3555357142857,126.20129870129871,136.19285714285712,192.85714285714286,76.72619047619047,192.64285714285714,0.0,26.285714285714448,0,0,0,0.0,0.0,0.0
114,26,13,1,0.0,0.0,0.0,1.0,0.0,35.714285714285715,0.0,0.0,0.0,1068.2096428571429,0.0,1406.2557142857145,691.97,7,6,1016.8685714285714,302.5828571428571,107.14285714285714,41.86857142857143,132.14285714285714,17,16,7,6,2,0,0,0,0,0.0,0.0,0.0,1,1,1,1,1,1,1,1,200.89367346938778,115.32833333333333,59.815798319327726,18.91142857142857,15.306122448979592,6.978095238095238,66.07142857142857,714.2857142857144,714.2857142857142,0,0,0,0.0,0.0,0.0
1452,36,15,1,0.0,0.0,0.0,0.0,0.0,6772.471428571429,0.0,0.0,0.0,0.0,0.0,535.7160714285714,535.7160714285714,2,2,529.6857142857143,529.6857142857143,0.0,0.0,0.0,3,3,0,0,0,0,0,0,0,0.0,0.0,0.0,1,1,0,1,0,0,0,0,267.8580357142857,267.8580357142857,176.56190476190477,176.56190476190477,0.0,0.0,0.0,0.0,0.0,0,0,0,0.0,0.0,0.0
643,57,123,1,0.0,4.0,0.0,0.0,0.0,2204.2185714285715,0.0,181931.54714285716,0.0,0.0,0.0,806.5024999999999,806.5024999999999,2,2,790.1071428571429,790.1071428571429,357.14285714285717,132.46428571428572,296.42857142857144,21,21,6,6,4,1,0,1,0,0.0,45482.88678571429,0.0,1,1,0,1,0,1,1,1,403.25124999999997,403.25124999999997,37.624149659863946,37.624149659863946,59.523809523809526,22.077380952380953,74.10714285714286,0.0,0.0,1,0,1,32.04017857142857,0.0,15.293571428571429
602,65,103,2,0.0,0.0,1.0,1.0,0.0,84.30642857142857,0.0,0.0,0.0,1053.8028571428572,0.0,1975.9375,1317.1014285714284,23,17,2021.6742857142856,1317.1014285714284,250.0,287.74178571428575,433.57142857142856,64,27,7,27,6,1,0,0,0,0.0,0.0,0.0,1,1,1,1,1,1,1,1,85.91032608695652,77.47655462184873,31.588660714285712,48.781534391534386,35.714285714285715,10.657103174603176,72.26190476190476,658.8360714285716,704.5728571428572,0,0,0,0.0,0.0,0.0
1612,63,114,1,0.0,0.0,1.0,0.0,1.0,170.59321428571428,0.0,0.0,0.0,0.0,6250.0,1310.3707142857143,909.2757142857143,8,4,955.14,751.8296428571429,285.7142857142857,0.0,14.285714285714286,12,9,2,0,2,1,0,0,1,0.0,0.0,6250.0,1,1,1,1,1,1,0,1,163.79633928571428,227.3189285714286,79.595,83.53662698412698,142.85714285714286,0.0,7.142857142857143,401.0949999999999,203.31035714285713,0,0,0,0.0,0.0,0.0
942,40,76,1,2.0,3.0,0.0,0.0,0.0,2841.414285714286,27797.979642857146,0.0,0.0,0.0,0.0,226.26107142857146,214.29035714285715,3,2,173.92857142857142,173.92857142857142,0.0,0.0,173.5,4,4,0,0,3,1,1,1,0,13898.989821428573,0.0,0.0,1,1,1,1,0,0,0,1,75.42035714285716,107.14517857142857,43.482142857142854,43.482142857142854,0.0,0.0,57.833333333333336,11.970714285714308,0.0,0,1,0,0.0,36.785714285714285,0.0
244,41,162,1,0.0,0.0,0.0,0.0,0.0,5.642857142857143,0.0,0.0,0.0,0.0,0.0,270.3592857142857,270.3592857142857,3,3,402.5571428571429,402.5571428571429,0.0,104.95,292.60714285714283,14,14,0,5,7,1,0,0,0,0.0,0.0,0.0,1,1,0,1,0,0,1,1,90.1197619047619,90.1197619047619,28.75408163265306,28.75408163265306,0.0,20.990000000000002,41.80102040816326,0.0,0.0,1,0,0,9.155357142857143,0.0,0.0
404,25,63,1,0.0,0.0,0.0,0.0,0.0,60.051785714285714,0.0,0.0,0.0,0.0,0.0,406.6882142857143,406.6882142857143,3,3,1153.357142857143,1153.357142857143,1107.142857142857,0.0,42.035714285714285,18,18,7,0,2,0,0,0,0,0.0,0.0,0.0,1,1,0,1,0,1,0,1,135.5627380952381,135.5627380952381,64.07539682539682,64.07539682539682,158.16326530612244,0.0,21.017857142857142,0.0,0.0,0,0,1,0.0,0.0,21.0
790,30,122,1,0.0,0.0,1.0,0.0,0.0,4.027142857142858,0.0,0.0,0.0,0.0,0.0,1691.19,1691.19,5,5,1286.8228571428572,1286.8228571428572,214.28571428571428,548.0828571428572,521.0614285714286,39,39,3,27,8,1,0,0,0,0.0,0.0,0.0,1,1,0,1,0,1,1,1,338.238,338.238,32.99545787545787,32.99545787545787,71.42857142857143,20.29936507936508,65.13267857142857,0.0,0.0,1,0,0,6.080178571428571,0.0,0.0
639,81,234,1,0.0,0.0,0.0,0.0,0.0,736.9435714285713,0.0,0.0,0.0,0.0,0.0,714.3896428571428,714.3896428571428,2,2,667.6071428571429,667.6071428571429,357.14285714285717,310.4642857142857,0.0,3,3,1,2,0,0,0,0,0,0.0,0.0,0.0,1,1,0,1,0,1,1,0,357.1948214285714,357.1948214285714,222.5357142857143,222.5357142857143,357.14285714285717,155.23214285714286,0.0,0.0,0.0,1,1,1,11.376428571428573,1.3214285714285714,11.571428571428571
1406,21,181,1,0.0,0.0,0.0,0.0,0.0,55383.79785714286,0.0,0.0,0.0,0.0,0.0,35.714285714285715,35.714285714285715,1,1,35.714285714285715,35.714285714285715,0.0,0.0,35.714285714285715,1,1,0,0,1,0,0,0,0,0.0,0.0,0.0,1,1,0,1,0,0,0,1,35.714285714285715,35.714285714285715,35.714285714285715,35.714285714285715,0.0,0.0,35.714285714285715,0.0,0.0,0,1,0,0.0,3.4314285714285715,0.0
13,66,132,1,1.0,0.0,0.0,0.0,1.0,353.83964285714285,5.8325000000000005,0.0,0.0,0.0,3458.2957142857144,1201.107142857143,1095.6446428571428,6,3,1232.7964285714286,1158.367857142857,339.2857142857143,173.43214285714288,312.5357142857143,41,39,6,17,10,0,1,0,1,5.8325000000000005,0.0,3458.2957142857144,1,1,1,1,1,1,1,1,200.18452380952382,365.21488095238095,30.06820557491289,29.701739926739922,56.547619047619044,10.201890756302522,31.253571428571426,105.46250000000009,74.42857142857156,0,0,0,0.0,0.0,0.0
515,46,102,1,2.0,0.0,0.0,0.0,0.0,956.6560714285714,10861.7475,0.0,0.0,0.0,0.0,8.132142857142856,0.07142857142857142,4,2,1.6382142857142856,1.6382142857142856,0.0,0.0,0.0,1,1,0,0,0,0,1,0,0,5430.87375,0.0,0.0,1,1,1,1,0,0,0,0,2.033035714285714,0.03571428571428571,1.6382142857142856,1.6382142857142856,0.0,0.0,0.0,8.060714285714285,0.0,0,0,1,0.0,0.0,13.033928571428572
1055,21,10,1,0.0,0.0,0.0,0.0,0.0,838.6396428571428,0.0,0.0,0.0,0.0,0.0,7913.398571428572,7913.398571428572,5,5,1027.4178571428572,1027.4178571428572,428.57142857142856,11.678571428571429,213.53571428571428,12,12,3,1,4,1,0,0,0,0.0,0.0,0.0,1,1,0,1,0,1,1,1,1582.6797142857145,1582.6797142857145,85.61815476190476,85.61815476190476,142.85714285714286,11.678571428571429,53.38392857142857,0.0,0.0,1,0,0,0.5164285714285715,0.0,0.0
1247,61,55,1,1.0,0.0,1.0,0.0,0.0,790.3917857142858,0.009642857142857144,0.0,0.0,0.0,0.0,628.2882142857143,627.0635714285714,5,4,1012.8739285714286,1012.8739285714286,357.14285714285717,274.5525,375.92857142857144,26,26,1,4,19,1,1,0,0,0.009642857142857144,0.0,0.0,1,1,1,1,0,1,1,1,125.65764285714286,156.76589285714286,38.95668956043956,38.95668956043956,357.14285714285717,68.638125,19.78571428571429,1.2246428571428396,0.0,1,0,0,20.451071428571428,0.0,0.0
56,54,105,1,1.0,0.0,0.0,0.0,0.0,583.7142857142857,2907.094285714286,0.0,0.0,0.0,0.0,977.3978571428571,964.9039285714287,3,2,478.74571428571426,478.74571428571426,314.2857142857143,164.46,0.0,10,10,3,7,0,1,1,0,0,2907.094285714286,0.0,0.0,1,1,1,1,0,1,1,0,325.7992857142857,482.4519642857143,47.87457142857143,47.87457142857143,104.76190476190476,23.494285714285716,0.0,12.493928571428455,0.0,0,0,0,0.0,0.0,0.0
1472,70,146,1,0.0,0.0,0.0,0.0,0.0,7.142857142857143,0.0,0.0,0.0,0.0,0.0,4305.011428571429,4305.011428571429,3,3,1116.1857142857143,1116.1857142857143,357.14285714285717,157.31428571428572,360.42857142857144,29,29,5,8,9,0,0,0,0,0.0,0.0,0.0,1,1,0,1,0,1,1,1,1435.0038095238097,1435.0038095238097,38.48916256157636,38.48916256157636,71.42857142857143,19.664285714285715,40.04761904761905,0.0,0.0,0,0,0,0.0,0.0,0.0
1056,10,159,1,0.0,0.0,0.0,0.0,0.0,283.60499999999996,0.0,0.0,0.0,0.0,0.0,0.021785714285714287,0.021785714285714287,1,1,0.8939285714285715,0.8939285714285715,0.0,0.0,0.0,1,1,0,0,0,0,0,0,0,0.0,0.0,0.0,1,1,0,1,0,0,0,0,0.021785714285714287,0.021785714285714287,0.8939285714285715,0.8939285714285715,0.0,0.0,0.0,0.0,0.0,1,0,1,10.527142857142858,0.0,12.0
414,33,116,1,2.0,14.0,0.0,0.0,0.0,281.49357142857144,714.1492857142857,10218.14392857143,0.0,0.0,0.0,838.1967857142856,828.2978571428572,5,4,402.75,402.75,0.0,0.0,399.07142857142856,5,5,0,0,4,0,1,1,0,357.07464285714286,729.8674234693879,0.0,1,1,1,1,0,0,0,1,167.63935714285714,207.0744642857143,80.55,80.55,0.0,0.0,99.76785714285714,9.898928571428428,0.0,0,0,0,0.0,0.0,0.0
709,26,25,1,0.0,0.0,0.0,0.0,0.0,683.5714285714286,0.0,0.0,0.0,0.0,0.0,5259.26,5259.26,2,2,8651.025,8651.025,214.28571428571428,94.09642857142856,8337.535714285714,16,16,2,3,8,1,0,0,0,0.0,0.0,0.0,1,1,0,1,0,1,1,1,2629.63,2629.63,540.6890625,540.6890625,107.14285714285714,31.365476190476187,1042.1919642857142,0.0,0.0,0,1,0,0.0,3.965357142857143,0.0
572,39,16,1,0.0,0.0,1.0,0.0,0.0,2739.5639285714283,0.0,0.0,0.0,0.0,0.0,732.0407142857142,732.0407142857142,3,3,1914.3407142857143,1914.3407142857143,1107.142857142857,299.26964285714286,502.28535714285715,28,28,5,9,9,1,0,0,0,0.0,0.0,0.0,1,1,0,1,0,1,1,1,244.0135714285714,244.0135714285714,68.36931122448979,68.36931122448979,221.42857142857142,33.252182539682536,55.80948412698413,0.0,0.0,0,0,0,0.0,0.0,0.0
360,46,86,4,1.0,0.0,0.0,0.0,0.0,5871.232142857143,18085.488214285713,0.0,0.0,0.0,0.0,7.297857142857143,0.002857142857142857,2,1,0.0,0.0,0.0,0.0,0.0,0,0,0,0,0,1,1,0,0,18085.488214285713,0.0,0.0,1,1,1,0,0,0,0,0,3.6489285714285713,0.002857142857142857,0.0,0.0,0.0,0.0,0.0,7.295,0.0,0,0,1,0.0,0.0,14.198214285714286
442,13,38,1,0.0,0.0,1.0,0.0,0.0,1083.015357142857,0.0,0.0,92.625,0.0,0.0,625.9192857142858,625.9192857142858,2,2,1739.75,1739.75,1178.5714285714287,243.53571428571428,311.39285714285717,14,14,3,1,6,1,0,0,0,0.0,0.0,0.0,1,1,0,1,0,1,1,1,312.9596428571429,312.9596428571429,124.26785714285714,124.26785714285714,392.8571428571429,243.53571428571428,51.898809523809526,0.0,0.0,0,0,0,0.0,0.0,0.0
982,86,88,1,0.0,0.0,0.0,0.0,0.0,1813.5207142857143,0.0,0.0,0.0,0.0,0.0,0.009642857142857144,0.009642857142857144,1,1,1805.0464285714286,1805.0464285714286,1071.4285714285713,30.260714285714283,569.1785714285714,18,18,1,3,11,0,0,0,0,0.0,0.0,0.0,1,1,0,1,0,1,1,1,0.009642857142857144,0.009642857142857144,100.28035714285714,100.28035714285714,1071.4285714285713,10.08690476190476,51.743506493506494,0.0,0.0,0,1,0,0.0,6.785714285714286,0.0
428,49,102,2,0.0,0.0,0.0,0.0,0.0,3779.613214285714,0.0,0.0,0.0,0.0,0.0,560.6892857142857,560.6892857142857,3,3,1242.7839285714285,1242.7839285714285,714.2857142857143,0.0,525.7839285714286,12,12,3,0,7,1,0,0,0,0.0,0.0,0.0,1,1,0,1,0,1,0,1,186.89642857142857,186.89642857142857,103.56532738095238,103.56532738095238,238.0952380952381,0.0,75.11198979591838,0.0,0.0,0,1,0,0.0,2.7142857142857144,0.0
433,43,183,2,0.0,0.0,0.0,0.0,0.0,114.64285714285714,0.0,0.0,0.0,0.0,0.0,714.2885714285715,714.2885714285715,2,2,390.7142857142857,390.7142857142857,0.0,0.0,387.10714285714283,13,13,0,0,12,0,0,0,0,0.0,0.0,0.0,1,1,0,1,0,0,0,1,357.14428571428573,357.14428571428573,30.054945054945055,30.054945054945055,0.0,0.0,32.25892857142857,0.0,0.0,0,0,0,0.0,0.0,0.0
1301,52,71,1,0.0,0.0,1.0,0.0,0.0,603.4128571428572,0.0,0.0,93.60357142857143,0.0,0.0,799.4435714285713,799.4435714285713,7,7,587.3571428571429,587.3571428571429,0.0,0.0,578.3928571428571,13,13,0,0,11,1,0,0,0,0.0,0.0,0.0,1,1,0,1,0,0,0,1,114.2062244897959,114.2062244897959,45.181318681318686,45.181318681318686,0.0,0.0,52.58116883116883,0.0,0.0,0,0,0,0.0,0.0,0.0
1522,72,143,1,1.0,2.0,0.0,1.0,0.0,68.95928571428571,49838.29142857143,0.0,0.0,212.11535714285714,0.0,3483.031428571429,2840.823928571429,13,6,2926.779642857143,2793.283214285714,0.0,128.1392857142857,2176.214285714286,16,11,0,2,9,1,1,1,0,49838.29142857143,0.0,0.0,1,1,1,1,1,0,1,1,267.92549450549456,473.4706547619048,182.92372767857142,253.93483766233766,0.0,64.06964285714285,241.80158730158732,642.2075,133.49642857142862,0,1,0,0.0,11.176785714285714,0.0
1564,29,175,1,0.0,0.0,1.0,0.0,0.0,45.097857142857144,0.0,0.0,531.6296428571428,0.0,0.0,679.6060714285715,519.1135714285714,23,18,701.6596428571429,506.0028571428571,139.28571428571428,122.08178571428572,83.92857142857143,41,27,6,14,1,0,0,0,0,0.0,0.0,0.0,1,1,1,1,1,1,1,1,29.548090062111804,28.839642857142856,17.113649825783973,18.74084656084656,23.21428571428571,8.720127551020408,83.92857142857143,160.49250000000006,195.65678571428577,1,0,1,9.290178571428571,0.0,6.928571428571429
108,39,82,1,2.0,0.0,1.0,0.0,0.0,816.8389285714286,0.0,0.0,0.0,0.0,0.0,1175.480357142857,1171.3260714285714,8,6,465.5,465.5,0.0,31.607142857142858,430.5,10,10,0,2,7,0,1,0,0,0.0,0.0,0.0,1,1,1,1,0,0,1,1,146.93504464285712,195.2210119047619,46.55,46.55,0.0,15.803571428571429,61.5,4.1542857142856064,0.0,0,0,0,0.0,0.0,0.0
845,31,37,1,0.0,0.0,0.0,0.0,0.0,459.59071428571434,0.0,0.0,0.0,0.0,0.0,0.0,0.0,0,0,0.8939285714285715,0.8939285714285715,0.0,0.0,0.0,1,1,0,0,0,0,0,0,0,0.0,0.0,0.0,0,0,0,1,0,0,0,0,0.0,0.0,0.8939285714285715,0.8939285714285715,0.0,0.0,0.0,0.0,0.0,0,0,0,0.0,0.0,0.0
34,48,104,1,1.0,3.0,1.0,1.0,0.0,188.60857142857142,1343.2589285714287,0.0,0.0,728.6689285714285,0.0,18889.293928571427,18134.3675,11,4,8458.406428571428,7683.438214285714,1107.142857142857,844.5753571428571,5775.094285714286,54,19,6,33,11,0,1,1,0,1343.2589285714287,0.0,0.0,1,1,1,1,1,1,1,1,1717.2085389610388,4533.591875,156.63715608465608,404.39148496240597,184.52380952380952,25.59319264069264,525.0085714285715,754.9264285714271,774.9682142857146,1,0,0,0.6010714285714285,0.0,0.0
134,32,128,1,0.0,0.0,0.0,0.0,1.0,2809.1978571428567,0.0,0.0,0.0,0.0,7237.215357142857,528.7110714285715,433.42928571428575,3,2,403.82142857142856,401.0,285.7142857142857,0.0,0.0,6,5,2,0,0,1,0,0,1,0.0,0.0,7237.215357142857,1,1,1,1,1,1,0,0,176.23702380952383,216.71464285714288,67.30357142857143,80.2,142.85714285714286,0.0,0.0,95.28178571428572,2.821428571428555,0,0,1,0.0,0.0,20.139999999999997
250,31,42,1,0.0,0.0,0.0,0.0,0.0,536.9514285714286,0.0,0.0,0.0,0.0,0.0,3460.529285714286,3460.529285714286,5,5,2245.5628571428574,2245.5628571428574,635.1446428571428,1043.1371428571429,0.0,24,24,2,17,0,0,0,0,0,0.0,0.0,0.0,1,1,0,1,0,1,1,0,692.1058571428572,692.1058571428572,93.56511904761906,93.56511904761906,317.5723214285714,61.361008403361346,0.0,0.0,0.0,0,0,0,0.0,0.0,0.0
1202,74,62,3,0.0,0.0,0.0,0.0,0.0,1500.8082142857143,0.0,0.0,0.0,0.0,0.0,196.445,196.445,2,2,53.57142857142857,53.57142857142857,0.0,44.142857142857146,7.464285714285714,4,4,0,1,2,1,0,0,0,0.0,0.0,0.0,1,1,0,1,0,0,1,1,98.2225,98.2225,13.392857142857142,13.392857142857142,0.0,44.142857142857146,3.732142857142857,0.0,0.0,0,0,0,0.0,0.0,0.0
68,54,20,1,0.0,0.0,1.0,0.0,0.0,4714.448214285714,0.0,0.0,0.0,0.0,0.0,874.6642857142857,832.8860714285714,6,4,815.5914285714287,773.8510714285715,678.5553571428571,34.339285714285715,10.714285714285714,33,31,13,3,1,1,0,0,0,0.0,0.0,0.0,1,1,1,1,1,1,1,1,145.77738095238095,208.22151785714286,24.71489177489178,24.962937788018433,52.19656593406593,11.446428571428571,10.714285714285714,41.778214285714284,41.74035714285719,0,1,0,0.0,3.5,0.0
838,24,181,1,0.0,0.0,1.0,0.0,0.0,54.482142857142854,0.0,0.0,0.0,0.0,0.0,414.825,414.825,4,4,781.5925,781.5925,107.14285714285714,338.075,335.6246428571429,20,20,1,13,5,1,0,0,0,0.0,0.0,0.0,1,1,0,1,0,1,1,1,103.70625,103.70625,39.079625,39.079625,107.14285714285714,26.00576923076923,67.12492857142857,0.0,0.0,0,0,1,0.0,0.0,3.892857142857143
1318,62,242,1,0.0,0.0,0.0,0.0,0.0,3547.1307142857145,0.0,0.0,0.0,0.0,0.0,278.865,278.865,4,4,78.5,78.5,0.0,78.5,0.0,2,2,0,2,0,0,0,0,0,0.0,0.0,0.0,1,1,0,1,0,0,1,0,69.71625,69.71625,39.25,39.25,0.0,39.25,0.0,0.0,0.0,0,0,0,0.0,0.0,0.0
438,30,217,1,0.0,0.0,0.0,0.0,0.0,8206.767142857143,0.0,0.0,0.0,0.0,0.0,536.4296428571429,536.4296428571429,3,3,480.6857142857143,480.6857142857143,300.0,89.00714285714285,89.28571428571429,17,17,4,8,2,0,0,0,0,0.0,0.0,0.0,1,1,0,1,0,1,1,1,178.80988095238095,178.80988095238095,28.275630252100843,28.275630252100843,75.0,11.125892857142857,44.642857142857146,0.0,0.0,0,1,1,0.0,4.285714285714286,18.1725
422,27,160,1,1.0,1.0,0.0,0.0,0.0,502.44607142857143,92.50607142857143,0.0,0.0,0.0,0.0,1235.7682142857143,1232.8057142857142,4,3,1471.892857142857,1471.892857142857,535.7142857142857,0.0,936.1785714285714,8,8,1,0,7,0,1,1,0,92.50607142857143,0.0,0.0,1,1,1,1,0,1,0,1,308.9420535714286,410.93523809523805,183.98660714285714,183.98660714285714,535.7142857142857,0.0,133.73979591836735,2.962500000000091,0.0,0,0,1,0.0,0.0,1.0714285714285714
479,30,96,1,1.0,1.0,1.0,1.0,0.0,74.80785714285715,4352.067857142857,0.0,0.0,627.8571428571429,0.0,887.9725,886.0814285714285,9,5,420.4785714285714,419.05,167.85714285714286,164.12142857142857,82.32142857142857,24,22,2,9,9,1,1,1,0,4352.067857142857,0.0,0.0,1,1,1,1,1,1,1,1,98.66361111111111,177.2162857142857,17.519940476190474,19.047727272727272,83.92857142857143,18.235714285714284,9.146825396825397,1.891071428571422,1.428571428571388,0,1,0,0.0,102.14642857142857,0.0
294,54,101,1,1.0,13.0,0.0,0.0,0.0,13.181785714285713,18834.435,0.0,0.0,0.0,0.0,1268.7489285714287,1264.4696428571428,4,3,1161.3214285714287,1161.3214285714287,535.7142857142857,0.0,623.3214285714286,7,7,1,0,5,0,1,1,0,18834.435,0.0,0.0,1,1,1,1,0,1,0,1,317.18723214285717,421.48988095238093,165.90306122448982,165.90306122448982,535.7142857142857,0.0,124.66428571428571,4.279285714285834,0.0,1,0,0,10.098749999999999,0.0,0.0
630,22,178,1,0.0,0.0,0.0,0.0,0.0,389.45,0.0,0.0,0.0,0.0,0.0,0.004642857142857143,0.004642857142857143,1,1,691.6428571428571,691.6428571428571,232.14285714285714,76.14285714285714,372.64285714285717,15,15,2,10,2,1,0,0,0,0.0,0.0,0.0,1,1,0,1,0,1,1,1,0.004642857142857143,0.004642857142857143,46.10952380952381,46.10952380952381,116.07142857142857,7.614285714285714,186.32142857142858,0.0,0.0,0,0,1,0.0,0.0,16.925
1215,29,55,1,0.0,0.0,0.0,0.0,0.0,3079.511428571429,0.0,0.0,0.0,0.0,0.0,887.5417857142857,887.5417857142857,4,4,1333.4321428571427,1333.4321428571427,571.4285714285714,111.21785714285714,645.1071428571429,17,17,4,3,6,1,0,0,0,0.0,0.0,0.0,1,1,0,1,0,1,1,1,221.8854464285714,221.8854464285714,78.43718487394958,78.43718487394958,142.85714285714286,37.07261904761905,107.51785714285715,0.0,0.0,0,0,0,0.0,0.0,0.0
1519,41,4,1,0.0,0.0,1.0,0.0,0.0,165.2125,0.0,0.0,1076.430357142857,0.0,0.0,582.0442857142857,437.59357142857147,8,6,696.6153571428571,437.59357142857147,178.57142857142858,0.0,110.75,10,6,1,0,2,1,0,0,0,0.0,0.0,0.0,1,1,1,1,1,1,0,1,72.75553571428571,72.93226190476192,69.6615357142857,72.93226190476192,178.57142857142858,0.0,55.375,144.45071428571424,259.0217857142856,0,1,0,0.0,0.42857142857142855,0.0
537,78,58,1,0.0,1.0,0.0,0.0,0.0,814.4560714285715,0.0,0.0,0.0,0.0,0.0,782.1517857142857,782.1517857142857,5,5,267.0575,267.0575,0.0,0.0,264.4503571428571,8,8,0,0,7,1,0,1,0,0.0,0.0,0.0,1,1,0,1,0,0,0,1,156.43035714285713,156.43035714285713,33.3821875,33.3821875,0.0,0.0,37.77862244897959,0.0,0.0,0,0,1,0.0,0.0,13.214285714285714
693,15,54,1,0.0,0.0,1.0,0.0,0.0,2889.781785714286,0.0,0.0,0.0,0.0,0.0,1581.5092857142859,1581.5092857142859,5,5,1457.8482142857142,1457.8482142857142,292.85714285714283,443.3125,712.5357142857143,65,65,10,27,21,0,0,0,0,0.0,0.0,0.0,1,1,0,1,0,1,1,1,316.30185714285716,316.30185714285716,22.428434065934066,22.428434065934066,29.285714285714285,16.41898148148148,33.93027210884354,0.0,0.0,1,0,1,0.21357142857142858,0.0,17.107142857142858
1158,33,0,1,1.0,0.0,1.0,0.0,0.0,7.142857142857143,3684.8639285714285,0.0,0.0,0.0,0.0,4396.207142857143,4272.805714285714,7,5,6316.8,4945.839999999999,1250.0,0.0,3468.272857142857,21,19,1,0,15,0,1,0,0,3684.8639285714285,0.0,0.0,1,1,1,1,1,1,0,1,628.0295918367347,854.5611428571428,300.8,260.3073684210526,1250.0,0.0,231.21819047619047,123.40142857142837,1370.960000000001,1,0,0,1.65625,0.0,0.0
1438,27,199,1,0.0,0.0,0.0,0.0,0.0,753.5307142857143,0.0,0.0,0.0,0.0,0.0,671.4289285714285,671.4289285714285,3,3,706.3214285714286,706.3214285714286,0.0,0.0,703.9285714285714,7,7,0,0,6,0,0,0,0,0.0,0.0,0.0,1,1,0,1,0,0,0,1,223.80964285714285,223.80964285714285,100.90306122448979,100.90306122448979,0.0,0.0,117.32142857142857,0.0,0.0,0,0,1,0.0,0.0,13.820714285714287
556,39,160,1,0.0,0.0,0.0,0.0,0.0,227.26214285714286,0.0,0.0,0.0,0.0,0.0,1500.0057142857145,1500.0057142857145,6,6,1355.9464285714287,1355.9464285714287,35.714285714285715,584.4107142857143,732.4285714285714,38,38,1,29,7,1,0,0,0,0.0,0.0,0.0,1,1,0,1,0,1,1,1,250.0009523809524,250.0009523809524,35.682800751879704,35.682800751879704,35.714285714285715,20.152093596059114,104.63265306122449,0.0,0.0,1,0,0,4.179285714285714,0.0,0.0
179,20,109,1,0.0,0.0,0.0,0.0,0.0,11.684642857142858,0.0,0.0,0.0,0.0,0.0,1322.144642857143,1322.144642857143,5,5,642.6071428571429,642.6071428571429,89.28571428571429,10.321428571428571,539.6071428571429,9,9,2,2,4,0,0,0,0,0.0,0.0,0.0,1,1,0,1,0,1,1,1,264.4289285714286,264.4289285714286,71.40079365079366,71.40079365079366,44.642857142857146,5.160714285714286,134.90178571428572,0.0,0.0,0,0,1,0.0,0.0,14.138571428571428
1328,54,52,1,0.0,7.0,0.0,0.0,0.0,505.8885714285714,0.0,0.0,0.0,0.0,0.0,1467.7278571428571,1467.7278571428571,3,3,1490.3392857142858,1490.3392857142858,303.57142857142856,275.26785714285717,905.8214285714286,51,51,6,18,21,1,0,1,0,0.0,0.0,0.0,1,1,0,1,0,1,1,1,489.24261904761903,489.24261904761903,29.222338935574232,29.222338935574232,50.595238095238095,15.292658730158731,43.1343537414966,0.0,0.0,0,0,0,0.0,0.0,0.0
1355,55,101,1,0.0,0.0,0.0,0.0,0.0,0.5932142857142857,0.0,0.0,0.0,0.0,0.0,921.1196428571428,921.1196428571428,2,2,0.8928571428571429,0.8928571428571429,0.0,0.0,0.0,1,1,0,0,0,0,0,0,0,0.0,0.0,0.0,1,1,0,1,0,0,0,0,460.5598214285714,460.5598214285714,0.8928571428571429,0.8928571428571429,0.0,0.0,0.0,0.0,0.0,0,1,1,0.0,3.392857142857143,5.857142857142857
282,50,152,1,1.0,0.0,1.0,0.0,0.0,750.2471428571428,6746.3125,0.0,0.0,0.0,0.0,389.1582142857143,384.7546428571428,4,2,393.5357142857143,393.5357142857143,71.42857142857143,0.0,319.07142857142856,7,7,1,0,5,1,1,0,0,6746.3125,0.0,0.0,1,1,1,1,0,1,0,1,97.28955357142857,192.3773214285714,56.21938775510204,56.21938775510204,71.42857142857143,0.0,63.81428571428571,4.4035714285714675,0.0,0,1,0,0.0,7.3567857142857145,0.0
617,29,26,1,0.0,0.0,1.0,0.0,0.0,5577.357142857143,0.0,0.0,0.0,0.0,0.0,0.013928571428571429,0.013928571428571429,1,1,1.9642857142857142,1.9642857142857142,0.0,0.0,0.0,1,1,0,0,0,0,0,0,0,0.0,0.0,0.0,1,1,0,1,0,0,0,0,0.013928571428571429,0.013928571428571429,1.9642857142857142,1.9642857142857142,0.0,0.0,0.0,0.0,0.0,0,1,0,0.0,110.47,0.0
365,60,192,1,0.0,0.0,0.0,0.0,0.0,2664.743214285714,0.0,0.0,0.0,0.0,0.0,0.0,0.0,0,0,71.25,71.25,67.85714285714286,0.0,0.0,3,3,2,0,0,1,0,0,0,0.0,0.0,0.0,0,0,0,1,0,1,0,0,0.0,0.0,23.75,23.75,33.92857142857143,0.0,0.0,0.0,0.0,0,1,0,0.0,0.8917857142857143,0.0
221,42,186,1,0.0,0.0,0.0,1.0,0.0,1442.284642857143,0.0,0.0,0.0,0.0,0.0,358.57214285714286,357.1432142857143,8,5,416.1035714285714,414.675,10.714285714285714,0.0,252.14285714285714,12,10,1,0,6,1,0,0,0,0.0,0.0,0.0,1,1,1,1,1,1,0,1,44.82151785714286,71.42864285714286,34.67529761904762,41.4675,10.714285714285714,0.0,42.023809523809526,1.428928571428571,1.428571428571388,0,0,1,0.0,0.0,7.243214285714286
500,30,150,3,1.0,3.0,0.0,0.0,0.0,1180.6592857142857,10940.430357142857,35627.709642857146,0.0,0.0,0.0,911.8089285714286,911.0814285714285,3,2,833.5678571428572,833.5678571428572,357.14285714285717,0.0,473.49642857142857,11,11,1,0,9,1,1,1,0,10940.430357142857,11875.903214285716,0.0,1,1,1,1,0,1,0,1,303.93630952380954,455.5407142857143,75.7788961038961,75.7788961038961,357.14285714285717,0.0,52.61071428571429,0.7275000000000773,0.0,1,0,1,5.881964285714285,0.0,10.083214285714286
743,57,203,1,0.0,0.0,0.0,0.0,0.0,1928.7057142857143,0.0,0.0,0.0,0.0,0.0,1586.9685714285715,1586.9685714285715,3,3,1630.162857142857,1630.162857142857,285.7142857142857,341.40928571428566,596.9642857142857,39,39,3,20,13,1,0,0,0,0.0,0.0,0.0,1,1,0,1,0,1,1,1,528.9895238095238,528.9895238095238,41.79904761904762,41.79904761904762,95.23809523809524,17.070464285714284,45.920329670329664,0.0,0.0,0,0,0,0.0,0.0,0.0
455,32,15,1,2.0,0.0,0.0,1.0,0.0,33553.847499999996,1073.4035714285715,0.0,0.0,530.3564285714285,0.0,3024.1539285714284,1683.0082142857143,24,10,2577.4185714285713,1682.9971428571428,0.0,382.4396428571428,374.42857142857144,47,10,0,24,6,0,1,0,0,536.7017857142857,0.0,0.0,1,1,1,1,1,0,1,1,126.00641369047618,168.30082142857142,54.838693009118536,168.2997142857143,0.0,15.934985119047617,62.404761904761905,1341.1457142857141,894.4214285714286,0,1,1,0.0,18.292142857142856,10.571428571428571
627,30,227,1,0.0,2.0,0.0,0.0,0.0,1604.2664285714286,0.0,4107.860357142857,0.0,0.0,0.0,2108.4353571428574,2108.4353571428574,2,2,2152.1428571428573,2152.1428571428573,0.0,0.0,2148.75,4,4,0,0,3,1,0,1,0,0.0,2053.9301785714283,0.0,1,1,0,1,0,0,0,1,1054.2176785714287,1054.2176785714287,538.0357142857143,538.0357142857143,0.0,0.0,716.25,0.0,0.0,0,0,1,0.0,0.0,9.3025
1061,21,80,1,0.0,0.0,0.0,0.0,0.0,2279.7428571428572,0.0,0.0,0.0,0.0,0.0,1785.7378571428574,1785.7378571428574,2,2,2933.65,2933.65,0.0,94.75,2371.8571428571427,18,18,0,1,14,1,0,0,0,0.0,0.0,0.0,1,1,0,1,0,0,1,1,892.8689285714287,892.8689285714287,162.98055555555555,162.98055555555555,0.0,94.75,169.41836734693877,0.0,0.0,0,0,0,0.0,0.0,0.0
1155,69,219,1,0.0,0.0,0.0,0.0,0.0,31.785714285714285,0.0,0.0,0.0,0.0,0.0,107.1432142857143,107.1432142857143,2,2,107.85714285714286,107.85714285714286,107.14285714285714,0.0,0.0,3,3,2,0,0,0,0,0,0,0.0,0.0,0.0,1,1,0,1,0,1,0,0,53.57160714285715,53.57160714285715,35.952380952380956,35.952380952380956,53.57142857142857,0.0,0.0,0.0,0.0,0,1,1,0.0,0.21428571428571427,11.97642857142857
1451,49,151,1,0.0,0.0,0.0,0.0,0.0,1877.0682142857145,0.0,0.0,0.0,0.0,0.0,107.14571428571428,107.14571428571428,2,2,304.06857142857143,304.06857142857143,250.0,54.06857142857143,0.0,2,2,1,1,0,1,0,0,0,0.0,0.0,0.0,1,1,0,1,0,1,1,0,53.57285714285714,53.57285714285714,152.03428571428572,152.03428571428572,250.0,54.06857142857143,0.0,0.0,0.0,0,0,0,0.0,0.0,0.0
1157,71,171,1,1.0,0.0,1.0,1.0,0.0,8214.664999999999,86661.13821428572,0.0,0.0,1.4285714285714286,0.0,1849.1260714285713,1696.1325,16,10,3103.2671428571425,2210.805714285714,678.5714285714286,661.7060714285715,736.2857142857143,87,75,16,31,16,0,1,0,0,86661.13821428572,0.0,0.0,1,1,1,1,1,1,1,1,115.57037946428571,169.61325,35.669737274220026,29.477409523809524,42.410714285714285,21.345357142857143,46.017857142857146,152.99357142857139,892.4614285714283,0,0,0,0.0,0.0,0.0
337,47,150,1,1.0,0.0,1.0,0.0,0.0,188.95321428571427,3591.7307142857144,0.0,874.1800000000001,0.0,0.0,1675.8867857142857,1228.220357142857,8,4,1252.9517857142857,1216.3232142857144,392.85714285714283,174.4775,197.78571428571428,23,22,5,7,6,0,1,0,0,3591.7307142857144,0.0,0.0,1,1,1,1,1,1,1,1,209.4858482142857,307.05508928571425,54.47616459627329,55.287418831168836,78.57142857142857,24.92535714285714,32.964285714285715,447.6664285714287,36.62857142857138,0,0,0,0.0,0.0,0.0
814,46,7,1,1.0,1.0,0.0,0.0,0.0,2498.932142857143,3639.594642857143,308.88214285714287,0.0,0.0,0.0,1237.5485714285714,1222.4489285714285,4,3,403.17857142857144,403.17857142857144,17.857142857142858,0.0,384.67857142857144,11,11,1,0,9,0,1,1,0,3639.594642857143,308.88214285714287,0.0,1,1,1,1,0,1,0,1,309.38714285714286,407.48297619047617,36.6525974025974,36.6525974025974,17.857142857142858,0.0,42.742063492063494,15.099642857142953,0.0,0,0,0,0.0,0.0,0.0
508,53,0,1,0.0,0.0,0.0,0.0,0.0,1329.2439285714286,0.0,0.0,0.0,0.0,0.0,1639.662857142857,1639.662857142857,3,3,1299.107142857143,1299.107142857143,0.0,60.357142857142854,1225.0,6,6,0,1,1,0,0,0,0,0.0,0.0,0.0,1,1,0,1,0,0,1,1,546.5542857142857,546.5542857142857,216.51785714285714,216.51785714285714,0.0,60.357142857142854,1225.0,0.0,0.0,0,0,0,0.0,0.0,0.0
87,45,58,1,0.0,19.0,0.0,0.0,0.0,826.4403571428572,0.0,1035.577142857143,0.0,0.0,0.0,0.00035714285714285714,0.00035714285714285714,1,1,3.392857142857143,3.392857142857143,0.0,0.0,0.0,1,1,0,0,0,1,0,1,0,0.0,54.50406015037594,0.0,1,1,0,1,0,0,0,0,0.00035714285714285714,0.00035714285714285714,3.392857142857143,3.392857142857143,0.0,0.0,0.0,0.0,0.0,1,0,0,3.875178571428571,0.0,0.0
719,35,95,1,0.0,0.0,0.0,0.0,0.0,79.39892857142857,0.0,0.0,0.0,0.0,0.0,250.00214285714287,250.00214285714287,2,2,303.35714285714283,303.35714285714283,32.142857142857146,142.64285714285714,128.57142857142858,11,11,1,8,2,0,0,0,0,0.0,0.0,0.0,1,1,0,1,0,1,1,1,125.00107142857144,125.00107142857144,27.577922077922075,27.577922077922075,32.142857142857146,17.830357142857142,64.28571428571429,0.0,0.0,0,0,0,0.0,0.0,0.0
1425,32,66,1,0.0,4.0,1.0,0.0,0.0,645.7096428571429,0.0,10888.256785714286,0.0,0.0,0.0,543.4471428571429,543.4471428571429,2,2,539.9685714285714,539.9685714285714,21.428571428571427,0.0,494.71857142857147,10,10,1,0,5,0,0,1,0,0.0,2722.0641964285714,0.0,1,1,0,1,0,1,0,1,271.72357142857146,271.72357142857146,53.99685714285714,53.99685714285714,21.428571428571427,0.0,98.9437142857143,0.0,0.0,0,1,1,0.0,6.285714285714286,24.25
444,63,250,1,0.0,0.0,0.0,0.0,1.0,494.055,0.0,0.0,0.0,0.0,608.9953571428571,222.21214285714285,117.8575,3,2,124.32142857142857,117.82142857142857,0.0,0.0,0.0,4,2,0,0,0,1,0,0,1,0.0,0.0,608.9953571428571,1,1,1,1,1,0,0,0,74.07071428571429,58.92875,31.080357142857142,58.910714285714285,0.0,0.0,0.0,104.35464285714285,6.5,0,0,1,0.0,0.0,12.046071428571429
837,56,176,1,0.0,0.0,0.0,0.0,0.0,686.4396428571429,0.0,0.0,0.0,0.0,0.0,107.71678571428572,107.71678571428572,2,2,80.92857142857143,80.92857142857143,0.0,0.0,78.75,2,2,0,0,1,1,0,0,0,0.0,0.0,0.0,1,1,0,1,0,0,0,1,53.85839285714286,53.85839285714286,40.464285714285715,40.464285714285715,0.0,0.0,78.75,0.0,0.0,0,0,0,0.0,0.0,0.0
1442,26,9,1,0.0,0.0,1.0,0.0,0.0,0.00035714285714285714,0.0,0.0,0.0,0.0,0.0,966.1914285714286,966.1914285714286,2,2,653.5335714285713,653.5335714285713,246.42857142857142,83.81928571428571,320.60714285714283,18,18,5,8,3,0,0,0,0,0.0,0.0,0.0,1,1,0,1,0,1,1,1,483.0957142857143,483.0957142857143,36.30742063492063,36.30742063492063,49.285714285714285,10.477410714285714,106.8690476190476,0.0,0.0,1,0,1,8.280714285714286,0.0,15.799999999999999
1275,66,84,1,0.0,0.0,0.0,0.0,0.0,39.791785714285716,0.0,0.0,0.0,0.0,0.0,0.009642857142857144,0.009642857142857144,1,1,2.531071428571429,2.531071428571429,0.0,0.0,0.0,2,2,0,0,0,0,0,0,0,0.0,0.0,0.0,1,1,0,1,0,0,0,0,0.009642857142857144,0.009642857142857144,1.2655357142857144,1.2655357142857144,0.0,0.0,0.0,0.0,0.0,1,0,0,0.9698214285714286,0.0,0.0
378,75,44,1,1.0,0.0,1.0,0.0,0.0,3677.9396428571426,16080.903928571428,0.0,0.0,0.0,0.0,2567.2960714285714,2567.187857142857,3,2,1556.8857142857144,1556.8857142857144,0.0,62.778571428571425,1490.392857142857,8,8,0,1,5,1,1,0,0,16080.903928571428,0.0,0.0,1,1,1,1,0,0,1,1,855.7653571428572,1283.5939285714285,194.6107142857143,194.6107142857143,0.0,62.778571428571425,298.0785714285714,0.10821428571443903,0.0,0,0,0,0.0,0.0,0.0
776,33,152,2,1.0,1.0,0.0,0.0,0.0,0.0,10977.926785714286,11162.439642857144,0.0,0.0,0.0,393.0678571428571,392.89428571428573,4,3,339.42571428571426,339.42571428571426,0.0,0.0,334.7471428571429,9,9,0,0,8,1,1,1,0,10977.926785714286,11162.439642857144,0.0,1,1,1,1,0,0,0,1,98.26696428571428,130.9647619047619,37.713968253968254,37.713968253968254,0.0,0.0,41.84339285714286,0.17357142857139252,0.0,0,0,1,0.0,0.0,3.1489285714285713
888,46,150,1,0.0,0.0,0.0,0.0,0.0,137.52178571428573,0.0,0.0,0.0,0.0,0.0,407.68142857142857,407.68142857142857,4,4,387.67857142857144,387.67857142857144,357.14285714285717,0.0,0.0,5,5,1,0,0,0,0,0,0,0.0,0.0,0.0,1,1,0,1,0,1,0,0,101.92035714285714,101.92035714285714,77.53571428571429,77.53571428571429,357.14285714285717,0.0,0.0,0.0,0.0,0,0,0,0.0,0.0,0.0
177,22,71,1,0.0,0.0,0.0,0.0,0.0,3515.7771428571427,0.0,0.0,0.0,0.0,0.0,540.5871428571429,540.5871428571429,2,2,180.96428571428572,180.96428571428572,0.0,0.0,178.57142857142858,3,3,0,0,2,0,0,0,0,0.0,0.0,0.0,1,1,0,1,0,0,0,1,270.29357142857145,270.29357142857145,60.32142857142858,60.32142857142858,0.0,0.0,89.28571428571429,0.0,0.0,0,0,0,0.0,0.0,0.0
881,72,179,2,0.0,0.0,0.0,0.0,0.0,3024.1453571428574,0.0,0.0,0.0,0.0,0.0,0.0035714285714285718,0.0035714285714285718,1,1,107.60714285714286,107.60714285714286,107.14285714285714,0.0,0.0,2,2,1,0,0,1,0,0,0,0.0,0.0,0.0,1,1,0,1,0,1,0,0,0.0035714285714285718,0.0035714285714285718,53.80357142857143,53.80357142857143,107.14285714285714,0.0,0.0,0.0,0.0,0,0,1,0.0,0.0,6.664642857142858
1041,61,11,1,0.0,1.0,1.0,1.0,0.0,22.291071428571428,0.0,178571.42857142858,0.0,30.928571428571427,0.0,7830.309642857143,4444.768214285714,22,13,7356.996785714286,4700.996785714286,89.28571428571429,787.1374999999999,882.3571428571429,31,14,2,7,3,1,0,1,0,0.0,178571.42857142858,0.0,1,1,1,1,1,1,1,1,355.9231655844156,341.90524725274724,237.32247695852533,335.78548469387755,44.642857142857146,112.44821428571427,294.11904761904765,3385.5414285714296,2656.0,0,1,1,0.0,3.392857142857143,17.563214285714285
1386,52,8,1,1.0,0.0,0.0,0.0,0.0,74.68214285714285,27918.04535714286,0.0,0.0,0.0,0.0,9.748214285714285,0.026071428571428572,2,1,0.0,0.0,0.0,0.0,0.0,0,0,0,0,0,0,1,0,0,27918.04535714286,0.0,0.0,1,1,1,0,0,0,0,0,4.8741071428571425,0.026071428571428572,0.0,0.0,0.0,0.0,0.0,9.722142857142856,0.0,0,0,0,0.0,0.0,0.0
96,30,151,1,1.0,2.0,0.0,0.0,0.0,22.32857142857143,2077.6125,14285.714285714286,0.0,0.0,0.0,438.7257142857143,438.29857142857145,3,2,110.35714285714286,110.35714285714286,0.0,0.0,108.57142857142857,3,3,0,0,2,1,1,1,0,2077.6125,7142.857142857143,0.0,1,1,1,1,0,0,0,1,146.24190476190475,219.14928571428572,36.785714285714285,36.785714285714285,0.0,0.0,54.285714285714285,0.42714285714282596,0.0,0,1,0,0.0,6.107142857142857,0.0
1330,6,31,1,1.0,0.0,0.0,0.0,0.0,5264.3267857142855,118932.76392857144,0.0,0.0,0.0,0.0,343.3767857142857,343.3767857142857,3,3,342.85714285714283,342.85714285714283,342.85714285714283,0.0,0.0,2,2,2,0,0,1,1,0,0,118932.76392857144,0.0,0.0,1,1,0,1,0,1,0,0,114.45892857142856,114.45892857142856,171.42857142857142,171.42857142857142,171.42857142857142,0.0,0.0,0.0,0.0,0,1,0,0.0,4.357142857142857,0.0
646,45,4,1,0.0,0.0,1.0,0.0,0.0,484.39035714285717,0.0,0.0,0.0,0.0,0.0,948.2732142857143,888.9685714285714,12,10,898.8360714285715,839.5607142857143,42.857142857142854,32.47035714285714,704.5,17,15,3,3,5,1,0,0,0,0.0,0.0,0.0,1,1,1,1,1,1,1,1,79.02276785714285,88.89685714285714,52.87271008403361,55.97071428571429,14.285714285714285,10.82345238095238,140.9,59.30464285714288,59.27535714285716,0,0,0,0.0,0.0,0.0
1253,50,134,1,0.0,0.0,1.0,0.0,0.0,1181.3639285714287,0.0,0.0,0.0,0.0,0.0,345.7682142857143,345.7682142857143,5,5,418.67857142857144,418.67857142857144,0.0,0.0,414.32142857142856,14,14,0,0,13,1,0,0,0,0.0,0.0,0.0,1,1,0,1,0,0,0,1,69.15364285714286,69.15364285714286,29.90561224489796,29.90561224489796,0.0,0.0,31.87087912087912,0.0,0.0,0,1,1,0.0,6.0,11.496071428571428
252,45,79,1,1.0,0.0,0.0,0.0,0.0,130.73357142857142,8247.858214285714,0.0,0.0,0.0,0.0,398.1464285714286,0.03321428571428572,5,1,969.7142857142857,969.7142857142857,0.0,775.0714285714286,190.60714285714286,5,5,0,1,3,1,1,0,0,8247.858214285714,0.0,0.0,1,1,1,1,0,0,1,1,79.62928571428571,0.03321428571428572,193.94285714285712,193.94285714285712,0.0,775.0714285714286,63.535714285714285,398.1132142857143,0.0,0,1,0,0.0,5.638571428571429,0.0
1245,51,181,1,0.0,0.0,0.0,0.0,0.0,538.6903571428571,0.0,0.0,0.0,0.0,0.0,3398.0385714285717,3398.0385714285717,7,7,2658.7642857142855,2658.7642857142855,1785.7142857142858,76.69285714285715,793.6428571428571,9,9,2,1,5,1,0,0,0,0.0,0.0,0.0,1,1,0,1,0,1,1,1,485.4340816326531,485.4340816326531,295.41825396825396,295.41825396825396,892.8571428571429,76.69285714285715,158.72857142857143,0.0,0.0,0,0,0,0.0,0.0,0.0
804,70,130,2,1.0,0.0,0.0,0.0,0.0,0.0,12053.176428571429,0.0,0.0,0.0,0.0,178.57357142857146,178.57357142857146,2,2,108.75357142857142,108.75357142857142,0.0,0.0,0.0,3,3,0,0,0,1,1,0,0,12053.176428571429,0.0,0.0,1,1,0,1,0,0,0,0,89.28678571428573,89.28678571428573,36.25119047619047,36.25119047619047,0.0,0.0,0.0,0.0,0.0,0,0,0,0.0,0.0,0.0
873,31,150,1,0.0,0.0,0.0,0.0,0.0,107.2625,0.0,0.0,0.0,0.0,0.0,20647.720714285715,20647.720714285715,13,13,35196.56642857143,35196.56642857143,0.0,1745.1371428571426,30069.696428571428,64,64,0,31,23,0,0,0,0,0.0,0.0,0.0,1,1,0,1,0,0,1,1,1588.2862087912088,1588.2862087912088,549.9463504464286,549.9463504464286,0.0,56.29474654377879,1307.378105590062,0.0,0.0,0,1,1,0.0,16.52357142857143,12.75
1387,72,107,1,0.0,0.0,1.0,0.0,1.0,853.342857142857,0.0,0.0,0.0,0.0,11462.720357142856,362.1025,211.32071428571427,7,5,433.85571428571427,211.32071428571427,0.0,0.0,17.857142857142858,12,5,0,0,2,1,0,0,1,0.0,0.0,11462.720357142856,1,1,1,1,1,0,0,1,51.728928571428575,42.26414285714286,36.15464285714285,42.26414285714286,0.0,0.0,8.928571428571429,150.78178571428575,222.535,0,0,0,0.0,0.0,0.0
1106,36,19,1,0.0,0.0,0.0,0.0,0.0,241.27821428571428,0.0,0.0,0.0,0.0,0.0,309.2864285714286,309.2864285714286,3,3,292.5357142857143,292.5357142857143,192.85714285714286,0.0,99.46428571428571,8,8,5,0,2,1,0,0,0,0.0,0.0,0.0,1,1,0,1,0,1,0,1,103.09547619047619,103.09547619047619,36.566964285714285,36.566964285714285,38.57142857142857,0.0,49.732142857142854,0.0,0.0,0,0,0,0.0,0.0,0.0
1605,63,44,2,0.0,0.0,0.0,0.0,0.0,79.14285714285714,0.0,0.0,0.0,0.0,0.0,659.2539285714286,659.2539285714286,4,4,680.5478571428572,680.5478571428572,300.0,148.33357142857145,230.96428571428572,18,18,7,7,3,1,0,0,0,0.0,0.0,0.0,1,1,0,1,0,1,1,1,164.81348214285714,164.81348214285714,37.808214285714286,37.808214285714286,42.857142857142854,21.190510204081637,76.98809523809524,0.0,0.0,0,0,0,0.0,0.0,0.0
288,32,151,1,0.0,0.0,0.0,0.0,0.0,3661.9582142857143,0.0,0.0,0.0,0.0,0.0,645.2521428571429,645.2521428571429,2,2,729.5749999999999,729.5749999999999,242.85714285714286,135.075,348.92857142857144,16,16,4,4,5,0,0,0,0,0.0,0.0,0.0,1,1,0,1,0,1,1,1,322.62607142857144,322.62607142857144,45.598437499999996,45.598437499999996,60.714285714285715,33.76875,69.78571428571429,0.0,0.0,0,0,0,0.0,0.0,0.0
966,44,217,1,0.0,0.0,0.0,0.0,0.0,476.2132142857143,0.0,0.0,0.0,0.0,0.0,0.0,0.0,0,0,0.8939285714285715,0.8939285714285715,0.0,0.0,0.0,1,1,0,0,0,1,0,0,0,0.0,0.0,0.0,0,0,0,1,0,0,0,0,0.0,0.0,0.8939285714285715,0.8939285714285715,0.0,0.0,0.0,0.0,0.0,0,1,0,0.0,203.7907142857143,0.0
1351,40,149,1,1.0,5.0,0.0,0.0,0.0,45.98107142857143,7402.633928571428,932.4157142857142,0.0,0.0,0.0,454.6146428571428,449.305,3,2,403.6642857142857,403.6642857142857,0.0,107.73571428571428,293.42857142857144,14,14,0,7,6,0,1,1,0,7402.633928571428,186.48314285714284,0.0,1,1,1,1,0,0,1,1,151.53821428571428,224.6525,28.833163265306123,28.833163265306123,0.0,15.390816326530611,48.904761904761905,5.309642857142819,0.0,0,0,0,0.0,0.0,0.0
605,59,88,1,0.0,0.0,0.0,0.0,0.0,0.0,0.0,0.0,0.0,0.0,0.0,5837.145357142857,5837.145357142857,10,10,6606.607142857143,6606.607142857143,0.0,0.0,6602.357142857143,19,19,0,0,18,1,0,0,0,0.0,0.0,0.0,1,1,0,1,0,0,0,1,583.7145357142857,583.7145357142857,347.7161654135339,347.7161654135339,0.0,0.0,366.79761904761904,0.0,0.0,0,0,0,0.0,0.0,0.0
1488,73,233,1,0.0,0.0,0.0,0.0,1.0,0.0,0.0,0.0,0.0,0.0,3420.845357142857,896.8803571428572,815.8592857142858,5,4,696.1482142857143,689.3625000000001,303.57142857142856,67.1125,157.10714285714286,24,22,6,8,4,1,0,0,1,0.0,0.0,3420.845357142857,1,1,1,1,1,1,1,1,179.37607142857144,203.96482142857144,29.006175595238094,31.334659090909096,50.595238095238095,8.3890625,39.276785714285715,81.02107142857142,6.785714285714221,0,0,1,0.0,0.0,6.071428571428571
1327,57,124,1,0.0,0.0,0.0,0.0,0.0,7733.049285714286,0.0,0.0,0.0,0.0,0.0,275.15535714285716,139.28642857142856,3,2,144.16857142857143,142.38285714285715,0.0,0.0,0.0,3,2,0,0,0,1,0,0,0,0.0,0.0,0.0,1,1,1,1,1,0,0,0,91.71845238095239,69.64321428571428,48.05619047619047,71.19142857142857,0.0,0.0,0.0,135.8689285714286,1.7857142857142776,0,0,0,0.0,0.0,0.0
1246,42,180,1,0.0,0.0,0.0,0.0,0.0,12519.4,0.0,0.0,0.0,0.0,0.0,0.03357142857142857,0.03357142857142857,1,1,500.8878571428572,500.8878571428572,440.4785714285714,19.082142857142856,35.714285714285715,10,10,3,2,1,0,0,0,0,0.0,0.0,0.0,1,1,0,1,0,1,1,1,0.03357142857142857,0.03357142857142857,50.08878571428572,50.08878571428572,146.82619047619048,9.541071428571428,35.714285714285715,0.0,0.0,0,1,1,0.0,4.464285714285714,4.785714285714286
1323,70,213,1,0.0,0.0,0.0,0.0,0.0,325.3625,0.0,0.0,0.0,0.0,0.0,575.4332142857143,575.4332142857143,5,5,252.75,252.75,0.0,120.60714285714286,132.14285714285714,6,6,0,4,2,0,0,0,0,0.0,0.0,0.0,1,1,0,1,0,0,1,1,115.08664285714285,115.08664285714285,42.125,42.125,0.0,30.151785714285715,66.07142857142857,0.0,0.0,0,0,1,0.0,0.0,9.928571428571429
1450,41,66,1,0.0,0.0,0.0,0.0,0.0,83.72214285714286,0.0,0.0,0.0,0.0,0.0,125.00107142857144,125.00107142857144,2,2,279.8857142857143,279.8857142857143,32.142857142857146,247.74285714285716,0.0,18,18,1,17,0,1,0,0,0,0.0,0.0,0.0,1,1,0,1,0,1,1,0,62.50053571428572,62.50053571428572,15.54920634920635,15.54920634920635,32.142857142857146,14.57310924369748,0.0,0.0,0.0,1,0,0,3.89875,0.0,0.0
295,46,38,2,0.0,0.0,0.0,0.0,0.0,2414.488214285714,0.0,0.0,0.0,0.0,0.0,772.4007142857143,772.4007142857143,2,2,1095.4292857142857,1095.4292857142857,1071.4285714285713,0.0,21.822142857142858,4,4,2,0,1,1,0,0,0,0.0,0.0,0.0,1,1,0,1,0,1,0,1,386.2003571428572,386.2003571428572,273.8573214285714,273.8573214285714,535.7142857142857,0.0,21.822142857142858,0.0,0.0,0,0,0,0.0,0.0,0.0
895,22,25,1,1.0,0.0,0.0,0.0,0.0,997.9667857142857,26797.119285714285,0.0,0.0,0.0,0.0,478.35035714285715,464.8385714285714,4,2,542.3214285714286,542.3214285714286,535.7142857142857,0.0,6.607142857142857,4,4,3,0,1,0,1,0,0,26797.119285714285,0.0,0.0,1,1,1,1,0,1,0,1,119.58758928571429,232.4192857142857,135.58035714285714,135.58035714285714,178.57142857142856,0.0,6.607142857142857,13.511785714285736,0.0,0,1,0,0.0,4.286785714285714,0.0
222,70,68,1,0.0,0.0,0.0,0.0,0.0,0.0,0.0,0.0,0.0,0.0,0.0,879.9689285714286,879.9689285714286,3,3,815.0714285714286,815.0714285714286,0.0,28.392857142857142,757.1428571428571,14,14,0,1,10,0,0,0,0,0.0,0.0,0.0,1,1,0,1,0,0,1,1,293.3229761904762,293.3229761904762,58.21938775510204,58.21938775510204,0.0,28.392857142857142,75.71428571428571,0.0,0.0,1,0,1,8.917321428571428,0.0,2.107142857142857
937,65,80,1,0.0,0.0,0.0,0.0,0.0,361.58964285714285,0.0,0.0,0.0,0.0,0.0,378.07428571428574,378.07428571428574,2,2,433.0357142857143,433.0357142857143,107.14285714285714,0.0,322.64285714285717,8,8,1,0,6,1,0,0,0,0.0,0.0,0.0,1,1,0,1,0,1,0,1,189.03714285714287,189.03714285714287,54.129464285714285,54.129464285714285,107.14285714285714,0.0,53.773809523809526,0.0,0.0,0,0,0,0.0,0.0,0.0
1557,77,150,1,0.0,2.0,0.0,0.0,0.0,55.55464285714286,0.0,0.0,0.0,0.0,0.0,1837.5314285714285,1837.5314285714285,10,10,1791.25,1791.25,0.0,0.0,0.0,2,2,0,0,0,0,0,1,0,0.0,0.0,0.0,1,1,0,1,0,0,0,0,183.75314285714285,183.75314285714285,895.625,895.625,0.0,0.0,0.0,0.0,0.0,0,0,1,0.0,0.0,8.107142857142858
173,23,150,1,0.0,0.0,0.0,0.0,0.0,3913.7982142857145,0.0,0.0,0.0,0.0,0.0,0.02107142857142857,0.02107142857142857,1,1,1.9642857142857142,1.9642857142857142,0.0,0.0,0.0,1,1,0,0,0,1,0,0,0,0.0,0.0,0.0,1,1,0,1,0,0,0,0,0.02107142857142857,0.02107142857142857,1.9642857142857142,1.9642857142857142,0.0,0.0,0.0,0.0,0.0,0,0,0,0.0,0.0,0.0
495,19,150,1,0.0,5.0,0.0,1.0,0.0,8.540357142857143,0.0,6667.976428571428,0.0,641.5753571428571,0.0,3683.2010714285716,3582.39,12,6,8534.410714285714,5232.782142857142,1785.7142857142858,699.5892857142857,3045.464285714286,57,42,10,11,23,0,0,1,0,0.0,1333.5952857142856,0.0,1,1,1,1,1,1,1,1,306.93342261904763,597.0649999999999,149.7265037593985,124.59005102040815,178.57142857142858,63.59902597402597,132.41149068322983,100.81107142857172,3301.6285714285714,0,0,1,0.0,0.0,4.488214285714286
597,69,12,1,0.0,0.0,1.0,0.0,0.0,4552.889642857143,0.0,0.0,482.61285714285714,0.0,0.0,574.9003571428572,502.9432142857143,11,9,743.8635714285714,489.4925,89.28571428571429,169.77857142857144,157.0067857142857,20,14,3,3,4,1,0,0,0,0.0,0.0,0.0,1,1,1,1,1,1,1,1,52.263668831168836,55.882579365079366,37.19317857142857,34.96375,29.761904761904763,56.59285714285715,39.25169642857143,71.95714285714286,254.37107142857138,0,0,0,0.0,0.0,0.0
1554,46,150,1,0.0,0.0,0.0,0.0,0.0,9641.124642857143,0.0,0.0,0.0,0.0,0.0,174.2867857142857,174.2867857142857,3,3,350.81857142857143,350.81857142857143,125.0,13.782857142857143,204.89285714285714,10,10,3,4,2,0,0,0,0,0.0,0.0,0.0,1,1,0,1,0,1,1,1,58.095595238095235,58.095595238095235,35.081857142857146,35.081857142857146,41.666666666666664,3.4457142857142857,102.44642857142857,0.0,0.0,0,1,0,0.0,2.138571428571429,0.0
678,16,57,1,1.0,3.0,0.0,0.0,0.0,2730.121428571428,0.0,761235.5042857144,0.0,0.0,0.0,8.304285714285715,0.0,1,0,0.0,0.0,0.0,0.0,0.0,0,0,0,0,0,0,1,1,0,0.0,253745.16809523813,0.0,1,0,1,0,0,0,0,0,8.304285714285715,0.0,0.0,0.0,0.0,0.0,0.0,8.304285714285715,0.0,0,0,1,0.0,0.0,17.154642857142857
815,42,150,1,0.0,0.0,0.0,0.0,0.0,4523.646785714286,0.0,0.0,0.0,0.0,0.0,1107.1442857142858,1107.1442857142858,3,3,1210.8103571428571,1210.8103571428571,0.0,210.74642857142857,217.67857142857142,12,12,0,6,2,1,0,0,0,0.0,0.0,0.0,1,1,0,1,0,0,1,1,369.0480952380953,369.0480952380953,100.9008630952381,100.9008630952381,0.0,35.12440476190476,108.83928571428571,0.0,0.0,0,0,0,0.0,0.0,0.0
1429,28,150,1,0.0,0.0,1.0,1.0,1.0,0.0,0.0,0.0,0.0,1767.785357142857,1621.4217857142855,2063.3407142857145,1619.2589285714287,23,17,2475.149642857143,1619.2589285714287,142.85714285714286,36.10357142857143,978.3257142857143,40,20,1,1,10,1,0,0,1,0.0,0.0,1621.4217857142855,1,1,1,1,1,1,1,1,89.71046583850932,95.25052521008404,61.87874107142858,80.96294642857143,142.85714285714286,36.10357142857143,97.83257142857143,444.08178571428584,855.8907142857145,0,0,0,0.0,0.0,0.0
475,68,113,1,1.0,1.0,0.0,0.0,0.0,9428.947857142857,3586.7517857142857,0.0,0.0,0.0,0.0,1758.7685714285712,1757.7225,5,4,1351.6692857142857,1351.6692857142857,178.57142857142858,214.06214285714285,944.75,23,23,2,6,14,0,1,1,0,3586.7517857142857,0.0,0.0,1,1,1,1,0,1,1,1,351.75371428571424,439.430625,58.7682298136646,58.7682298136646,89.28571428571429,35.67702380952381,67.48214285714286,1.0460714285711674,0.0,0,1,0,0.0,42.68857142857143,0.0
271,24,70,1,2.0,1.0,0.0,0.0,0.0,0.0014285714285714286,3822.741785714286,4394.670714285714,0.0,0.0,0.0,391.65785714285715,242.8232142857143,7,5,123.80535714285715,123.80535714285715,0.0,0.0,120.41250000000001,8,8,0,0,7,1,1,1,0,1911.370892857143,4394.670714285714,0.0,1,1,1,1,0,0,0,1,55.951122448979596,48.56464285714286,15.475669642857143,15.475669642857143,0.0,0.0,17.201785714285716,148.83464285714285,0.0,0,1,1,0.0,3.573928571428571,6.642857142857143
323,38,63,1,0.0,0.0,0.0,0.0,0.0,3743.776428571429,0.0,0.0,0.0,0.0,0.0,768.7171428571429,768.7171428571429,6,6,837.0317857142857,837.0317857142857,785.7142857142857,0.0,47.924642857142864,10,10,7,0,2,0,0,0,0,0.0,0.0,0.0,1,1,0,1,0,1,0,1,128.11952380952383,128.11952380952383,83.70317857142857,83.70317857142857,112.24489795918366,0.0,23.962321428571432,0.0,0.0,1,1,0,0.7625000000000001,4.036785714285714,0.0
1094,25,8,1,0.0,0.0,0.0,0.0,0.0,89.02250000000001,0.0,0.0,0.0,0.0,0.0,0.011785714285714287,0.011785714285714287,1,1,1366.3139285714285,1366.3139285714285,53.57142857142857,351.9503571428572,891.3278571428572,31,31,1,21,4,1,0,0,0,0.0,0.0,0.0,1,1,0,1,0,1,1,1,0.011785714285714287,0.011785714285714287,44.074642857142855,44.074642857142855,53.57142857142857,16.75954081632653,222.8319642857143,0.0,0.0,0,1,0,0.0,5.138571428571429,0.0
1536,70,63,1,0.0,0.0,0.0,1.0,0.0,1009.0710714285715,0.0,0.0,0.0,2.357142857142857,0.0,2011.0849999999998,1494.2214285714285,7,4,2824.1785714285716,2822.75,1946.4285714285713,17.035714285714285,460.35714285714283,25,23,7,1,11,0,0,0,0,0.0,0.0,0.0,1,1,1,1,1,1,1,1,287.29785714285714,373.55535714285713,112.96714285714286,122.72826086956522,278.0612244897959,17.035714285714285,41.85064935064935,516.8635714285713,1.4285714285715585,1,0,0,1.375714285714286,0.0,0.0
205,19,9,1,0.0,0.0,1.0,0.0,0.0,3234.503214285714,0.0,0.0,29.37607142857143,0.0,0.0,713.7528571428572,713.7528571428572,5,5,819.285,819.285,35.714285714285715,86.5,693.8207142857143,15,15,1,1,12,1,0,0,0,0.0,0.0,0.0,1,1,0,1,0,1,1,1,142.75057142857145,142.75057142857145,54.619,54.619,35.714285714285715,86.5,57.81839285714286,0.0,0.0,0,0,0,0.0,0.0,0.0
1483,69,41,1,0.0,0.0,0.0,0.0,0.0,856.2492857142857,0.0,0.0,0.0,0.0,0.0,522.0367857142858,522.0367857142858,2,2,541.075,541.075,339.2857142857143,26.789285714285715,142.85714285714286,11,11,3,2,2,1,0,0,0,0.0,0.0,0.0,1,1,0,1,0,1,1,1,261.0183928571429,261.0183928571429,49.18863636363637,49.18863636363637,113.09523809523809,13.394642857142857,71.42857142857143,0.0,0.0,0,0,1,0.0,0.0,11.718214285714286
1515,51,105,1,1.0,1.0,0.0,0.0,0.0,4640.969285714285,11701.81,19866.071428571428,0.0,0.0,0.0,180.3642857142857,178.57214285714286,5,3,35.714285714285715,35.714285714285715,0.0,0.0,35.714285714285715,1,1,0,0,1,0,1,1,0,11701.81,19866.071428571428,0.0,1,1,1,1,0,0,0,1,36.07285714285714,59.52404761904762,35.714285714285715,35.714285714285715,0.0,0.0,35.714285714285715,1.792142857142835,0.0,0,0,0,0.0,0.0,0.0
1549,34,237,1,1.0,0.0,0.0,0.0,0.0,1161.5057142857142,57906.44357142857,0.0,0.0,0.0,0.0,7446.471428571429,285.80285714285714,10,2,8567.43642857143,8567.338214285714,0.0,84.90964285714286,8477.5,14,9,0,1,6,1,1,0,0,57906.44357142857,0.0,0.0,1,1,1,1,1,0,1,1,744.6471428571429,142.90142857142857,611.9597448979592,951.9264682539682,0.0,84.90964285714286,1412.9166666666667,7160.668571428572,0.09821428571558499,1,1,1,0.3682142857142857,2.6792857142857143,133.27535714285713
218,40,26,1,0.0,0.0,1.0,0.0,1.0,121.69535714285713,0.0,0.0,0.0,0.0,1280.5314285714285,1950.9017857142858,1373.1585714285716,17,14,2083.9275000000002,1363.6978571428572,485.7142857142857,39.0,216.85714285714286,27,14,4,2,2,1,0,0,1,0.0,0.0,1280.5314285714285,1,1,1,1,1,1,1,1,114.75892857142857,98.08275510204082,77.1825,97.40698979591836,121.42857142857143,19.5,108.42857142857143,577.7432142857142,720.2296428571431,0,0,0,0.0,0.0,0.0
75,59,57,1,1.0,35.0,0.0,0.0,0.0,3707.065714285714,5589.0225,4392.478571428571,0.0,0.0,0.0,503.6742857142857,496.2525,5,2,511.2857142857143,511.2857142857143,53.57142857142857,188.67857142857142,266.5357142857143,13,13,1,6,5,1,1,1,0,5589.0225,125.49938775510202,0.0,1,1,1,1,0,1,1,1,100.73485714285714,248.12625,39.32967032967033,39.32967032967033,53.57142857142857,31.44642857142857,53.30714285714286,7.421785714285704,0.0,1,0,0,0.004821428571428572,0.0,0.0
533,63,27,1,0.0,0.0,0.0,0.0,0.0,50.0,0.0,0.0,0.0,0.0,0.0,7.143928571428572,7.143928571428572,2,2,8.642857142857142,8.642857142857142,3.5714285714285716,4.607142857142857,0.0,3,3,1,1,0,0,0,0,0,0.0,0.0,0.0,1,1,0,1,0,1,1,0,3.571964285714286,3.571964285714286,2.880952380952381,2.880952380952381,3.5714285714285716,4.607142857142857,0.0,0.0,0.0,1,0,0,0.4473214285714286,0.0,0.0
52,43,53,1,0.0,0.0,0.0,1.0,0.0,960.5725,0.0,0.0,0.0,0.4642857142857143,0.0,49.799642857142864,0.0,4,0,36.60321428571429,1.9642857142857142,17.857142857142858,0.0,0.0,8,1,1,0,0,0,0,0,0,0.0,0.0,0.0,1,0,1,1,1,1,0,0,12.449910714285716,0.0,4.575401785714286,1.9642857142857142,17.857142857142858,0.0,0.0,49.799642857142864,34.63892857142857,0,0,0,0.0,0.0,0.0
1302,66,69,1,1.0,0.0,0.0,0.0,0.0,35.83464285714286,1888.0625,0.0,0.0,0.0,0.0,16.9525,0.011785714285714287,3,1,1470.8103571428571,1113.6675,0.0,238.67035714285717,822.1071428571429,9,8,0,4,2,1,1,0,0,1888.0625,0.0,0.0,1,1,1,1,1,0,1,1,5.650833333333334,0.011785714285714287,163.423373015873,139.2084375,0.0,59.66758928571429,411.05357142857144,16.940714285714286,357.1428571428571,1,1,0,10.126428571428573,0.42857142857142855,0.0
425,72,150,1,0.0,0.0,0.0,0.0,0.0,1313.5132142857144,0.0,0.0,0.0,0.0,0.0,465.0207142857143,465.0207142857143,3,3,436.1432142857143,436.1432142857143,250.0,0.0,185.71464285714288,6,6,1,0,4,1,0,0,0,0.0,0.0,0.0,1,1,0,1,0,1,0,1,155.00690476190476,155.00690476190476,72.69053571428572,72.69053571428572,250.0,0.0,46.42866071428572,0.0,0.0,0,0,0,0.0,0.0,0.0
1062,64,2,1,1.0,0.0,0.0,0.0,0.0,7.6274999999999995,18634.06,0.0,0.0,0.0,0.0,10.911071428571429,0.0,1,0,0.0,0.0,0.0,0.0,0.0,0,0,0,0,0,0,1,0,0,18634.06,0.0,0.0,1,0,1,0,0,0,0,0,10.911071428571429,0.0,0.0,0.0,0.0,0.0,0.0,10.911071428571429,0.0,0,0,0,0.0,0.0,0.0
1563,24,12,1,0.0,0.0,1.0,0.0,0.0,127.68142857142857,0.0,0.0,0.0,0.0,0.0,1544.1257142857141,1544.1257142857141,8,8,7073.650000000001,7073.650000000001,357.14285714285717,62.65714285714286,2905.035714285714,23,23,1,6,12,1,0,0,0,0.0,0.0,0.0,1,1,0,1,0,1,1,1,193.01571428571427,193.01571428571427,307.55,307.55,357.14285714285717,10.442857142857143,242.08630952380952,0.0,0.0,0,0,1,0.0,0.0,10.771785714285715
470,79,128,1,0.0,0.0,0.0,0.0,0.0,20.607499999999998,0.0,0.0,0.0,0.0,0.0,491.72107142857146,491.72107142857146,4,4,931.1357142857142,931.1357142857142,0.0,847.8142857142857,79.5,16,16,0,8,5,0,0,0,0,0.0,0.0,0.0,1,1,0,1,0,0,1,1,122.93026785714287,122.93026785714287,58.19598214285714,58.19598214285714,0.0,105.97678571428571,15.9,0.0,0.0,0,0,1,0.0,0.0,10.607142857142858
859,12,150,1,0.0,0.0,0.0,0.0,0.0,359.0332142857143,0.0,0.0,0.0,0.0,0.0,0.0071428571428571435,0.0071428571428571435,1,1,8.926785714285714,8.926785714285714,0.0,0.0,0.0,2,2,0,0,0,1,0,0,0,0.0,0.0,0.0,1,1,0,1,0,0,0,0,0.0071428571428571435,0.0071428571428571435,4.463392857142857,4.463392857142857,0.0,0.0,0.0,0.0,0.0,0,0,1,0.0,0.0,4.166785714285714
20,27,181,1,1.0,0.0,0.0,0.0,0.0,2194.472142857143,18302.0625,0.0,0.0,0.0,0.0,452.6175,451.55,4,3,221.42857142857142,221.42857142857142,107.14285714285714,10.714285714285714,103.57142857142857,7,7,3,1,3,1,1,0,0,18302.0625,0.0,0.0,1,1,1,1,0,1,1,1,113.154375,150.51666666666668,31.632653061224488,31.632653061224488,35.714285714285715,10.714285714285714,34.523809523809526,1.0674999999999955,0.0,0,1,0,0.0,3.8225000000000002,0.0
1602,43,3,1,0.0,0.0,0.0,0.0,0.0,4380.475714285714,0.0,0.0,0.0,0.0,0.0,0.0007142857142857143,0.0007142857142857143,1,1,0.0,0.0,0.0,0.0,0.0,0,0,0,0,0,1,0,0,0,0.0,0.0,0.0,1,1,0,0,0,0,0,0,0.0007142857142857143,0.0007142857142857143,0.0,0.0,0.0,0.0,0.0,0.0,0.0,0,0,0,0.0,0.0,0.0
1177,42,149,1,0.0,0.0,0.0,0.0,0.0,5320.353214285715,0.0,0.0,0.0,0.0,0.0,8209.624285714286,8209.624285714286,9,9,6043.203928571428,6043.203928571428,1438.9607142857144,1624.590357142857,2950.75,75,75,12,37,15,0,0,0,0,0.0,0.0,0.0,1,1,0,1,0,1,1,1,912.1804761904763,912.1804761904763,80.57605238095238,80.57605238095238,119.91339285714287,43.90784749034749,196.71666666666667,0.0,0.0,0,0,1,0.0,0.0,15.071428571428571
1221,86,17,1,0.0,0.0,1.0,0.0,0.0,2577.3292857142856,0.0,0.0,0.0,0.0,0.0,2524.253571428572,1708.685714285714,26,24,2611.156785714286,1708.685714285714,403.57142857142856,160.58214285714286,306.2142857142857,47,25,7,3,6,1,0,0,0,0.0,0.0,0.0,1,1,1,1,1,1,1,1,97.08667582417584,71.19523809523808,55.5565273556231,68.34742857142857,57.6530612244898,53.52738095238095,51.035714285714285,815.5678571428577,902.4710714285718,0,0,0,0.0,0.0,0.0
576,58,63,1,0.0,0.0,0.0,0.0,1.0,2.0210714285714286,0.0,0.0,0.0,0.0,883.7446428571428,303.3575,214.29142857142855,3,2,193.64285714285714,188.03571428571428,0.0,0.0,88.57142857142857,6,4,0,0,2,1,0,0,1,0.0,0.0,883.7446428571428,1,1,1,1,1,0,0,1,101.11916666666667,107.14571428571428,32.273809523809526,47.00892857142857,0.0,0.0,44.285714285714285,89.06607142857146,5.607142857142861,0,1,0,0.0,4.3967857142857145,0.0
451,62,152,1,0.0,7.0,0.0,1.0,0.0,6.699285714285715,0.0,538.1303571428572,0.0,13.071428571428571,0.0,3.568214285714286,0.0071428571428571435,5,1,250.88107142857143,248.52392857142857,0.0,0.0,243.03571428571428,12,8,0,0,6,1,0,1,0,0.0,76.87576530612246,0.0,1,1,1,1,1,0,0,1,0.7136428571428571,0.0071428571428571435,20.90675595238095,31.06549107142857,0.0,0.0,40.50595238095238,3.5610714285714287,2.357142857142861,0,0,1,0.0,0.0,3.261071428571429
67,14,20,1,0.0,0.0,0.0,0.0,0.0,1682.8132142857141,0.0,0.0,0.0,0.0,0.0,632.0292857142857,632.0292857142857,2,2,69.53571428571429,69.53571428571429,0.0,60.785714285714285,0.0,3,3,0,1,0,0,0,0,0,0.0,0.0,0.0,1,1,0,1,0,0,1,0,316.01464285714286,316.01464285714286,23.17857142857143,23.17857142857143,0.0,60.785714285714285,0.0,0.0,0.0,0,0,1,0.0,0.0,4.190357142857143
1154,82,151,1,0.0,0.0,0.0,0.0,0.0,10.644642857142857,0.0,0.0,0.0,0.0,0.0,418.90142857142854,418.90142857142854,2,2,269.6035714285714,269.6035714285714,71.42857142857143,132.925,62.642857142857146,11,11,1,6,3,1,0,0,0,0.0,0.0,0.0,1,1,0,1,0,1,1,1,209.45071428571427,209.45071428571427,24.50941558441558,24.50941558441558,71.42857142857143,22.15416666666667,20.880952380952383,0.0,0.0,0,1,0,0.0,12.518928571428571,0.0
1607,38,21,1,0.0,0.0,0.0,0.0,1.0,22887.368928571428,0.0,0.0,0.0,0.0,744.8082142857144,51.93571428571429,0.0,1,0,0.0,0.0,0.0,0.0,0.0,0,0,0,0,0,1,0,0,1,0.0,0.0,744.8082142857144,1,0,1,0,0,0,0,0,51.93571428571429,0.0,0.0,0.0,0.0,0.0,0.0,51.93571428571429,0.0,0,0,0,0.0,0.0,0.0
920,29,150,1,0.0,0.0,0.0,0.0,0.0,111.87035714285715,0.0,0.0,0.0,0.0,0.0,1345.5739285714285,1345.5739285714285,4,4,1324.6389285714286,1324.6389285714286,821.4285714285714,214.38892857142858,285.14285714285717,20,20,5,4,7,1,0,0,0,0.0,0.0,0.0,1,1,0,1,0,1,1,1,336.3934821428571,336.3934821428571,66.23194642857143,66.23194642857143,164.28571428571428,53.597232142857145,40.734693877551024,0.0,0.0,0,0,0,0.0,0.0,0.0
497,42,181,1,0.0,0.0,0.0,0.0,0.0,930.3110714285714,0.0,0.0,0.0,0.0,0.0,0.0017857142857142859,0.0017857142857142859,1,1,0.0,0.0,0.0,0.0,0.0,0,0,0,0,0,1,0,0,0,0.0,0.0,0.0,1,1,0,0,0,0,0,0,0.0017857142857142859,0.0017857142857142859,0.0,0.0,0.0,0.0,0.0,0.0,0.0,0,1,0,0.0,3.5357142857142856,0.0
1583,8,151,1,0.0,0.0,0.0,0.0,0.0,4038.9710714285716,0.0,0.0,0.0,0.0,0.0,725.0517857142858,725.0517857142858,2,2,1095.4285714285713,1095.4285714285713,857.1428571428571,63.92857142857143,171.96428571428572,10,10,3,1,4,1,0,0,0,0.0,0.0,0.0,1,1,0,1,0,1,1,1,362.5258928571429,362.5258928571429,109.54285714285713,109.54285714285713,285.7142857142857,63.92857142857143,42.99107142857143,0.0,0.0,0,0,1,0.0,0.0,30.25
344,45,54,1,1.0,0.0,1.0,0.0,0.0,2275.505357142857,41899.29107142857,0.0,0.0,0.0,0.0,2757.281428571429,610.217857142857,6,4,671.8964285714285,671.8964285714285,0.0,409.0,259.3607142857143,21,21,0,10,9,1,1,0,0,41899.29107142857,0.0,0.0,1,1,1,1,0,0,1,1,459.54690476190484,152.55446428571426,31.99506802721088,31.99506802721088,0.0,40.9,28.817857142857147,2147.063571428572,0.0,0,0,0,0.0,0.0,0.0
129,42,126,1,0.0,0.0,0.0,0.0,0.0,1103.6585714285713,0.0,0.0,0.0,0.0,0.0,1062.0342857142857,1062.0342857142857,5,5,1021.6071428571429,1021.6071428571429,678.5714285714286,0.0,343.0357142857143,9,9,2,0,7,1,0,0,0,0.0,0.0,0.0,1,1,0,1,0,1,0,1,212.40685714285715,212.40685714285715,113.51190476190476,113.51190476190476,339.2857142857143,0.0,49.005102040816325,0.0,0.0,1,0,1,28.295535714285712,0.0,6.138928571428571
1345,22,152,1,2.0,0.0,0.0,1.0,1.0,490.44,73.46249999999999,0.0,0.0,158.64285714285714,4250.1167857142855,1449.0707142857143,1074.465,9,3,1591.1042857142857,1130.5321428571428,53.57142857142857,497.94642857142856,629.2857142857143,18,11,1,6,4,0,1,0,1,36.731249999999996,0.0,4250.1167857142855,1,1,1,1,1,1,1,1,161.00785714285715,358.155,88.39468253968253,102.77564935064935,53.57142857142857,82.99107142857143,157.32142857142858,374.6057142857144,460.5721428571428,0,0,1,0.0,0.0,14.2075
434,64,130,1,0.0,0.0,0.0,0.0,0.0,2469.842857142857,0.0,0.0,0.0,0.0,0.0,173.21178571428572,173.21178571428572,3,3,174.0107142857143,174.0107142857143,71.42857142857143,9.510714285714286,92.85714285714286,8,8,4,2,1,1,0,0,0,0.0,0.0,0.0,1,1,0,1,0,1,1,1,57.73726190476191,57.73726190476191,21.751339285714288,21.751339285714288,17.857142857142858,4.755357142857143,92.85714285714286,0.0,0.0,0,0,0,0.0,0.0,0.0
1197,62,36,1,0.0,0.0,0.0,0.0,0.0,320.05,0.0,0.0,0.0,0.0,0.0,0.0010714285714285715,0.0010714285714285715,1,1,3.392857142857143,3.392857142857143,0.0,0.0,0.0,1,1,0,0,0,0,0,0,0,0.0,0.0,0.0,1,1,0,1,0,0,0,0,0.0010714285714285715,0.0010714285714285715,3.392857142857143,3.392857142857143,0.0,0.0,0.0,0.0,0.0,0,0,0,0.0,0.0,0.0
836,27,129,2,0.0,0.0,0.0,0.0,0.0,920.6767857142858,0.0,0.0,0.0,0.0,0.0,0.00035714285714285714,0.00035714285714285714,1,1,1.9642857142857142,1.9642857142857142,0.0,0.0,0.0,1,1,0,0,0,0,0,0,0,0.0,0.0,0.0,1,1,0,1,0,0,0,0,0.00035714285714285714,0.00035714285714285714,1.9642857142857142,1.9642857142857142,0.0,0.0,0.0,0.0,0.0,1,1,0,3.416607142857143,11.0,0.0
675,36,131,1,0.0,0.0,0.0,0.0,0.0,27.865000000000002,0.0,0.0,0.0,0.0,0.0,6104.855357142857,6104.855357142857,3,3,1702.0714285714287,1702.0714285714287,267.85714285714283,0.0,1428.5714285714287,10,10,3,0,1,0,0,0,0,0.0,0.0,0.0,1,1,0,1,0,1,0,1,2034.9517857142857,2034.9517857142857,170.20714285714286,170.20714285714286,89.28571428571428,0.0,1428.5714285714287,0.0,0.0,1,0,0,0.01767857142857143,0.0,0.0
921,36,167,2,0.0,0.0,0.0,0.0,0.0,2691.9957142857143,0.0,0.0,0.0,0.0,0.0,309.04607142857145,309.04607142857145,3,3,302.6642857142857,302.6642857142857,239.28571428571428,63.378571428571426,0.0,19,19,10,9,0,0,0,0,0,0.0,0.0,0.0,1,1,0,1,0,1,1,0,103.01535714285716,103.01535714285716,15.9296992481203,15.9296992481203,23.928571428571427,7.042063492063492,0.0,0.0,0.0,0,1,0,0.0,3.8225000000000002,0.0
740,71,1,1,0.0,2.0,0.0,0.0,0.0,314.6092857142857,0.0,24739.06428571429,0.0,0.0,0.0,420.7635714285714,420.7635714285714,2,2,876.5357142857143,876.5357142857143,857.1428571428571,0.0,17.857142857142858,6,6,2,0,1,0,0,1,0,0.0,12369.532142857144,0.0,1,1,0,1,0,1,0,1,210.3817857142857,210.3817857142857,146.08928571428572,146.08928571428572,428.57142857142856,0.0,17.857142857142858,0.0,0.0,0,0,0,0.0,0.0,0.0
1000,61,1,1,0.0,0.0,0.0,0.0,0.0,55934.02035714286,0.0,0.0,0.0,0.0,0.0,390.27750000000003,390.27750000000003,2,2,1950.5357142857142,1950.5357142857142,160.71428571428572,0.0,0.0,4,4,2,0,0,1,0,0,0,0.0,0.0,0.0,1,1,0,1,0,1,0,0,195.13875000000002,195.13875000000002,487.63392857142856,487.63392857142856,80.35714285714286,0.0,0.0,0.0,0.0,0,0,1,0.0,0.0,11.714285714285714
1307,50,150,1,0.0,0.0,1.0,0.0,0.0,0.012857142857142857,0.0,0.0,0.0,0.0,0.0,1452.4725,1452.4725,4,4,1305.1182142857142,1305.1182142857142,517.8571428571429,284.83250000000004,497.14285714285717,35,35,3,14,16,0,0,0,0,0.0,0.0,0.0,1,1,0,1,0,1,1,1,363.118125,363.118125,37.28909183673469,37.28909183673469,172.61904761904762,20.345178571428573,31.071428571428573,0.0,0.0,0,0,0,0.0,0.0,0.0
1392,29,152,1,1.0,3.0,0.0,0.0,0.0,10.714285714285714,1726.8857142857144,0.0,0.0,0.0,0.0,791.0521428571428,674.6246428571429,7,4,0.0,0.0,0.0,0.0,0.0,0,0,0,0,0,0,1,1,0,1726.8857142857144,0.0,0.0,1,1,1,0,0,0,0,0,113.00744897959183,168.65616071428573,0.0,0.0,0.0,0.0,0.0,116.4274999999999,0.0,1,0,1,1.674642857142857,0.0,1.75
926,72,188,1,0.0,0.0,1.0,0.0,0.0,2860.8021428571433,0.0,0.0,0.0,0.0,0.0,1300.8382142857142,1300.8382142857142,4,4,1368.5357142857142,1368.5357142857142,1142.857142857143,0.0,221.64285714285714,12,12,3,0,8,1,0,0,0,0.0,0.0,0.0,1,1,0,1,0,1,0,1,325.20955357142856,325.20955357142856,114.04464285714285,114.04464285714285,380.95238095238096,0.0,27.705357142857142,0.0,0.0,0,1,0,0.0,3.392857142857143,0.0
777,5,22,1,0.0,0.0,0.0,0.0,0.0,484.5646428571428,0.0,0.0,0.0,0.0,0.0,1864.1025000000002,1864.1025000000002,8,8,1372.8700000000001,1372.8700000000001,96.42857142857143,492.6914285714286,780.1785714285714,36,36,3,20,10,0,0,0,0,0.0,0.0,0.0,1,1,0,1,0,1,1,1,233.01281250000002,233.01281250000002,38.13527777777778,38.13527777777778,32.142857142857146,24.63457142857143,78.01785714285714,0.0,0.0,1,0,1,0.99125,0.0,12.438571428571427
92,59,149,1,0.0,0.0,0.0,0.0,0.0,2728.945714285714,0.0,0.0,0.0,0.0,0.0,8921.083214285714,8921.083214285714,6,6,9175.231071428572,9175.231071428572,0.0,828.6692857142858,5577.774285714286,36,36,0,15,12,1,0,0,0,0.0,0.0,0.0,1,1,0,1,0,0,1,1,1486.8472023809525,1486.8472023809525,254.8675297619048,254.8675297619048,0.0,55.244619047619054,464.8145238095238,0.0,0.0,0,0,0,0.0,0.0,0.0
789,26,2,1,0.0,6.0,0.0,0.0,0.0,16.429285714285715,0.0,2503.2603571428567,0.0,0.0,0.0,117.84,117.84,2,2,6.251428571428571,6.251428571428571,0.0,0.0,0.0,2,2,0,0,0,1,0,1,0,0.0,417.21005952380943,0.0,1,1,0,1,0,0,0,0,58.92,58.92,3.1257142857142854,3.1257142857142854,0.0,0.0,0.0,0.0,0.0,0,0,0,0.0,0.0,0.0
1167,53,53,1,1.0,0.0,1.0,0.0,0.0,213.06857142857143,3877.464285714286,0.0,0.0,0.0,0.0,1161.5360714285714,1160.870357142857,4,3,699.5782142857142,699.5782142857142,178.57142857142858,65.64964285714287,455.25,14,14,1,1,11,0,1,0,0,3877.464285714286,0.0,0.0,1,1,1,1,0,1,1,1,290.38401785714285,386.9567857142857,49.96987244897959,49.96987244897959,178.57142857142858,65.64964285714287,41.38636363636363,0.6657142857143299,0.0,0,1,0,0.0,2.142857142857143,0.0
1608,63,108,1,0.0,0.0,0.0,1.0,1.0,554.1657142857142,0.0,0.0,0.0,1.7857142857142858,3728.2907142857143,1369.82,865.2528571428572,12,5,1259.9564285714284,1245.4732142857142,285.7142857142857,205.90964285714287,232.28571428571428,29,23,2,10,4,0,0,0,1,0.0,0.0,3728.2907142857143,1,1,1,1,1,1,1,1,114.15166666666666,173.05057142857146,43.44677339901477,54.151009316770185,142.85714285714286,20.590964285714286,58.07142857142857,504.5671428571427,14.483214285714212,0,0,0,0.0,0.0,0.0
1436,24,123,1,1.0,6.0,0.0,0.0,0.0,1453.9053571428572,2331.7110714285714,4075.0,0.0,0.0,0.0,14.312857142857142,14.289285714285715,3,2,1.9642857142857142,1.9642857142857142,0.0,0.0,0.0,1,1,0,0,0,1,1,1,0,2331.7110714285714,679.1666666666666,0.0,1,1,1,1,0,0,0,0,4.770952380952381,7.144642857142857,1.9642857142857142,1.9642857142857142,0.0,0.0,0.0,0.02357142857142769,0.0,0,1,1,0.0,6.285714285714286,2.107142857142857
277,26,61,1,0.0,0.0,1.0,0.0,0.0,423.3692857142857,0.0,0.0,0.0,0.0,0.0,55.11642857142857,45.41535714285715,5,4,90.8307142857143,45.41535714285715,32.142857142857146,0.0,3.5714285714285716,8,4,2,0,1,0,0,0,0,0.0,0.0,0.0,1,1,1,1,1,1,0,1,11.023285714285715,11.353839285714287,11.353839285714287,11.353839285714287,16.071428571428573,0.0,3.5714285714285716,9.701071428571424,45.41535714285715,0,1,0,0.0,2.429642857142857,0.0
1131,46,170,1,0.0,0.0,1.0,0.0,0.0,231.26857142857145,0.0,0.0,0.0,0.0,0.0,854.5564285714287,854.5564285714287,4,4,502.92857142857144,502.92857142857144,285.7142857142857,54.82142857142857,159.0,11,11,2,3,5,0,0,0,0,0.0,0.0,0.0,1,1,0,1,0,1,1,1,213.63910714285717,213.63910714285717,45.72077922077922,45.72077922077922,142.85714285714286,18.273809523809522,31.8,0.0,0.0,0,0,0,0.0,0.0,0.0
127,25,150,1,0.0,0.0,1.0,0.0,0.0,2893.112857142857,0.0,0.0,676.7528571428572,0.0,0.0,32.15,32.15,3,3,52.142857142857146,52.142857142857146,0.0,0.0,52.142857142857146,4,4,0,0,4,0,0,0,0,0.0,0.0,0.0,1,1,0,1,0,0,0,1,10.716666666666667,10.716666666666667,13.035714285714286,13.035714285714286,0.0,0.0,13.035714285714286,0.0,0.0,1,1,1,19.354642857142856,0.07142857142857142,14.071428571428571
1193,48,16,2,0.0,0.0,1.0,0.0,0.0,4180.6975,0.0,0.0,0.0,0.0,0.0,1442.837857142857,1151.652857142857,23,21,1661.2010714285714,1207.9064285714285,507.14285714285717,331.15000000000003,75.17857142857143,55,36,6,21,2,1,0,0,0,0.0,0.0,0.0,1,1,1,1,1,1,1,1,62.73208074534161,54.840612244897954,30.203655844155843,33.55295634920635,84.52380952380953,15.76904761904762,37.589285714285715,291.18499999999995,453.2946428571429,0,0,0,0.0,0.0,0.0
1591,10,170,1,0.0,0.0,1.0,0.0,0.0,154.55714285714288,0.0,0.0,0.0,0.0,0.0,2064.8407142857145,1524.1675,10,8,2517.090714285714,1528.6375,0.0,0.0,985.3571428571429,15,8,0,0,5,0,0,0,0,0.0,0.0,0.0,1,1,1,1,1,0,0,1,206.48407142857144,190.5209375,167.8060476190476,191.0796875,0.0,0.0,197.07142857142858,540.6732142857145,988.453214285714,0,0,1,0.0,0.0,18.535714285714285
208,40,183,1,0.0,0.0,0.0,0.0,0.0,1.04,0.0,0.0,0.0,0.0,0.0,0.0,0.0,0,0,0.8928571428571429,0.8928571428571429,0.0,0.0,0.0,1,1,0,0,0,0,0,0,0,0.0,0.0,0.0,0,0,0,1,0,0,0,0,0.0,0.0,0.8928571428571429,0.8928571428571429,0.0,0.0,0.0,0.0,0.0,0,0,1,0.0,0.0,5.801785714285714
747,31,20,1,0.0,0.0,1.0,0.0,0.0,43.13,0.0,0.0,1459.457142857143,0.0,0.0,1322.7310714285716,1322.7192857142857,18,17,1270.2,1243.0249999999999,535.7142857142857,75.90607142857142,624.4285714285714,36,33,3,3,24,1,0,0,0,0.0,0.0,0.0,1,1,1,1,1,1,1,1,73.48505952380953,77.80701680672269,35.28333333333333,37.66742424242424,178.57142857142856,25.302023809523806,26.017857142857142,0.011785714285906579,27.175000000000182,1,0,1,0.25,0.0,3.892857142857143
1169,6,172,1,0.0,0.0,0.0,0.0,0.0,1824.0400000000002,0.0,0.0,0.0,0.0,0.0,655.2128571428572,655.2128571428572,2,2,691.8535714285715,691.8535714285715,500.0,189.8892857142857,0.0,9,9,1,7,0,0,0,0,0,0.0,0.0,0.0,1,1,0,1,0,1,1,0,327.6064285714286,327.6064285714286,76.87261904761905,76.87261904761905,500.0,27.12704081632653,0.0,0.0,0.0,1,1,1,2.4619642857142856,5.170357142857143,46.392857142857146
106,48,88,1,0.0,3.0,0.0,0.0,0.0,112.35000000000001,0.0,0.0,0.0,0.0,0.0,745.22,745.22,2,2,319.89285714285717,319.89285714285717,0.0,0.0,316.9642857142857,7,7,0,0,6,0,0,1,0,0.0,0.0,0.0,1,1,0,1,0,0,0,1,372.61,372.61,45.69897959183674,45.69897959183674,0.0,0.0,52.827380952380956,0.0,0.0,0,0,0,0.0,0.0,0.0
585,30,30,1,0.0,2.0,0.0,0.0,0.0,47.573214285714286,0.0,2648.905357142857,0.0,0.0,0.0,842.8628571428571,842.8628571428571,3,3,1720.3764285714285,1720.3764285714285,392.85714285714283,972.4478571428572,293.57142857142856,34,34,1,22,7,1,0,1,0,0.0,1324.4526785714286,0.0,1,1,0,1,0,1,1,1,280.95428571428573,280.95428571428573,50.59930672268907,50.59930672268907,392.85714285714283,44.20217532467532,41.93877551020408,0.0,0.0,0,1,0,0.0,6.253214285714286,0.0
591,36,150,1,0.0,0.0,1.0,0.0,0.0,0.0,0.0,0.0,0.0,0.0,0.0,86.41857142857143,84.39678571428571,7,6,161.6507142857143,77.25392857142857,35.714285714285715,34.732142857142854,3.5357142857142856,13,7,1,3,1,0,0,0,0,0.0,0.0,0.0,1,1,1,1,1,1,1,1,12.345510204081632,14.066130952380952,12.434670329670329,11.036275510204081,35.714285714285715,11.57738095238095,3.5357142857142856,2.0217857142857127,84.39678571428571,1,1,0,0.5228571428571429,1.7867857142857144,0.0
1033,23,188,1,1.0,3.0,0.0,0.0,0.0,193.5725,10743.74142857143,0.0,0.0,0.0,0.0,2.5767857142857147,0.008928571428571428,4,1,1.3225,0.8928571428571429,0.0,0.0,0.0,2,1,0,0,0,1,1,1,0,10743.74142857143,0.0,0.0,1,1,1,1,1,0,0,0,0.6441964285714287,0.008928571428571428,0.66125,0.8928571428571429,0.0,0.0,0.0,2.567857142857143,0.4296428571428571,1,0,1,1.1291071428571429,0.0,2.7025
81,86,19,1,0.0,0.0,0.0,0.0,0.0,5860.190714285714,0.0,0.0,0.0,0.0,0.0,0.0732142857142857,0.0732142857142857,1,1,3.392857142857143,3.392857142857143,0.0,0.0,0.0,1,1,0,0,0,1,0,0,0,0.0,0.0,0.0,1,1,0,1,0,0,0,0,0.0732142857142857,0.0732142857142857,3.392857142857143,3.392857142857143,0.0,0.0,0.0,0.0,0.0,0,0,0,0.0,0.0,0.0
997,71,62,1,2.0,0.0,0.0,0.0,0.0,273.68607142857144,9222.918571428572,0.0,0.0,0.0,0.0,571.3096428571429,548.645,5,4,3099.3107142857143,599.3107142857143,392.85714285714283,107.84642857142856,96.42857142857143,12,11,3,4,2,0,1,0,0,4611.459285714286,0.0,0.0,1,1,1,1,1,1,1,1,114.26192857142857,137.16125,258.2758928571429,54.48279220779221,130.95238095238093,26.96160714285714,48.214285714285715,22.664642857142894,2500.0,0,0,0,0.0,0.0,0.0
405,26,0,1,0.0,0.0,1.0,1.0,0.0,265.5810714285714,0.0,0.0,0.0,0.7142857142857143,0.0,3884.7760714285714,2330.789642857143,21,12,3201.5010714285713,2330.789642857143,357.14285714285717,0.0,433.1535714285714,25,12,1,0,4,1,0,0,0,0.0,0.0,0.0,1,1,1,1,1,1,0,1,184.98933673469386,194.23247023809526,128.06004285714286,194.23247023809526,357.14285714285717,0.0,108.28839285714285,1553.9864285714284,870.7114285714283,0,0,0,0.0,0.0,0.0
1391,73,136,1,0.0,0.0,0.0,0.0,0.0,2221.302857142857,0.0,0.0,0.0,0.0,0.0,1002.9814285714285,1002.9814285714285,4,4,584.7878571428571,584.7878571428571,53.57142857142857,170.645,360.57142857142856,12,12,2,7,3,1,0,0,0,0.0,0.0,0.0,1,1,0,1,0,1,1,1,250.74535714285713,250.74535714285713,48.732321428571424,48.732321428571424,26.785714285714285,24.377857142857145,120.19047619047619,0.0,0.0,1,0,1,3.349285714285714,0.0,4.25
1066,70,54,2,0.0,3.0,0.0,0.0,1.0,40.191071428571426,0.0,0.0,0.0,0.0,3708.253928571429,1397.0103571428572,1225.6632142857143,6,5,931.1646428571429,929.3789285714286,0.0,0.0,739.4146428571429,13,12,0,0,9,1,0,1,1,0.0,0.0,3708.253928571429,1,1,1,1,1,0,0,1,232.83505952380952,245.13264285714286,71.62804945054945,77.44824404761904,0.0,0.0,82.15718253968254,171.3471428571429,1.7857142857143344,0,0,0,0.0,0.0,0.0
1212,32,198,1,0.0,0.0,1.0,0.0,0.0,8.087142857142856,0.0,0.0,0.0,0.0,0.0,4107.189642857143,4107.189642857143,3,3,337.7107142857143,337.7107142857143,0.0,0.0,0.0,3,3,0,0,0,1,0,0,0,0.0,0.0,0.0,1,1,0,1,0,0,0,0,1369.0632142857141,1369.0632142857141,112.5702380952381,112.5702380952381,0.0,0.0,0.0,0.0,0.0,1,0,0,2.9992857142857146,0.0,0.0
445,21,15,1,0.0,2.0,0.0,0.0,0.0,2.563928571428572,0.0,0.0,0.0,0.0,0.0,0.15714285714285717,0.15714285714285717,1,1,0.8928571428571429,0.8928571428571429,0.0,0.0,0.0,1,1,0,0,0,1,0,1,0,0.0,0.0,0.0,1,1,0,1,0,0,0,0,0.15714285714285717,0.15714285714285717,0.8928571428571429,0.8928571428571429,0.0,0.0,0.0,0.0,0.0,1,0,0,1.368392857142857,0.0,0.0
574,67,68,1,0.0,0.0,1.0,0.0,1.0,3364.9467857142854,0.0,0.0,0.0,0.0,533.2189285714286,3456.7489285714287,2224.0667857142857,19,14,3242.4189285714283,2116.923928571429,725.0,0.0,21.5,24,12,4,0,2,0,0,0,1,0.0,0.0,533.2189285714286,1,1,1,1,1,1,0,1,181.93415413533836,158.86191326530613,135.10078869047618,176.4103273809524,181.25,0.0,10.75,1232.682142857143,1125.4949999999994,0,0,0,0.0,0.0,0.0
493,47,92,1,0.0,0.0,0.0,0.0,0.0,2161.553214285714,0.0,0.0,0.0,0.0,0.0,2201.577142857143,2148.8985714285714,12,11,2213.7735714285714,2161.0950000000003,800.0,412.7735714285714,887.6071428571429,52,51,8,18,18,1,0,0,0,0.0,0.0,0.0,1,1,1,1,1,1,1,1,183.4647619047619,195.3544155844156,42.57256868131868,42.37441176470589,100.0,22.93186507936508,49.31150793650794,52.67857142857156,52.678571428571104,0,0,0,0.0,0.0,0.0
980,51,88,1,0.0,0.0,0.0,0.0,0.0,97.62857142857142,0.0,0.0,0.0,0.0,0.0,307.1432142857143,307.1432142857143,3,3,414.4642857142857,414.4642857142857,7.142857142857143,19.642857142857142,383.82142857142856,10,10,1,1,6,0,0,0,0,0.0,0.0,0.0,1,1,0,1,0,1,1,1,102.38107142857143,102.38107142857143,41.44642857142857,41.44642857142857,7.142857142857143,19.642857142857142,63.970238095238095,0.0,0.0,0,1,0,0.0,7.678571428571429,0.0
143,66,18,1,0.0,0.0,0.0,1.0,0.0,0.0,0.0,0.0,0.0,853.2671428571429,0.0,19775.640000000003,18347.068571428572,10,9,18181.79357142857,16753.222142857143,71.42857142857143,1309.9007142857142,15311.785714285714,50,49,2,26,15,0,0,0,0,0.0,0.0,0.0,1,1,1,1,1,1,1,1,1977.5640000000003,2038.5631746031747,363.6358714285714,341.90249271137026,35.714285714285715,50.3807967032967,1020.7857142857142,1428.5714285714312,1428.5714285714275,1,0,1,5.416428571428571,0.0,2.4107142857142856
213,47,151,1,0.0,0.0,0.0,0.0,0.0,2462.121785714286,0.0,0.0,0.0,0.0,0.0,403.2525,403.2525,3,3,388.89285714285717,388.89285714285717,64.28571428571429,0.0,324.60714285714283,2,2,1,0,1,0,0,0,0,0.0,0.0,0.0,1,1,0,1,0,1,0,1,134.4175,134.4175,194.44642857142858,194.44642857142858,64.28571428571429,0.0,324.60714285714283,0.0,0.0,0,0,1,0.0,0.0,19.107142857142858
1348,39,16,1,1.0,3.0,0.0,0.0,0.0,5316.222857142857,3786.695,308.88214285714287,0.0,0.0,0.0,1.372142857142857,0.0017857142857142859,2,1,357.14285714285717,357.14285714285717,0.0,0.0,357.14285714285717,2,2,0,0,2,1,1,1,0,3786.695,102.96071428571429,0.0,1,1,1,1,0,0,0,1,0.6860714285714286,0.0017857142857142859,178.57142857142858,178.57142857142858,0.0,0.0,178.57142857142858,1.3703571428571428,0.0,0,1,0,0.0,1.4285714285714286,0.0
480,36,71,1,0.0,0.0,0.0,0.0,0.0,869.8032142857144,0.0,0.0,0.0,0.0,0.0,357.14285714285717,357.14285714285717,1,1,360.5357142857143,360.5357142857143,0.0,0.0,357.14285714285717,2,2,0,0,1,1,0,0,0,0.0,0.0,0.0,1,1,0,1,0,0,0,1,357.14285714285717,357.14285714285717,180.26785714285714,180.26785714285714,0.0,0.0,357.14285714285717,0.0,0.0,0,0,1,0.0,0.0,10.714285714285714
691,41,216,1,0.0,0.0,0.0,0.0,0.0,225.8607142857143,0.0,0.0,0.0,0.0,0.0,1500.0049999999999,1500.0049999999999,3,3,1667.939285714286,1667.939285714286,142.85714285714286,252.975,1264.9285714285713,38,38,2,14,19,0,0,0,0,0.0,0.0,0.0,1,1,0,1,0,1,1,1,500.0016666666666,500.0016666666666,43.89313909774437,43.89313909774437,71.42857142857143,18.069642857142856,66.57518796992481,0.0,0.0,0,0,1,0.0,0.0,4.642857142857143
397,12,57,1,0.0,0.0,0.0,0.0,0.0,565.1235714285714,0.0,0.0,0.0,0.0,0.0,18.214642857142856,18.214642857142856,2,2,39.714285714285715,39.714285714285715,17.857142857142858,10.714285714285714,11.142857142857142,3,3,1,1,1,1,0,0,0,0.0,0.0,0.0,1,1,0,1,0,1,1,1,9.107321428571428,9.107321428571428,13.238095238095239,13.238095238095239,17.857142857142858,10.714285714285714,11.142857142857142,0.0,0.0,0,0,0,0.0,0.0,0.0
1417,52,151,1,1.0,0.0,0.0,0.0,0.0,633.5124999999999,2632.445357142857,0.0,0.0,0.0,0.0,393.42,393.3978571428571,3,2,303.0357142857143,303.0357142857143,192.85714285714286,0.0,106.78571428571429,7,7,3,0,3,0,1,0,0,2632.445357142857,0.0,0.0,1,1,1,1,0,1,0,1,131.14000000000001,196.69892857142855,43.29081632653061,43.29081632653061,64.28571428571429,0.0,35.595238095238095,0.02214285714291009,0.0,0,1,0,0.0,14.821428571428571,0.0
1196,20,183,1,0.0,0.0,0.0,0.0,0.0,3405.2428571428572,0.0,0.0,0.0,0.0,0.0,0.052142857142857144,0.052142857142857144,1,1,0.8928571428571429,0.8928571428571429,0.0,0.0,0.0,1,1,0,0,0,1,0,0,0,0.0,0.0,0.0,1,1,0,1,0,0,0,0,0.052142857142857144,0.052142857142857144,0.8928571428571429,0.8928571428571429,0.0,0.0,0.0,0.0,0.0,0,0,1,0.0,0.0,17.6625
209,70,16,1,0.0,0.0,0.0,0.0,0.0,6833.382857142858,0.0,0.0,0.0,0.0,0.0,178.5725,178.5725,2,2,175.21428571428572,175.21428571428572,0.0,0.0,172.82142857142858,3,3,0,0,2,1,0,0,0,0.0,0.0,0.0,1,1,0,1,0,0,0,1,89.28625,89.28625,58.404761904761905,58.404761904761905,0.0,0.0,86.41071428571429,0.0,0.0,1,0,0,0.26071428571428573,0.0,0.0
1206,51,68,1,0.0,0.0,0.0,0.0,0.0,79.51178571428571,0.0,0.0,0.0,0.0,0.0,1580.435714285714,1580.435714285714,4,4,714.2857142857143,714.2857142857143,714.2857142857143,0.0,0.0,3,3,3,0,0,0,0,0,0,0.0,0.0,0.0,1,1,0,1,0,1,0,0,395.1089285714285,395.1089285714285,238.0952380952381,238.0952380952381,238.0952380952381,0.0,0.0,0.0,0.0,1,0,0,22.165892857142858,0.0,0.0
6,24,19,1,0.0,0.0,0.0,0.0,1.0,4.297142857142857,0.0,0.0,0.0,0.0,1982.0710714285713,501.13142857142856,448.42928571428575,3,2,436.2857142857143,429.67857142857144,357.14285714285717,0.0,0.0,8,6,1,0,0,0,0,0,1,0.0,0.0,1982.0710714285713,1,1,1,1,1,1,0,0,167.04380952380953,224.21464285714288,54.535714285714285,71.61309523809524,357.14285714285717,0.0,0.0,52.7021428571428,6.607142857142833,0,0,0,0.0,0.0,0.0
849,24,14,1,0.0,0.0,0.0,0.0,0.0,146.85392857142855,0.0,0.0,0.0,0.0,0.0,107.14642857142857,107.14642857142857,2,2,205.57964285714283,205.57964285714283,189.80964285714285,0.0,0.0,9,9,4,0,0,0,0,0,0,0.0,0.0,0.0,1,1,0,1,0,1,0,0,53.573214285714286,53.573214285714286,22.842182539682536,22.842182539682536,47.45241071428571,0.0,0.0,0.0,0.0,0,0,1,0.0,0.0,12.868214285714286
1595,11,53,1,0.0,0.0,0.0,1.0,0.0,356.66964285714283,0.0,0.0,0.0,1.4285714285714286,0.0,3835.5367857142855,2021.4296428571429,7,4,5647.542857142857,2055.042857142857,0.0,0.0,1803.5714285714287,12,5,0,0,2,1,0,0,0,0.0,0.0,0.0,1,1,1,1,1,0,0,1,547.9338265306122,505.3574107142857,470.62857142857143,411.0085714285714,0.0,0.0,901.7857142857143,1814.1071428571427,3592.5000000000005,0,0,1,0.0,0.0,16.142857142857142
1254,39,180,1,0.0,0.0,0.0,0.0,0.0,740.4503571428571,0.0,0.0,0.0,0.0,0.0,2555.5185714285717,2555.5185714285717,7,7,2398.9792857142857,2398.9792857142857,750.0,364.9792857142857,1278.5714285714287,36,36,4,17,13,1,0,0,0,0.0,0.0,0.0,1,1,0,1,0,1,1,1,365.0740816326531,365.0740816326531,66.63831349206349,66.63831349206349,187.5,21.469369747899158,98.35164835164836,0.0,0.0,0,0,1,0.0,0.0,2.107142857142857
953,50,35,1,1.0,0.0,0.0,0.0,0.0,1507.6957142857143,1508.5532142857141,0.0,0.0,0.0,0.0,884.6303571428572,884.6303571428572,4,4,1387.6125,1387.6125,0.0,126.35000000000001,754.125,18,18,0,3,7,1,1,0,0,1508.5532142857141,0.0,0.0,1,1,0,1,0,0,1,1,221.1575892857143,221.1575892857143,77.08958333333334,77.08958333333334,0.0,42.11666666666667,107.73214285714286,0.0,0.0,0,0,1,0.0,0.0,15.222142857142858
802,47,25,1,1.0,3.0,0.0,0.0,0.0,7.093571428571429,2645.5457142857144,11587.910357142857,0.0,0.0,0.0,3399.972142857143,3398.148214285714,6,5,6050.262857142857,3728.8342857142857,250.0,275.7578571428572,3201.647857142857,29,28,6,9,12,1,1,1,0,2645.5457142857144,3862.6367857142855,0.0,1,1,1,1,1,1,1,1,566.6620238095238,679.6296428571428,208.62975369458127,133.17265306122448,41.666666666666664,30.639761904761908,266.8039880952381,1.8239285714289508,2321.428571428571,0,0,1,0.0,0.0,13.071428571428571
1394,38,36,1,0.0,0.0,0.0,0.0,0.0,37.470000000000006,0.0,0.0,0.0,0.0,0.0,860.5500000000001,860.5500000000001,3,3,1330.204642857143,1330.204642857143,357.14285714285717,502.1689285714286,464.85714285714283,31,31,1,24,5,1,0,0,0,0.0,0.0,0.0,1,1,0,1,0,1,1,1,286.85,286.85,42.9098271889401,42.9098271889401,357.14285714285717,20.923705357142858,92.97142857142856,0.0,0.0,0,0,0,0.0,0.0,0.0
1568,40,17,1,0.0,0.0,0.0,0.0,0.0,24.214285714285715,0.0,0.0,0.0,0.0,0.0,232.1432142857143,232.1432142857143,4,4,175.43928571428572,175.43928571428572,28.571428571428573,13.867857142857144,125.85714285714286,9,9,2,4,2,0,0,0,0,0.0,0.0,0.0,1,1,0,1,0,1,1,1,58.03580357142857,58.03580357142857,19.493253968253967,19.493253968253967,14.285714285714286,3.466964285714286,62.92857142857143,0.0,0.0,0,1,0,0.0,3.0714285714285716,0.0
700,34,80,1,0.0,0.0,0.0,0.0,0.0,345.3353571428571,0.0,0.0,0.0,0.0,0.0,60.71714285714285,60.71714285714285,2,2,0.8928571428571429,0.8928571428571429,0.0,0.0,0.0,1,1,0,0,0,1,0,0,0,0.0,0.0,0.0,1,1,0,1,0,0,0,0,30.358571428571427,30.358571428571427,0.8928571428571429,0.8928571428571429,0.0,0.0,0.0,0.0,0.0,1,0,0,40.67785714285714,0.0,0.0
1517,48,88,1,0.0,0.0,0.0,0.0,0.0,53.04857142857143,0.0,0.0,0.0,0.0,0.0,374.3957142857143,374.3957142857143,2,2,337.14285714285717,337.14285714285717,53.57142857142857,10.0,269.7142857142857,11,11,1,1,7,1,0,0,0,0.0,0.0,0.0,1,1,0,1,0,1,1,1,187.19785714285715,187.19785714285715,30.64935064935065,30.64935064935065,53.57142857142857,10.0,38.53061224489796,0.0,0.0,0,0,1,0.0,0.0,13.928571428571429
1030,27,164,2,1.0,0.0,0.0,0.0,0.0,8055.420357142857,37569.466785714285,0.0,0.0,0.0,0.0,583.9103571428572,566.0725,4,2,563.6267857142857,563.6267857142857,0.0,128.1767857142857,414.25,19,19,0,10,7,0,1,0,0,37569.466785714285,0.0,0.0,1,1,1,1,0,0,1,1,145.9775892857143,283.03625,29.664567669172932,29.664567669172932,0.0,12.81767857142857,59.17857142857143,17.83785714285716,0.0,0,1,1,0.0,7.821428571428571,8.428571428571429
45,63,52,1,1.0,0.0,0.0,0.0,0.0,0.0,38757.89464285714,0.0,0.0,0.0,0.0,5.913928571428571,0.008571428571428572,2,1,3.392857142857143,3.392857142857143,0.0,0.0,0.0,1,1,0,0,0,1,1,0,0,38757.89464285714,0.0,0.0,1,1,1,1,0,0,0,0,2.9569642857142857,0.008571428571428572,3.392857142857143,3.392857142857143,0.0,0.0,0.0,5.9053571428571425,0.0,0,1,1,0.0,15.393928571428571,5.556785714285715
1409,10,149,1,0.0,0.0,1.0,0.0,0.0,62.53928571428571,0.0,0.0,0.0,0.0,0.0,402.90285714285716,402.90285714285716,2,2,103.46428571428571,103.46428571428571,0.0,0.0,100.07142857142857,3,3,0,0,2,0,0,0,0,0.0,0.0,0.0,1,1,0,1,0,0,0,1,201.45142857142858,201.45142857142858,34.488095238095234,34.488095238095234,0.0,0.0,50.035714285714285,0.0,0.0,0,0,1,0.0,0.0,4.852142857142858
763,83,126,1,0.0,0.0,1.0,1.0,1.0,5292.1792857142855,0.0,0.0,0.0,1529.0589285714286,2906.9817857142857,938.5910714285714,880.9,7,2,642.75,635.1071428571429,500.0,0.0,16.071428571428573,10,5,1,0,1,0,0,0,1,0.0,0.0,2906.9817857142857,1,1,1,1,1,1,0,1,134.0844387755102,440.45,64.275,127.02142857142857,500.0,0.0,16.071428571428573,57.69107142857138,7.64285714285711,0,0,0,0.0,0.0,0.0
721,67,82,1,1.0,0.0,1.0,0.0,0.0,218.69464285714284,27896.886785714283,0.0,526.4889285714286,0.0,0.0,1197.4842857142855,1190.4464285714287,6,5,1147.9,1147.9,178.57142857142858,151.95357142857142,813.875,17,17,1,4,11,0,1,0,0,27896.886785714283,0.0,0.0,1,1,1,1,0,1,1,1,199.58071428571427,238.08928571428572,67.52352941176471,67.52352941176471,178.57142857142858,37.988392857142856,73.98863636363636,7.037857142856865,0.0,0,1,0,0.0,4.464285714285714,0.0
1168,85,205,1,1.0,0.0,1.0,1.0,0.0,5308.6449999999995,23934.508214285714,0.0,0.0,0.0,0.0,2298.922857142857,1974.2225,9,4,1814.2689285714284,1474.0010714285713,535.7142857142857,336.74321428571426,609.4535714285714,37,19,3,15,12,0,1,0,0,23934.508214285714,0.0,0.0,1,1,1,1,1,1,1,1,255.435873015873,493.555625,49.03429536679536,77.57900375939849,178.57142857142856,22.449547619047618,50.787797619047616,324.700357142857,340.2678571428571,0,0,0,0.0,0.0,0.0
418,28,8,1,0.0,0.0,0.0,0.0,0.0,435.6671428571429,0.0,0.0,0.0,0.0,0.0,627.6103571428572,627.6103571428572,2,2,1082.2107142857144,1082.2107142857144,1078.2821428571428,0.0,0.0,9,9,6,0,0,1,0,0,0,0.0,0.0,0.0,1,1,0,1,0,1,0,0,313.8051785714286,313.8051785714286,120.24563492063493,120.24563492063493,179.71369047619046,0.0,0.0,0.0,0.0,0,0,0,0.0,0.0,0.0
614,58,28,1,2.0,17.0,1.0,1.0,0.0,0.0,7143.0425000000005,0.0,0.0,0.0,0.0,8403.025357142857,8298.769285714287,16,9,9704.470714285713,9485.227499999999,357.14285714285717,341.82321428571424,5161.464285714285,46,33,1,13,24,1,1,1,0,3571.5212500000002,0.0,0.0,1,1,1,1,1,1,1,1,525.1890848214285,922.0854761904762,210.96675465838507,287.4311363636363,357.14285714285717,26.294093406593404,215.0610119047619,104.25607142857007,219.2432142857142,1,1,1,83.03803571428571,3.7510714285714286,4.248214285714286
1143,53,65,1,0.0,0.0,0.0,0.0,0.0,4577.445000000001,0.0,0.0,0.0,0.0,0.0,847.8353571428571,847.8353571428571,2,2,260.2857142857143,260.2857142857143,0.0,0.0,257.25,7,7,0,0,6,1,0,0,0,0.0,0.0,0.0,1,1,0,1,0,0,0,1,423.91767857142855,423.91767857142855,37.183673469387756,37.183673469387756,0.0,0.0,42.875,0.0,0.0,1,0,0,2.0083928571428573,0.0,0.0
702,71,168,1,1.0,1.0,0.0,1.0,0.0,238.22785714285715,391.9985714285714,4718.126071428572,0.0,0.0,0.0,1846.1646428571428,1677.8778571428572,15,8,1764.9275,1523.7382142857143,496.42857142857144,676.5346428571429,479.32142857142856,46,40,4,24,12,0,1,1,0,391.9985714285714,4718.126071428572,0.0,1,1,1,1,1,1,1,1,123.07764285714285,209.73473214285715,38.367989130434786,38.09345535714286,124.10714285714286,28.188943452380954,39.94345238095238,168.28678571428554,241.1892857142857,0,0,0,0.0,0.0,0.0
848,34,23,1,0.0,0.0,0.0,1.0,0.0,49.75678571428572,0.0,0.0,0.0,0.0,0.0,409.7492857142857,407.36285714285714,6,2,1960.142857142857,1957.7857142857142,1857.142857142857,95.64285714285714,0.0,17,13,6,4,0,1,0,0,0,0.0,0.0,0.0,1,1,1,1,1,1,1,0,68.29154761904762,203.68142857142857,115.30252100840336,150.59890109890108,309.5238095238095,23.910714285714285,0.0,2.386428571428553,2.3571428571428896,0,0,0,0.0,0.0,0.0
448,23,159,1,1.0,5.0,1.0,0.0,0.0,39.75107142857143,0.013571428571428571,2989.4539285714286,0.0,0.0,0.0,1534.4328571428573,1533.7721428571429,6,5,1372.6339285714287,1372.6339285714287,367.85714285714283,0.0,986.2767857142857,33,33,12,0,9,0,1,1,0,0.013571428571428571,597.8907857142857,0.0,1,1,1,1,0,1,0,1,255.73880952380955,306.75442857142855,41.594967532467535,41.594967532467535,30.6547619047619,0.0,109.58630952380952,0.6607142857144481,0.0,1,1,1,1.7108928571428572,213.29285714285714,22.424642857142857
220,51,29,1,0.0,0.0,1.0,0.0,1.0,252.36035714285714,0.0,0.0,0.0,0.0,293.5996428571429,476.47214285714284,455.4321428571429,4,3,324.25,319.2142857142857,0.0,0.0,275.67857142857144,9,7,0,0,5,0,0,0,1,0.0,0.0,293.5996428571429,1,1,1,1,1,0,0,1,119.11803571428571,151.81071428571428,36.02777777777778,45.60204081632653,0.0,0.0,55.135714285714286,21.039999999999964,5.035714285714278,0,0,0,0.0,0.0,0.0
1333,34,198,1,0.0,0.0,0.0,0.0,1.0,15106.0975,0.0,0.0,0.0,0.0,1113.3182142857142,1813.0032142857142,1636.8978571428572,6,5,1468.6275,1454.9132142857143,589.2857142857143,226.52035714285714,363.7142857142857,38,36,6,11,13,1,0,0,1,0.0,0.0,1113.3182142857142,1,1,1,1,1,1,1,1,302.16720238095235,327.37957142857147,38.64809210526316,40.414255952380955,98.21428571428572,20.59275974025974,27.978021978021978,176.10535714285697,13.71428571428578,0,0,0,0.0,0.0,0.0
76,66,178,1,0.0,0.0,1.0,1.0,1.0,178.30857142857144,0.0,0.0,0.0,886.5778571428572,3447.6735714285714,792.6785714285714,659.2928571428572,7,2,1587.8096428571428,1559.7360714285714,285.7142857142857,39.42857142857143,0.0,16,9,2,1,0,0,0,0,1,0.0,0.0,3447.6735714285714,1,1,1,1,1,1,1,0,113.23979591836735,329.6464285714286,99.23810267857142,173.30400793650793,142.85714285714286,39.42857142857143,0.0,133.38571428571424,28.073571428571313,0,0,0,0.0,0.0,0.0
713,50,67,1,0.0,0.0,1.0,0.0,0.0,113.40928571428572,0.0,0.0,350.11357142857145,0.0,0.0,860.505,860.505,3,3,871.1607142857143,871.1607142857143,521.4285714285714,278.73214285714283,67.39285714285714,29,29,6,16,5,1,0,0,0,0.0,0.0,0.0,1,1,0,1,0,1,1,1,286.835,286.835,30.040024630541872,30.040024630541872,86.90476190476191,17.420758928571427,13.478571428571428,0.0,0.0,0,0,1,0.0,0.0,11.875
1046,51,30,1,0.0,0.0,0.0,0.0,0.0,5942.160000000001,0.0,0.0,0.0,0.0,0.0,214.2867857142857,214.2867857142857,2,2,156.43714285714285,156.43714285714285,0.0,0.0,0.0,4,4,0,0,0,1,0,0,0,0.0,0.0,0.0,1,1,0,1,0,0,0,0,107.14339285714286,107.14339285714286,39.10928571428571,39.10928571428571,0.0,0.0,0.0,0.0,0.0,0,0,0,0.0,0.0,0.0
1486,27,75,1,0.0,0.0,0.0,0.0,0.0,2373.6896428571426,0.0,0.0,0.0,0.0,0.0,7311.4400000000005,7311.4400000000005,10,10,7460.381785714286,7460.381785714286,178.57142857142858,0.0,2357.307857142857,27,27,1,0,20,0,0,0,0,0.0,0.0,0.0,1,1,0,1,0,1,0,1,731.144,731.144,276.3104365079365,276.3104365079365,178.57142857142858,0.0,117.86539285714284,0.0,0.0,0,0,0,0.0,0.0,0.0
754,36,196,1,0.0,0.0,0.0,0.0,0.0,13.0425,0.0,0.0,0.0,0.0,0.0,565.7867857142858,565.7867857142858,2,2,3.012857142857143,3.012857142857143,0.0,0.0,0.0,2,2,0,0,0,0,0,0,0,0.0,0.0,0.0,1,1,0,1,0,0,0,0,282.8933928571429,282.8933928571429,1.5064285714285715,1.5064285714285715,0.0,0.0,0.0,0.0,0.0,0,1,1,0.0,39.276785714285715,9.176785714285714
885,32,151,1,0.0,0.0,0.0,0.0,0.0,3641.432142857143,0.0,0.0,0.0,0.0,0.0,507.9478571428572,507.9478571428572,2,2,436.53214285714284,436.53214285714284,0.0,61.175000000000004,364.82142857142856,10,10,0,2,6,1,0,0,0,0.0,0.0,0.0,1,1,0,1,0,0,1,1,253.9739285714286,253.9739285714286,43.653214285714284,43.653214285714284,0.0,30.587500000000002,60.80357142857142,0.0,0.0,0,0,0,0.0,0.0,0.0
1266,20,59,1,0.0,1.0,1.0,0.0,0.0,2094.6692857142857,0.0,7743.577142857143,0.0,0.0,0.0,1348.0164285714286,1348.0164285714286,4,4,1030.3182142857142,1030.3182142857142,178.57142857142858,157.28571428571428,689.8182142857142,15,15,1,4,8,0,0,1,0,0.0,7743.577142857143,0.0,1,1,0,1,0,1,1,1,337.00410714285715,337.00410714285715,68.68788095238095,68.68788095238095,178.57142857142858,39.32142857142857,86.22727678571428,0.0,0.0,0,1,0,0.0,8.607142857142858,0.0
1368,23,51,1,0.0,0.0,0.0,0.0,0.0,49585.301785714284,0.0,0.0,0.0,0.0,0.0,1089.722142857143,1089.722142857143,2,2,1413.2317857142857,1413.2317857142857,767.8571428571429,644.9460714285715,0.0,40,40,7,31,0,1,0,0,0,0.0,0.0,0.0,1,1,0,1,0,1,1,0,544.8610714285714,544.8610714285714,35.33079464285714,35.33079464285714,109.6938775510204,20.804711981566822,0.0,0.0,0.0,0,1,0,0.0,3.7142857142857144,0.0
1571,39,211,1,0.0,0.0,0.0,0.0,0.0,23635.8,0.0,0.0,0.0,0.0,0.0,0.00035714285714285714,0.00035714285714285714,1,1,2.6785714285714284,2.6785714285714284,0.0,0.0,0.0,2,2,0,0,0,1,0,0,0,0.0,0.0,0.0,1,1,0,1,0,0,0,0,0.00035714285714285714,0.00035714285714285714,1.3392857142857142,1.3392857142857142,0.0,0.0,0.0,0.0,0.0,1,1,0,3.45375,4.571428571428571,0.0
112,73,31,1,0.0,0.0,0.0,0.0,0.0,204.46142857142857,0.0,0.0,0.0,0.0,0.0,157.28821428571428,157.28821428571428,4,4,222.57642857142858,222.57642857142858,146.42857142857142,76.14785714285713,0.0,21,21,8,13,0,0,0,0,0,0.0,0.0,0.0,1,1,0,1,0,1,1,0,39.32205357142857,39.32205357142857,10.598877551020408,10.598877551020408,18.303571428571427,5.8575274725274715,0.0,0.0,0.0,0,0,1,0.0,0.0,12.5
292,36,5,1,0.0,0.0,0.0,0.0,0.0,1602.5182142857143,0.0,0.0,0.0,0.0,0.0,1971.4303571428572,1971.4303571428572,3,3,2370.030357142857,2370.030357142857,32.142857142857146,150.13750000000002,2187.75,13,13,1,7,5,1,0,0,0,0.0,0.0,0.0,1,1,0,1,0,1,1,1,657.1434523809525,657.1434523809525,182.31002747252748,182.31002747252748,32.142857142857146,21.44821428571429,437.55,0.0,0.0,1,0,0,0.64125,0.0,0.0
716,37,107,1,0.0,0.0,0.0,0.0,0.0,5070.659642857143,0.0,0.0,0.0,0.0,0.0,115.44892857142858,115.44892857142858,2,2,115.65357142857144,115.65357142857144,0.0,14.475,100.75,7,7,0,4,1,0,0,0,0,0.0,0.0,0.0,1,1,0,1,0,0,1,1,57.72446428571429,57.72446428571429,16.521938775510204,16.521938775510204,0.0,3.61875,100.75,0.0,0.0,0,0,0,0.0,0.0,0.0
72,47,129,1,0.0,0.0,0.0,0.0,0.0,1377.3742857142859,0.0,0.0,0.0,0.0,0.0,430.82428571428574,430.82428571428574,4,4,1261.107142857143,1261.107142857143,357.14285714285717,0.0,880.1071428571429,13,13,1,0,10,1,0,0,0,0.0,0.0,0.0,1,1,0,1,0,1,0,1,107.70607142857143,107.70607142857143,97.00824175824177,97.00824175824177,357.14285714285717,0.0,88.01071428571429,0.0,0.0,0,0,0,0.0,0.0,0.0
139,74,64,1,0.0,0.0,1.0,1.0,0.0,1653.9632142857142,0.0,0.0,0.0,940.5742857142858,0.0,406.50107142857144,398.90214285714285,13,8,466.9139285714286,400.7628571428572,303.57142857142856,59.75535714285714,25.714285714285715,18,11,2,3,1,0,0,0,0,0.0,0.0,0.0,1,1,1,1,1,1,1,1,31.269313186813186,49.862767857142856,25.9396626984127,36.43298701298701,151.78571428571428,19.91845238095238,25.714285714285715,7.598928571428587,66.15107142857141,0,0,0,0.0,0.0,0.0
302,63,27,1,1.0,1.0,0.0,0.0,0.0,86.52964285714286,24364.765000000003,0.0,0.0,0.0,0.0,43319.25464285714,21797.609285714287,6,3,22936.425,22936.425,353.57142857142856,154.28214285714284,1000.0,12,12,4,5,2,1,1,1,0,24364.765000000003,0.0,0.0,1,1,1,1,0,1,1,1,7219.875773809523,7265.8697619047625,1911.3687499999999,1911.3687499999999,88.39285714285714,30.85642857142857,500.0,21521.64535714285,0.0,0,0,0,0.0,0.0,0.0
107,26,181,1,0.0,0.0,0.0,0.0,0.0,23.330714285714286,0.0,0.0,0.0,0.0,0.0,0.013214285714285715,0.013214285714285715,1,1,0.0,0.0,0.0,0.0,0.0,0,0,0,0,0,0,0,0,0,0.0,0.0,0.0,1,1,0,0,0,0,0,0,0.013214285714285715,0.013214285714285715,0.0,0.0,0.0,0.0,0.0,0.0,0.0,0,0,0,0.0,0.0,0.0
343,38,162,1,0.0,0.0,1.0,0.0,0.0,3723.582142857143,0.0,0.0,0.0,0.0,0.0,272.85821428571427,272.85821428571427,3,3,201.4042857142857,201.4042857142857,82.14285714285714,18.29714285714286,100.75,12,12,6,4,1,1,0,0,0,0.0,0.0,0.0,1,1,0,1,0,1,1,1,90.95273809523809,90.95273809523809,16.783690476190475,16.783690476190475,13.69047619047619,4.574285714285715,100.75,0.0,0.0,0,0,0,0.0,0.0,0.0
990,23,153,1,1.0,0.0,0.0,0.0,0.0,181.4857142857143,22492.738214285717,0.0,0.0,0.0,0.0,3650.5539285714285,3623.965714285714,5,3,3620.63,3615.2714285714287,0.0,0.0,3071.4285714285716,6,5,0,0,2,0,1,0,0,22492.738214285717,0.0,0.0,1,1,1,1,1,0,0,1,730.1107857142857,1207.9885714285713,603.4383333333334,723.0542857142857,0.0,0.0,1535.7142857142858,26.588214285714457,5.358571428571395,0,0,1,0.0,0.0,9.318214285714287
1513,87,149,1,1.0,6.0,0.0,0.0,0.0,0.0,17859.757857142857,3732.1428571428573,0.0,0.0,0.0,487.6471428571429,478.2292857142857,4,3,26.0,26.0,0.0,26.0,0.0,2,2,0,2,0,0,1,1,0,17859.757857142857,622.0238095238095,0.0,1,1,1,1,0,0,1,0,121.91178571428573,159.4097619047619,13.0,13.0,0.0,13.0,0.0,9.417857142857201,0.0,0,0,1,0.0,0.0,13.315714285714284
1117,55,117,1,0.0,0.0,1.0,1.0,2.0,393.88357142857143,0.0,0.0,2055.3253571428572,0.7142857142857143,11060.533928571429,2741.9171428571426,2658.0285714285715,11,6,1344.4750000000001,1340.0107142857144,339.2857142857143,333.83214285714286,490.25,32,27,3,7,14,0,0,0,1,0.0,0.0,5530.2669642857145,1,1,1,1,1,1,1,1,249.2651948051948,443.0047619047619,42.014843750000004,49.63002645502646,113.09523809523809,47.69030612244898,35.017857142857146,83.88857142857114,4.464285714285779,0,0,1,0.0,0.0,18.684642857142855
1279,51,163,1,0.0,0.0,0.0,0.0,0.0,3812.3167857142857,0.0,0.0,0.0,0.0,0.0,6514.8875,6514.8875,4,4,3221.775,3221.775,678.5714285714286,21.09642857142857,2519.3928571428573,11,11,1,1,8,1,0,0,0,0.0,0.0,0.0,1,1,0,1,0,1,1,1,1628.721875,1628.721875,292.88863636363635,292.88863636363635,678.5714285714286,21.09642857142857,314.92410714285717,0.0,0.0,0,0,0,0.0,0.0,0.0
182,64,187,1,0.0,0.0,0.0,0.0,0.0,443.98857142857145,0.0,0.0,0.0,0.0,0.0,606.54,606.54,7,7,962.6625,962.6625,225.0,578.8057142857143,158.8567857142857,43,43,8,32,3,1,0,0,0,0.0,0.0,0.0,1,1,0,1,0,1,1,1,86.64857142857143,86.64857142857143,22.3875,22.3875,28.125,18.087678571428572,52.952261904761905,0.0,0.0,1,0,0,5.793928571428571,0.0,0.0
482,65,7,1,0.0,0.0,0.0,0.0,0.0,22.417857142857144,0.0,0.0,0.0,0.0,0.0,1164.2882142857143,1164.2882142857143,4,4,494.9642857142857,494.9642857142857,35.714285714285715,265.32142857142856,193.92857142857142,16,16,1,11,4,0,0,0,0,0.0,0.0,0.0,1,1,0,1,0,1,1,1,291.07205357142857,291.07205357142857,30.935267857142858,30.935267857142858,35.714285714285715,24.12012987012987,48.482142857142854,0.0,0.0,0,0,1,0.0,0.0,10.821428571428571
520,57,20,1,1.0,0.0,0.0,0.0,0.0,1401.1364285714285,3779.0092857142854,0.0,0.0,0.0,0.0,18518.535714285714,9673.50607142857,13,4,19754.678571428572,10301.107142857143,1642.857142857143,97.53571428571429,525.0,8,6,2,2,1,1,1,0,0,3779.0092857142854,0.0,0.0,1,1,1,1,1,1,1,1,1424.5027472527472,2418.3765178571425,2469.3348214285716,1716.8511904761906,821.4285714285714,48.767857142857146,525.0,8845.029642857144,9453.57142857143,0,1,0,0.0,0.21428571428571427,0.0
1400,40,39,1,0.0,0.0,0.0,0.0,0.0,252.79571428571427,0.0,0.0,0.0,0.0,0.0,42.865,42.865,3,3,73.81071428571428,73.81071428571428,60.714285714285715,0.0,10.703571428571427,3,3,1,0,1,1,0,0,0,0.0,0.0,0.0,1,1,0,1,0,1,0,1,14.288333333333334,14.288333333333334,24.603571428571428,24.603571428571428,60.714285714285715,0.0,10.703571428571427,0.0,0.0,1,0,0,4.6571428571428575,0.0,0.0
1017,57,145,1,0.0,0.0,0.0,0.0,0.0,903.6382142857143,0.0,0.0,0.0,0.0,0.0,0.005,0.005,1,1,118.04642857142858,118.04642857142858,25.0,91.79642857142858,0.0,12,12,2,9,0,1,0,0,0,0.0,0.0,0.0,1,1,0,1,0,1,1,0,0.005,0.005,9.837202380952382,9.837202380952382,12.5,10.199603174603176,0.0,0.0,0.0,0,0,0,0.0,0.0,0.0
1524,25,115,1,0.0,0.0,0.0,0.0,0.0,91.43357142857143,0.0,0.0,0.0,0.0,0.0,2526.8646428571433,2526.8646428571433,4,4,1461.4285714285713,1461.4285714285713,1142.857142857143,26.892857142857142,285.7142857142857,14,14,4,2,3,0,0,0,0,0.0,0.0,0.0,1,1,0,1,0,1,1,1,631.7161607142858,631.7161607142858,104.38775510204081,104.38775510204081,285.7142857142857,13.446428571428571,95.23809523809524,0.0,0.0,0,0,1,0.0,0.0,31.801428571428573
1309,57,151,1,0.0,0.0,0.0,0.0,0.0,0.040357142857142855,0.0,0.0,0.0,0.0,0.0,1109.8914285714286,1109.8914285714286,7,7,414.5242857142857,414.5242857142857,0.0,227.52428571428572,174.28571428571428,14,14,0,8,4,1,0,0,0,0.0,0.0,0.0,1,1,0,1,0,0,1,1,158.55591836734695,158.55591836734695,29.60887755102041,29.60887755102041,0.0,28.440535714285716,43.57142857142857,0.0,0.0,0,1,0,0.0,2.392857142857143,0.0
1070,24,97,2,0.0,0.0,1.0,0.0,0.0,176.8125,0.0,0.0,0.0,0.0,0.0,1513.675,1200.9839285714286,13,11,1550.3957142857143,1200.9839285714286,457.14285714285717,21.400000000000002,408.07142857142856,22,13,2,1,6,1,0,0,0,0.0,0.0,0.0,1,1,1,1,1,1,1,1,116.43653846153846,109.18035714285715,70.47253246753247,92.38337912087913,228.57142857142858,21.400000000000002,68.01190476190476,312.6910714285714,349.41178571428577,1,0,0,9.376964285714285,0.0,0.0
1029,68,135,1,0.0,0.0,1.0,0.0,0.0,2.914285714285714,0.0,0.0,924.8914285714285,0.0,0.0,643.5892857142857,643.5892857142857,2,2,272.44642857142856,272.44642857142856,0.0,167.125,98.17857142857143,6,6,0,3,2,1,0,0,0,0.0,0.0,0.0,1,1,0,1,0,0,1,1,321.79464285714283,321.79464285714283,45.407738095238095,45.407738095238095,0.0,55.708333333333336,49.089285714285715,0.0,0.0,1,1,0,1.217142857142857,9.785714285714286,0.0
376,61,50,1,0.0,0.0,1.0,1.0,0.0,140.06,0.0,0.0,0.0,617.6560714285714,0.0,751.4557142857142,750.005,9,6,483.35714285714283,481.92857142857144,0.0,0.0,470.4642857142857,12,10,0,0,7,1,0,0,0,0.0,0.0,0.0,1,1,1,1,1,0,0,1,83.49507936507935,125.00083333333333,40.279761904761905,48.19285714285714,0.0,0.0,67.20918367346938,1.4507142857141844,1.428571428571388,0,0,0,0.0,0.0,0.0
88,21,33,1,0.0,0.0,0.0,0.0,0.0,7153.650000000001,0.0,0.0,0.0,0.0,0.0,127.57214285714285,127.57214285714285,3,3,110.06428571428572,110.06428571428572,46.42857142857143,62.385714285714286,0.0,12,12,5,6,0,1,0,0,0,0.0,0.0,0.0,1,1,0,1,0,1,1,0,42.524047619047614,42.524047619047614,9.17202380952381,9.17202380952381,9.285714285714286,10.397619047619047,0.0,0.0,0.0,0,0,0,0.0,0.0,0.0
1006,30,182,1,0.0,0.0,0.0,0.0,0.0,0.0,0.0,0.0,0.0,0.0,0.0,911.1439285714285,911.1439285714285,4,4,950.1214285714286,950.1214285714286,535.7142857142857,46.300000000000004,368.10714285714283,16,16,2,5,9,1,0,0,0,0.0,0.0,0.0,1,1,0,1,0,1,1,1,227.78598214285714,227.78598214285714,59.38258928571429,59.38258928571429,267.85714285714283,9.260000000000002,40.900793650793645,0.0,0.0,0,0,0,0.0,0.0,0.0
784,30,88,1,0.0,0.0,0.0,0.0,0.0,870.1514285714286,0.0,0.0,0.0,0.0,0.0,824.4085714285713,824.4085714285713,3,3,1127.25,1127.25,892.8571428571429,231.35714285714286,0.0,15,15,7,2,0,0,0,0,0,0.0,0.0,0.0,1,1,0,1,0,1,1,0,274.80285714285714,274.80285714285714,75.15,75.15,127.55102040816327,115.67857142857143,0.0,0.0,0.0,0,0,0,0.0,0.0,0.0
489,67,151,1,1.0,0.0,0.0,0.0,0.0,5021.998214285714,12591.485714285713,0.0,0.0,0.0,0.0,0.0014285714285714286,0.00035714285714285714,2,1,85.10714285714286,85.10714285714286,60.714285714285715,24.392857142857142,0.0,5,5,3,2,0,1,1,0,0,12591.485714285713,0.0,0.0,1,1,1,1,0,1,1,0,0.0007142857142857143,0.00035714285714285714,17.021428571428572,17.021428571428572,20.238095238095237,12.196428571428571,0.0,0.0010714285714285715,0.0,0,0,0,0.0,0.0,0.0
249,25,196,1,1.0,0.0,0.0,0.0,0.0,42.99535714285714,1733.5774999999999,0.0,0.0,0.0,0.0,2428.6885714285713,2428.6885714285713,2,2,1797.1553571428572,1797.1553571428572,192.85714285714286,563.2467857142857,1041.0514285714285,22,22,3,10,9,0,1,0,0,1733.5774999999999,0.0,0.0,1,1,0,1,0,1,1,1,1214.3442857142857,1214.3442857142857,81.68887987012987,81.68887987012987,64.28571428571429,56.32467857142857,115.67238095238093,0.0,0.0,0,0,1,0.0,0.0,11.75
1277,21,19,1,1.0,5.0,0.0,1.0,0.0,7.361071428571429,3230.0964285714285,0.0,0.0,1.4285714285714286,0.0,5998.368928571428,5357.943214285714,10,4,3152.7410714285716,2346.6789285714285,607.1428571428571,831.8835714285715,523.1324999999999,44,20,4,24,10,1,1,1,0,3230.0964285714285,0.0,0.0,1,1,1,1,1,1,1,1,599.8368928571429,1339.4858035714285,71.65320616883118,117.33394642857142,151.78571428571428,34.661815476190476,52.31325,640.4257142857141,806.062142857143,1,1,0,4.704821428571429,2.857142857142857,0.0
645,63,144,1,0.0,0.0,0.0,0.0,0.0,14.297857142857142,0.0,0.0,0.0,0.0,0.0,517.8964285714286,517.8964285714286,3,3,173.07142857142858,173.07142857142858,0.0,0.0,168.17857142857142,5,5,0,0,3,1,0,0,0,0.0,0.0,0.0,1,1,0,1,0,0,0,1,172.63214285714287,172.63214285714287,34.614285714285714,34.614285714285714,0.0,0.0,56.0595238095238,0.0,0.0,0,0,0,0.0,0.0,0.0
17,64,150,1,0.0,0.0,0.0,0.0,0.0,338.77642857142854,0.0,0.0,0.0,0.0,0.0,1309.474642857143,1309.474642857143,4,4,5000.515357142857,5000.515357142857,803.5714285714286,168.92607142857145,4023.7678571428573,33,33,5,7,20,0,0,0,0,0.0,0.0,0.0,1,1,0,1,0,1,1,1,327.36866071428574,327.36866071428574,151.5307683982684,151.5307683982684,160.71428571428572,24.13229591836735,201.18839285714287,0.0,0.0,0,0,0,0.0,0.0,0.0
549,30,58,1,0.0,0.0,0.0,0.0,0.0,192.7760714285714,0.0,0.0,0.0,0.0,0.0,0.0071428571428571435,0.0071428571428571435,1,1,445.25,445.25,428.57142857142856,12.428571428571429,0.0,15,15,9,1,0,1,0,0,0,0.0,0.0,0.0,1,1,0,1,0,1,1,0,0.0071428571428571435,0.0071428571428571435,29.683333333333334,29.683333333333334,47.61904761904762,12.428571428571429,0.0,0.0,0.0,0,0,0,0.0,0.0,0.0
1091,42,174,1,1.0,26.0,0.0,0.0,0.0,7.107142857142857,0.008928571428571428,0.0,0.0,0.0,0.0,6273.769285714286,6271.618571428572,5,4,2366.9285714285716,2366.9285714285716,2142.8571428571427,0.0,222.53571428571428,7,7,2,0,2,0,1,1,0,0.008928571428571428,0.0,0.0,1,1,1,1,0,1,0,1,1254.7538571428572,1567.904642857143,338.1326530612245,338.1326530612245,1071.4285714285713,0.0,111.26785714285714,2.1507142857135477,0.0,1,0,1,4.910714285714286,0.0,10.107142857142858
1312,64,154,3,0.0,0.0,0.0,0.0,0.0,11295.457142857142,0.0,0.0,0.0,0.0,0.0,956.3582142857142,956.3582142857142,8,8,956.3771428571429,956.3771428571429,171.42857142857142,129.92964285714285,651.6260714285714,21,21,2,8,10,1,0,0,0,0.0,0.0,0.0,1,1,0,1,0,1,1,1,119.54477678571428,119.54477678571428,45.541768707482994,45.541768707482994,85.71428571428571,16.241205357142857,65.16260714285714,0.0,0.0,0,0,0,0.0,0.0,0.0
753,45,52,1,0.0,0.0,0.0,0.0,0.0,16357.576785714287,0.0,0.0,0.0,0.0,0.0,215.17964285714285,215.17964285714285,3,3,0.0,0.0,0.0,0.0,0.0,0,0,0,0,0,1,0,0,0,0.0,0.0,0.0,1,1,0,0,0,0,0,0,71.72654761904762,71.72654761904762,0.0,0.0,0.0,0.0,0.0,0.0,0.0,0,0,0,0.0,0.0,0.0
705,34,64,3,0.0,0.0,0.0,0.0,0.0,191.1260714285714,0.0,0.0,0.0,0.0,0.0,992.2871428571428,992.2871428571428,3,3,959.5,959.5,789.2857142857143,23.392857142857142,138.03571428571428,38,38,16,3,4,1,0,0,0,0.0,0.0,0.0,1,1,0,1,0,1,1,1,330.76238095238097,330.76238095238097,25.25,25.25,49.330357142857146,7.7976190476190474,34.50892857142857,0.0,0.0,0,1,0,0.0,2.138571428571429,0.0
341,46,171,1,0.0,0.0,0.0,0.0,0.0,1724.347857142857,0.0,0.0,0.0,0.0,0.0,82.54964285714286,82.54964285714286,3,3,97.96428571428571,97.96428571428571,0.0,0.0,95.35714285714286,4,4,0,0,3,0,0,0,0,0.0,0.0,0.0,1,1,0,1,0,0,0,1,27.516547619047618,27.516547619047618,24.491071428571427,24.491071428571427,0.0,0.0,31.78571428571429,0.0,0.0,0,0,1,0.0,0.0,9.75
83,43,111,1,3.0,7.0,0.0,0.0,0.0,14.855,90800.88214285715,0.0,0.0,0.0,0.0,569.7671428571429,568.7203571428571,4,3,225.07142857142858,225.07142857142858,0.0,0.0,224.39285714285714,4,4,0,0,3,0,1,1,0,30266.960714285717,0.0,0.0,1,1,1,1,0,0,0,1,142.44178571428571,189.57345238095238,56.267857142857146,56.267857142857146,0.0,0.0,74.79761904761905,1.046785714285761,0.0,0,1,1,0.0,5.25,28.685357142857146
1003,16,39,1,0.0,0.0,0.0,0.0,0.0,3465.5371428571425,0.0,0.0,0.0,0.0,0.0,14.287142857142857,14.287142857142857,2,2,0.0,0.0,0.0,0.0,0.0,0,0,0,0,0,0,0,0,0,0.0,0.0,0.0,1,1,0,0,0,0,0,0,7.143571428571429,7.143571428571429,0.0,0.0,0.0,0.0,0.0,0.0,0.0,0,0,0,0.0,0.0,0.0
863,26,151,1,0.0,0.0,1.0,1.0,2.0,21.936785714285715,0.0,0.0,0.0,1.1785714285714286,63.80321428571428,2284.4875,1621.3899999999999,23,14,3678.240357142857,2135.0964285714285,642.8571428571429,1120.1857142857143,805.3571428571429,55,23,7,18,8,1,0,0,1,0.0,0.0,31.90160714285714,1,1,1,1,1,1,1,1,99.32554347826088,115.81357142857142,66.8770974025974,92.83027950310559,91.83673469387756,62.23253968253968,100.66964285714286,663.0975000000003,1543.1439285714287,0,0,1,0.0,0.0,22.607142857142858
879,37,35,1,0.0,0.0,0.0,0.0,0.0,3871.886785714286,0.0,0.0,0.0,0.0,0.0,473.5410714285714,473.5410714285714,2,2,1007.1392857142857,1007.1392857142857,535.7142857142857,178.10357142857143,290.82142857142856,17,17,2,9,5,1,0,0,0,0.0,0.0,0.0,1,1,0,1,0,1,1,1,236.7705357142857,236.7705357142857,59.24348739495798,59.24348739495798,267.85714285714283,19.789285714285715,58.16428571428571,0.0,0.0,0,0,0,0.0,0.0,0.0
892,45,149,1,0.0,0.0,1.0,0.0,0.0,0.0,0.0,0.0,641.1453571428572,0.0,0.0,608.755,608.755,3,3,782.6464285714285,782.6464285714285,178.57142857142858,0.0,251.32142857142858,12,12,3,0,4,1,0,0,0,0.0,0.0,0.0,1,1,0,1,0,1,0,1,202.91833333333332,202.91833333333332,65.2205357142857,65.2205357142857,59.523809523809526,0.0,62.830357142857146,0.0,0.0,0,0,0,0.0,0.0,0.0
1459,29,62,1,0.0,0.0,1.0,0.0,0.0,9165.92,0.0,0.0,702.9003571428572,0.0,0.0,651.3989285714285,651.3989285714285,2,2,381.4792857142857,381.4792857142857,53.57142857142857,0.0,151.9792857142857,8,8,1,0,4,0,0,0,0,0.0,0.0,0.0,1,1,0,1,0,1,0,1,325.69946428571427,325.69946428571427,47.684910714285714,47.684910714285714,53.57142857142857,0.0,37.99482142857143,0.0,0.0,0,0,0,0.0,0.0,0.0
1149,54,172,1,0.0,0.0,1.0,0.0,0.0,0.0,0.0,0.0,62.7025,0.0,0.0,1085.5078571428571,952.4571428571428,15,13,1252.2621428571426,998.7342857142858,0.0,291.49785714285713,258.32142857142856,51,40,0,25,9,1,0,0,0,0.0,0.0,0.0,1,1,1,1,1,0,1,1,72.36719047619047,73.26593406593406,24.55415966386554,24.968357142857144,0.0,11.659914285714285,28.70238095238095,133.05071428571432,253.52785714285687,1,1,0,1.5114285714285713,2.0010714285714286,0.0
60,20,28,1,0.0,0.0,0.0,0.0,0.0,3891.1160714285716,0.0,0.0,0.0,0.0,0.0,356.4042857142857,356.4042857142857,2,2,1.9642857142857142,1.9642857142857142,0.0,0.0,0.0,1,1,0,0,0,0,0,0,0,0.0,0.0,0.0,1,1,0,1,0,0,0,0,178.20214285714286,178.20214285714286,1.9642857142857142,1.9642857142857142,0.0,0.0,0.0,0.0,0.0,0,0,0,0.0,0.0,0.0
1411,32,40,1,0.0,1.0,0.0,0.0,0.0,2223.1285714285714,0.0,11342.545714285716,0.0,0.0,0.0,0.003928571428571429,0.003928571428571429,1,1,0.0,0.0,0.0,0.0,0.0,0,0,0,0,0,1,0,1,0,0.0,11342.545714285716,0.0,1,1,0,0,0,0,0,0,0.003928571428571429,0.003928571428571429,0.0,0.0,0.0,0.0,0.0,0.0,0.0,1,0,0,0.7996428571428572,0.0,0.0
1585,28,221,1,0.0,0.0,0.0,0.0,0.0,816.0564285714287,0.0,0.0,0.0,0.0,0.0,178.57928571428573,178.57928571428573,5,5,0.0,0.0,0.0,0.0,0.0,0,0,0,0,0,0,0,0,0,0.0,0.0,0.0,1,1,0,0,0,0,0,0,35.715857142857146,35.715857142857146,0.0,0.0,0.0,0.0,0.0,0.0,0.0,1,0,1,3.410892857142857,0.0,16.547857142857143
1284,58,26,1,0.0,0.0,0.0,0.0,0.0,17.917142857142856,0.0,0.0,0.0,0.0,0.0,714.2892857142857,714.2892857142857,2,2,218.80857142857144,218.80857142857144,0.0,14.805000000000001,0.0,7,7,0,5,0,0,0,0,0,0.0,0.0,0.0,1,1,0,1,0,0,1,0,357.14464285714286,357.14464285714286,31.258367346938776,31.258367346938776,0.0,2.9610000000000003,0.0,0.0,0.0,0,0,1,0.0,0.0,15.035714285714286
746,46,163,1,0.0,1.0,0.0,0.0,0.0,16436.327142857142,0.0,49030.41071428572,0.0,0.0,0.0,0.0071428571428571435,0.0071428571428571435,1,1,0.0,0.0,0.0,0.0,0.0,0,0,0,0,0,1,0,1,0,0.0,49030.41071428572,0.0,1,1,0,0,0,0,0,0,0.0071428571428571435,0.0071428571428571435,0.0,0.0,0.0,0.0,0.0,0.0,0.0,0,0,0,0.0,0.0,0.0
361,71,168,1,1.0,1.0,0.0,0.0,0.0,1642.2603571428572,1586.6567857142857,1714.2857142857142,0.0,0.0,0.0,2776.88,2232.2946428571427,10,8,2117.4035714285715,2117.4035714285715,357.14285714285717,176.11785714285716,864.1071428571429,19,19,1,5,10,1,1,1,0,1586.6567857142857,1714.2857142857142,0.0,1,1,1,1,0,1,1,1,277.688,279.03683035714283,111.44229323308271,111.44229323308271,357.14285714285717,35.22357142857143,86.41071428571429,544.5853571428574,0.0,0,0,0,0.0,0.0,0.0
608,35,157,1,1.0,0.0,0.0,0.0,0.0,347.36571428571426,29191.295000000002,0.0,0.0,0.0,0.0,460.9189285714286,459.8367857142857,4,3,460.6210714285714,460.6210714285714,321.42857142857144,35.97821428571429,100.92857142857143,8,8,2,1,4,1,1,0,0,29191.295000000002,0.0,0.0,1,1,1,1,0,1,1,1,115.22973214285715,153.27892857142857,57.57763392857142,57.57763392857142,160.71428571428572,35.97821428571429,25.232142857142858,1.0821428571428555,0.0,1,0,1,3.20375,0.0,7.753928571428572
269,39,61,1,1.0,0.0,1.0,0.0,0.0,611.0925,11325.131785714286,0.0,984.7853571428572,0.0,0.0,648.8060714285714,643.7989285714285,3,2,1450.0714285714287,1450.0714285714287,107.14285714285714,0.0,268.7142857142857,10,10,1,0,7,0,1,0,0,11325.131785714286,0.0,0.0,1,1,1,1,0,1,0,1,216.26869047619047,321.89946428571426,145.00714285714287,145.00714285714287,107.14285714285714,0.0,38.38775510204082,5.007142857142867,0.0,0,0,1,0.0,0.0,12.547857142857142
1053,82,62,1,0.0,0.0,0.0,0.0,0.0,107.14285714285714,0.0,0.0,0.0,0.0,0.0,1663.394642857143,1663.394642857143,3,3,1509.1607142857142,1509.1607142857142,392.85714285714283,0.0,572.75,19,19,2,0,13,1,0,0,0,0.0,0.0,0.0,1,1,0,1,0,1,0,1,554.464880952381,554.464880952381,79.42951127819549,79.42951127819549,196.42857142857142,0.0,44.05769230769231,0.0,0.0,0,0,0,0.0,0.0,0.0
1,51,7,1,0.0,0.0,1.0,0.0,0.0,1333.8028571428572,0.0,0.0,0.0,0.0,0.0,1678.9464285714287,1318.6982142857144,25,23,1891.3532142857143,1335.6196428571427,250.0,283.0892857142857,247.60714285714286,50,30,3,12,9,0,0,0,0,0.0,0.0,0.0,1,1,1,1,1,1,1,1,67.15785714285715,57.3347049689441,37.827064285714286,44.52065476190476,83.33333333333333,23.59077380952381,27.511904761904763,360.2482142857143,555.7335714285716,1,0,0,26.97267857142857,0.0,0.0
1463,43,117,1,0.0,0.0,0.0,0.0,0.0,1041.2992857142858,0.0,0.0,0.0,0.0,0.0,727.9296428571428,727.9296428571428,4,4,985.3571428571429,985.3571428571429,482.14285714285717,0.0,499.9642857142857,14,14,5,0,5,0,0,0,0,0.0,0.0,0.0,1,1,0,1,0,1,0,1,181.9824107142857,181.9824107142857,70.38265306122449,70.38265306122449,96.42857142857143,0.0,99.99285714285715,0.0,0.0,0,0,1,0.0,0.0,11.785714285714286
1481,7,0,1,0.0,0.0,1.0,0.0,0.0,6236.142142857143,0.0,0.0,0.0,0.0,0.0,348.11035714285714,138.31785714285715,6,3,340.96714285714285,131.22107142857143,100.0,0.0,0.0,7,5,3,0,0,1,0,0,0,0.0,0.0,0.0,1,1,1,1,1,1,0,0,58.01839285714286,46.10595238095238,48.709591836734695,26.244214285714285,33.333333333333336,0.0,0.0,209.7925,209.7460714285714,0,0,0,0.0,0.0,0.0
349,72,32,2,2.0,0.0,0.0,0.0,0.0,247.4267857142857,0.09178571428571428,0.0,0.0,0.0,0.0,2.408214285714286,0.0225,2,1,1.9642857142857142,1.9642857142857142,0.0,0.0,0.0,1,1,0,0,0,1,1,0,0,0.04589285714285714,0.0,0.0,1,1,1,1,0,0,0,0,1.204107142857143,0.0225,1.9642857142857142,1.9642857142857142,0.0,0.0,0.0,2.385714285714286,0.0,1,0,0,65.70410714285714,0.0,0.0
1208,23,62,1,0.0,0.0,0.0,0.0,0.0,664.5782142857142,0.0,0.0,0.0,0.0,0.0,844.8542857142857,844.8542857142857,3,3,376.25,376.25,178.57142857142858,0.0,194.64285714285714,7,7,1,0,5,0,0,0,0,0.0,0.0,0.0,1,1,0,1,0,1,0,1,281.61809523809524,281.61809523809524,53.75,53.75,178.57142857142858,0.0,38.92857142857143,0.0,0.0,0,0,0,0.0,0.0,0.0
509,5,168,1,0.0,0.0,1.0,0.0,0.0,6722.328571428572,0.0,0.0,0.0,0.0,0.0,1235.3260714285714,1235.3260714285714,4,4,904.5267857142857,904.5267857142857,53.57142857142857,102.09821428571429,338.7142857142857,27,27,3,8,13,1,0,0,0,0.0,0.0,0.0,1,1,0,1,0,1,1,1,308.83151785714284,308.83151785714284,33.50099206349206,33.50099206349206,17.857142857142858,12.762276785714286,26.054945054945055,0.0,0.0,0,0,1,0.0,0.0,10.107142857142858
1170,28,68,1,1.0,0.0,0.0,0.0,0.0,1845.1207142857143,45528.44178571429,0.0,0.0,0.0,0.0,866.2775,865.7514285714286,4,3,752.2857142857143,752.2857142857143,107.14285714285714,0.0,642.8571428571429,8,8,3,0,3,1,1,0,0,45528.44178571429,0.0,0.0,1,1,1,1,0,1,0,1,216.569375,288.5838095238095,94.03571428571429,94.03571428571429,35.714285714285715,0.0,214.2857142857143,0.526071428571413,0.0,0,1,0,0.0,0.8939285714285715,0.0
1369,39,55,1,0.0,0.0,1.0,1.0,0.0,19.86285714285714,0.0,0.0,0.0,611.7210714285713,0.0,6173.7014285714295,4111.138928571429,30,16,6410.214999999999,4078.996071428571,1600.0,822.5232142857143,386.7142857142857,76,27,5,36,11,1,0,0,0,0.0,0.0,0.0,1,1,1,1,1,1,1,1,205.79004761904764,256.9461830357143,84.3449342105263,151.07392857142855,320.0,22.847867063492064,35.15584415584416,2062.562500000001,2331.218928571428,0,1,0,0.0,2.466785714285714,0.0
93,31,8,1,2.0,0.0,1.0,1.0,0.0,8.870357142857143,3655.8189285714284,0.0,23.064285714285713,1.4285714285714286,0.0,2186.5410714285713,1367.827857142857,25,17,2137.954642857143,1356.1046428571428,32.142857142857146,0.0,220.32142857142858,36,16,1,0,8,0,1,0,0,1827.9094642857142,0.0,0.0,1,1,1,1,1,1,0,1,87.46164285714285,80.46046218487395,59.38762896825397,84.75654017857143,32.142857142857146,0.0,27.540178571428573,818.7132142857142,781.8500000000001,0,1,0,0.0,3.392857142857143,0.0
1265,31,162,1,0.0,0.0,0.0,0.0,0.0,2941.9939285714286,0.0,0.0,0.0,0.0,0.0,364.40999999999997,364.40999999999997,2,2,583.7460714285714,583.7460714285714,464.2857142857143,112.49607142857143,0.0,9,9,3,4,0,0,0,0,0,0.0,0.0,0.0,1,1,0,1,0,1,1,0,182.20499999999998,182.20499999999998,64.8606746031746,64.8606746031746,154.76190476190476,28.124017857142857,0.0,0.0,0.0,0,0,1,0.0,0.0,17.175357142857145
1125,64,150,1,0.0,0.0,0.0,0.0,0.0,401.16249999999997,0.0,0.0,0.0,0.0,0.0,1420.6957142857143,1420.6957142857143,4,4,1960.9214285714286,1960.9214285714286,282.14285714285717,175.35,1494.5,14,14,1,7,5,0,0,0,0,0.0,0.0,0.0,1,1,0,1,0,1,1,1,355.1739285714286,355.1739285714286,140.0658163265306,140.0658163265306,282.14285714285717,25.05,298.9,0.0,0.0,0,0,0,0.0,0.0,0.0
1161,22,103,1,1.0,0.0,0.0,0.0,0.0,602.1117857142857,5384.086428571429,0.0,0.0,0.0,0.0,143.5732142857143,143.04071428571427,3,2,53.57142857142857,53.57142857142857,53.57142857142857,0.0,0.0,1,1,1,0,0,0,1,0,0,5384.086428571429,0.0,0.0,1,1,1,1,0,1,0,0,47.8577380952381,71.52035714285714,53.57142857142857,53.57142857142857,53.57142857142857,0.0,0.0,0.5325000000000273,0.0,0,0,0,0.0,0.0,0.0
810,48,107,1,0.0,0.0,1.0,0.0,1.0,542.1714285714286,0.0,0.0,0.0,0.0,930.3571428571429,926.0989285714286,832.3782142857143,4,3,905.1750000000001,903.0678571428572,114.28571428571429,184.53214285714284,483.17857142857144,13,12,4,2,4,0,0,0,1,0.0,0.0,930.3571428571429,1,1,1,1,1,1,1,1,231.52473214285715,277.45940476190475,69.62884615384615,75.25565476190476,28.571428571428573,92.26607142857142,120.79464285714286,93.72071428571428,2.1071428571428896,0,0,0,0.0,0.0,0.0
569,61,151,1,0.0,0.0,1.0,0.0,0.0,1.1492857142857142,0.0,0.0,139.66214285714287,0.0,0.0,91.24428571428572,57.53285714285715,6,4,86.49428571428572,57.53285714285715,0.0,0.0,21.428571428571427,7,4,0,0,1,0,0,0,0,0.0,0.0,0.0,1,1,1,1,1,0,0,1,15.207380952380953,14.383214285714287,12.356326530612247,14.383214285714287,0.0,0.0,21.428571428571427,33.71142857142858,28.961428571428577,0,1,0,0.0,3.607142857142857,0.0
158,0,152,1,1.0,0.0,0.0,0.0,0.0,326.6303571428571,16117.897142857142,0.0,0.0,0.0,0.0,2353.784285714286,2353.4532142857142,5,4,1208.4282142857141,1208.4282142857141,0.0,1208.4282142857141,0.0,13,13,0,13,0,1,1,0,0,16117.897142857142,0.0,0.0,1,1,1,1,0,0,1,0,470.7568571428572,588.3633035714286,92.95601648351648,92.95601648351648,0.0,92.95601648351648,0.0,0.331071428571704,0.0,0,0,0,0.0,0.0,0.0
1259,26,228,2,0.0,0.0,0.0,0.0,1.0,0.0,0.0,0.0,0.0,0.0,2933.3135714285713,370.67607142857145,339.2867857142857,3,2,327.5371428571429,323.18,17.857142857142858,33.25142857142857,221.5,15,13,1,3,7,1,0,0,1,0.0,0.0,2933.3135714285713,1,1,1,1,1,1,1,1,123.55869047619048,169.64339285714286,21.835809523809527,24.86,17.857142857142858,11.083809523809522,31.642857142857142,31.389285714285734,4.35714285714289,0,0,1,0.0,0.0,12.659285714285714
662,8,56,1,0.0,0.0,0.0,0.0,0.0,0.0,0.0,0.0,0.0,0.0,0.0,419.0128571428572,419.0128571428572,3,3,310.85035714285715,310.695,303.69464285714287,0.0,0.0,6,5,3,0,0,0,0,0,0,0.0,0.0,0.0,1,1,0,1,1,1,0,0,139.6709523809524,139.6709523809524,51.808392857142856,62.138999999999996,101.23154761904762,0.0,0.0,0.0,0.15535714285715585,0,0,1,0.0,0.0,13.857142857142858
371,49,70,1,0.0,0.0,1.0,0.0,0.0,201.31678571428571,0.0,0.0,65.49249999999999,0.0,0.0,2222.407857142857,2222.407857142857,4,4,1127.2357142857143,1127.2357142857143,107.14285714285714,337.5571428571429,679.0357142857143,21,21,1,9,10,1,0,0,0,0.0,0.0,0.0,1,1,0,1,0,1,1,1,555.6019642857143,555.6019642857143,53.677891156462586,53.677891156462586,107.14285714285714,37.506349206349206,67.90357142857144,0.0,0.0,0,0,0,0.0,0.0,0.0
732,43,63,3,1.0,6.0,0.0,0.0,0.0,301.15607142857147,347.4171428571429,49993.39928571428,0.0,0.0,0.0,329.63892857142855,328.8971428571429,3,2,450.15714285714284,450.15714285714284,0.0,315.90714285714284,129.71428571428572,9,9,0,4,4,1,1,1,0,347.4171428571429,8332.233214285714,0.0,1,1,1,1,0,0,1,1,109.87964285714285,164.44857142857146,50.01746031746032,50.01746031746032,0.0,78.97678571428571,32.42857142857143,0.7417857142856406,0.0,1,0,1,3.0301785714285714,0.0,10.214285714285714
792,84,151,1,0.0,0.0,0.0,0.0,0.0,9.3025,0.0,0.0,0.0,0.0,0.0,920.8057142857143,920.8057142857143,2,2,1475.0907142857143,1475.0907142857143,0.0,0.0,0.0,2,2,0,0,0,1,0,0,0,0.0,0.0,0.0,1,1,0,1,0,0,0,0,460.40285714285716,460.40285714285716,737.5453571428571,737.5453571428571,0.0,0.0,0.0,0.0,0.0,1,0,1,52.61821428571428,0.0,16.2475
398,56,30,2,1.0,0.0,0.0,0.0,0.0,3692.966785714286,23.599285714285713,0.0,0.0,0.0,0.0,6.915357142857142,0.005714285714285714,2,1,23.678571428571427,23.678571428571427,0.0,0.0,20.785714285714285,3,3,0,0,1,0,1,0,0,23.599285714285713,0.0,0.0,1,1,1,1,0,0,0,1,3.457678571428571,0.005714285714285714,7.892857142857142,7.892857142857142,0.0,0.0,20.785714285714285,6.909642857142857,0.0,1,0,0,0.9701785714285714,0.0,0.0
808,48,85,1,1.0,18.0,0.0,0.0,0.0,608.5792857142858,55.53035714285714,0.0,0.0,0.0,0.0,0.8717857142857143,0.040357142857142855,2,1,10982.142857142857,10982.142857142857,0.0,0.0,0.0,4,4,0,0,0,1,1,1,0,55.53035714285714,0.0,0.0,1,1,1,1,0,0,0,0,0.43589285714285714,0.040357142857142855,2745.535714285714,2745.535714285714,0.0,0.0,0.0,0.8314285714285714,0.0,0,0,1,0.0,0.0,7.428571428571429
658,51,32,1,0.0,0.0,0.0,0.0,0.0,1107.6778571428572,0.0,0.0,0.0,0.0,0.0,0.0725,0.07107142857142858,5,1,1128.2514285714285,1128.25,0.0,0.0,53.57142857142857,7,3,0,0,1,0,0,0,0,0.0,0.0,0.0,1,1,1,1,1,0,0,1,0.014499999999999999,0.07107142857142858,161.17877551020408,376.0833333333333,0.0,0.0,53.57142857142857,0.001428571428571418,0.0014285714285051654,0,1,1,0.0,0.21428571428571427,6.233928571428572
132,50,53,1,1.0,0.0,0.0,0.0,0.0,79.41857142857143,1259.155,0.0,0.0,0.0,0.0,68.40142857142857,0.0,1,0,0.0,0.0,0.0,0.0,0.0,0,0,0,0,0,1,1,0,0,1259.155,0.0,0.0,1,0,1,0,0,0,0,0,68.40142857142857,0.0,0.0,0.0,0.0,0.0,0.0,68.40142857142857,0.0,1,0,0,1.4732142857142858,0.0,0.0
1335,70,9,1,0.0,0.0,1.0,0.0,0.0,91.28321428571428,0.0,0.0,0.0,0.0,0.0,1515.2724999999998,1352.7235714285714,12,9,1326.045357142857,1163.5021428571429,178.57142857142858,147.5960714285714,672.1785714285714,25,22,2,8,8,0,0,0,0,0.0,0.0,0.0,1,1,1,1,1,1,1,1,126.27270833333331,150.30261904761903,53.04181428571428,52.88646103896104,89.28571428571429,18.449508928571426,84.02232142857143,162.5489285714284,162.54321428571416,0,1,0,0.0,407.96250000000003,0.0
275,73,2,1,0.0,0.0,0.0,0.0,0.0,5221.425714285715,0.0,0.0,0.0,0.0,0.0,592.0360714285714,592.0360714285714,5,5,611.9285714285714,611.9285714285714,182.14285714285714,0.0,417.42857142857144,13,13,5,0,2,1,0,0,0,0.0,0.0,0.0,1,1,0,1,0,1,0,1,118.40721428571428,118.40721428571428,47.07142857142857,47.07142857142857,36.42857142857143,0.0,208.71428571428572,0.0,0.0,0,1,0,0.0,6.428571428571429,0.0
985,36,92,1,0.0,0.0,1.0,0.0,0.0,58.1,0.0,0.0,164.67535714285714,0.0,0.0,626.2435714285714,330.9789285714286,5,3,376.24357142857144,330.9789285714286,35.714285714285715,0.0,0.0,5,3,1,0,0,0,0,0,0,0.0,0.0,0.0,1,1,1,1,1,1,0,0,125.24871428571427,110.32630952380953,75.24871428571429,110.32630952380953,35.714285714285715,0.0,0.0,295.2646428571428,45.26464285714286,0,0,1,0.0,0.0,3.0503571428571425
1538,35,150,1,1.0,0.0,0.0,0.0,0.0,2238.2657142857142,0.010357142857142856,0.0,0.0,0.0,0.0,35830.19285714286,110.17285714285715,4,2,35714.28571428572,35714.28571428572,0.0,0.0,35714.28571428572,1,1,0,0,1,0,1,0,0,0.010357142857142856,0.0,0.0,1,1,1,1,0,0,0,1,8957.548214285714,55.08642857142858,35714.28571428572,35714.28571428572,0.0,0.0,35714.28571428572,35720.020000000004,0.0,0,1,1,0.0,1.7142857142857142,9.964285714285714
1058,79,145,1,1.0,1.0,0.0,0.0,0.0,431.3464285714286,6657.720357142857,4239.060357142857,0.0,0.0,0.0,557.1107142857143,555.8367857142857,3,2,448.60714285714283,448.60714285714283,285.7142857142857,0.0,160.71428571428572,4,4,1,0,2,1,1,1,0,6657.720357142857,4239.060357142857,0.0,1,1,1,1,0,1,0,1,185.70357142857142,277.91839285714286,112.15178571428571,112.15178571428571,285.7142857142857,0.0,80.35714285714286,1.2739285714285415,0.0,0,0,1,0.0,0.0,27.323571428571427
26,27,24,1,0.0,1.0,1.0,0.0,0.0,1868.2342857142855,0.0,61064.28571428572,0.0,0.0,0.0,480.7871428571429,480.7871428571429,3,3,476.7142857142857,476.7142857142857,457.14285714285717,0.0,16.178571428571427,7,7,4,0,2,0,0,1,0,0.0,61064.28571428572,0.0,1,1,0,1,0,1,0,1,160.26238095238097,160.26238095238097,68.10204081632654,68.10204081632654,114.28571428571429,0.0,8.089285714285714,0.0,0.0,0,0,0,0.0,0.0,0.0
653,39,100,1,1.0,0.0,0.0,0.0,0.0,43.144285714285715,6007.7925000000005,0.0,0.0,0.0,0.0,17.555357142857144,0.0,1,0,0.0,0.0,0.0,0.0,0.0,0,0,0,0,0,1,1,0,0,6007.7925000000005,0.0,0.0,1,0,1,0,0,0,0,0,17.555357142857144,0.0,0.0,0.0,0.0,0.0,0.0,17.555357142857144,0.0,0,0,0,0.0,0.0,0.0
1340,60,6,1,0.0,0.0,0.0,0.0,0.0,50.72035714285715,0.0,0.0,0.0,0.0,0.0,5823.408928571429,5823.408928571429,3,3,5244.964285714285,5244.964285714285,1607.142857142857,310.6464285714286,3205.535714285714,21,21,4,6,9,1,0,0,0,0.0,0.0,0.0,1,1,0,1,0,1,1,1,1941.1363095238096,1941.1363095238096,249.76020408163262,249.76020408163262,401.7857142857143,51.77440476190477,356.17063492063494,0.0,0.0,0,0,0,0.0,0.0,0.0
1412,40,149,1,0.0,0.0,0.0,1.0,0.0,5.257142857142857,0.0,0.0,0.0,536.6857142857143,0.0,2288.5075,1855.9489285714285,11,5,1559.5935714285715,691.0121428571429,0.0,863.2242857142857,273.2285714285714,35,9,0,23,7,1,0,0,0,0.0,0.0,0.0,1,1,1,1,1,0,1,1,208.04613636363638,371.1897857142857,44.559816326530616,76.77912698412699,0.0,37.53149068322981,39.03265306122449,432.55857142857167,868.5814285714287,1,0,0,6.795535714285714,0.0,0.0
593,42,169,1,0.0,0.0,0.0,0.0,0.0,1.4807142857142856,0.0,0.0,0.0,0.0,0.0,459.7996428571428,459.7996428571428,2,2,1142.6285714285714,1142.6285714285714,0.0,164.09285714285716,975.1428571428571,9,9,0,3,5,1,0,0,0,0.0,0.0,0.0,1,1,0,1,0,0,1,1,229.8998214285714,229.8998214285714,126.95873015873015,126.95873015873015,0.0,54.69761904761905,195.0285714285714,0.0,0.0,0,0,1,0.0,0.0,8.5
1216,61,8,1,0.0,0.0,0.0,0.0,1.0,166.9182142857143,0.0,0.0,0.0,0.0,4202.201428571429,916.4667857142857,883.4660714285714,3,2,981.4278571428571,976.7492857142857,178.57142857142858,221.49571428571429,355.32142857142856,47,45,1,30,10,0,0,0,1,0.0,0.0,4202.201428571429,1,1,1,1,1,1,1,1,305.4889285714286,441.7330357142857,20.88144376899696,21.705539682539683,178.57142857142858,7.383190476190476,35.53214285714286,33.000714285714366,4.678571428571331,0,0,0,0.0,0.0,0.0
525,31,54,1,1.0,4.0,0.0,0.0,0.0,0.3882142857142857,3845.991785714286,31884.509285714284,0.0,0.0,0.0,442.7532142857143,442.21964285714284,4,3,881.2857142857143,881.2857142857143,357.14285714285717,0.0,519.75,6,6,1,0,4,1,1,1,0,3845.991785714286,7971.127321428571,0.0,1,1,1,1,0,1,0,1,110.68830357142858,147.40654761904761,146.88095238095238,146.88095238095238,357.14285714285717,0.0,129.9375,0.533571428571463,0.0,1,1,1,5.942857142857143,2.108214285714286,7.586428571428571
1464,54,35,1,0.0,0.0,1.0,0.0,0.0,1780.7525,0.0,0.0,1670.2807142857143,0.0,0.0,757.3003571428571,699.8832142857143,12,8,479.1289285714286,421.8182142857143,0.0,0.0,361.00821428571425,18,16,0,0,11,0,0,0,0,0.0,0.0,0.0,1,1,1,1,1,0,0,1,63.1083630952381,87.48540178571429,26.618273809523814,26.363638392857144,0.0,0.0,32.818928571428565,57.417142857142835,57.31071428571431,0,0,0,0.0,0.0,0.0
380,37,176,1,0.0,0.0,0.0,0.0,0.0,2804.529285714286,0.0,0.0,0.0,0.0,0.0,390.2275,390.2275,2,2,0.8928571428571429,0.8928571428571429,0.0,0.0,0.0,1,1,0,0,0,0,0,0,0,0.0,0.0,0.0,1,1,0,1,0,0,0,0,195.11375,195.11375,0.8928571428571429,0.8928571428571429,0.0,0.0,0.0,0.0,0.0,0,0,1,0.0,0.0,15.821428571428571
33,71,150,1,0.0,0.0,0.0,0.0,0.0,18635.575357142858,0.0,0.0,0.0,0.0,0.0,730.5721428571429,730.5721428571429,5,5,635.842857142857,635.842857142857,139.28571428571428,56.73571428571428,436.42857142857144,13,13,2,4,6,1,0,0,0,0.0,0.0,0.0,1,1,0,1,0,1,1,1,146.1144285714286,146.1144285714286,48.910989010989006,48.910989010989006,69.64285714285714,14.18392857142857,72.73809523809524,0.0,0.0,0,1,1,0.0,3.25,14.989642857142856
992,24,83,1,0.0,0.0,0.0,0.0,0.0,1795.1217857142858,0.0,0.0,0.0,0.0,0.0,168.5725,168.5725,6,6,99.96428571428571,99.96428571428571,53.57142857142857,46.392857142857146,0.0,2,2,1,1,0,1,0,0,0,0.0,0.0,0.0,1,1,0,1,0,1,1,0,28.095416666666665,28.095416666666665,49.982142857142854,49.982142857142854,53.57142857142857,46.392857142857146,0.0,0.0,0.0,0,0,0,0.0,0.0,0.0
529,33,61,1,1.0,0.0,0.0,0.0,0.0,2014.4267857142856,36183.43357142857,0.0,0.0,0.0,0.0,547.9475,547.1978571428572,4,3,329.2857142857143,329.2857142857143,0.0,0.0,329.07142857142856,4,4,0,0,3,0,1,0,0,36183.43357142857,0.0,0.0,1,1,1,1,0,0,0,1,136.986875,182.39928571428572,82.32142857142857,82.32142857142857,0.0,0.0,109.69047619047619,0.7496428571428169,0.0,1,1,0,0.9769642857142857,1.7867857142857144,0.0
1099,35,152,1,0.0,0.0,0.0,0.0,0.0,87.9175,0.0,0.0,0.0,0.0,0.0,275.00178571428575,275.00178571428575,3,3,353.53428571428566,353.53428571428566,0.0,350.14142857142855,0.0,7,7,0,6,0,0,0,0,0,0.0,0.0,0.0,1,1,0,1,0,0,1,0,91.66726190476192,91.66726190476192,50.504897959183666,50.504897959183666,0.0,58.35690476190476,0.0,0.0,0.0,0,0,0,0.0,0.0,0.0
745,26,76,1,0.0,0.0,1.0,0.0,0.0,3688.156785714286,0.0,0.0,0.0,0.0,0.0,901.9928571428571,901.9928571428571,2,2,1019.5714285714286,1019.5714285714286,785.7142857142857,0.0,231.25,6,6,2,0,3,1,0,0,0,0.0,0.0,0.0,1,1,0,1,0,1,0,1,450.99642857142857,450.99642857142857,169.92857142857142,169.92857142857142,392.85714285714283,0.0,77.08333333333333,0.0,0.0,0,0,0,0.0,0.0,0.0
1140,75,6,1,0.0,0.0,0.0,0.0,0.0,2538.9314285714286,0.0,0.0,0.0,0.0,0.0,535.3967857142858,535.3967857142858,5,5,725.4978571428571,725.4978571428571,50.0,318.355,357.14285714285717,19,19,5,13,1,0,0,0,0,0.0,0.0,0.0,1,1,0,1,0,1,1,1,107.07935714285716,107.07935714285716,38.184097744360905,38.184097744360905,10.0,24.488846153846154,357.14285714285717,0.0,0.0,0,0,0,0.0,0.0,0.0
821,77,61,3,1.0,0.0,0.0,0.0,0.0,1054.2371428571428,8.158928571428572,0.0,0.0,0.0,0.0,2121.826071428571,2116.4657142857145,4,3,985.9717857142857,985.9717857142857,603.5714285714286,212.29464285714286,149.17714285714285,28,28,5,16,6,1,1,0,0,8.158928571428572,0.0,0.0,1,1,1,1,0,1,1,1,530.4565178571428,705.4885714285715,35.21327806122449,35.21327806122449,120.71428571428571,13.268415178571429,24.86285714285714,5.360357142856628,0.0,0,0,1,0.0,0.0,10.25
762,38,103,1,0.0,1.0,0.0,0.0,0.0,1077.3460714285713,0.0,0.0,0.0,0.0,0.0,385.0521428571428,385.0521428571428,3,3,405.75,405.75,392.85714285714283,0.0,10.714285714285714,6,6,3,0,1,1,0,1,0,0.0,0.0,0.0,1,1,0,1,0,1,0,1,128.35071428571428,128.35071428571428,67.625,67.625,130.95238095238093,0.0,10.714285714285714,0.0,0.0,0,1,0,0.0,0.21428571428571427,0.0
825,32,152,1,0.0,0.0,0.0,0.0,0.0,28.571428571428573,0.0,0.0,0.0,0.0,0.0,395.1435714285714,395.1435714285714,2,2,431.0,431.0,428.57142857142856,0.0,0.0,3,3,2,0,0,1,0,0,0,0.0,0.0,0.0,1,1,0,1,0,1,0,0,197.5717857142857,197.5717857142857,143.66666666666666,143.66666666666666,214.28571428571428,0.0,0.0,0.0,0.0,0,0,0,0.0,0.0,0.0
510,50,188,1,1.0,0.0,0.0,0.0,0.0,1181.8785714285714,5443.6110714285705,0.0,0.0,0.0,0.0,16.685,0.00035714285714285714,2,1,0.0,0.0,0.0,0.0,0.0,0,0,0,0,0,0,1,0,0,5443.6110714285705,0.0,0.0,1,1,1,0,0,0,0,0,8.3425,0.00035714285714285714,0.0,0.0,0.0,0.0,0.0,16.684642857142855,0.0,1,0,0,35.51571428571429,0.0,0.0
1548,33,17,1,0.0,0.0,1.0,1.0,0.0,676.7689285714285,0.0,0.0,0.6946428571428571,0.0,0.0,3359.547857142857,2027.4596428571429,26,15,3808.0832142857143,2027.4596428571429,210.71428571428572,509.87857142857143,177.96428571428572,62,17,1,27,8,1,0,0,0,0.0,0.0,0.0,1,1,1,1,1,1,1,1,129.21337912087913,135.16397619047618,61.42069700460829,119.26233193277311,210.71428571428572,18.884391534391536,22.245535714285715,1332.0882142857142,1780.6235714285715,0,0,0,0.0,0.0,0.0
1128,60,64,1,0.0,0.0,0.0,0.0,0.0,379.34857142857146,0.0,0.0,0.0,0.0,0.0,982.1517857142857,982.1517857142857,3,3,831.8757142857143,831.8757142857143,0.0,159.45464285714283,627.5639285714286,17,17,0,5,8,0,0,0,0,0.0,0.0,0.0,1,1,0,1,0,0,1,1,327.38392857142856,327.38392857142856,48.933865546218485,48.933865546218485,0.0,31.890928571428567,78.44549107142858,0.0,0.0,0,0,0,0.0,0.0,0.0
1371,51,109,1,0.0,0.0,0.0,0.0,0.0,758.8221428571429,0.0,0.0,0.0,0.0,0.0,4.652142857142857,0.0,6,0,5.473571428571428,0.00035714285714285714,0.0,0.0,0.0,6,1,0,0,0,1,0,0,0,0.0,0.0,0.0,1,0,1,1,1,0,0,0,0.7753571428571427,0.0,0.9122619047619046,0.00035714285714285714,0.0,0.0,0.0,4.652142857142857,5.473214285714285,0,0,0,0.0,0.0,0.0
877,26,8,1,0.0,0.0,0.0,0.0,0.0,2163.824642857143,0.0,0.0,0.0,0.0,0.0,1272.2310714285716,1272.2310714285716,8,8,1317.642857142857,1317.642857142857,207.14285714285714,165.92857142857142,941.6071428571429,13,13,2,7,2,0,0,0,0,0.0,0.0,0.0,1,1,0,1,0,1,1,1,159.02888392857145,159.02888392857145,101.35714285714286,101.35714285714286,103.57142857142857,23.70408163265306,470.80357142857144,0.0,0.0,0,0,0,0.0,0.0,0.0
1408,23,122,1,1.0,1.0,0.0,0.0,0.0,31792.100714285712,12620.789999999999,0.0,0.0,0.0,0.0,2.5942857142857143,0.003928571428571429,2,1,1.9642857142857142,1.9642857142857142,0.0,0.0,0.0,1,1,0,0,0,0,1,1,0,12620.789999999999,0.0,0.0,1,1,1,1,0,0,0,0,1.2971428571428572,0.003928571428571429,1.9642857142857142,1.9642857142857142,0.0,0.0,0.0,2.590357142857143,0.0,1,1,0,1.6635714285714285,5.357142857142857,0.0
374,68,32,1,0.0,0.0,1.0,0.0,0.0,789.4517857142857,0.0,0.0,0.0,0.0,0.0,724.0375,724.0375,2,2,775.2553571428572,775.2553571428572,642.8571428571429,108.57678571428572,21.428571428571427,16,16,4,8,1,1,0,0,0,0.0,0.0,0.0,1,1,0,1,0,1,1,1,362.01875,362.01875,48.453459821428574,48.453459821428574,160.71428571428572,13.572098214285715,21.428571428571427,0.0,0.0,0,1,0,0.0,76.85928571428572,0.0
268,66,39,1,0.0,11.0,0.0,0.0,0.0,9317.071785714286,0.0,35232.29535714286,0.0,0.0,0.0,656.4314285714287,656.4314285714287,4,4,661.9642857142857,661.9642857142857,428.57142857142856,0.0,231.0,4,4,1,0,2,1,0,1,0,0.0,3202.9359415584418,0.0,1,1,0,1,0,1,0,1,164.10785714285717,164.10785714285717,165.49107142857142,165.49107142857142,428.57142857142856,0.0,115.5,0.0,0.0,0,0,0,0.0,0.0,0.0
1111,23,145,1,1.0,0.0,0.0,0.0,0.0,65.30785714285715,10105.829642857143,0.0,0.0,0.0,0.0,1423.4599999999998,1420.7310714285716,4,3,817.3735714285714,817.3735714285714,214.28571428571428,470.695,130.10714285714286,14,14,1,10,2,0,1,0,0,10105.829642857143,0.0,0.0,1,1,1,1,0,1,1,1,355.86499999999995,473.57702380952384,58.38382653061224,58.38382653061224,214.28571428571428,47.0695,65.05357142857143,2.7289285714282414,0.0,1,0,1,0.8217857142857143,0.0,23.75
1347,23,70,1,0.0,0.0,1.0,0.0,0.0,11238.1775,0.0,0.0,118.44964285714286,0.0,0.0,403.5607142857143,403.5607142857143,4,4,425.9642857142857,425.9642857142857,357.14285714285717,0.0,65.42857142857143,8,8,3,0,4,1,0,0,0,0.0,0.0,0.0,1,1,0,1,0,1,0,1,100.89017857142858,100.89017857142858,53.245535714285715,53.245535714285715,119.04761904761905,0.0,16.357142857142858,0.0,0.0,0,0,1,0.0,0.0,21.035714285714285
1100,69,92,1,0.0,0.0,0.0,0.0,0.0,11.178214285714287,0.0,0.0,0.0,0.0,0.0,35.714642857142856,35.714642857142856,2,2,103.57142857142857,103.57142857142857,35.714285714285715,44.32142857142857,23.535714285714285,6,6,1,2,3,0,0,0,0,0.0,0.0,0.0,1,1,0,1,0,1,1,1,17.857321428571428,17.857321428571428,17.261904761904763,17.261904761904763,35.714285714285715,22.160714285714285,7.845238095238095,0.0,0.0,0,0,0,0.0,0.0,0.0
628,21,94,1,0.0,0.0,1.0,0.0,0.0,488.4596428571429,0.0,0.0,0.0,0.0,0.0,179.44535714285715,105.53607142857143,4,2,76.08785714285715,76.08785714285715,0.0,0.0,0.0,3,3,0,0,0,1,0,0,0,0.0,0.0,0.0,1,1,1,1,0,0,0,0,44.86133928571429,52.768035714285716,25.36261904761905,25.36261904761905,0.0,0.0,0.0,73.90928571428572,0.0,0,1,0,0.0,5.465357142857143,0.0
85,25,60,1,0.0,0.0,1.0,0.0,0.0,364.4975,0.0,0.0,0.0,0.0,0.0,196.49642857142857,196.49642857142857,3,3,120.25,120.25,71.42857142857143,8.892857142857142,29.214285714285715,6,6,2,1,2,0,0,0,0,0.0,0.0,0.0,1,1,0,1,0,1,1,1,65.49880952380953,65.49880952380953,20.041666666666668,20.041666666666668,35.714285714285715,8.892857142857142,14.607142857142858,0.0,0.0,0,0,0,0.0,0.0,0.0
335,50,138,1,0.0,0.0,0.0,0.0,0.0,157.92392857142858,0.0,0.0,0.0,0.0,0.0,428.5753571428572,428.5753571428572,4,4,840.7428571428571,840.7428571428571,107.14285714285714,403.59999999999997,327.7142857142857,15,15,2,7,5,1,0,0,0,0.0,0.0,0.0,1,1,0,1,0,1,1,1,107.1438392857143,107.1438392857143,56.04952380952381,56.04952380952381,53.57142857142857,57.65714285714285,65.54285714285714,0.0,0.0,0,0,1,0.0,0.0,4.25
1291,33,226,1,1.0,3.0,1.0,0.0,0.0,1728.6575,5836.790714285715,36624.948214285716,0.0,0.0,0.0,2145.388214285714,1787.6842857142858,7,5,2074.0035714285714,2074.0035714285714,642.8571428571429,300.4321428571429,57.142857142857146,15,15,2,7,3,0,1,1,0,5836.790714285715,12208.316071428571,0.0,1,1,1,1,0,1,1,1,306.4840306122449,357.5368571428572,138.26690476190475,138.26690476190475,321.42857142857144,42.91887755102041,19.047619047619047,357.7039285714284,0.0,0,0,1,0.0,0.0,11.10142857142857
575,28,151,1,0.0,0.0,0.0,0.0,0.0,765.9475,0.0,0.0,0.0,0.0,0.0,1357.1474999999998,1357.1474999999998,4,4,2039.2332142857142,2039.2332142857142,1821.4285714285713,88.26892857142857,117.35714285714286,32,32,21,7,1,0,0,0,0,0.0,0.0,0.0,1,1,0,1,0,1,1,1,339.28687499999995,339.28687499999995,63.72603794642857,63.72603794642857,86.73469387755101,12.60984693877551,117.35714285714286,0.0,0.0,0,1,1,0.0,15.291785714285714,8.420714285714286
913,44,3,1,0.0,1.0,0.0,0.0,0.0,2102.5003571428574,0.0,7975.683571428572,0.0,0.0,0.0,14.300357142857143,14.300357142857143,2,2,1.9642857142857142,1.9642857142857142,0.0,0.0,0.0,1,1,0,0,0,1,0,1,0,0.0,7975.683571428572,0.0,1,1,0,1,0,0,0,0,7.1501785714285715,7.1501785714285715,1.9642857142857142,1.9642857142857142,0.0,0.0,0.0,0.0,0.0,0,0,0,0.0,0.0,0.0
499,53,212,1,0.0,0.0,1.0,0.0,0.0,949.6864285714286,0.0,0.0,97.91107142857143,0.0,0.0,485.71535714285716,485.71535714285716,5,5,729.5557142857143,729.5557142857143,35.714285714285715,518.1557142857143,174.43571428571428,37,37,1,32,3,0,0,0,0,0.0,0.0,0.0,1,1,0,1,0,1,1,1,97.14307142857143,97.14307142857143,19.71772200772201,19.71772200772201,35.714285714285715,16.192366071428573,58.14523809523809,0.0,0.0,1,0,0,0.5701785714285714,0.0,0.0
73,87,163,1,1.0,1.0,1.0,0.0,0.0,179.35714285714286,21.01607142857143,53571.42857142857,0.0,0.0,0.0,1283.6885714285713,533.3767857142857,6,3,1053.6,1053.5960714285713,0.0,0.0,304.51642857142855,4,3,0,0,2,1,1,1,0,21.01607142857143,53571.42857142857,0.0,1,1,1,1,1,0,0,1,213.94809523809522,177.7922619047619,263.4,351.19869047619045,0.0,0.0,152.25821428571427,750.3117857142856,0.003928571428559735,0,1,1,0.0,1.7857142857142858,18.353928571428572
157,25,151,1,0.0,0.0,0.0,0.0,0.0,3970.2717857142857,0.0,0.0,0.0,0.0,0.0,1023.9342857142857,1023.9342857142857,3,3,1076.5357142857142,1076.5357142857142,357.14285714285717,157.80357142857142,343.32142857142856,18,18,2,6,7,1,0,0,0,0.0,0.0,0.0,1,1,0,1,0,1,1,1,341.31142857142856,341.31142857142856,59.80753968253968,59.80753968253968,178.57142857142858,26.300595238095237,49.045918367346935,0.0,0.0,0,0,0,0.0,0.0,0.0
613,5,96,1,0.0,0.0,1.0,1.0,0.0,30.4675,0.0,0.0,218.23428571428573,276.15,0.0,0.7196428571428571,0.005357142857142857,2,1,1.4285714285714286,0.0,0.0,0.0,0.0,2,0,0,0,0,0,0,0,0,0.0,0.0,0.0,1,1,1,1,1,0,0,0,0.35982142857142857,0.005357142857142857,0.7142857142857143,0.0,0.0,0.0,0.0,0.7142857142857143,1.4285714285714286,0,1,0,0.0,0.8928571428571429,0.0
1403,4,151,1,1.0,8.0,0.0,0.0,0.0,4444.1849999999995,27030.265714285713,0.0,0.0,0.0,0.0,731.8746428571429,714.3010714285714,5,2,454.2142857142857,454.2142857142857,0.0,0.0,454.2142857142857,2,2,0,0,2,0,1,1,0,27030.265714285713,0.0,0.0,1,1,1,1,0,0,0,1,146.3749285714286,357.1505357142857,227.10714285714286,227.10714285714286,0.0,0.0,227.10714285714286,17.57357142857154,0.0,0,0,1,0.0,0.0,17.214285714285715
1454,47,83,1,0.0,0.0,0.0,0.0,0.0,0.0,0.0,0.0,0.0,0.0,0.0,0.036071428571428574,0.036071428571428574,1,1,73.67857142857143,73.67857142857143,0.0,0.0,72.14285714285714,4,4,0,0,3,0,0,0,0,0.0,0.0,0.0,1,1,0,1,0,0,0,1,0.036071428571428574,0.036071428571428574,18.419642857142858,18.419642857142858,0.0,0.0,24.047619047619047,0.0,0.0,0,0,0,0.0,0.0,0.0
1067,63,181,1,0.0,0.0,0.0,0.0,1.0,3813.8689285714286,0.0,0.0,0.0,0.0,4128.4,879.4425,841.4685714285714,6,4,1030.4175,1022.0246428571428,625.0,33.88178571428572,228.78571428571428,26,23,7,3,4,0,0,0,1,0.0,0.0,4128.4,1,1,1,1,1,1,1,1,146.57375,210.36714285714285,39.63144230769231,44.43585403726708,89.28571428571429,11.293928571428573,57.19642857142857,37.97392857142859,8.392857142857224,0,0,0,0.0,0.0,0.0
552,43,136,1,0.0,0.0,0.0,0.0,0.0,730.9875000000001,0.0,0.0,0.0,0.0,0.0,428.57428571428574,428.57428571428574,2,2,411.7575,411.7575,242.85714285714286,152.7932142857143,10.714285714285714,25,25,7,13,1,1,0,0,0,0.0,0.0,0.0,1,1,0,1,0,1,1,1,214.28714285714287,214.28714285714287,16.470299999999998,16.470299999999998,34.69387755102041,11.753324175824178,10.714285714285714,0.0,0.0,0,0,0,0.0,0.0,0.0
1476,41,208,1,0.0,11.0,0.0,0.0,0.0,1138.5303571428572,0.0,24442.242142857143,0.0,0.0,0.0,467.22214285714284,467.22214285714284,3,3,524.3928571428571,524.3928571428571,196.42857142857142,142.92857142857142,181.57142857142858,12,12,2,5,4,1,0,1,0,0.0,2222.022012987013,0.0,1,1,0,1,0,1,1,1,155.7407142857143,155.7407142857143,43.69940476190476,43.69940476190476,98.21428571428571,28.585714285714282,45.392857142857146,0.0,0.0,0,0,0,0.0,0.0,0.0
666,59,101,1,0.0,1.0,0.0,0.0,0.0,13806.569285714286,0.0,25462.561785714286,0.0,0.0,0.0,545.7160714285714,545.7160714285714,4,4,734.3571428571429,734.3571428571429,0.0,0.0,729.7142857142857,26,26,0,0,25,1,0,1,0,0.0,25462.561785714286,0.0,1,1,0,1,0,0,0,1,136.42901785714284,136.42901785714284,28.244505494505496,28.244505494505496,0.0,0.0,29.188571428571425,0.0,0.0,0,1,0,0.0,6.785714285714286,0.0
1305,35,152,1,0.0,0.0,1.0,0.0,0.0,73.56642857142857,0.0,0.0,0.0,0.0,0.0,735.5803571428571,735.5803571428571,4,4,595.025,595.025,71.42857142857143,360.91785714285714,161.42857142857142,15,15,1,7,6,1,0,0,0,0.0,0.0,0.0,1,1,0,1,0,1,1,1,183.89508928571428,183.89508928571428,39.66833333333333,39.66833333333333,71.42857142857143,51.55969387755102,26.9047619047619,0.0,0.0,0,0,0,0.0,0.0,0.0
742,45,104,1,0.0,0.0,0.0,0.0,0.0,267.54357142857145,0.0,0.0,0.0,0.0,0.0,571.4289285714286,571.4289285714286,2,2,567.4142857142857,567.4142857142857,0.0,0.0,142.85714285714286,4,4,0,0,1,1,0,0,0,0.0,0.0,0.0,1,1,0,1,0,0,0,1,285.7144642857143,285.7144642857143,141.85357142857143,141.85357142857143,0.0,0.0,142.85714285714286,0.0,0.0,0,0,0,0.0,0.0,0.0
644,56,20,1,1.0,0.0,0.0,0.0,0.0,135.36357142857142,0.16999999999999998,0.0,0.0,0.0,0.0,0.265,0.0010714285714285715,2,1,1.9642857142857142,1.9642857142857142,0.0,0.0,0.0,1,1,0,0,0,1,1,0,0,0.16999999999999998,0.0,0.0,1,1,1,1,0,0,0,0,0.1325,0.0010714285714285715,1.9642857142857142,1.9642857142857142,0.0,0.0,0.0,0.26392857142857146,0.0,1,1,0,9.13892857142857,4.286785714285714,0.0
503,32,73,1,0.0,0.0,0.0,0.0,0.0,1175.7549999999999,0.0,0.0,0.0,0.0,0.0,771.4689285714286,771.4689285714286,3,3,673.8928571428571,673.8928571428571,392.85714285714283,0.0,278.42857142857144,11,11,4,0,4,0,0,0,0,0.0,0.0,0.0,1,1,0,1,0,1,0,1,257.1563095238095,257.1563095238095,61.26298701298701,61.26298701298701,98.21428571428571,0.0,69.60714285714286,0.0,0.0,0,0,1,0.0,0.0,2.107142857142857
988,47,28,1,0.0,0.0,0.0,0.0,0.0,705.8725000000001,0.0,0.0,0.0,0.0,0.0,410.7192857142857,410.7192857142857,2,2,387.75821428571425,387.75821428571425,178.57142857142858,46.86535714285714,157.14285714285714,7,7,1,2,3,0,0,0,0,0.0,0.0,0.0,1,1,0,1,0,1,1,1,205.35964285714286,205.35964285714286,55.39403061224489,55.39403061224489,178.57142857142858,23.43267857142857,52.38095238095238,0.0,0.0,0,0,0,0.0,0.0,0.0
348,27,253,1,1.0,0.0,1.0,0.0,1.0,1054.365,12127.589642857143,0.0,0.0,0.0,6622.200357142857,922.2064285714285,811.3239285714286,3,2,891.1835714285714,881.9692857142857,0.0,39.39785714285715,705.5714285714286,19,17,0,2,13,1,1,0,1,12127.589642857143,0.0,6622.200357142857,1,1,1,1,1,0,1,1,307.40214285714285,405.6619642857143,46.9043984962406,51.88054621848739,0.0,19.698928571428574,54.27472527472527,110.88249999999994,9.21428571428578,0,0,1,0.0,0.0,8.321428571428571
969,22,8,1,0.0,0.0,0.0,0.0,0.0,10820.708571428573,0.0,0.0,0.0,0.0,0.0,1520.2667857142858,1520.2667857142858,2,2,562.6771428571428,562.6771428571428,0.0,241.8557142857143,317.89285714285717,32,32,0,21,10,1,0,0,0,0.0,0.0,0.0,1,1,0,1,0,0,1,1,760.1333928571429,760.1333928571429,17.583660714285713,17.583660714285713,0.0,11.516938775510205,31.789285714285718,0.0,0.0,0,1,0,0.0,4.501071428571429,0.0
122,39,80,1,0.0,0.0,0.0,0.0,0.0,1392.7667857142858,0.0,0.0,0.0,0.0,0.0,857.1078571428571,857.1078571428571,3,3,862.4289285714285,862.4289285714285,0.0,0.0,861.7860714285714,5,5,0,0,4,1,0,0,0,0.0,0.0,0.0,1,1,0,1,0,0,0,1,285.70261904761907,285.70261904761907,172.4857857142857,172.4857857142857,0.0,0.0,215.44651785714285,0.0,0.0,1,1,0,3.2930357142857143,2.857142857142857,0.0
1264,77,28,1,0.0,0.0,0.0,0.0,0.0,12992.510714285714,0.0,0.0,0.0,0.0,0.0,357.1439285714286,357.1439285714286,2,2,323.60714285714283,323.60714285714283,0.0,0.0,320.2142857142857,7,7,0,0,6,1,0,0,0,0.0,0.0,0.0,1,1,0,1,0,0,0,1,178.5719642857143,178.5719642857143,46.22959183673469,46.22959183673469,0.0,0.0,53.36904761904762,0.0,0.0,1,0,0,36.82660714285714,0.0,0.0
955,19,62,1,0.0,0.0,0.0,0.0,0.0,3131.2239285714286,0.0,0.0,0.0,0.0,0.0,250.0007142857143,250.0007142857143,2,2,246.52857142857144,246.52857142857144,0.0,0.0,129.64285714285714,6,6,0,0,3,0,0,0,0,0.0,0.0,0.0,1,1,0,1,0,0,0,1,125.00035714285715,125.00035714285715,41.08809523809524,41.08809523809524,0.0,0.0,43.214285714285715,0.0,0.0,1,0,1,13.056785714285713,0.0,5.702142857142857
35,66,31,1,0.0,0.0,1.0,0.0,0.0,14.863214285714287,0.0,0.0,0.0,0.0,0.0,0.039642857142857146,0.039642857142857146,1,1,698.2428571428571,698.2428571428571,107.14285714285714,290.49285714285713,245.78571428571428,21,21,6,9,4,1,0,0,0,0.0,0.0,0.0,1,1,0,1,0,1,1,1,0.039642857142857146,0.039642857142857146,33.24965986394558,33.24965986394558,17.857142857142858,32.276984126984125,61.44642857142857,0.0,0.0,0,0,0,0.0,0.0,0.0
412,51,116,1,1.0,0.0,0.0,0.0,0.0,376.8910714285715,2506.551071428571,0.0,0.0,0.0,0.0,1964.8103571428571,1964.2885714285715,3,2,941.6071428571429,941.6071428571429,0.0,28.61785714285714,909.5964285714286,11,11,0,4,6,0,1,0,0,2506.551071428571,0.0,0.0,1,1,1,1,0,0,1,1,654.9367857142857,982.1442857142857,85.60064935064935,85.60064935064935,0.0,7.154464285714285,151.59940476190476,0.5217857142856701,0.0,0,1,0,0.0,0.8939285714285715,0.0
624,44,190,1,1.0,0.0,0.0,0.0,0.0,272.1257142857143,12752.727499999999,0.0,0.0,0.0,0.0,46.521428571428565,0.0,2,0,0.0,0.0,0.0,0.0,0.0,0,0,0,0,0,1,1,0,0,12752.727499999999,0.0,0.0,1,0,1,0,0,0,0,0,23.260714285714283,0.0,0.0,0.0,0.0,0.0,0.0,46.521428571428565,0.0,0,0,0,0.0,0.0,0.0
8,64,30,1,0.0,0.0,1.0,0.0,0.0,0.0,0.0,0.0,326.9692857142857,0.0,0.0,649.1992857142858,458.60857142857145,25,21,654.8242857142858,455.0371428571429,253.57142857142858,6.982142857142857,0.0,42,24,10,1,0,0,0,0,0,0.0,0.0,0.0,1,1,1,1,1,1,1,0,25.96797142857143,21.838503401360544,15.591054421768709,18.959880952380953,25.357142857142858,6.982142857142857,0.0,190.59071428571434,199.7871428571429,0,0,0,0.0,0.0,0.0
49,46,19,2,0.0,0.0,0.0,0.0,0.0,4.145357142857143,0.0,0.0,0.0,0.0,0.0,415.73821428571426,415.73821428571426,9,9,111.71428571428571,111.71428571428571,0.0,0.0,108.67857142857143,3,3,0,0,2,0,0,0,0,0.0,0.0,0.0,1,1,0,1,0,0,0,1,46.19313492063492,46.19313492063492,37.238095238095234,37.238095238095234,0.0,0.0,54.339285714285715,0.0,0.0,0,1,0,0.0,15.24642857142857,0.0
44,35,51,1,0.0,0.0,0.0,0.0,0.0,186.8460714285714,0.0,0.0,0.0,0.0,0.0,0.19642857142857142,0.19642857142857142,1,1,362.64285714285717,362.64285714285717,0.0,0.0,0.0,3,3,0,0,0,0,0,0,0,0.0,0.0,0.0,1,1,0,1,0,0,0,0,0.19642857142857142,0.19642857142857142,120.8809523809524,120.8809523809524,0.0,0.0,0.0,0.0,0.0,0,1,0,0.0,4.464285714285714,0.0
507,49,150,1,1.0,3.0,0.0,1.0,0.0,395.4264285714286,4474.939285714286,0.0,0.0,0.7142857142857143,0.0,1372.6646428571428,1370.8414285714284,7,3,1035.607142857143,1034.1785714285713,103.57142857142857,69.53571428571429,856.75,14,12,1,6,3,1,1,1,0,4474.939285714286,0.0,0.0,1,1,1,1,1,1,1,1,196.09494897959183,456.9471428571428,73.97193877551021,86.1815476190476,103.57142857142857,11.589285714285715,285.5833333333333,1.8232142857143572,1.4285714285715585,1,0,0,1.7980357142857142,0.0,0.0
1428,50,151,1,0.0,0.0,0.0,0.0,0.0,8894.718214285715,0.0,0.0,0.0,0.0,0.0,0.049999999999999996,0.014285714285714287,6,1,0.9296428571428572,0.8939285714285715,0.0,0.0,0.0,6,1,0,0,0,0,0,0,0,0.0,0.0,0.0,1,1,1,1,1,0,0,0,0.008333333333333333,0.014285714285714287,0.1549404761904762,0.8939285714285715,0.0,0.0,0.0,0.03571428571428571,0.0357142857142857,0,0,0,0.0,0.0,0.0
452,74,0,2,0.0,0.0,0.0,0.0,0.0,4474.592142857143,0.0,0.0,0.0,0.0,0.0,0.01892857142857143,0.01892857142857143,1,1,62.892857142857146,62.892857142857146,0.0,0.0,58.07142857142857,2,2,0,0,1,0,0,0,0,0.0,0.0,0.0,1,1,0,1,0,0,0,1,0.01892857142857143,0.01892857142857143,31.446428571428573,31.446428571428573,0.0,0.0,58.07142857142857,0.0,0.0,0,1,0,0.0,1.9642857142857142,0.0
212,23,68,1,0.0,0.0,1.0,0.0,0.0,226.81428571428572,0.0,0.0,386.6507142857143,0.0,0.0,370.5467857142857,370.5467857142857,2,2,260.0125,260.0125,214.28571428571428,25.476785714285715,17.857142857142858,8,8,3,2,1,0,0,0,0,0.0,0.0,0.0,1,1,0,1,0,1,1,1,185.27339285714285,185.27339285714285,32.5015625,32.5015625,71.42857142857143,12.738392857142857,17.857142857142858,0.0,0.0,0,0,0,0.0,0.0,0.0
47,45,229,1,1.0,5.0,0.0,0.0,0.0,622.2275,1537.0542857142857,0.0,0.0,0.0,0.0,15.823571428571428,0.10035714285714285,2,1,1060.3060714285714,1060.3060714285714,0.0,6.073928571428572,1053.375,22,22,0,2,19,1,1,1,0,1537.0542857142857,0.0,0.0,1,1,1,1,0,0,1,1,7.911785714285714,0.10035714285714285,48.19573051948052,48.19573051948052,0.0,3.036964285714286,55.44078947368421,15.723214285714285,0.0,0,0,1,0.0,0.0,4.496071428571429
1502,17,34,1,0.0,0.0,1.0,1.0,0.0,711.0532142857144,0.0,0.0,558.3321428571428,408.36892857142857,0.0,1280.1060714285716,901.0057142857142,9,3,1340.8853571428572,1101.5353571428573,214.28571428571428,290.2785714285714,436.0357142857143,34,16,3,19,5,1,0,0,0,0.0,0.0,0.0,1,1,1,1,1,1,1,1,142.23400793650796,300.3352380952381,39.43780462184874,68.84595982142858,71.42857142857143,15.277819548872179,87.20714285714286,379.1003571428573,239.3499999999999,1,0,1,34.01660714285715,0.0,5.3689285714285715
1273,47,161,1,0.0,0.0,0.0,0.0,0.0,165.95000000000002,0.0,0.0,0.0,0.0,0.0,1258.2060714285712,1258.2060714285712,4,4,921.7364285714285,921.7364285714285,57.142857142857146,194.5107142857143,666.6899999999999,23,23,2,13,7,1,0,0,0,0.0,0.0,0.0,1,1,0,1,0,1,1,1,314.5515178571428,314.5515178571428,40.07549689440994,40.07549689440994,28.571428571428573,14.962362637362638,95.24142857142856,0.0,0.0,1,1,0,0.7771428571428572,5.785714285714286,0.0
53,64,125,1,1.0,9.0,1.0,1.0,0.0,0.0,7522.666428571429,83343.19785714286,531.1228571428571,398.34785714285715,0.0,4412.515,4409.652142857142,4,3,5510.359642857143,5510.359642857143,1157.142857142857,1104.9892857142856,3241.5910714285715,68,68,8,21,34,1,1,1,0,7522.666428571429,9260.355317460318,0.0,1,1,1,1,0,1,1,1,1103.12875,1469.8840476190474,81.0347006302521,81.0347006302521,144.64285714285714,52.618537414965985,95.34091386554621,2.862857142858047,0.0,0,0,0,0.0,0.0,0.0
671,19,128,1,1.0,0.0,0.0,0.0,0.0,858.955,11615.655,0.0,0.0,0.0,0.0,641.3907142857142,641.3907142857142,2,2,346.25,346.25,0.0,0.0,343.42857142857144,5,5,0,0,4,1,1,0,0,11615.655,0.0,0.0,1,1,0,1,0,0,0,1,320.6953571428571,320.6953571428571,69.25,69.25,0.0,0.0,85.85714285714286,0.0,0.0,0,0,0,0.0,0.0,0.0
758,33,31,1,1.0,0.0,0.0,0.0,0.0,8826.644285714287,9129.4875,0.0,0.0,0.0,0.0,775.2871428571428,703.0092857142856,4,2,988.1264285714286,988.1264285714286,475.0,438.8764285714286,71.42857142857143,23,23,5,13,1,1,1,0,0,9129.4875,0.0,0.0,1,1,1,1,0,1,1,1,193.8217857142857,351.5046428571428,42.962018633540374,42.962018633540374,95.0,33.75972527472528,71.42857142857143,72.27785714285721,0.0,0,0,0,0.0,0.0,0.0
1547,48,39,1,0.0,0.0,0.0,0.0,0.0,151.2867857142857,0.0,0.0,0.0,0.0,0.0,0.0007142857142857143,0.0007142857142857143,1,1,0.0,0.0,0.0,0.0,0.0,0,0,0,0,0,1,0,0,0,0.0,0.0,0.0,1,1,0,0,0,0,0,0,0.0007142857142857143,0.0007142857142857143,0.0,0.0,0.0,0.0,0.0,0.0,0.0,0,0,0,0.0,0.0,0.0
984,29,55,1,0.0,0.0,0.0,0.0,0.0,1049.024642857143,0.0,0.0,0.0,0.0,0.0,98717.675,98717.675,8,8,44782.18607142857,44782.18607142857,23571.428571428572,515.4360714285714,20428.214285714286,63,63,9,22,23,1,0,0,0,0.0,0.0,0.0,1,1,0,1,0,1,1,1,12339.709375,12339.709375,710.828350340136,710.828350340136,2619.0476190476193,23.428912337662336,888.1832298136646,0.0,0.0,0,0,0,0.0,0.0,0.0
1103,51,233,1,0.0,0.0,0.0,1.0,1.0,31681.494642857142,0.0,0.0,0.0,112.22821428571429,2304.64,925.1982142857142,788.2939285714285,8,4,1251.5864285714285,1226.0432142857142,571.4285714285714,350.9153571428571,148.03571428571428,26,21,2,10,4,1,0,0,1,0.0,0.0,2304.64,1,1,1,1,1,1,1,1,115.64977678571428,197.07348214285713,48.13793956043956,58.38301020408163,285.7142857142857,35.09153571428571,37.00892857142857,136.90428571428572,25.543214285714384,0,1,0,0.0,6.464285714285714,0.0
319,40,150,2,1.0,1.0,1.0,0.0,0.0,6808.313571428572,29032.549642857142,696.8657142857144,136.04035714285715,0.0,0.0,2703.6378571428572,2694.6703571428575,12,9,1571.9482142857144,1571.9482142857144,414.2857142857143,196.01964285714286,476.89285714285717,32,32,4,15,11,1,1,1,0,29032.549642857142,696.8657142857144,0.0,1,1,1,1,0,1,1,1,225.30315476190478,299.4078174603175,49.123381696428574,49.123381696428574,103.57142857142857,13.067976190476191,43.353896103896105,8.967499999999745,0.0,1,0,0,5.415,0.0,0.0
704,63,138,1,0.0,0.0,0.0,0.0,0.0,403.4421428571428,0.0,0.0,0.0,0.0,0.0,213.38071428571428,213.38071428571428,3,3,379.39285714285717,379.39285714285717,0.0,0.0,267.7142857142857,5,5,0,0,3,0,0,0,0,0.0,0.0,0.0,1,1,0,1,0,0,0,1,71.12690476190475,71.12690476190475,75.87857142857143,75.87857142857143,0.0,0.0,89.23809523809524,0.0,0.0,0,1,0,0.0,7.1075,0.0
321,44,51,1,1.0,0.0,1.0,0.0,0.0,166.75500000000002,2691.2667857142856,0.0,0.0,0.0,0.0,2409.996428571428,2048.842142857143,5,3,2017.0892857142858,2017.0892857142858,778.5714285714286,179.94642857142858,1056.857142857143,37,37,4,8,24,0,1,0,0,2691.2667857142856,0.0,0.0,1,1,1,1,0,1,1,1,481.99928571428563,682.947380952381,54.515926640926644,54.515926640926644,194.64285714285714,22.493303571428573,44.035714285714285,361.1542857142854,0.0,0,0,0,0.0,0.0,0.0
1011,38,50,1,0.0,0.0,0.0,0.0,0.0,358.84464285714284,0.0,0.0,0.0,0.0,0.0,339.07321428571424,339.07321428571424,2,2,305.7264285714286,305.7264285714286,214.28571428571428,26.369285714285716,61.857142857142854,9,9,2,3,2,0,0,0,0,0.0,0.0,0.0,1,1,0,1,0,1,1,1,169.53660714285712,169.53660714285712,33.96960317460318,33.96960317460318,107.14285714285714,8.789761904761905,30.928571428571427,0.0,0.0,1,0,0,2.0053571428571426,0.0,0.0
1427,4,179,1,1.0,0.0,0.0,0.0,0.0,6.552142857142857,19861.2,0.0,0.0,0.0,0.0,4.249642857142857,0.00035714285714285714,2,1,0.8928571428571429,0.8928571428571429,0.0,0.0,0.0,1,1,0,0,0,0,1,0,0,19861.2,0.0,0.0,1,1,1,1,0,0,0,0,2.1248214285714284,0.00035714285714285714,0.8928571428571429,0.8928571428571429,0.0,0.0,0.0,4.249285714285714,0.0,0,0,1,0.0,0.0,10.357142857142858
184,30,115,1,0.0,0.0,0.0,0.0,0.0,160.90321428571428,0.0,0.0,0.0,0.0,0.0,0.009642857142857144,0.009642857142857144,1,1,131.87428571428572,131.87428571428572,0.0,129.34321428571428,0.0,4,4,0,2,0,0,0,0,0,0.0,0.0,0.0,1,1,0,1,0,0,1,0,0.009642857142857144,0.009642857142857144,32.96857142857143,32.96857142857143,0.0,64.67160714285714,0.0,0.0,0.0,0,1,0,0.0,5.785714285714286,0.0
502,69,192,1,0.0,0.0,1.0,0.0,0.0,950.4725,0.0,0.0,0.0,0.0,0.0,1108.3325,1001.6996428571429,12,10,1366.9739285714284,1170.9542857142858,250.0,168.69071428571428,642.2378571428571,35,28,2,12,11,0,0,0,0,0.0,0.0,0.0,1,1,1,1,1,1,1,1,92.36104166666667,100.16996428571429,39.05639795918367,41.81979591836735,125.0,14.057559523809523,58.38525974025974,106.63285714285712,196.01964285714257,1,0,0,6.042321428571428,0.0,0.0
449,18,20,1,0.0,0.0,1.0,0.0,0.0,16109.628571428571,0.0,0.0,0.0,0.0,0.0,4144.777142857142,2744.445714285714,30,27,3922.4982142857143,2713.7671428571425,757.1428571428571,7.246428571428572,221.32142857142858,55,31,9,2,8,1,0,0,0,0.0,0.0,0.0,1,1,1,1,1,1,1,1,138.15923809523807,101.64613756613755,71.31814935064935,87.54087557603685,84.12698412698413,3.623214285714286,27.665178571428573,1400.3314285714282,1208.7310714285718,0,1,0,0.0,0.8939285714285715,0.0
472,58,51,1,0.0,0.0,0.0,0.0,0.0,12095.031071428572,0.0,0.0,0.0,0.0,0.0,32.143214285714286,32.143214285714286,2,2,21.428571428571427,21.428571428571427,21.428571428571427,0.0,0.0,2,2,2,0,0,1,0,0,0,0.0,0.0,0.0,1,1,0,1,0,1,0,0,16.071607142857143,16.071607142857143,10.714285714285714,10.714285714285714,10.714285714285714,0.0,0.0,0.0,0.0,0,0,0,0.0,0.0,0.0
961,8,154,1,0.0,0.0,0.0,0.0,0.0,251.33607142857142,0.0,0.0,0.0,0.0,0.0,125.00035714285715,125.00035714285715,2,2,128.9857142857143,128.9857142857143,0.0,0.0,0.0,3,3,0,0,0,0,0,0,0,0.0,0.0,0.0,1,1,0,1,0,0,0,0,62.50017857142858,62.50017857142858,42.9952380952381,42.9952380952381,0.0,0.0,0.0,0.0,0.0,0,1,1,0.0,12.858928571428573,10.56
764,51,36,1,2.0,0.0,0.0,0.0,0.0,13436.164285714285,8.710714285714285,0.0,0.0,0.0,0.0,2867.8067857142855,2857.153214285714,3,2,2395.308571428571,2395.308571428571,0.0,475.13,1920.0714285714287,39,39,0,27,11,0,1,0,0,4.355357142857143,0.0,0.0,1,1,1,1,0,0,1,1,955.9355952380952,1428.576607142857,61.41816849816849,61.41816849816849,0.0,17.597407407407406,174.55194805194807,10.653571428571468,0.0,0,0,0,0.0,0.0,0.0
578,49,92,1,0.0,0.0,0.0,0.0,0.0,4781.011071428571,0.0,0.0,0.0,0.0,0.0,1145.6192857142858,1145.6192857142858,2,2,1598.8457142857144,1598.8457142857144,567.8571428571429,603.9885714285714,427.0,19,19,2,12,5,0,0,0,0,0.0,0.0,0.0,1,1,0,1,0,1,1,1,572.8096428571429,572.8096428571429,84.14977443609023,84.14977443609023,283.92857142857144,50.33238095238095,85.4,0.0,0.0,1,0,1,10.883571428571429,0.0,9.992500000000001
856,5,62,1,0.0,1.0,0.0,0.0,0.0,660.1114285714285,0.0,14777.417142857143,0.0,0.0,0.0,0.00035714285714285714,0.00035714285714285714,1,1,0.0,0.0,0.0,0.0,0.0,0,0,0,0,0,0,0,1,0,0.0,14777.417142857143,0.0,1,1,0,0,0,0,0,0,0.00035714285714285714,0.00035714285714285714,0.0,0.0,0.0,0.0,0.0,0.0,0.0,0,0,0,0.0,0.0,0.0
512,38,181,1,0.0,0.0,0.0,0.0,0.0,825.4510714285715,0.0,0.0,0.0,0.0,0.0,449.8582142857143,449.8582142857143,4,4,571.4214285714286,571.4214285714286,207.14285714285714,190.95714285714286,171.42857142857142,25,25,5,15,2,1,0,0,0,0.0,0.0,0.0,1,1,0,1,0,1,1,1,112.46455357142858,112.46455357142858,22.856857142857145,22.856857142857145,41.42857142857143,12.73047619047619,85.71428571428571,0.0,0.0,1,0,0,0.7430357142857142,0.0,0.0
606,62,151,1,1.0,0.0,0.0,0.0,0.0,80.62428571428572,313.47357142857146,0.0,0.0,0.0,0.0,302.15928571428566,301.29785714285714,3,2,282.9707142857143,282.9707142857143,35.714285714285715,30.613571428571426,214.46428571428572,7,7,1,4,1,1,1,0,0,313.47357142857146,0.0,0.0,1,1,1,1,0,1,1,1,100.71976190476188,150.64892857142857,40.42438775510204,40.42438775510204,35.714285714285715,7.653392857142856,214.46428571428572,0.8614285714285188,0.0,0,0,0,0.0,0.0,0.0
71,43,15,1,0.0,0.0,1.0,0.0,0.0,53.59607142857143,0.0,0.0,0.0,0.0,0.0,271.43035714285713,271.43035714285713,2,2,301.5,301.5,178.57142857142858,0.0,120.32142857142857,6,6,2,0,3,0,0,0,0,0.0,0.0,0.0,1,1,0,1,0,1,0,1,135.71517857142857,135.71517857142857,50.25,50.25,89.28571428571429,0.0,40.107142857142854,0.0,0.0,0,0,0,0.0,0.0,0.0
1016,76,57,1,0.0,0.0,1.0,0.0,1.0,947.1507142857143,0.0,0.0,0.0,0.0,384.91249999999997,797.15,751.1082142857142,3,2,761.2685714285715,756.34,500.0,0.0,195.26857142857145,12,10,2,0,6,1,0,0,1,0.0,0.0,384.91249999999997,1,1,1,1,1,1,0,1,265.71666666666664,375.5541071428571,63.43904761904762,75.634,250.0,0.0,32.544761904761906,46.041785714285766,4.928571428571445,0,0,0,0.0,0.0,0.0
1531,31,104,1,0.0,2.0,1.0,0.0,0.0,0.0,0.0,2331.3367857142857,0.0,0.0,0.0,813.4367857142857,813.4367857142857,2,2,627.2392857142858,627.2392857142858,178.57142857142858,45.667857142857144,399.60714285714283,14,14,1,2,10,0,0,1,0,0.0,1165.6683928571429,0.0,1,1,0,1,0,1,1,1,406.7183928571429,406.7183928571429,44.802806122448985,44.802806122448985,178.57142857142858,22.833928571428572,39.96071428571428,0.0,0.0,0,0,0,0.0,0.0,0.0
1467,40,115,2,1.0,0.0,1.0,0.0,0.0,5013.776071428571,6003.515357142857,0.0,1568.8796428571427,0.0,0.0,2383.0489285714284,2379.113571428571,7,6,3810.343571428571,2238.915,464.2857142857143,893.0221428571429,881.6071428571429,33,31,3,19,9,0,1,0,0,6003.515357142857,0.0,0.0,1,1,1,1,1,1,1,1,340.4355612244898,396.5189285714285,115.4649567099567,72.22306451612903,154.76190476190476,47.00116541353383,97.95634920634922,3.935357142857356,1571.428571428571,0,0,1,0.0,0.0,5.071428571428571
1283,63,174,1,0.0,0.0,0.0,0.0,0.0,616.2014285714286,0.0,0.0,0.0,0.0,0.0,1636.3753571428572,1636.3753571428572,6,6,4158.575,4158.575,64.28571428571429,227.8607142857143,3734.8571428571427,18,18,1,4,10,1,0,0,0,0.0,0.0,0.0,1,1,0,1,0,1,1,1,272.7292261904762,272.7292261904762,231.03194444444443,231.03194444444443,64.28571428571429,56.965178571428574,373.48571428571427,0.0,0.0,0,0,0,0.0,0.0,0.0
95,35,151,1,0.0,0.0,1.0,0.0,1.0,3662.217857142857,0.0,0.0,0.0,0.0,2812.0667857142857,1808.9675,1395.1942857142858,18,13,2289.280714285714,1895.1942857142858,1214.2857142857142,0.0,60.392857142857146,26,17,6,0,2,1,0,0,1,0.0,0.0,2812.0667857142857,1,1,1,1,1,1,0,1,100.49819444444444,107.32263736263737,88.04925824175824,111.4820168067227,202.38095238095238,0.0,30.196428571428573,413.7732142857142,394.0864285714283,0,0,1,0.0,0.0,6.071428571428571
190,50,62,1,1.0,0.0,1.0,0.0,0.0,3732.89,6177.329642857143,0.0,157.9267857142857,0.0,0.0,357.7289285714286,357.1482142857143,3,2,249.96071428571426,249.96071428571426,0.0,48.603571428571435,198.96428571428572,5,5,0,2,2,1,1,0,0,6177.329642857143,0.0,0.0,1,1,1,1,0,0,1,1,119.2429761904762,178.57410714285714,49.99214285714285,49.99214285714285,0.0,24.301785714285717,99.48214285714286,0.5807142857142935,0.0,0,0,0,0.0,0.0,0.0
171,22,151,1,0.0,0.0,0.0,0.0,0.0,4112.732857142857,0.0,0.0,0.0,0.0,0.0,854.5785714285714,854.5785714285714,3,3,967.6146428571428,967.6146428571428,435.7142857142857,347.7575,178.14285714285714,59,59,12,27,9,0,0,0,0,0.0,0.0,0.0,1,1,0,1,0,1,1,1,284.8595238095238,284.8595238095238,16.40024818401937,16.40024818401937,36.30952380952381,12.879907407407407,19.793650793650794,0.0,0.0,1,1,0,6.762142857142857,9.0,0.0
15,26,174,1,0.0,0.0,0.0,0.0,0.0,1.5453571428571429,0.0,0.0,0.0,0.0,0.0,47.4375,47.4375,2,2,20.803571428571427,20.803571428571427,0.0,17.410714285714285,0.0,2,2,0,1,0,1,0,0,0,0.0,0.0,0.0,1,1,0,1,0,0,1,0,23.71875,23.71875,10.401785714285714,10.401785714285714,0.0,17.410714285714285,0.0,0.0,0.0,0,0,0,0.0,0.0,0.0
898,19,89,1,1.0,2.0,0.0,0.0,0.0,2741.8989285714283,1750.5525,563.3707142857143,0.0,0.0,0.0,2.152857142857143,0.003928571428571429,2,1,1.9642857142857142,1.9642857142857142,0.0,0.0,0.0,1,1,0,0,0,0,1,1,0,1750.5525,281.68535714285713,0.0,1,1,1,1,0,0,0,0,1.0764285714285715,0.003928571428571429,1.9642857142857142,1.9642857142857142,0.0,0.0,0.0,2.1489285714285717,0.0,0,1,0,0.0,11.535714285714286,0.0
192,61,57,1,2.0,4.0,0.0,0.0,0.0,5.295357142857143,12783.565,367.85714285714283,0.0,0.0,0.0,20.7,0.02392857142857143,3,1,0.0,0.0,0.0,0.0,0.0,0,0,0,0,0,0,1,1,0,6391.7825,91.96428571428571,0.0,1,1,1,0,0,0,0,0,6.8999999999999995,0.02392857142857143,0.0,0.0,0.0,0.0,0.0,20.67607142857143,0.0,0,0,1,0.0,0.0,6.857142857142857
598,28,123,2,0.0,0.0,1.0,0.0,0.0,562.2017857142857,0.0,0.0,0.0,0.0,0.0,835.7310714285715,691.8667857142857,14,10,550.9125,485.1660714285714,74.28142857142858,170.6275,95.21428571428571,38,32,4,18,1,1,0,0,0,0.0,0.0,0.0,1,1,1,1,1,1,1,1,59.69507653061225,69.18667857142857,14.497697368421052,15.161439732142856,18.570357142857144,9.479305555555555,95.21428571428571,143.86428571428576,65.74642857142862,1,0,0,0.16357142857142856,0.0,0.0
1560,62,176,1,0.0,5.0,0.0,0.0,0.0,3522.7428571428572,0.0,0.0,0.0,0.0,0.0,877.2325,877.2282142857142,6,2,4.112857142857143,4.107142857142857,0.0,0.0,0.0,5,1,0,0,0,1,0,1,0,0.0,0.0,0.0,1,1,1,1,1,0,0,0,146.20541666666665,438.6141071428571,0.8225714285714286,4.107142857142857,0.0,0.0,0.0,0.00428571428574287,0.005714285714286227,0,0,0,0.0,0.0,0.0
610,29,212,1,1.0,1.0,0.0,1.0,0.0,1083.5221428571429,0.7996428571428572,14285.714285714286,0.0,305.6771428571428,0.0,16623.33392857143,9339.432857142858,15,7,8674.825357142856,8642.138571428572,135.71428571428572,32.42857142857143,1230.2857142857142,17,15,2,1,8,1,1,1,0,0.7996428571428572,14285.714285714286,0.0,1,1,1,1,1,1,1,1,1108.2222619047618,1334.204693877551,510.28384453781507,576.1425714285714,67.85714285714286,32.42857142857143,153.78571428571428,7283.9010714285705,32.68678571428427,0,0,0,0.0,0.0,0.0
903,33,181,1,0.0,0.0,0.0,0.0,0.0,414.7292857142857,0.0,0.0,0.0,0.0,0.0,357.1457142857143,357.1457142857143,2,2,132.82142857142858,132.82142857142858,0.0,132.82142857142858,0.0,1,1,0,1,0,1,0,0,0,0.0,0.0,0.0,1,1,0,1,0,0,1,0,178.57285714285715,178.57285714285715,132.82142857142858,132.82142857142858,0.0,132.82142857142858,0.0,0.0,0.0,1,0,0,4.637857142857143,0.0,0.0
142,27,183,1,0.0,0.0,0.0,0.0,0.0,1511.6839285714286,0.0,0.0,0.0,0.0,0.0,714.2857142857143,714.2857142857143,1,1,728.1071428571429,728.1071428571429,0.0,0.0,725.9285714285714,2,2,0,0,1,0,0,0,0,0.0,0.0,0.0,1,1,0,1,0,0,0,1,714.2857142857143,714.2857142857143,364.05357142857144,364.05357142857144,0.0,0.0,725.9285714285714,0.0,0.0,0,0,0,0.0,0.0,0.0
679,39,71,1,2.0,0.0,0.0,0.0,0.0,0.0,28.658214285714283,0.0,0.0,0.0,0.0,2622.0071428571428,2608.217857142857,4,3,2848.217857142857,2848.217857142857,714.2857142857143,841.0749999999999,1290.357142857143,16,16,3,3,8,0,1,0,0,14.329107142857142,0.0,0.0,1,1,1,1,0,1,1,1,655.5017857142857,869.4059523809524,178.01361607142857,178.01361607142857,238.0952380952381,280.3583333333333,161.29464285714286,13.789285714285597,0.0,0,1,1,0.0,3.392857142857143,6.9675
896,23,99,1,0.0,0.0,0.0,0.0,0.0,1743.7385714285715,0.0,0.0,0.0,0.0,0.0,417.55821428571426,416.63714285714286,3,2,640.2621428571429,639.1785714285714,535.7142857142857,0.0,101.92857142857143,6,5,1,0,2,1,0,0,0,0.0,0.0,0.0,1,1,1,1,1,1,0,1,139.1860714285714,208.31857142857143,106.71035714285715,127.83571428571429,535.7142857142857,0.0,50.964285714285715,0.9210714285713948,1.0835714285714175,0,0,0,0.0,0.0,0.0
1108,43,142,1,0.0,0.0,0.0,0.0,0.0,3388.0417857142857,0.0,0.0,0.0,0.0,0.0,17.857499999999998,17.857499999999998,2,2,6.428571428571429,6.428571428571429,0.0,5.964285714285714,0.0,2,2,0,1,0,1,0,0,0,0.0,0.0,0.0,1,1,0,1,0,0,1,0,8.928749999999999,8.928749999999999,3.2142857142857144,3.2142857142857144,0.0,5.964285714285714,0.0,0.0,0.0,0,1,0,0.0,5.785714285714286,0.0
31,59,97,1,0.0,0.0,0.0,1.0,1.0,2336.8507142857143,0.0,0.0,0.0,613.6017857142857,679.5007142857143,1224.8635714285715,1056.0942857142857,6,2,2816.695714285714,2697.4814285714283,57.142857142857146,1320.2964285714286,843.8278571428572,46,41,1,22,13,0,0,0,1,0.0,0.0,679.5007142857143,1,1,1,1,1,1,1,1,204.14392857142857,528.0471428571428,61.232515527950305,65.79222996515679,57.142857142857146,60.01347402597403,64.90983516483517,168.76928571428584,119.21428571428578,0,0,0,0.0,0.0,0.0
1164,69,168,1,0.0,0.0,0.0,0.0,0.0,2.9089285714285715,0.0,0.0,0.0,0.0,0.0,635.217857142857,635.217857142857,2,2,1128.7464285714286,1128.7464285714286,342.85714285714283,34.71071428571428,748.4642857142857,14,14,2,2,9,0,0,0,0,0.0,0.0,0.0,1,1,0,1,0,1,1,1,317.6089285714285,317.6089285714285,80.62474489795919,80.62474489795919,171.42857142857142,17.35535714285714,83.1626984126984,0.0,0.0,0,0,0,0.0,0.0,0.0
1233,38,25,1,0.0,0.0,0.0,0.0,0.0,199.51107142857146,0.0,0.0,0.0,0.0,0.0,928.5728571428572,928.5728571428572,2,2,839.25,839.25,828.5714285714286,7.142857142857143,0.0,7,7,3,1,0,0,0,0,0,0.0,0.0,0.0,1,1,0,1,0,1,1,0,464.2864285714286,464.2864285714286,119.89285714285714,119.89285714285714,276.1904761904762,7.142857142857143,0.0,0.0,0.0,0,0,0,0.0,0.0,0.0
730,59,38,1,0.0,0.0,1.0,0.0,0.0,331.7296428571429,0.0,0.0,0.0,0.0,0.0,654.3382142857143,654.3382142857143,3,3,323.13178571428574,323.13178571428574,64.28571428571429,0.0,256.66749999999996,4,4,1,0,2,1,0,0,0,0.0,0.0,0.0,1,1,0,1,0,1,0,1,218.11273809523811,218.11273809523811,80.78294642857144,80.78294642857144,64.28571428571429,0.0,128.33374999999998,0.0,0.0,0,1,1,0.0,7.535714285714286,2.4285714285714284
234,54,150,1,0.0,0.0,1.0,0.0,0.0,856.344642857143,0.0,0.0,418.78749999999997,0.0,0.0,1695.4353571428571,1287.6846428571428,6,4,1576.8621428571428,1170.8935714285712,357.14285714285717,0.0,406.0,9,7,1,0,4,0,0,0,0,0.0,0.0,0.0,1,1,1,1,1,1,0,1,282.5725595238095,321.9211607142857,175.20690476190475,167.2705102040816,357.14285714285717,0.0,101.5,407.75071428571437,405.9685714285715,0,1,0,0.0,0.21428571428571427,0.0
22,54,0,1,0.0,0.0,0.0,0.0,0.0,2492.1467857142857,0.0,0.0,0.0,0.0,0.0,2423.411071428571,2423.411071428571,7,7,3587.0782142857142,3587.0782142857142,1392.6821428571427,466.84000000000003,1273.107142857143,29,29,4,12,9,1,0,0,0,0.0,0.0,0.0,1,1,0,1,0,1,1,1,346.201581632653,346.201581632653,123.69235221674877,123.69235221674877,348.1705357142857,38.903333333333336,141.45634920634922,0.0,0.0,0,1,1,0.0,1.1071428571428572,30.560357142857146
560,58,25,1,0.0,0.0,0.0,0.0,0.0,6586.222857142857,0.0,0.0,0.0,0.0,0.0,26.78607142857143,26.78607142857143,2,2,42.67857142857143,42.67857142857143,35.714285714285715,6.964285714285714,0.0,5,5,4,1,0,1,0,0,0,0.0,0.0,0.0,1,1,0,1,0,1,1,0,13.393035714285714,13.393035714285714,8.535714285714286,8.535714285714286,8.928571428571429,6.964285714285714,0.0,0.0,0.0,0,0,0,0.0,0.0,0.0
1118,55,123,1,0.0,3.0,1.0,0.0,0.0,420.8014285714286,0.0,314723.165,0.0,0.0,0.0,914.2896428571429,914.2896428571429,5,5,652.5167857142858,652.5167857142858,85.69642857142857,432.3564285714286,129.07142857142858,15,15,2,7,4,0,0,1,0,0.0,104907.72166666666,0.0,1,1,0,1,0,1,1,1,182.85792857142857,182.85792857142857,43.50111904761905,43.50111904761905,42.848214285714285,61.76520408163265,32.267857142857146,0.0,0.0,0,0,0,0.0,0.0,0.0
823,49,9,1,1.0,0.0,0.0,0.0,0.0,13177.153214285714,725.6314285714286,0.0,0.0,0.0,0.0,3214.316071428572,3214.316071428572,2,2,3481.531071428571,3481.531071428571,0.0,1800.720357142857,230.82142857142858,52,52,0,44,5,0,1,0,0,725.6314285714286,0.0,0.0,1,1,0,1,0,0,1,1,1607.158035714286,1607.158035714286,66.9525206043956,66.9525206043956,0.0,40.92546266233766,46.16428571428572,0.0,0.0,0,0,0,0.0,0.0,0.0
327,73,177,1,2.0,0.0,1.0,0.0,0.0,5811.818571428572,1796.83,0.0,0.0,0.0,0.0,29709.153214285714,17958.529285714285,8,5,30555.357500000002,16269.643214285714,3457.1428571428573,45.892857142857146,1015.1342857142856,20,18,3,3,7,1,1,0,0,898.415,0.0,0.0,1,1,1,1,1,1,1,1,3713.6441517857143,3591.705857142857,1527.767875,903.8690674603174,1152.3809523809525,15.29761904761905,145.01918367346937,11750.62392857143,14285.714285714288,0,0,1,0.0,0.0,13.0
1534,38,126,2,2.0,0.0,0.0,0.0,0.0,6300.916785714287,26708.332857142854,0.0,0.0,0.0,0.0,173.77,164.52642857142857,5,4,158.0,158.0,0.0,0.0,143.71428571428572,6,6,0,0,5,1,1,0,0,13354.166428571427,0.0,0.0,1,1,1,1,0,0,0,1,34.754000000000005,41.13160714285714,26.333333333333332,26.333333333333332,0.0,0.0,28.742857142857144,9.243571428571443,0.0,0,1,1,0.0,2.607142857142857,21.892857142857142
775,40,151,2,2.0,1.0,1.0,0.0,1.0,116.17357142857144,3774.253928571429,579084.1078571428,0.0,0.0,277.0864285714286,8126.133928571428,3868.279285714286,39,24,8018.566785714285,3906.680714285714,342.85714285714283,203.72678571428574,1166.0475000000001,57,27,2,5,10,1,1,1,1,1887.1269642857144,579084.1078571428,277.0864285714286,1,1,1,1,1,1,1,1,208.3624084249084,161.1783035714286,140.67661027568923,144.6918783068783,171.42857142857142,40.745357142857145,116.60475000000001,4257.854642857143,4111.886071428571,1,0,1,1.9960714285714285,0.0,19.035714285714285
934,78,55,1,0.0,0.0,1.0,1.0,1.0,1613.8460714285716,0.0,0.0,0.0,708.2582142857143,3261.6978571428567,950.7153571428571,907.2246428571428,5,3,911.9975000000001,904.3546428571428,535.7142857142857,44.104642857142856,239.07142857142858,29,25,8,4,5,1,0,0,1,0.0,0.0,3261.6978571428567,1,1,1,1,1,1,1,1,190.14307142857143,302.4082142857143,31.448189655172417,36.17418571428571,66.96428571428571,11.026160714285714,47.81428571428572,43.49071428571426,7.642857142857224,0,0,0,0.0,0.0,0.0
609,67,14,1,1.0,0.0,0.0,0.0,0.0,130.8475,24933.453214285713,0.0,0.0,0.0,0.0,1348.7903571428571,1169.6807142857144,5,3,984.8292857142858,984.8292857142858,114.28571428571429,377.93642857142856,310.64285714285717,25,25,2,19,2,0,1,0,0,24933.453214285713,0.0,0.0,1,1,1,1,0,1,1,1,269.75807142857144,389.8935714285715,39.393171428571435,39.393171428571435,57.142857142857146,19.89139097744361,155.32142857142858,179.10964285714272,0.0,0,0,0,0.0,0.0,0.0
1079,37,68,1,0.0,0.0,0.0,0.0,0.0,4314.886428571429,0.0,0.0,0.0,0.0,0.0,281.8128571428571,281.8128571428571,2,2,0.0,0.0,0.0,0.0,0.0,0,0,0,0,0,1,0,0,0,0.0,0.0,0.0,1,1,0,0,0,0,0,0,140.90642857142856,140.90642857142856,0.0,0.0,0.0,0.0,0.0,0.0,0.0,0,0,1,0.0,0.0,4.089285714285714
298,48,221,1,2.0,3.0,1.0,1.0,0.0,18.739642857142858,71.73214285714286,0.0,0.0,0.0,0.0,3289.7910714285713,2512.621071428571,14,6,3704.054285714286,2545.3492857142855,321.42857142857144,739.4964285714286,1384.5885714285716,24,19,1,3,10,1,1,1,0,35.86607142857143,0.0,0.0,1,1,1,1,1,1,1,1,234.98507653061225,418.7701785714285,154.33559523809524,133.96575187969924,321.42857142857144,246.49880952380954,138.45885714285717,777.1700000000001,1158.7050000000004,0,0,1,0.0,0.0,22.96642857142857
1040,65,14,1,1.0,4.0,0.0,0.0,0.0,3135.429642857143,15743.120357142858,3678.5714285714284,0.0,0.0,0.0,2812.756785714286,2800.1885714285713,8,6,804.1739285714285,804.1739285714285,0.0,0.0,192.74535714285713,6,6,0,0,3,1,1,1,0,15743.120357142858,919.6428571428571,0.0,1,1,1,1,0,0,0,1,351.5945982142857,466.6980952380952,134.02898809523808,134.02898809523808,0.0,0.0,64.24845238095237,12.568214285714475,0.0,1,1,0,1.4324999999999999,5.428571428571429,0.0
279,22,135,3,0.0,0.0,1.0,0.0,0.0,937.21,0.0,0.0,0.0,0.0,0.0,0.0035714285714285718,0.0035714285714285718,1,1,199.92857142857142,199.92857142857142,0.0,0.0,0.0,3,3,0,0,0,1,0,0,0,0.0,0.0,0.0,1,1,0,1,0,0,0,0,0.0035714285714285718,0.0035714285714285718,66.64285714285714,66.64285714285714,0.0,0.0,0.0,0.0,0.0,0,0,1,0.0,0.0,4.214285714285714
1580,31,139,1,1.0,0.0,0.0,1.0,1.0,1773.0982142857142,4105.325,0.0,0.0,709.0103571428572,2825.505,1071.8942857142858,922.2164285714287,10,3,1091.3017857142856,752.6071428571429,553.5714285714286,0.0,271.14285714285717,26,16,6,0,8,0,1,0,1,4105.325,0.0,2825.505,1,1,1,1,1,1,0,1,107.18942857142858,307.40547619047624,41.973145604395604,47.03794642857143,92.26190476190476,0.0,33.892857142857146,149.6778571428572,338.69464285714275,0,0,0,0.0,0.0,0.0
1044,2,70,1,2.0,1.0,0.0,0.0,0.0,84.14428571428572,69302.39285714286,45697.57214285714,0.0,0.0,0.0,1729.079642857143,1726.9660714285715,4,3,1429.5714285714287,1429.5714285714287,732.1428571428571,249.39285714285714,444.64285714285717,18,18,4,10,3,0,1,1,0,34651.19642857143,45697.57214285714,0.0,1,1,1,1,0,1,1,1,432.26991071428574,575.6553571428572,79.42063492063492,79.42063492063492,183.03571428571428,24.939285714285713,148.21428571428572,2.113571428571504,0.0,0,0,0,0.0,0.0,0.0
1144,48,18,1,1.0,2.0,1.0,0.0,0.0,1329.5982142857142,0.0071428571428571435,6071.720714285714,0.0,0.0,0.0,954.6217857142857,824.8064285714287,13,10,888.4675,758.8760714285714,178.57142857142858,114.68214285714285,93.85714285714286,22,18,3,6,2,1,1,1,0,0.0071428571428571435,3035.860357142857,0.0,1,1,1,1,1,1,1,1,73.43244505494505,82.48064285714287,40.38488636363636,42.15978174603175,59.523809523809526,19.113690476190474,46.92857142857143,129.815357142857,129.59142857142854,0,1,0,0.0,4.357142857142857,0.0
872,26,152,1,0.0,0.0,0.0,0.0,0.0,13775.455,0.0,0.0,0.0,0.0,0.0,1967.9007142857142,1967.9007142857142,2,2,1650.6210714285714,1650.6210714285714,332.14285714285717,174.37107142857144,1123.3214285714287,29,29,3,11,10,0,0,0,0,0.0,0.0,0.0,1,1,0,1,0,1,1,1,983.9503571428571,983.9503571428571,56.917967980295565,56.917967980295565,110.71428571428572,15.851915584415586,112.33214285714287,0.0,0.0,1,0,0,3.3466071428571427,0.0,0.0
1382,23,99,1,0.0,0.0,1.0,0.0,0.0,428.81964285714287,0.0,0.0,0.0,0.0,0.0,1411.1507142857142,1006.8753571428571,27,20,1424.1789285714287,971.7325,189.28571428571428,215.1,160.67857142857142,32,20,1,8,3,0,0,0,0,0.0,0.0,0.0,1,1,1,1,1,1,1,1,52.26484126984127,50.34376785714285,44.50559151785715,48.586625,189.28571428571428,26.8875,53.5595238095238,404.27535714285716,452.4464285714288,0,0,0,0.0,0.0,0.0
1179,68,177,1,0.0,0.0,1.0,0.0,1.0,0.00035714285714285714,0.0,0.0,0.0,0.0,2190.5910714285715,3125.2357142857145,2350.914285714286,37,32,3188.3992857142853,2350.914285714286,428.57142857142856,162.2607142857143,970.6428571428571,66,37,6,7,17,1,0,0,1,0.0,0.0,2190.5910714285715,1,1,1,1,1,1,1,1,84.46583011583012,73.46607142857144,48.30908008658008,63.53822393822395,71.42857142857143,23.18010204081633,57.096638655462186,774.3214285714284,837.4849999999992,0,0,1,0.0,0.0,15.785714285714286
1470,33,175,2,1.0,0.0,1.0,0.0,0.0,0.0,3250.753928571429,0.0,0.0,0.0,0.0,1295.3835714285713,1295.3314285714284,8,7,1296.675,1296.675,0.0,155.55214285714285,1137.3014285714285,18,18,0,5,12,1,1,0,0,3250.753928571429,0.0,0.0,1,1,1,1,0,0,1,1,161.9229464285714,185.0473469387755,72.0375,72.0375,0.0,31.11042857142857,94.77511904761904,0.05214285714282596,0.0,1,0,1,2.794107142857143,0.0,4.25
450,76,29,1,0.0,0.0,0.0,0.0,0.0,2.8578571428571427,0.0,0.0,0.0,0.0,0.0,223.5725,223.5725,4,4,474.2421428571429,474.2421428571429,142.12321428571428,178.3867857142857,152.875,15,15,8,2,1,0,0,0,0,0.0,0.0,0.0,1,1,0,1,0,1,1,1,55.893125,55.893125,31.616142857142858,31.616142857142858,17.765401785714285,89.19339285714285,152.875,0.0,0.0,0,1,1,0.0,5.179642857142857,15.184285714285716
163,60,51,1,1.0,2.0,0.0,0.0,0.0,1304.829642857143,3096.087142857143,1687.600357142857,0.0,0.0,0.0,25142.540357142858,10397.091785714287,6,4,15735.746071428572,15735.746071428572,535.7142857142857,672.8567857142858,205.74642857142857,9,9,1,2,4,0,1,1,0,3096.087142857143,843.8001785714285,0.0,1,1,1,1,0,1,1,1,4190.423392857143,2599.2729464285717,1748.4162301587303,1748.4162301587303,535.7142857142857,336.4283928571429,51.43660714285714,14745.448571428571,0.0,0,0,0,0.0,0.0,0.0
1388,69,27,1,1.0,0.0,1.0,0.0,0.0,463.3807142857143,5370.509285714286,0.0,0.0,0.0,0.0,900.745,900.5092857142856,4,3,932.2860714285714,932.2860714285714,785.7142857142857,0.0,143.3217857142857,17,17,6,0,6,1,1,0,0,5370.509285714286,0.0,0.0,1,1,1,1,0,1,0,1,225.18625,300.16976190476186,54.840357142857144,54.840357142857144,130.95238095238093,0.0,23.886964285714285,0.2357142857143799,0.0,0,0,0,0.0,0.0,0.0
824,57,1,1,1.0,1.0,0.0,0.0,0.0,337.6821428571429,1716.2910714285715,526.7785714285714,0.0,0.0,0.0,803.965,803.9553571428571,4,3,9.637500000000001,9.637500000000001,0.0,0.0,0.0,3,3,0,0,0,0,1,1,0,1716.2910714285715,526.7785714285714,0.0,1,1,1,1,0,0,0,0,200.99125,267.98511904761904,3.2125000000000004,3.2125000000000004,0.0,0.0,0.0,0.009642857142921457,0.0,0,0,0,0.0,0.0,0.0
1113,58,15,1,0.0,0.0,1.0,0.0,0.0,9.98,0.0,0.0,293.1821428571429,0.0,0.0,253.5925,253.5925,2,2,712.5192857142857,712.5192857142857,89.28571428571429,199.87642857142856,420.85714285714283,18,18,2,6,8,0,0,0,0,0.0,0.0,0.0,1,1,0,1,0,1,1,1,126.79625,126.79625,39.584404761904764,39.584404761904764,44.642857142857146,33.312738095238096,52.607142857142854,0.0,0.0,0,0,1,0.0,0.0,15.863214285714287
1188,67,28,1,1.0,1.0,1.0,0.0,0.0,28.838214285714287,2236.0314285714285,39221.835,0.0,0.0,0.0,1587.7614285714285,1586.8085714285714,9,7,2606.6360714285715,2453.3339285714287,250.0,215.875,1795.357142857143,35,31,3,10,12,1,1,1,0,2236.0314285714285,39221.835,0.0,1,1,1,1,1,1,1,1,176.4179365079365,226.6869387755102,74.47531632653062,79.13980414746544,83.33333333333333,21.5875,149.61309523809524,0.9528571428570558,153.30214285714283,0,0,0,0.0,0.0,0.0
1163,36,152,1,0.0,0.0,0.0,0.0,0.0,4143.043571428571,0.0,0.0,0.0,0.0,0.0,657.1614285714286,657.1614285714286,3,3,728.9821428571429,728.9821428571429,321.42857142857144,26.232142857142858,368.5357142857143,9,9,2,3,2,1,0,0,0,0.0,0.0,0.0,1,1,0,1,0,1,1,1,219.05380952380952,219.05380952380952,80.99801587301587,80.99801587301587,160.71428571428572,8.744047619047619,184.26785714285714,0.0,0.0,0,1,1,0.0,7.642857142857143,7.635
979,35,156,1,1.0,0.0,0.0,0.0,0.0,18896.312857142857,1025.0135714285714,0.0,0.0,0.0,0.0,359.9739285714286,359.96571428571434,5,4,291.89285714285717,291.89285714285717,289.2857142857143,0.0,0.0,17,17,8,0,0,1,1,0,0,1025.0135714285714,0.0,0.0,1,1,1,1,0,1,0,0,71.99478571428571,89.99142857142859,17.170168067226893,17.170168067226893,36.160714285714285,0.0,0.0,0.008214285714245761,0.0,0,0,0,0.0,0.0,0.0
1178,69,152,1,1.0,0.0,0.0,0.0,0.0,38.045,40400.51642857143,0.0,0.0,0.0,0.0,692.8917857142858,632.1442857142857,10,7,391.86892857142857,391.86892857142857,0.0,0.0,386.10714285714283,18,18,0,0,15,1,1,0,0,40400.51642857143,0.0,0.0,1,1,1,1,0,0,0,1,69.28917857142858,90.30632653061225,21.77049603174603,21.77049603174603,0.0,0.0,25.74047619047619,60.74750000000006,0.0,0,1,0,0.0,3.0714285714285716,0.0
1115,31,6,1,0.0,0.0,0.0,0.0,0.0,4069.934285714286,0.0,0.0,0.0,0.0,0.0,0.00035714285714285714,0.00035714285714285714,1,1,1.9642857142857142,1.9642857142857142,0.0,0.0,0.0,1,1,0,0,0,1,0,0,0,0.0,0.0,0.0,1,1,0,1,0,0,0,0,0.00035714285714285714,0.00035714285714285714,1.9642857142857142,1.9642857142857142,0.0,0.0,0.0,0.0,0.0,0,0,1,0.0,0.0,12.862142857142857
1415,67,28,1,1.0,1.0,0.0,0.0,0.0,6512.073571428571,18677.399642857144,501.0785714285715,0.0,0.0,0.0,414.03607142857146,412.50928571428574,4,3,303.0,303.0,107.14285714285714,0.0,193.67857142857142,4,4,1,0,2,1,1,1,0,18677.399642857144,501.0785714285715,0.0,1,1,1,1,0,1,0,1,103.50901785714287,137.50309523809526,75.75,75.75,107.14285714285714,0.0,96.83928571428571,1.5267857142857224,0.0,1,1,0,0.49821428571428567,0.32142857142857145,0.0
29,60,150,1,0.0,0.0,1.0,0.0,0.0,373.3542857142857,0.0,0.0,0.0,0.0,0.0,199.4935714285714,192.62178571428572,5,4,385.24357142857144,192.62178571428572,92.85714285714286,0.0,89.28571428571429,8,4,1,0,1,0,0,0,0,0.0,0.0,0.0,1,1,1,1,1,1,0,1,39.898714285714284,48.15544642857143,48.15544642857143,48.15544642857143,92.85714285714286,0.0,89.28571428571429,6.871785714285693,192.62178571428572,0,1,0,0.0,4.286785714285714,0.0
351,42,172,1,1.0,0.0,0.0,0.0,0.0,4783.925357142857,5770.629285714285,0.0,0.0,0.0,0.0,0.02964285714285714,0.02964285714285714,2,2,92.32142857142857,92.32142857142857,0.0,0.0,0.0,3,3,0,0,0,0,1,0,0,5770.629285714285,0.0,0.0,1,1,0,1,0,0,0,0,0.01482142857142857,0.01482142857142857,30.773809523809522,30.773809523809522,0.0,0.0,0.0,0.0,0.0,0,1,0,0.0,3.607142857142857,0.0
843,36,151,1,0.0,0.0,0.0,0.0,0.0,80.92857142857143,0.0,0.0,0.0,0.0,0.0,2098.15,2098.15,4,4,2136.1214285714286,2136.1214285714286,357.14285714285717,643.5857142857143,1130.1785714285713,23,23,1,8,11,1,0,0,0,0.0,0.0,0.0,1,1,0,1,0,1,1,1,524.5375,524.5375,92.8748447204969,92.8748447204969,357.14285714285717,80.44821428571429,102.74350649350649,0.0,0.0,0,0,0,0.0,0.0,0.0
1402,34,151,1,0.0,0.0,0.0,0.0,0.0,6.307857142857143,0.0,0.0,0.0,0.0,0.0,178.57142857142858,178.57142857142858,1,1,189.16071428571428,189.16071428571428,178.57142857142858,7.196428571428571,0.0,5,5,1,3,0,1,0,0,0,0.0,0.0,0.0,1,1,0,1,0,1,1,0,178.57142857142858,178.57142857142858,37.832142857142856,37.832142857142856,178.57142857142858,2.3988095238095237,0.0,0.0,0.0,0,0,0,0.0,0.0,0.0
90,20,81,1,0.0,0.0,0.0,0.0,0.0,649.5714285714286,0.0,0.0,0.0,0.0,0.0,107.1432142857143,107.1432142857143,2,2,78.95357142857142,78.95357142857142,35.714285714285715,3.382142857142857,35.82142857142857,4,4,1,1,1,0,0,0,0,0.0,0.0,0.0,1,1,0,1,0,1,1,1,53.57160714285715,53.57160714285715,19.738392857142856,19.738392857142856,35.714285714285715,3.382142857142857,35.82142857142857,0.0,0.0,0,0,0,0.0,0.0,0.0
1316,63,158,1,1.0,0.0,1.0,1.0,0.0,2145.81,5861.004642857143,0.0,0.0,43.32142857142857,0.0,2713.495,2665.039285714286,4,2,2985.4235714285714,2874.7678571428573,400.0,507.8164285714286,2029.25,41,39,4,26,10,0,1,0,0,5861.004642857143,0.0,0.0,1,1,1,1,1,1,1,1,678.37375,1332.519642857143,72.81520905923345,73.71199633699634,100.0,19.5314010989011,202.925,48.45571428571384,110.65571428571411,0,0,1,0.0,0.0,3.3175
1592,70,73,3,0.0,0.0,0.0,0.0,0.0,71.61821428571429,0.0,0.0,0.0,0.0,0.0,0.0,0.0,0,0,4.107142857142857,4.107142857142857,0.0,0.0,0.0,1,1,0,0,0,0,0,0,0,0.0,0.0,0.0,0,0,0,1,0,0,0,0,0.0,0.0,4.107142857142857,4.107142857142857,0.0,0.0,0.0,0.0,0.0,0,0,1,0.0,0.0,12.5
80,9,81,1,0.0,0.0,0.0,0.0,0.0,2756.8267857142855,0.0,0.0,0.0,0.0,0.0,25.000357142857144,25.000357142857144,2,2,18.62142857142857,18.62142857142857,0.0,18.62142857142857,0.0,6,6,0,6,0,1,0,0,0,0.0,0.0,0.0,1,1,0,1,0,0,1,0,12.500178571428572,12.500178571428572,3.103571428571428,3.103571428571428,0.0,3.103571428571428,0.0,0.0,0.0,0,0,0,0.0,0.0,0.0
864,31,26,1,0.0,0.0,1.0,0.0,0.0,23.49607142857143,0.0,0.0,0.0,0.0,0.0,1095.3032142857144,1095.3032142857144,2,2,787.8928571428571,787.8928571428571,785.7142857142857,0.0,0.0,5,5,3,0,0,1,0,0,0,0.0,0.0,0.0,1,1,0,1,0,1,0,0,547.6516071428572,547.6516071428572,157.57857142857142,157.57857142857142,261.90476190476187,0.0,0.0,0.0,0.0,1,0,0,30.697321428571428,0.0,0.0
822,69,225,1,1.0,1.0,1.0,0.0,0.0,300.7753571428571,65263.044285714284,0.0,134.33464285714285,0.0,0.0,676.3707142857144,601.4339285714286,5,3,690.0557142857143,690.0557142857143,0.0,293.84142857142854,210.85714285714286,22,22,0,15,4,0,1,1,0,65263.044285714284,0.0,0.0,1,1,1,1,0,0,1,1,135.27414285714286,200.4779761904762,31.36616883116883,31.36616883116883,0.0,19.58942857142857,52.714285714285715,74.93678571428575,0.0,0,0,0,0.0,0.0,0.0
300,5,87,1,0.0,0.0,0.0,0.0,0.0,0.0,0.0,0.0,0.0,0.0,0.0,0.012857142857142857,0.012857142857142857,1,1,84.85714285714286,84.85714285714286,0.0,0.0,84.64285714285714,2,2,0,0,1,0,0,0,0,0.0,0.0,0.0,1,1,0,1,0,0,0,1,0.012857142857142857,0.012857142857142857,42.42857142857143,42.42857142857143,0.0,0.0,84.64285714285714,0.0,0.0,0,0,1,0.0,0.0,12.035714285714286
1292,47,151,1,0.0,0.0,0.0,0.0,0.0,244.81642857142856,0.0,0.0,0.0,0.0,0.0,25.019642857142856,25.019642857142856,2,2,2178.3535714285713,2178.3535714285713,14.285714285714286,20.139285714285712,2142.8571428571427,6,6,2,2,1,0,0,0,0,0.0,0.0,0.0,1,1,0,1,0,1,1,1,12.509821428571428,12.509821428571428,363.05892857142857,363.05892857142857,7.142857142857143,10.069642857142856,2142.8571428571427,0.0,0.0,1,0,1,1.0275,0.0,17.676785714285714
1383,39,26,1,1.0,6.0,0.0,0.0,0.0,199.82107142857143,2582.3292857142856,0.0,0.0,0.0,0.0,551.6899999999999,548.4903571428571,3,2,753.5357142857143,753.5357142857143,714.2857142857143,0.0,35.714285714285715,5,5,1,0,2,1,1,1,0,2582.3292857142856,0.0,0.0,1,1,1,1,0,1,0,1,183.89666666666665,274.24517857142854,150.70714285714286,150.70714285714286,714.2857142857143,0.0,17.857142857142858,3.1996428571428623,0.0,1,1,0,10.90982142857143,4.642857142857143,0.0
462,23,26,1,0.0,0.0,1.0,0.0,0.0,570.3421428571429,0.0,0.0,104.01142857142858,0.0,0.0,1201.8485714285714,851.9428571428572,5,3,1195.455357142857,847.0128571428571,421.42857142857144,0.0,71.85714285714286,10,9,3,0,3,0,0,0,0,0.0,0.0,0.0,1,1,1,1,1,1,0,1,240.36971428571428,283.9809523809524,119.5455357142857,94.11253968253968,140.47619047619048,0.0,23.952380952380953,349.9057142857142,348.4425,0,0,0,0.0,0.0,0.0
686,57,51,1,0.0,0.0,0.0,0.0,0.0,1146.879642857143,0.0,0.0,0.0,0.0,0.0,513.3592857142856,513.3592857142856,3,3,496.73999999999995,496.73999999999995,0.0,0.0,119.21857142857142,7,7,0,0,5,1,0,0,0,0.0,0.0,0.0,1,1,0,1,0,0,0,1,171.11976190476187,171.11976190476187,70.96285714285713,70.96285714285713,0.0,0.0,23.843714285714285,0.0,0.0,1,1,1,0.6292857142857143,8.392857142857142,18.785714285714285
481,32,26,1,1.0,0.0,0.0,1.0,0.0,68.42357142857142,253.7392857142857,0.0,0.0,0.0,0.0,2005.0025,2003.5625,9,6,1350.535357142857,1349.1067857142857,0.0,337.2857142857143,1006.9639285714286,23,21,0,4,15,0,1,0,0,253.7392857142857,0.0,0.0,1,1,1,1,1,0,1,1,222.77805555555557,333.9270833333333,58.71892857142857,64.24318027210884,0.0,84.32142857142857,67.13092857142857,1.4400000000000546,1.4285714285713311,0,0,0,0.0,0.0,0.0
950,26,152,1,0.0,0.0,0.0,0.0,0.0,41.46035714285715,0.0,0.0,0.0,0.0,0.0,218.2932142857143,218.2932142857143,2,2,295.50892857142856,295.50892857142856,0.0,0.0,292.11607142857144,5,5,0,0,4,0,0,0,0,0.0,0.0,0.0,1,1,0,1,0,0,0,1,109.14660714285715,109.14660714285715,59.10178571428571,59.10178571428571,0.0,0.0,73.02901785714286,0.0,0.0,1,0,0,0.6014285714285714,0.0,0.0
884,32,149,1,0.0,0.0,1.0,0.0,0.0,2250.3082142857143,0.0,0.0,0.0,0.0,0.0,203.2207142857143,202.70107142857142,8,7,1030.3964285714285,827.6982142857142,0.0,0.0,822.9285714285714,22,16,0,0,14,0,0,0,0,0.0,0.0,0.0,1,1,1,1,1,0,0,1,25.40258928571429,28.957295918367347,46.8362012987013,51.73113839285714,0.0,0.0,58.78061224489796,0.5196428571428839,202.69821428571424,0,0,1,0.0,0.0,9.029642857142857
634,31,81,1,2.0,0.0,0.0,0.0,0.0,41.861785714285716,47652.55107142857,0.0,0.0,0.0,0.0,507.3139285714286,44.64678571428571,4,2,92.85714285714286,92.85714285714286,92.85714285714286,0.0,0.0,1,1,1,0,0,0,1,0,0,23826.275535714285,0.0,0.0,1,1,1,1,0,1,0,0,126.82848214285715,22.323392857142856,92.85714285714286,92.85714285714286,92.85714285714286,0.0,0.0,462.6671428571429,0.0,0,1,0,0.0,6.857142857142857,0.0
1456,61,149,1,1.0,0.0,0.0,0.0,0.0,0.0,0.0,0.0,0.0,0.0,0.0,364.7721428571429,364.7528571428571,4,3,774.9799999999999,774.9799999999999,14.285714285714286,497.44428571428574,258.60714285714283,28,28,1,20,5,0,1,0,0,0.0,0.0,0.0,1,1,1,1,0,1,1,1,91.19303571428573,121.58428571428571,27.67785714285714,27.67785714285714,14.285714285714286,24.872214285714286,51.72142857142857,0.01928571428578607,0.0,0,1,0,0.0,3.607142857142857,0.0
1255,42,136,1,0.0,0.0,0.0,0.0,0.0,7410.411071428572,0.0,0.0,0.0,0.0,0.0,107.14392857142857,107.14392857142857,2,2,112.55678571428572,112.55678571428572,0.0,0.0,0.0,5,5,0,0,0,0,0,0,0,0.0,0.0,0.0,1,1,0,1,0,0,0,0,53.57196428571429,53.57196428571429,22.511357142857143,22.511357142857143,0.0,0.0,0.0,0.0,0.0,0,1,0,0.0,4.714285714285714,0.0
465,27,43,1,0.0,0.0,0.0,1.0,0.0,1.7085714285714286,0.0,0.0,0.0,1.1785714285714286,0.0,2970.702857142857,2895.9900000000002,7,3,2968.4203571428575,2946.047857142857,800.0,620.9146428571429,385.25,84,79,25,20,7,0,0,0,0,0.0,0.0,0.0,1,1,1,1,1,1,1,1,424.38612244897956,965.33,35.33833758503402,37.291745027124776,32.0,31.045732142857144,55.035714285714285,74.71285714285659,22.3725000000004,0,1,0,0.0,8.0,0.0
1268,23,179,1,0.0,0.0,0.0,0.0,0.0,491.3907142857143,0.0,0.0,0.0,0.0,0.0,0.015,0.015,1,1,1.9642857142857142,1.9642857142857142,0.0,0.0,0.0,1,1,0,0,0,0,0,0,0,0.0,0.0,0.0,1,1,0,1,0,0,0,0,0.015,0.015,1.9642857142857142,1.9642857142857142,0.0,0.0,0.0,0.0,0.0,0,0,1,0.0,0.0,20.34357142857143
619,40,174,1,1.0,2.0,0.0,0.0,0.0,3764.539285714286,7812.512857142857,169.67464285714286,0.0,0.0,0.0,493.23999999999995,484.59857142857146,4,2,180.7225,180.7225,0.0,0.0,180.7225,2,2,0,0,2,1,1,1,0,7812.512857142857,84.83732142857143,0.0,1,1,1,1,0,0,0,1,123.30999999999999,242.29928571428573,90.36125,90.36125,0.0,0.0,90.36125,8.641428571428492,0.0,0,0,0,0.0,0.0,0.0
1418,64,83,1,0.0,0.0,0.0,0.0,0.0,1463.9989285714287,0.0,0.0,0.0,0.0,0.0,2013.5864285714285,2013.5864285714285,2,2,1044.7675000000002,1044.7675000000002,178.57142857142858,475.6253571428571,388.39214285714286,23,23,2,16,4,1,0,0,0,0.0,0.0,0.0,1,1,0,1,0,1,1,1,1006.7932142857143,1006.7932142857143,45.424673913043485,45.424673913043485,89.28571428571429,29.72658482142857,97.09803571428571,0.0,0.0,0,0,0,0.0,0.0,0.0
1378,76,146,1,0.0,0.0,1.0,0.0,0.0,247.32142857142858,0.0,0.0,1019.0024999999999,0.0,0.0,53.57821428571429,53.57821428571429,2,2,1344.7692857142858,1344.7692857142858,214.28571428571428,1128.5192857142858,0.0,29,29,2,26,0,1,0,0,0,0.0,0.0,0.0,1,1,0,1,0,1,1,0,26.789107142857144,26.789107142857144,46.37135467980296,46.37135467980296,107.14285714285714,43.40458791208792,0.0,0.0,0.0,0,0,0,0.0,0.0,0.0
1315,40,88,1,0.0,0.0,1.0,1.0,1.0,2926.4828571428575,0.0,0.0,289.63357142857143,0.7142857142857143,2475.792857142857,2233.345714285714,1559.9346428571428,12,4,2605.815,2021.1160714285713,535.7142857142857,579.3417857142857,1422.9171428571428,43,17,3,23,11,0,0,0,1,0.0,0.0,2475.792857142857,1,1,1,1,1,1,1,1,186.11214285714286,389.9836607142857,60.6003488372093,118.8891806722689,178.57142857142856,25.188773291925465,129.3561038961039,673.4110714285714,584.6989285714287,1,0,0,2.7246428571428574,0.0,0.0
466,55,185,1,1.0,0.0,0.0,0.0,0.0,178.57142857142858,2771.098571428571,0.0,0.0,0.0,0.0,74.715,74.715,2,2,14.107142857142858,14.107142857142858,0.0,10.714285714285714,0.0,3,3,0,2,0,0,1,0,0,2771.098571428571,0.0,0.0,1,1,0,1,0,0,1,0,37.3575,37.3575,4.7023809523809526,4.7023809523809526,0.0,5.357142857142857,0.0,0.0,0.0,0,0,0,0.0,0.0,0.0
632,26,173,2,0.0,0.0,1.0,0.0,0.0,592.0878571428572,0.0,0.0,0.0,0.0,0.0,3521.7135714285714,2347.999642857143,21,16,3537.9989285714287,2347.999642857143,142.85714285714286,0.0,957.1428571428571,26,15,2,0,3,1,0,0,0,0.0,0.0,0.0,1,1,1,1,1,1,0,1,167.7006462585034,146.74997767857144,136.07688186813186,156.53330952380955,71.42857142857143,0.0,319.04761904761904,1173.7139285714284,1189.9992857142856,1,0,1,10.284642857142858,0.0,13.5475
1224,90,151,1,0.0,0.0,0.0,0.0,0.0,116.33142857142857,0.0,0.0,0.0,0.0,0.0,571.5132142857143,571.5132142857143,2,2,7801.615357142858,7801.615357142858,3271.4285714285716,3292.765,170.39285714285714,40,40,9,17,6,1,0,0,0,0.0,0.0,0.0,1,1,0,1,0,1,1,1,285.75660714285715,285.75660714285715,195.04038392857143,195.04038392857143,363.4920634920635,193.6920588235294,28.398809523809522,0.0,0.0,0,1,0,0.0,0.21428571428571427,0.0
1479,66,61,1,0.0,0.0,0.0,0.0,0.0,472.36607142857144,0.0,0.0,0.0,0.0,0.0,1074.5514285714285,1074.5514285714285,2,2,860.3182142857142,860.3182142857142,710.7142857142857,148.0325,0.0,12,12,4,6,0,1,0,0,0,0.0,0.0,0.0,1,1,0,1,0,1,1,0,537.2757142857142,537.2757142857142,71.69318452380952,71.69318452380952,177.67857142857142,24.672083333333333,0.0,0.0,0.0,0,1,0,0.0,5.142857142857143,0.0
588,64,39,1,0.0,0.0,1.0,0.0,0.0,193.17642857142854,0.0,0.0,710.7621428571429,0.0,0.0,681.6542857142857,668.4217857142858,6,3,599.6528571428571,586.4271428571428,357.14285714285717,0.0,215.64285714285714,11,9,3,0,3,0,0,0,0,0.0,0.0,0.0,1,1,1,1,1,1,0,1,113.60904761904762,222.80726190476193,54.5138961038961,65.15857142857142,119.04761904761905,0.0,71.88095238095238,13.232499999999959,13.225714285714275,0,0,0,0.0,0.0,0.0
534,38,71,1,0.0,0.0,0.0,0.0,0.0,0.0,0.0,0.0,0.0,0.0,0.0,2227.9314285714286,2227.9314285714286,17,17,2113.277857142857,2113.277857142857,0.0,463.06964285714287,1649.029642857143,24,24,0,4,19,0,0,0,0,0.0,0.0,0.0,1,1,0,1,0,0,1,1,131.05478991596638,131.05478991596638,88.05324404761905,88.05324404761905,0.0,115.76741071428572,86.79103383458647,0.0,0.0,0,0,0,0.0,0.0,0.0
147,25,176,1,0.0,0.0,0.0,0.0,0.0,125.5625,0.0,0.0,0.0,0.0,0.0,542.9378571428572,542.9378571428572,4,4,205.71428571428572,205.71428571428572,17.857142857142858,2.142857142857143,185.71428571428572,6,6,1,1,4,1,0,0,0,0.0,0.0,0.0,1,1,0,1,0,1,1,1,135.7344642857143,135.7344642857143,34.285714285714285,34.285714285714285,17.857142857142858,2.142857142857143,46.42857142857143,0.0,0.0,0,0,1,0.0,0.0,15.613214285714287
1190,26,64,1,0.0,0.0,0.0,0.0,0.0,53.385714285714286,0.0,0.0,0.0,0.0,0.0,575.0003571428572,575.0003571428572,9,9,575.0,575.0,575.0,0.0,0.0,8,8,8,0,0,0,0,0,0,0.0,0.0,0.0,1,1,0,1,0,1,0,0,63.88892857142858,63.88892857142858,71.875,71.875,71.875,0.0,0.0,0.0,0.0,0,0,1,0.0,0.0,4.512142857142857
1334,69,163,1,1.0,0.0,0.0,1.0,0.0,11.183571428571428,204.42071428571427,0.0,0.0,1.8928571428571428,0.0,881.7364285714285,502.2685714285714,10,3,1704.5807142857143,1448.4735714285714,464.2857142857143,250.75,677.4642857142857,34,11,3,20,6,0,1,0,0,204.42071428571427,0.0,0.0,1,1,1,1,1,1,1,1,88.17364285714285,167.42285714285714,50.134726890756305,131.67941558441558,154.76190476190476,12.5375,112.91071428571428,379.4678571428571,256.1071428571429,0,0,0,0.0,0.0,0.0
683,55,101,1,0.0,0.0,0.0,0.0,0.0,2052.3625,0.0,0.0,0.0,0.0,0.0,428.57178571428574,428.57178571428574,3,3,437.4789285714286,437.4789285714286,357.14285714285717,78.1575,0.0,7,7,3,2,0,0,0,0,0,0.0,0.0,0.0,1,1,0,1,0,1,1,0,142.8572619047619,142.8572619047619,62.49698979591837,62.49698979591837,119.04761904761905,39.07875,0.0,0.0,0.0,1,0,0,0.19232142857142856,0.0,0.0
648,7,152,1,1.0,0.0,0.0,1.0,0.0,2164.632857142857,14.328214285714285,0.0,0.0,482.97499999999997,0.0,2443.782857142857,1799.6996428571426,18,4,2560.1585714285716,1928.3075000000001,0.0,698.5185714285715,1271.0685714285714,36,15,0,13,9,0,1,0,0,14.328214285714285,0.0,0.0,1,1,1,1,1,0,1,1,135.7657142857143,449.92491071428566,71.11551587301588,128.55383333333333,0.0,53.7321978021978,141.22984126984127,644.0832142857146,631.8510714285715,1,1,0,0.7751785714285714,8.214285714285714,0.0
1593,34,150,1,1.0,0.0,0.0,0.0,0.0,2780.1749999999997,2650.870357142857,0.0,0.0,0.0,0.0,444.02642857142854,442.61499999999995,3,2,339.6667857142857,339.6667857142857,0.0,62.57857142857143,274.6953571428572,11,11,0,6,4,0,1,0,0,2650.870357142857,0.0,0.0,1,1,1,1,0,0,1,1,148.0088095238095,221.30749999999998,30.878798701298702,30.878798701298702,0.0,10.429761904761905,68.6738392857143,1.411428571428587,0.0,0,0,0,0.0,0.0,0.0
604,47,44,1,0.0,0.0,0.0,1.0,0.0,5645.113928571429,0.0,0.0,0.0,1044.1435714285715,0.0,3232.9814285714283,3232.265,6,4,2387.4,2385.9714285714285,0.0,0.0,2132.8214285714284,13,11,0,0,8,1,0,0,0,0.0,0.0,0.0,1,1,1,1,1,0,0,1,538.8302380952381,808.06625,183.64615384615385,216.9064935064935,0.0,0.0,266.60267857142856,0.7164285714284233,1.4285714285715585,1,0,0,3.0798214285714285,0.0,0.0
927,41,217,1,1.0,1.0,0.0,0.0,0.0,1897.8360714285716,3104.5839285714287,3904.851785714286,0.0,0.0,0.0,3469.452142857143,3457.1589285714285,8,6,1198.857857142857,1198.857857142857,0.0,0.0,1198.857857142857,8,8,0,0,8,0,1,1,0,3104.5839285714287,3904.851785714286,0.0,1,1,1,1,0,0,0,1,433.68151785714286,576.1931547619048,149.85723214285713,149.85723214285713,0.0,0.0,149.85723214285713,12.293214285714384,0.0,1,1,0,9.385714285714286,3.5692857142857144,0.0
1615,7,180,2,1.0,0.0,1.0,0.0,0.0,118.93892857142858,314.04714285714283,0.0,0.0,0.0,0.0,1497.3500000000001,1497.3332142857143,5,4,1877.4560714285712,1877.4560714285712,178.57142857142858,3.884642857142857,1694.7857142857142,16,16,1,1,13,1,1,0,0,314.04714285714283,0.0,0.0,1,1,1,1,0,1,1,1,299.47,374.3333035714286,117.3410044642857,117.3410044642857,178.57142857142858,3.884642857142857,130.36813186813185,0.016785714285788345,0.0,0,0,0,0.0,0.0,0.0
1396,56,16,1,1.0,3.0,1.0,0.0,0.0,4.704642857142857,26270.410357142857,9335.085714285715,0.0,0.0,0.0,410.7314285714286,410.7314285714286,2,2,695.9821428571429,695.9821428571429,457.14285714285717,0.0,235.44642857142858,9,9,3,0,5,1,1,1,0,26270.410357142857,3111.6952380952384,0.0,1,1,0,1,0,1,0,1,205.3657142857143,205.3657142857143,77.33134920634922,77.33134920634922,152.38095238095238,0.0,47.089285714285715,0.0,0.0,1,1,0,3.0664285714285713,0.21428571428571427,0.0
694,34,40,1,1.0,0.0,0.0,0.0,1.0,0.002142857142857143,114458.45678571428,0.0,0.0,0.0,117.65392857142857,1028.2649999999999,927.1357142857142,5,3,754.782142857143,754.782142857143,232.14285714285714,182.0,16.964285714285715,12,12,4,3,1,0,1,0,1,114458.45678571428,0.0,117.65392857142857,1,1,1,1,0,1,1,1,205.65299999999996,309.04523809523806,62.89851190476191,62.89851190476191,58.035714285714285,60.666666666666664,16.964285714285715,101.12928571428563,0.0,0,1,0,0.0,5.5725,0.0
922,26,209,1,0.0,0.0,0.0,0.0,0.0,1963.8014285714287,0.0,0.0,0.0,0.0,0.0,0.01892857142857143,0.01892857142857143,1,1,4.289285714285714,4.289285714285714,0.0,1.7892857142857144,0.0,3,3,0,1,0,0,0,0,0,0.0,0.0,0.0,1,1,0,1,0,0,1,0,0.01892857142857143,0.01892857142857143,1.4297619047619046,1.4297619047619046,0.0,1.7892857142857144,0.0,0.0,0.0,0,0,1,0.0,0.0,4.214285714285714
1214,41,19,2,0.0,2.0,0.0,0.0,0.0,2102.1614285714286,0.0,9584.659642857141,0.0,0.0,0.0,458.1171428571429,458.1171428571429,2,2,642.6071428571429,642.6071428571429,142.85714285714286,39.56071428571429,260.82142857142856,16,16,1,2,10,0,0,1,0,0.0,4792.3298214285705,0.0,1,1,0,1,0,1,1,1,229.05857142857144,229.05857142857144,40.16294642857143,40.16294642857143,142.85714285714286,19.780357142857145,26.082142857142856,0.0,0.0,0,1,0,0.0,1.7857142857142858,0.0
241,30,12,1,0.0,0.0,0.0,0.0,0.0,170.8567857142857,0.0,0.0,0.0,0.0,0.0,285.75928571428574,285.75928571428574,2,2,0.0,0.0,0.0,0.0,0.0,0,0,0,0,0,0,0,0,0,0.0,0.0,0.0,1,1,0,0,0,0,0,0,142.87964285714287,142.87964285714287,0.0,0.0,0.0,0.0,0.0,0.0,0.0,0,0,1,0.0,0.0,23.714285714285715
582,57,65,1,0.0,0.0,0.0,0.0,0.0,445.6714285714285,0.0,0.0,0.0,0.0,0.0,0.005357142857142857,0.005357142857142857,1,1,0.005,0.005,0.0,0.0,0.005,1,1,0,0,1,1,0,0,0,0.0,0.0,0.0,1,1,0,1,0,0,0,1,0.005357142857142857,0.005357142857142857,0.005,0.005,0.0,0.0,0.005,0.0,0.0,0,0,1,0.0,0.0,9.589285714285714
408,35,181,1,1.0,0.0,1.0,0.0,0.0,4133.402142857142,0.0017857142857142859,0.0,0.0,0.0,0.0,12768.308214285715,12662.987142857144,30,27,16528.66642857143,16528.66642857143,714.2857142857143,3335.426071428571,12473.27607142857,54,54,2,19,31,1,1,0,0,0.0017857142857142859,0.0,0.0,1,1,1,1,0,1,1,1,425.61027380952385,468.99952380952385,306.08641534391535,306.08641534391535,357.14285714285717,175.54874060150374,402.36374423963133,105.32107142857058,0.0,0,1,1,0.0,7.0,13.25
284,66,23,1,0.0,0.0,0.0,0.0,0.0,2505.5635714285713,0.0,0.0,0.0,0.0,0.0,1650.6417857142858,1650.6417857142858,2,2,1661.7675,1661.7675,175.0,547.9825,597.5714285714286,20,20,1,9,7,1,0,0,0,0.0,0.0,0.0,1,1,0,1,0,1,1,1,825.3208928571429,825.3208928571429,83.088375,83.088375,175.0,60.88694444444444,85.36734693877551,0.0,0.0,0,1,1,0.0,0.8932142857142857,14.988214285714287
1367,38,18,1,1.0,0.0,0.0,0.0,0.0,0.0,39664.086071428566,0.0,0.0,0.0,0.0,1946.5960714285716,1946.5753571428572,5,4,1832.1785714285713,1832.1785714285713,1071.4285714285713,35.357142857142854,721.6785714285714,18,18,5,1,11,0,1,0,0,39664.086071428566,0.0,0.0,1,1,1,1,0,1,1,1,389.31921428571434,486.6438392857143,101.7876984126984,101.7876984126984,214.28571428571428,35.357142857142854,65.60714285714286,0.02071428571434808,0.0,0,1,0,0.0,5.177142857142857,0.0
963,71,104,1,1.0,1.0,0.0,0.0,0.0,10607.822857142857,87931.59892857143,4991.413571428571,0.0,0.0,0.0,4725.37,4723.018571428571,5,3,480.35714285714283,480.35714285714283,0.0,0.0,438.64285714285717,7,7,0,0,6,0,1,1,0,87931.59892857143,4991.413571428571,0.0,1,1,1,1,0,0,0,1,945.074,1574.3395238095236,68.62244897959184,68.62244897959184,0.0,0.0,73.10714285714286,2.3514285714290963,0.0,0,1,0,0.0,0.8939285714285715,0.0
245,26,183,1,0.0,0.0,0.0,0.0,0.0,284.3885714285714,0.0,0.0,0.0,0.0,0.0,519.7157142857143,519.7157142857143,3,3,963.2392857142858,963.2392857142858,857.1428571428571,103.91785714285713,0.0,14,14,3,9,0,1,0,0,0,0.0,0.0,0.0,1,1,0,1,0,1,1,0,173.23857142857142,173.23857142857142,68.80280612244898,68.80280612244898,285.7142857142857,11.54642857142857,0.0,0.0,0.0,0,0,1,0.0,0.0,5.685357142857143
162,51,123,1,0.0,0.0,0.0,0.0,0.0,1.9646428571428571,0.0,0.0,0.0,0.0,0.0,500.03785714285715,500.03785714285715,2,2,380.7857142857143,380.7857142857143,178.57142857142858,0.0,202.21428571428572,6,6,3,0,3,0,0,0,0,0.0,0.0,0.0,1,1,0,1,0,1,0,1,250.01892857142857,250.01892857142857,63.464285714285715,63.464285714285715,59.523809523809526,0.0,67.40476190476191,0.0,0.0,0,0,0,0.0,0.0,0.0
1376,20,36,1,0.0,0.0,0.0,0.0,1.0,123.98214285714286,0.0,0.0,0.0,0.0,2953.8125,162.99428571428572,92.8575,3,2,95.39285714285714,93.60714285714286,0.0,0.0,0.0,3,2,0,0,0,0,0,0,1,0.0,0.0,2953.8125,1,1,1,1,1,0,0,0,54.331428571428575,46.42875,31.797619047619047,46.80357142857143,0.0,0.0,0.0,70.13678571428572,1.7857142857142776,0,0,1,0.0,0.0,3.5714285714285716
193,64,181,1,1.0,0.0,0.0,0.0,0.0,142.9532142857143,106.15285714285714,0.0,0.0,0.0,0.0,902.4964285714286,898.5803571428571,6,5,1474.7142857142858,1474.7142857142858,0.0,0.0,1472.2142857142858,6,6,0,0,5,0,1,0,0,106.15285714285714,0.0,0.0,1,1,1,1,0,0,0,1,150.41607142857143,179.7160714285714,245.7857142857143,245.7857142857143,0.0,0.0,294.4428571428572,3.916071428571513,0.0,0,0,0,0.0,0.0,0.0
1025,55,35,1,0.0,0.0,1.0,0.0,2.0,5558.475357142857,0.0,0.0,707.3932142857142,0.0,10121.470714285713,1650.4264285714287,1607.6517857142858,6,5,2203.4525,2203.4525,553.5714285714286,339.72035714285715,545.5714285714286,22,22,4,9,5,1,0,0,1,0.0,0.0,5060.735357142857,1,1,1,1,0,1,1,1,275.07107142857143,321.53035714285716,100.15693181818182,100.15693181818182,138.39285714285714,37.74670634920635,109.11428571428571,42.77464285714291,0.0,0,0,1,0.0,0.0,12.964285714285714
600,50,150,1,1.0,4.0,0.0,0.0,0.0,1189.3225,8771.733571428571,28004.9075,0.0,0.0,0.0,1441.3821428571428,515.5107142857142,17,8,1421.702142857143,1392.5107142857144,214.28571428571428,105.925,35.714285714285715,21,12,2,4,1,1,1,1,0,8771.733571428571,7001.226875,0.0,1,1,1,1,1,1,1,1,84.78718487394957,64.43883928571428,67.70010204081633,116.04255952380953,107.14285714285714,26.48125,35.714285714285715,925.8714285714285,29.19142857142856,0,0,1,0.0,0.0,10.928571428571429
1239,27,26,1,0.0,0.0,0.0,0.0,0.0,1421.060714285714,0.0,0.0,0.0,0.0,0.0,201.62321428571428,201.62321428571428,4,4,127.30714285714285,127.30714285714285,0.0,73.73571428571428,53.57142857142857,6,6,0,5,1,0,0,0,0,0.0,0.0,0.0,1,1,0,1,0,0,1,1,50.40580357142857,50.40580357142857,21.21785714285714,21.21785714285714,0.0,14.747142857142856,53.57142857142857,0.0,0.0,0,0,0,0.0,0.0,0.0
1500,33,15,1,0.0,0.0,1.0,0.0,0.0,90.45321428571428,0.0,0.0,0.0,0.0,0.0,0.0007142857142857143,0.0007142857142857143,1,1,0.0,0.0,0.0,0.0,0.0,0,0,0,0,0,0,0,0,0,0.0,0.0,0.0,1,1,0,0,0,0,0,0,0.0007142857142857143,0.0007142857142857143,0.0,0.0,0.0,0.0,0.0,0.0,0.0,1,1,1,21.025000000000002,2.3528571428571428,6.571428571428571
172,56,188,1,3.0,0.0,0.0,1.0,0.0,0.041428571428571426,4191.274285714286,0.0,0.0,28.97142857142857,0.0,109.97392857142857,107.14678571428571,6,2,18.0,16.571428571428573,0.0,0.0,15.857142857142858,5,3,0,0,2,0,1,0,0,1397.0914285714287,0.0,0.0,1,1,1,1,1,0,0,1,18.328988095238095,53.573392857142856,3.6,5.523809523809525,0.0,0.0,7.928571428571429,2.82714285714286,1.428571428571427,0,0,0,0.0,0.0,0.0
809,30,157,1,0.0,0.0,0.0,0.0,1.0,16.62392857142857,0.0,0.0,0.0,0.0,3295.807142857143,1156.069642857143,1053.537857142857,4,3,1444.089642857143,1434.589642857143,857.1428571428571,372.2682142857143,44.642857142857146,30,28,3,20,2,1,0,0,1,0.0,0.0,3295.807142857143,1,1,1,1,1,1,1,1,289.01741071428575,351.1792857142857,48.136321428571435,51.235344387755106,285.7142857142857,18.613410714285713,22.321428571428573,102.53178571428589,9.5,0,1,1,0.0,6.964285714285714,8.262142857142857
1012,23,99,1,0.0,0.0,0.0,0.0,0.0,2.7375000000000003,0.0,0.0,0.0,0.0,0.0,671.2157142857143,671.2157142857143,2,2,671.6428571428571,671.6428571428571,446.42857142857144,0.0,221.60714285714286,5,5,1,0,3,0,0,0,0,0.0,0.0,0.0,1,1,0,1,0,1,0,1,335.60785714285714,335.60785714285714,134.32857142857142,134.32857142857142,446.42857142857144,0.0,73.86904761904762,0.0,0.0,0,0,1,0.0,0.0,2.107142857142857
424,40,31,1,1.0,1.0,0.0,0.0,0.0,17234.89214285714,18231.785,1964.6957142857143,0.0,0.0,0.0,107703.80428571429,54128.37928571429,7,5,59500.9325,59500.9325,357.14285714285717,159.49285714285716,3435.3571428571427,35,35,1,2,21,0,1,1,0,18231.785,1964.6957142857143,0.0,1,1,1,1,0,1,1,1,15386.25775510204,10825.675857142858,1700.0266428571429,1700.0266428571429,357.14285714285717,79.74642857142858,163.58843537414964,53575.424999999996,0.0,0,0,0,0.0,0.0,0.0
1171,27,119,1,0.0,0.0,0.0,0.0,0.0,5.6325,0.0,0.0,0.0,0.0,0.0,515.7878571428571,515.7878571428571,4,4,421.82142857142856,421.82142857142856,60.714285714285715,238.89285714285714,121.78571428571429,10,10,2,3,4,0,0,0,0,0.0,0.0,0.0,1,1,0,1,0,1,1,1,128.94696428571427,128.94696428571427,42.18214285714286,42.18214285714286,30.357142857142858,79.63095238095238,30.446428571428573,0.0,0.0,0,0,0,0.0,0.0,0.0
195,65,162,1,0.0,0.0,0.0,0.0,0.0,5826.981428571429,0.0,0.0,0.0,0.0,0.0,3350.016071428571,3350.016071428571,8,8,4292.571428571428,4292.571428571428,0.0,53.5,4232.285714285715,18,18,0,1,15,1,0,0,0,0.0,0.0,0.0,1,1,0,1,0,0,1,1,418.7520089285714,418.7520089285714,238.47619047619048,238.47619047619048,0.0,53.5,282.15238095238095,0.0,0.0,0,0,0,0.0,0.0,0.0
1282,23,68,1,0.0,3.0,0.0,1.0,0.0,12164.779285714287,0.0,1909.8492857142858,0.0,-4.464285714285714,0.0,18929.47535714286,18547.135000000002,11,5,13184.933928571429,12776.785714285714,0.0,402.7910714285714,0.0,35,4,0,28,0,1,0,1,0,0.0,636.6164285714286,0.0,1,1,1,1,1,0,1,0,1720.8613961038964,3709.4270000000006,376.71239795918365,3194.1964285714284,0.0,14.385395408163264,0.0,382.3403571428571,408.14821428571486,1,0,0,1.4230357142857142,0.0,0.0
573,56,77,1,0.0,0.0,0.0,0.0,0.0,1243.5057142857145,0.0,0.0,0.0,0.0,0.0,760.9664285714287,760.9664285714287,3,3,713.5696428571429,713.5696428571429,357.14285714285717,114.96249999999999,228.25,14,14,3,4,4,0,0,0,0,0.0,0.0,0.0,1,1,0,1,0,1,1,1,253.6554761904762,253.6554761904762,50.969260204081635,50.969260204081635,119.04761904761905,28.740624999999998,57.0625,0.0,0.0,0,0,0,0.0,0.0,0.0
621,37,152,1,1.0,0.0,0.0,0.0,0.0,1249.7096428571429,0.0014285714285714286,0.0,0.0,0.0,0.0,7.397857142857142,0.0025,3,1,0.2889285714285714,0.0,0.0,0.0,0.0,1,0,0,0,0,0,1,0,0,0.0014285714285714286,0.0,0.0,1,1,1,1,1,0,0,0,2.465952380952381,0.0025,0.2889285714285714,0.0,0.0,0.0,0.0,7.395357142857142,0.2889285714285714,0,0,0,0.0,0.0,0.0
1276,28,145,1,0.0,0.0,0.0,0.0,2.0,13915.925357142856,0.0,0.0,0.0,0.0,1764.5892857142858,610.8932142857142,514.3132142857143,4,3,165.92857142857142,155.10714285714286,35.714285714285715,0.0,0.0,6,4,1,0,0,1,0,0,1,0.0,0.0,882.2946428571429,1,1,1,1,1,1,0,0,152.72330357142854,171.43773809523807,27.6547619047619,38.776785714285715,35.714285714285715,0.0,0.0,96.57999999999993,10.821428571428555,0,0,0,0.0,0.0,0.0
384,23,160,1,0.0,0.0,0.0,0.0,0.0,2418.8767857142857,0.0,0.0,0.0,0.0,0.0,87.50035714285715,87.50035714285715,2,2,88.44392857142857,88.44392857142857,50.0,37.3725,1.0714285714285714,8,8,2,5,1,1,0,0,0,0.0,0.0,0.0,1,1,0,1,0,1,1,1,43.75017857142858,43.75017857142858,11.055491071428571,11.055491071428571,25.0,7.474500000000001,1.0714285714285714,0.0,0.0,0,1,1,0.0,6.107142857142857,12.50607142857143
977,46,59,1,0.0,0.0,0.0,0.0,0.0,2639.308571428571,0.0,0.0,0.0,0.0,0.0,71.42857142857143,71.42857142857143,1,1,76.10357142857143,76.10357142857143,75.0,1.0678571428571428,0.03571428571428571,4,4,2,1,1,1,0,0,0,0.0,0.0,0.0,1,1,0,1,0,1,1,1,71.42857142857143,71.42857142857143,19.025892857142857,19.025892857142857,37.5,1.0678571428571428,0.03571428571428571,0.0,0.0,1,0,0,1.4296428571428572,0.0,0.0
629,61,173,1,0.0,2.0,0.0,0.0,0.0,61.76678571428572,0.0,34387.58357142857,0.0,0.0,0.0,1064.19,1064.19,3,3,817.4621428571428,817.4621428571428,660.7142857142857,41.355000000000004,115.17857142857143,17,17,3,5,8,0,0,1,0,0.0,17193.791785714286,0.0,1,1,0,1,0,1,1,1,354.73,354.73,48.08600840336134,48.08600840336134,220.2380952380952,8.271,14.397321428571429,0.0,0.0,0,1,0,0.0,49.080714285714286,0.0
