Client,Age,Tenure,Count_CA,Count_SA,Count_MF,Count_OVD,Count_CC,Count_CL,ActBal_CA,ActBal_SA,ActBal_MF,ActBal_OVD,ActBal_CC,ActBal_CL,VolumeCred,VolumeCred_CA,TransactionsCred,TransactionsCred_CA,VolumeDeb,VolumeDeb_CA,VolumeDebCash_Card,VolumeDebCashless_Card,VolumeDeb_PaymentOrder,TransactionsDeb,TransactionsDeb_CA,TransactionsDebCash_Card,TransactionsDebCashless_Card,TransactionsDeb_PaymentOrder,Sex_M,Sale_MF,Sale_CC,Sale_CL,Revenue_MF,Revenue_CC,Revenue_CL
1217,38,165,1,0.0,0.0,0.0,0.0,0.0,8.817778356203878,0.0,0.0,0.0,2.8021041809622584,0.0,0.0021405644991109567,0.0021405644991109567,0.6931471805599453,0.6931471805599453,6.572682063274631,6.572682063274631,0.0,0.0,6.572682063274631,0.6931471805599453,0.6931471805599453,0.0,0.0,0.6931471805599453,1,0,0,0,0.0,0.0,0.0
850,49,44,1,0.0,0.0,0.0,0.0,0.0,3.7960107224919413,0.0,0.0,0.0,2.8021041809622584,0.0,7.239504133076805,7.239504133076805,1.3862943611198906,1.3862943611198906,7.112608869771269,7.112608869771269,0.0,0.0,4.811603466596281,1.9459101490553132,1.9459101490553132,0.0,0.0,0.6931471805599453,0,0,1,0,0.0,0.8939285714285715,0.0
1473,54,34,1,1.0,0.0,0.0,1.0,1.0,3.4020065779840074,9.578366743980734,0.0,0.0,6.507858567110397,7.033145181938436,7.488924261915946,6.846017023913455,2.70805020110221,1.791759469228055,8.262594539236494,8.24159269901538,5.880931949102981,6.09941607818441,7.639058045208865,3.8918202981106265,3.6635616461296463,0.6931471805599453,3.295836866004329,2.4849066497880004,1,1,0,0,4.929642857142857,0.0,0.0
1038,29,106,1,0.0,0.0,0.0,0.0,0.0,3.3334792076072044,0.0,0.0,0.0,2.8021041809622584,0.0,0.006053071713077308,0.006053071713077308,0.6931471805599453,0.6931471805599453,0.0,0.0,0.0,0.0,0.0,0.0,0.0,0.0,0.0,0.0,1,0,0,0,0.0,0.0,0.0
225,14,187,1,0.0,0.0,1.0,0.0,0.0,5.848419677175476,0.0,0.0,6.428747231366928,2.8021041809622584,0.0,0.007472014838700995,0.007472014838700995,0.6931471805599453,0.6931471805599453,4.879169793257915,4.879169793257915,0.0,4.7206012515808276,3.0099169085459474,1.791759469228055,1.791759469228055,0.0,1.6094379124341003,0.6931471805599453,1,0,0,1,0.0,0.0,8.130714285714285
827,57,50,1,0.0,0.0,1.0,1.0,0.0,3.915886959305601,0.0,0.0,0.0,2.8298884951356866,0.0,7.470954231545629,7.468173194107104,2.302585092994046,1.9459101490553132,7.296631162708858,7.283472757498186,6.410409816772839,2.9368917735310576,6.738448659265677,3.295836866004329,3.1780538303479458,1.6094379124341003,0.6931471805599453,2.8903717578961645,1,0,1,1,0.0,7.928571428571429,12.242142857142856
1231,6,232,1,0.0,0.0,0.0,0.0,0.0,6.710345174708764,0.0,0.0,0.0,2.8021041809622584,0.0,0.015592094759836205,0.015592094759836205,1.0986122886681098,1.0986122886681098,7.722234744709607,7.722234744709607,7.719129840906732,0.0,0.0,2.302585092994046,2.302585092994046,1.9459101490553132,0.0,0.0,0,0,0,1,0.0,0.0,24.434642857142855
739,69,55,1,1.0,2.1972245773362196,1.0,0.0,1.0,8.616189103026052,0.0,9.192709536774208,0.0,2.8021041809622584,8.260927002973927,5.344469700960109,5.017303488380068,1.6094379124341003,1.0986122886681098,5.662972880852707,5.647476638445106,0.0,5.357445070222012,0.0,2.0794415416798357,1.791759469228055,0.0,1.3862943611198906,0.0,1,0,1,1,0.0,2.138571428571429,7.785714285714286
956,52,139,2,0.0,0.0,1.0,0.0,0.0,8.1921270571816,0.0,0.0,0.0,2.8021041809622584,0.0,7.438461678251161,7.154253126137444,2.6390573296152584,2.3978952727983707,7.407597014386937,7.122863490391299,4.28260085453587,4.785164632397938,6.438094448117179,3.332204510175204,3.044522437723423,0.6931471805599453,1.6094379124341003,2.4849066497880004,1,0,0,1,0.0,0.0,19.958214285714288
1219,33,19,1,0.0,0.0,0.0,0.0,0.0,8.549700347564658,0.0,0.0,0.0,2.8021041809622584,0.0,5.8531277494457905,5.8531277494457905,1.0986122886681098,1.0986122886681098,5.912131409058937,5.912131409058937,4.28260085453587,3.028752484582125,5.510688820880335,2.6390573296152584,2.6390573296152584,1.0986122886681098,1.3862943611198906,1.791759469228055,1,0,0,0,0.0,0.0,0.0
137,63,168,3,0.0,0.6931471805599453,0.0,0.0,0.0,5.229621644785284,0.0,0.0,0.0,2.8021041809622584,0.0,6.105045113955472,6.105045113955472,1.0986122886681098,1.0986122886681098,6.2245202390128815,6.2245202390128815,5.190573059534934,5.5487230487109045,4.225790448355602,2.4849066497880004,2.4849066497880004,0.6931471805599453,1.9459101490553132,1.3862943611198906,0,0,1,0,0.0,9.392857142857142,0.0
316,1,211,1,0.0,0.0,0.0,0.0,0.0,3.166890561802228,0.0,0.0,0.0,2.8021041809622584,0.0,6.931321473429603,6.931321473429603,1.9459101490553132,1.9459101490553132,6.935193248548918,6.935193248548918,6.285465896518655,2.1645537950466704,6.1789068987944775,3.091042453358316,3.091042453358316,1.9459101490553132,0.6931471805599453,2.302585092994046,0,0,0,1,0.0,0.0,15.015357142857143
461,17,64,1,1.0,0.0,0.0,0.0,0.0,2.01993794306774,8.720824059682085,0.0,0.0,2.8021041809622584,0.0,7.289553230682828,7.2894744809937935,1.791759469228055,1.6094379124341003,7.372493956590416,7.372493956590416,0.0,5.8340847007968035,6.580589601681224,2.9444389791664403,2.9444389791664403,0.0,1.3862943611198906,2.5649493574615367,0,0,0,0,0.0,0.0,0.0
1048,65,71,1,0.0,0.0,1.0,0.0,0.0,7.556162083897931,0.0,0.0,0.0,2.8021041809622584,0.0,6.593422153637568,6.593422153637568,1.0986122886681098,1.0986122886681098,6.295727149706984,6.295727149706984,6.285465896518655,0.0,0.0,1.3862943611198906,1.3862943611198906,0.6931471805599453,0.0,0.0,0,0,0,0,0.0,0.0,0.0
123,22,40,2,0.0,0.0,0.0,0.0,0.0,9.092116163124357,0.0,0.0,0.0,2.8021041809622584,0.0,3.4462276518134463,3.4462276518134463,1.0986122886681098,1.0986122886681098,3.6080179589444348,3.6080179589444348,0.0,3.5533051598596135,0.0,1.0986122886681098,1.0986122886681098,0.0,0.6931471805599453,0.0,0,0,0,1,0.0,0.0,10.46107142857143
1574,30,149,1,0.0,0.0,0.0,0.0,0.0,6.172834758659378,0.0,0.0,0.0,2.8021041809622584,0.0,0.007117467768863981,0.007117467768863981,0.6931471805599453,0.6931471805599453,0.6386532809738348,0.6386532809738348,0.0,0.0,0.0,0.6931471805599453,0.6931471805599453,0.0,0.0,0.0,0,0,0,1,0.0,0.0,3.9435714285714285
1160,19,260,1,0.0,0.0,1.0,0.0,1.0,7.910216498683422,0.0,0.0,0.0,2.8021041809622584,8.352525484360415,6.786257315805054,6.764227970792009,1.3862943611198906,1.0986122886681098,6.835741266809347,6.831548952976884,5.6584861997410245,5.256527642023349,5.190970752918581,3.367295829986474,3.295836866004329,1.3862943611198906,2.302585092994046,2.0794415416798357,1,0,1,1,0.0,0.8571428571428571,17.993214285714284
1083,39,12,2,0.0,0.6931471805599453,0.0,0.0,0.0,3.775491197689341,0.0,6.633516721890568,0.0,2.8021041809622584,0.0,6.98214091666485,6.98214091666485,1.0986122886681098,1.0986122886681098,6.984497050048595,6.984497050048595,0.0,0.0,0.0,1.6094379124341003,1.6094379124341003,0.0,0.0,0.0,0,0,0,1,0.0,0.0,27.551785714285717
36,49,263,1,1.0,1.0986122886681098,0.0,0.0,0.0,4.127099822235823,7.556758547307743,8.215773860075362,0.0,2.8021041809622584,0.0,8.875794528667328,8.874012025002358,1.6094379124341003,1.0986122886681098,0.0,0.0,0.0,0.0,0.0,0.0,0.0,0.0,0.0,0.0,0,1,0,0,0.2380357142857143,0.0,0.0
191,59,150,1,0.0,0.0,0.0,0.0,0.0,6.955197937033401,0.0,0.0,0.0,2.8021041809622584,0.0,6.907436299542176,6.907436299542176,1.6094379124341003,1.6094379124341003,6.904159177897287,6.904159177897287,4.747413519214636,4.442025010018755,6.67334221457636,2.995732273553991,2.995732273553991,1.9459101490553132,1.791759469228055,1.6094379124341003,1,0,0,0,0.0,0.0,0.0
689,39,133,1,0.0,0.0,0.0,0.0,0.0,5.984712337879197,0.0,0.0,0.0,2.8021041809622584,0.0,6.977681381540146,6.977681381540146,1.3862943611198906,1.3862943611198906,6.8126475786774545,6.8126475786774545,0.0,2.466888144285322,0.0,1.791759469228055,1.791759469228055,0.0,1.3862943611198906,0.0,0,0,0,0,0.0,0.0,0.0
390,50,67,1,1.0,4.382026634673881,0.0,0.0,0.0,6.094350664680568,0.3334063169993781,8.607009280331152,0.0,2.8021041809622584,0.0,7.518060301346603,7.516294749869755,1.9459101490553132,1.6094379124341003,6.555339110713748,6.555339110713748,4.502979245091544,5.370413750487619,5.986810878426635,3.6635616461296463,3.6635616461296463,1.0986122886681098,3.4011973816621555,1.9459101490553132,1,1,0,0,1.3798214285714285,0.0,0.0
729,17,85,1,1.0,0.6931471805599453,1.0,0.0,0.0,7.6417127397080105,0.0,0.0,0.0,2.8021041809622584,0.0,6.9762226790998545,6.97617165099186,1.9459101490553132,1.791759469228055,8.46583974484364,8.46583974484364,0.0,0.0,6.139422622893228,2.70805020110221,2.70805020110221,0.0,0.0,2.4849066497880004,1,0,1,1,0.0,3.5021428571428572,28.14892857142857
186,40,26,1,0.0,0.0,1.0,0.0,1.0,6.8901901252454705,0.0,0.0,0.0,2.8021041809622584,9.076087617191712,7.560014800663589,7.2040481185696965,3.1780538303479458,2.9444389791664403,7.542068967070354,7.126781508605611,5.8085713984150695,4.307341572959083,5.482720089545816,3.5553480614894135,2.9444389791664403,1.6094379124341003,1.6094379124341003,1.6094379124341003,1,0,0,0,0.0,0.0,0.0
682,3,149,1,1.0,2.4849066497880004,0.0,0.0,0.0,6.529829598518502,8.424772483065643,7.045269043925264,0.0,2.8021041809622584,0.0,7.050714588797847,6.765616335204784,1.791759469228055,1.3862943611198906,6.951327773122177,6.951327773122177,6.611849004107586,0.0,5.700204653308317,3.1354942159291497,3.1354942159291497,2.5649493574615367,0.0,1.0986122886681098,0,0,1,1,0.0,0.21428571428571427,9.392857142857142
363,33,59,1,0.0,0.0,0.0,0.0,0.0,8.877661929807555,0.0,0.0,0.0,2.8021041809622584,0.0,6.095950037185421,6.095950037185421,1.0986122886681098,1.0986122886681098,6.152048570166761,6.152048570166761,0.0,6.10574940778664,2.9368917735310576,1.9459101490553132,1.9459101490553132,0.0,1.6094379124341003,0.6931471805599453,1,0,0,0,0.0,0.0,0.0
308,45,135,1,0.0,0.0,0.0,0.0,0.0,5.660949530960896,0.0,0.0,0.0,2.8021041809622584,0.0,5.007781225113349,5.007781225113349,1.3862943611198906,1.3862943611198906,5.708177563990422,5.708177563990422,5.085831109707815,3.5221499920798176,4.651235552831338,2.5649493574615367,2.5649493574615367,1.9459101490553132,0.6931471805599453,0.6931471805599453,0,0,0,0,0.0,0.0,0.0
416,44,95,1,0.0,0.0,0.0,0.0,0.0,6.810722294573251,0.0,0.0,0.0,2.8021041809622584,0.0,8.649138889992207,8.649138889992207,1.791759469228055,1.791759469228055,5.22785658146821,5.22785658146821,3.386808644210056,5.061464194955536,0.0,3.258096538021482,3.258096538021482,1.6094379124341003,3.091042453358316,0.0,0,1,0,0,10.363035714285715,0.0,0.0
328,27,10,1,0.0,0.0,0.0,0.0,0.0,1.2281774930227534,0.0,0.0,0.0,2.8021041809622584,0.0,7.2509733337719435,7.2509733337719435,1.0986122886681098,1.0986122886681098,1.086636097621394,1.086636097621394,0.0,0.0,0.0,0.6931471805599453,0.6931471805599453,0.0,0.0,0.0,0,0,0,0,0.0,0.0,0.0
938,57,33,1,1.0,1.0986122886681098,0.0,0.0,0.0,2.1490592179356294,10.873207020689383,0.0,0.0,2.8021041809622584,0.0,6.108062754147945,6.1080579865864335,1.3862943611198906,1.0986122886681098,6.155979697116856,6.155979697116856,4.462618642004185,5.405055504277247,5.101607072301983,2.8903717578961645,2.8903717578961645,1.0986122886681098,2.302585092994046,1.9459101490553132,1,0,1,1,0.0,4.928571428571429,7.812142857142858
285,76,249,1,0.0,0.0,0.0,0.0,0.0,4.504749828581801,0.0,0.0,0.0,2.8021041809622584,0.0,5.965231485241777,5.965231485241777,1.0986122886681098,1.0986122886681098,5.981774896560465,5.981774896560465,5.94840791478631,2.0927455073061987,0.0,1.9459101490553132,1.9459101490553132,1.0986122886681098,0.6931471805599453,0.0,0,0,1,0,0.0,5.642857142857143,0.0
1404,68,11,1,0.0,0.0,0.0,0.0,0.0,4.901051587594122,0.0,0.0,0.0,2.8021041809622584,0.0,5.298120918681989,5.298120918681989,1.3862943611198906,1.3862943611198906,4.200419108613584,4.200419108613584,0.0,0.0,4.183684575039922,1.3862943611198906,1.3862943611198906,0.0,0.0,1.0986122886681098,0,0,1,0,0.0,1.7867857142857144,0.0
387,36,149,1,0.0,0.6931471805599453,0.0,0.0,0.0,6.190296377569066,0.0,8.401833645306738,0.0,2.8021041809622584,0.0,6.1963772067308,6.1963772067308,1.0986122886681098,1.0986122886681098,6.221370893373009,6.221370893373009,6.095502760337734,0.0,4.062903036387282,1.6094379124341003,1.6094379124341003,0.6931471805599453,0.0,1.0986122886681098,1,0,0,1,0.0,0.0,10.310357142857143
441,46,0,1,0.0,0.0,0.0,0.0,0.0,0.45107561936021673,0.0,0.0,0.0,2.8021041809622584,0.0,5.9200510186015665,5.9200510186015665,1.791759469228055,1.791759469228055,5.743838461581821,5.743838461581821,3.258096538021482,4.191438863819927,5.319519574198639,2.1972245773362196,2.1972245773362196,1.0986122886681098,1.0986122886681098,1.3862943611198906,1,0,0,1,0.0,0.0,6.25
883,34,67,1,0.0,0.0,0.0,0.0,0.0,5.468978947354264,0.0,0.0,0.0,2.8021041809622584,0.0,5.873929025460336,5.873929025460336,1.6094379124341003,1.6094379124341003,5.837236780976317,5.837236780976317,5.553513141536915,0.0,4.421101389373549,2.0794415416798357,2.0794415416798357,1.0986122886681098,0.0,1.6094379124341003,0,1,0,0,2.2319642857142856,0.0,0.0
547,52,31,1,1.0,0.6931471805599453,0.0,0.0,0.0,8.40016366644222,7.134620467832799,10.404428324590858,0.0,2.8021041809622584,0.0,6.27274357446391,6.26779538379022,1.3862943611198906,1.0986122886681098,5.78991648274329,5.78991648274329,0.0,4.635630107758259,5.4108485400494715,2.4849066497880004,2.4849066497880004,0.0,1.0986122886681098,2.1972245773362196,0,1,0,0,2.1423214285714285,0.0,0.0
317,35,53,1,0.0,0.0,0.0,0.0,0.0,1.997950613221584,0.0,0.0,0.0,2.8021041809622584,0.0,6.565392728473502,6.565392728473502,1.3862943611198906,1.3862943611198906,0.0,0.0,0.0,0.0,0.0,0.0,0.0,0.0,0.0,0.0,1,0,1,0,0.0,4.286785714285714,0.0
1579,50,0,1,1.0,1.3862943611198906,0.0,0.0,0.0,6.059547838385581,9.058906124304068,0.0,0.0,2.8021041809622584,0.0,8.45842897636232,8.448129399047113,1.6094379124341003,1.3862943611198906,8.094712093300584,8.094712093300584,7.360376563968078,6.819962167946625,6.669769989075578,3.258096538021482,3.258096538021482,1.791759469228055,2.3978952727983707,2.1972245773362196,1,0,0,1,0.0,0.0,4.388928571428571
882,36,150,1,1.0,0.6931471805599453,0.0,0.0,0.0,3.9697594267927307,9.85997729385164,9.324398542419702,0.0,2.8021041809622584,0.0,6.037991949079232,6.035153285730813,1.3862943611198906,1.0986122886681098,6.928814119712838,6.928814119712838,0.0,5.6420210462056035,6.603605013823048,2.70805020110221,2.70805020110221,0.0,2.1972245773362196,1.791759469228055,1,0,0,0,0.0,0.0,0.0
1461,32,158,1,0.0,0.0,1.0,0.0,0.0,3.6713153907913125,0.0,0.0,0.0,2.8021041809622584,0.0,6.963793939147748,6.621331462213604,2.5649493574615367,2.3978952727983707,7.105518895840123,6.621331462213604,0.0,0.0,6.076658797932941,2.995732273553991,2.3978952727983707,0.0,0.0,1.791759469228055,1,0,1,0,0.0,4.285714285714286,0.0
1182,47,86,1,0.0,0.0,1.0,1.0,0.0,8.021452853272661,0.0,0.0,0.0,6.271516242852126,0.0,7.804322634705372,7.565097249767918,2.6390573296152584,2.0794415416798357,7.726534137674321,7.48912556957764,4.502979245091544,6.626478837078862,6.815955964585218,3.9889840465642745,2.9444389791664403,0.6931471805599453,3.5553480614894135,2.6390573296152584,1,1,0,0,6.997321428571429,0.0,0.0
561,51,25,1,0.0,0.0,1.0,1.0,0.0,5.599786107489666,0.0,0.0,0.0,6.454828998203993,0.0,7.5431218143412195,7.169172941717389,3.044522437723423,2.70805020110221,7.523110401778694,7.169172941717389,4.122515439188797,4.376565320235885,6.3578422665081,3.4965075614664802,2.995732273553991,1.3862943611198906,1.3862943611198906,2.1972245773362196,0,0,0,1,0.0,0.0,5.214285714285714
1381,38,135,1,0.0,0.0,0.0,0.0,0.0,4.982725607506179,0.0,0.0,0.0,2.8021041809622584,0.0,6.350219201948025,6.350219201948025,1.3862943611198906,1.3862943611198906,4.061673779932552,4.061673779932552,2.46080909820894,3.8577176605706036,0.0,1.9459101490553132,1.9459101490553132,0.6931471805599453,1.791759469228055,0.0,1,0,0,0,0.0,0.0,0.0
181,71,0,1,1.0,0.0,0.0,0.0,0.0,6.310293532485154,3.62735543242295,0.0,0.0,2.8021041809622584,0.0,5.9365424962893,5.9365340068565216,2.0794415416798357,1.9459101490553132,2.7056664097469336,2.7056664097469336,0.0,0.0,2.5483284762254965,1.0986122886681098,1.0986122886681098,0.0,0.0,0.6931471805599453,1,0,0,1,0.0,0.0,12.94357142857143
1484,39,0,1,0.0,0.0,0.0,0.0,0.0,0.0,0.0,0.0,0.0,2.8021041809622584,0.0,7.212359784529866,7.212359784529866,1.791759469228055,1.791759469228055,6.645903383231374,6.645903383231374,4.683453104382135,5.715205082798956,5.882725314134786,3.1780538303479458,3.1780538303479458,0.6931471805599453,2.833213344056216,1.791759469228055,1,1,0,1,25.60910714285714,0.0,8.7225
932,22,126,1,1.0,2.0794415416798357,0.0,0.0,0.0,8.026805963857624,8.927765663280777,7.657789011033986,0.0,2.8021041809622584,0.0,0.171248572191299,0.010657294473988017,1.0986122886681098,0.6931471805599453,4.831414638819551,4.831414638819551,0.0,0.0,4.810984448780479,1.9459101490553132,1.9459101490553132,0.0,0.0,1.6094379124341003,0,0,0,0,0.0,0.0,0.0
1274,41,35,1,0.0,1.9459101490553132,0.0,0.0,0.0,2.8024508765236944,0.0,0.0,0.0,2.8021041809622584,0.0,6.902297555524317,6.902297555524317,1.791759469228055,1.791759469228055,7.824324543491048,7.824324543491048,4.683453104382135,4.422062606073172,7.745559234950023,2.4849066497880004,2.4849066497880004,0.6931471805599453,1.0986122886681098,2.1972245773362196,1,0,0,0,0.0,0.0,0.0
204,41,12,1,0.0,0.0,0.0,0.0,0.0,0.5200684908471681,0.0,0.0,0.0,2.8021041809622584,0.0,5.858707344516921,5.858707344516921,1.0986122886681098,1.0986122886681098,5.987079948790158,5.987079948790158,5.880931949102981,0.0,3.678107357132025,1.9459101490553132,1.9459101490553132,1.0986122886681098,0.0,0.6931471805599453,0,0,0,0,0.0,0.0,0.0
875,43,124,1,0.0,0.0,0.0,0.0,0.0,3.9384910445000965,0.0,0.0,0.0,2.8021041809622584,0.0,5.8967642705605625,5.8967642705605625,1.3862943611198906,1.3862943611198906,5.894503183420969,5.894503183420969,5.388419201245223,3.9374261669125796,4.5375793923549415,2.995732273553991,2.995732273553991,2.0794415416798357,2.0794415416798357,1.6094379124341003,1,1,0,0,0.28232142857142856,0.0,0.0
236,37,168,1,0.0,0.0,0.0,0.0,0.0,6.331685488343777,0.0,0.0,0.0,2.8021041809622584,0.0,6.073869572201365,6.073869572201365,1.3862943611198906,1.3862943611198906,6.241715910535623,6.241715910535623,6.111467339502679,3.593095948022682,3.1103356562929947,3.258096538021482,3.258096538021482,2.4849066497880004,1.3862943611198906,0.6931471805599453,0,0,1,1,0.0,4.821428571428571,32.13285714285714
725,31,74,1,0.0,3.044522437723423,0.0,0.0,0.0,5.927523942420834,0.0,0.0,0.0,2.8021041809622584,0.0,7.054067460752495,7.054067460752495,1.9459101490553132,1.9459101490553132,0.0,0.0,0.0,0.0,0.0,0.0,0.0,0.0,0.0,0.0,0,1,0,0,2.5944642857142854,0.0,0.0
1545,60,159,1,1.0,0.0,0.0,0.0,0.0,9.045358453827344,5.645338360708391,0.0,0.0,2.8021041809622584,0.0,0.050489399922391785,0.007472014838700995,2.1972245773362196,0.6931471805599453,2.7277361082348492,2.7269186854065928,0.0,0.0,0.0,1.9459101490553132,0.6931471805599453,0.0,0.0,0.0,1,0,1,0,0.0,21.207142857142856,0.0
248,27,127,1,0.0,0.0,0.0,0.0,0.0,6.656199852275688,0.0,0.0,0.0,2.8021041809622584,0.0,5.786956538249683,5.786956538249683,1.3862943611198906,1.3862943611198906,5.537822055791777,5.537822055791777,4.8914226656302775,4.303997523353811,3.891536001142306,2.70805020110221,2.70805020110221,1.6094379124341003,2.302585092994046,0.6931471805599453,0,0,1,0,0.0,10.608214285714284,0.0
1469,32,15,1,1.0,1.6094379124341003,0.0,0.0,0.0,3.5128452333908085,9.17860520352399,0.0,0.0,2.8021041809622584,0.0,6.329948788900863,6.321690274029771,1.6094379124341003,1.0986122886681098,0.0,0.0,0.0,0.0,0.0,0.0,0.0,0.0,0.0,0.0,0,1,1,0,22.7425,0.21428571428571427,0.0
840,67,86,1,0.0,0.0,0.0,1.0,0.0,2.7544338438023734,0.0,0.0,0.0,2.8021041809622584,0.0,5.822775360159601,5.819281422286951,1.9459101490553132,1.6094379124341003,7.230787861790348,7.229079949941265,4.28260085453587,6.467476873635335,5.469112932144933,2.6390573296152584,2.302585092994046,1.0986122886681098,0.6931471805599453,1.3862943611198906,0,0,1,0,0.0,3.5107142857142857,0.0
478,41,11,1,0.0,0.0,1.0,0.0,0.0,10.42151175780245,0.0,0.0,0.0,2.8021041809622584,0.0,3.048087503887919,3.048087503887919,1.3862943611198906,1.3862943611198906,5.5154428455366835,5.5154428455366835,0.0,0.0,5.5154428455366835,1.791759469228055,1.791759469228055,0.0,0.0,1.791759469228055,1,0,1,0,0.0,4.5,0.0
703,21,149,1,0.0,1.9459101490553132,0.0,0.0,0.0,5.297715399688051,0.0,4.837279141973608,0.0,2.8021041809622584,0.0,5.9165985954526725,5.9165985954526725,1.791759469228055,1.791759469228055,6.25346473431838,4.851109080832158,4.28260085453587,4.0334185557081454,0.0,2.3978952727983707,1.9459101490553132,1.0986122886681098,1.6094379124341003,0.0,0,0,0,1,0.0,0.0,2.107142857142857
1005,28,87,1,0.0,0.0,1.0,1.0,1.0,2.846589864707824,0.0,0.0,0.0,2.9357926849058913,6.891779050248211,7.827286041996222,7.385723534786872,3.4657359027997265,3.1354942159291497,7.787291477038454,7.385723534786872,4.777922291765895,4.273401868571361,6.322447895263751,3.970291913552122,3.2188758248682006,1.6094379124341003,1.6094379124341003,2.4849066497880004,1,0,0,1,0.0,0.0,10.964285714285714
550,64,179,1,0.0,0.0,1.0,0.0,0.0,4.070740791152401,0.0,0.0,5.2627642054106,2.8021041809622584,0.0,6.788534871515946,6.788534871515946,1.0986122886681098,1.0986122886681098,6.799067806564622,6.799067806564622,0.0,0.0,6.341555363169699,2.302585092994046,2.302585092994046,0.0,0.0,2.0794415416798357,0,0,0,0,0.0,0.0,0.0
1116,24,33,1,1.0,0.0,1.0,1.0,1.0,4.829635720240528,0.39276576408308606,0.0,4.597962127381307,5.427702676036102,9.226999407900337,7.368319406700613,7.228531764961224,3.1354942159291497,2.6390573296152584,7.564871795624021,7.423221049169682,6.062788033933216,6.10510249581262,6.149002341324198,4.127134385045092,3.8918202981106265,1.791759469228055,3.044522437723423,2.833213344056216,1,0,0,0,0.0,0.0,0.0
203,57,181,1,0.0,0.0,0.0,0.0,0.0,2.465796639719979,0.0,0.0,0.0,2.8021041809622584,0.0,6.223715782976672,6.223715782976672,1.0986122886681098,1.0986122886681098,6.32327030036735,6.32327030036735,6.318195614673642,0.0,0.0,2.4849066497880004,2.4849066497880004,1.9459101490553132,0.0,0.0,0,1,1,1,0.6416071428571428,16.945357142857144,5.714285714285714
519,17,151,1,0.0,0.0,0.0,0.0,0.0,5.355853189319005,0.0,0.0,0.0,2.8021041809622584,0.0,6.131162046412942,6.131162046412942,1.0986122886681098,1.0986122886681098,6.18959720304237,6.18959720304237,5.900679826235874,4.500872597286695,3.4550878955912854,2.3978952727983707,2.3978952727983707,1.3862943611198906,1.0986122886681098,1.3862943611198906,1,0,1,1,0.0,5.892857142857143,5.5
469,38,183,1,0.0,0.0,0.0,0.0,0.0,8.39313587966261,0.0,0.0,0.0,2.8021041809622584,0.0,7.303176063724737,7.303176063724737,1.791759469228055,1.791759469228055,7.346606806107935,7.346606806107935,6.2166061010848646,0.0,6.6732076620828495,2.6390573296152584,2.6390573296152584,0.6931471805599453,0.0,2.0794415416798357,1,0,0,0,0.0,0.0,0.0
1001,64,9,1,0.0,0.0,1.0,0.0,0.0,6.572908221042355,0.0,0.0,6.274488241502418,2.8021041809622584,0.0,7.172561066000802,7.172561066000802,1.0986122886681098,1.0986122886681098,6.415725122836184,6.415725122836184,5.869776015456498,5.015385896854854,4.657355939158662,2.772588722239781,2.772588722239781,1.6094379124341003,1.3862943611198906,1.791759469228055,1,0,1,0,0.0,10.105714285714285,0.0
262,38,72,1,0.0,0.0,0.0,0.0,0.0,7.869146929139584,0.0,0.0,0.0,2.8021041809622584,0.0,6.882139990857581,6.882139990857581,1.0986122886681098,1.0986122886681098,6.230150965528735,6.230150965528735,3.6031659358399066,3.8617066772626676,6.03650619777242,2.6390573296152584,2.6390573296152584,0.6931471805599453,0.6931471805599453,2.3978952727983707,0,0,0,0,0.0,0.0,0.0
2,43,152,1,1.0,0.0,0.0,0.0,0.0,4.716430406966383,9.497561615048127,0.0,0.0,2.8021041809622584,0.0,6.564038362929571,6.559524177094841,1.6094379124341003,1.3862943611198906,5.959568372481517,5.959568372481517,5.7305634973338435,3.6739470906631264,3.6031659358399066,1.9459101490553132,1.9459101490553132,1.0986122886681098,1.0986122886681098,0.6931471805599453,1,0,0,0,0.0,0.0,0.0
601,61,33,1,1.0,1.0986122886681098,0.0,0.0,0.0,6.7646731164856515,11.439120996754527,0.0,0.0,2.8021041809622584,0.0,7.768354789071058,7.765632237954207,1.6094379124341003,1.0986122886681098,7.964292307962447,6.252385462756222,0.0,5.944765944098742,4.930870325627393,1.9459101490553132,1.791759469228055,0.0,1.6094379124341003,0.6931471805599453,1,0,1,0,0.0,6.8625,0.0
477,32,152,2,2.0,0.0,0.0,0.0,0.0,8.597913823093515,8.902999224781205,0.0,0.0,2.8021041809622584,0.0,4.094951520842587,4.094951520842587,1.0986122886681098,1.0986122886681098,4.513602992462601,4.513602992462601,0.0,0.0,4.513602992462601,1.0986122886681098,1.0986122886681098,0.0,0.0,1.0986122886681098,1,1,0,1,22.098214285714285,0.0,4.214285714285714
907,67,193,1,0.0,0.0,0.0,0.0,0.0,6.65868109458205,0.0,0.0,0.0,2.8021041809622584,0.0,5.2853931358923045,5.2853931358923045,1.3862943611198906,1.3862943611198906,4.590056548178043,4.590056548178043,0.0,0.0,4.590056548178043,1.791759469228055,1.791759469228055,0.0,0.0,1.791759469228055,1,1,0,0,2.288392857142857,0.0,0.0
1572,48,151,1,1.0,0.6931471805599453,0.0,1.0,0.0,5.850006926811848,0.1832140155769743,8.88916626989445,0.0,2.904986660247246,0.0,7.985815066411724,7.9843955603785695,1.3862943611198906,1.0986122886681098,7.358904144067464,7.358904144067464,5.8402262887277585,6.681626024890048,6.040084628786996,3.4657359027997265,3.4657359027997265,1.3862943611198906,3.258096538021482,1.0986122886681098,0,0,0,0,0.0,0.0,0.0
1584,39,181,1,0.0,0.0,0.0,0.0,0.0,0.0,0.0,0.0,0.0,2.8021041809622584,0.0,10.047273035567283,10.047273035567283,2.0794415416798357,2.0794415416798357,10.204592966748569,10.204592966748569,6.79554596694305,0.0,10.023742134578534,3.2188758248682006,3.2188758248682006,1.3862943611198906,0.0,2.8903717578961645,1,0,0,1,0.0,0.0,5.083571428571429
661,67,56,1,1.0,0.0,0.0,0.0,0.0,5.939878916761356,6.78358968592879,0.0,0.0,2.8021041809622584,0.0,5.888818597647445,5.8809359379262975,1.3862943611198906,1.0986122886681098,6.207238869372279,4.935811681317471,4.28260085453587,4.186516706656457,5.880931949102981,2.3978952727983707,2.302585092994046,0.6931471805599453,2.0794415416798357,0.6931471805599453,0,0,0,0,0.0,0.0,0.0
159,33,152,1,0.0,0.0,0.0,0.0,0.0,7.364273521689418,0.0,0.0,0.0,2.8021041809622584,0.0,6.5727080265884705,6.5727080265884705,1.3862943611198906,1.3862943611198906,8.047212647618316,8.047212647618316,5.190573059534934,4.195374284948035,7.75384914955828,2.772588722239781,2.772588722239781,0.6931471805599453,0.6931471805599453,2.3978952727983707,1,0,0,1,0.0,0.0,9.940357142857142
1142,41,0,1,3.0,0.6931471805599453,0.0,0.0,0.0,8.564166672401994,5.546110323944317,4.738098271659568,0.0,2.8021041809622584,0.0,2.4397037935285977,0.0,0.6931471805599453,0.0,0.0,0.0,0.0,0.0,0.0,0.0,0.0,0.0,0.0,0.0,0,0,0,0,0.0,0.0,0.0
1342,27,211,1,0.0,0.0,1.0,0.0,0.0,9.61574621642353,0.0,0.0,0.0,2.8021041809622584,0.0,7.652737642795623,7.652737642795623,1.9459101490553132,1.9459101490553132,7.692755534074704,7.692755534074704,6.2166061010848646,6.404935617046125,6.985852248781018,3.713572066704308,3.713572066704308,1.6094379124341003,2.9444389791664403,2.70805020110221,1,0,0,1,0.0,0.0,16.153214285714288
1379,47,133,1,0.0,0.0,0.0,0.0,0.0,5.901584774487881,0.0,0.0,0.0,2.8021041809622584,0.0,6.633478664803523,6.633478664803523,1.3862943611198906,1.3862943611198906,6.529465239688269,6.529465239688269,4.28260085453587,4.456375968003774,6.269907642777141,3.1354942159291497,3.1354942159291497,1.0986122886681098,2.3978952727983707,2.3978952727983707,0,0,0,0,0.0,0.0,0.0
187,55,164,1,1.0,3.258096538021482,0.0,0.0,0.0,6.8297586017600365,6.125560624018319,0.0,0.0,2.8021041809622584,0.0,7.334416301014805,7.326212997348996,1.9459101490553132,1.6094379124341003,6.637874298944739,6.637874298944739,5.085831109707815,4.952173510230093,5.716894938834263,3.2188758248682006,3.2188758248682006,1.3862943611198906,1.9459101490553132,2.3978952727983707,1,1,0,1,2.7010714285714283,0.0,15.75
82,20,151,1,0.0,0.6931471805599453,0.0,0.0,0.0,9.334848111124398,0.0,10.452007446875133,0.0,2.8021041809622584,0.0,6.910328038026113,6.910328038026113,1.6094379124341003,1.6094379124341003,6.787885245631712,6.787885245631712,5.880931949102981,0.0,6.265844248319884,2.833213344056216,2.833213344056216,0.6931471805599453,0.0,2.70805020110221,0,0,0,1,0.0,0.0,5.396428571428571
527,17,22,1,0.0,0.0,0.0,0.0,0.0,7.485071646522724,0.0,0.0,0.0,2.8021041809622584,0.0,6.520099215665778,6.520099215665778,1.0986122886681098,1.0986122886681098,6.651737972751308,6.651737972751308,6.285465896518655,3.5010427166318716,0.0,3.258096538021482,3.258096538021482,2.5649493574615367,1.3862943611198906,0.0,0,1,0,1,0.656607142857143,0.0,2.6785714285714284
536,29,14,1,0.0,0.0,0.0,0.0,0.0,6.499551782050239,0.0,0.0,0.0,2.8021041809622584,0.0,5.128644759142025,5.128644759142025,1.3862943611198906,1.3862943611198906,5.229196935905354,5.229196935905354,0.0,0.0,5.217455871378535,1.0986122886681098,1.0986122886681098,0.0,0.0,0.6931471805599453,1,0,0,0,0.0,0.0,0.0
761,44,13,1,1.0,0.0,0.0,0.0,0.0,4.862817298210246,0.0,0.0,0.0,2.8021041809622584,0.0,6.733008106831226,6.5963682607983625,2.0794415416798357,1.791759469228055,6.575275561638305,6.353127654448107,4.376655090871971,4.7746145435396885,5.931771410966888,3.091042453358316,3.044522437723423,1.6094379124341003,2.302585092994046,1.9459101490553132,0,0,0,0,0.0,0.0,0.0
1034,68,172,1,0.0,0.0,0.0,0.0,0.0,5.07372857494845,0.0,0.0,0.0,2.8021041809622584,0.0,4.122527013195892,4.122527013195892,1.0986122886681098,1.0986122886681098,3.788239862217284,3.788239862217284,3.1103356562929947,1.488077055429833,2.9368917735310576,2.302585092994046,2.302585092994046,1.0986122886681098,1.791759469228055,0.6931471805599453,1,0,0,0,0.0,0.0,0.0
247,55,172,1,1.0,0.0,0.0,1.0,0.0,6.537142324156174,5.866090608128531,0.0,0.0,2.8021041809622584,0.0,8.339278453175378,7.775490319196033,2.4849066497880004,1.791759469228055,7.1181030263502905,7.116191201424073,6.349887961580832,5.509822019323607,6.019982586029215,3.1354942159291497,2.9444389791664403,1.6094379124341003,1.3862943611198906,2.1972245773362196,0,0,0,0,0.0,0.0,0.0
865,23,26,1,0.0,0.0,0.0,0.0,0.0,6.383950551782333,0.0,0.0,0.0,2.8021041809622584,0.0,4.838462068354116,4.838462068354116,1.0986122886681098,1.0986122886681098,6.092359750940535,6.092359750940535,5.371966049571182,2.7269186854065928,5.320218630501137,2.5649493574615367,2.5649493574615367,1.3862943611198906,0.6931471805599453,1.791759469228055,1,0,0,1,0.0,0.0,7.535714285714286
1287,40,176,1,0.0,0.0,1.0,1.0,0.0,7.994133632547012,0.0,0.0,0.0,5.803601952795187,0.0,8.090117461145168,7.793107159642215,2.9444389791664403,2.70805020110221,8.024263733611926,7.814968361962573,6.521462347376968,2.5997753900978857,6.537467693866193,3.7612001156935624,3.295836866004329,2.0794415416798357,0.6931471805599453,2.3978952727983707,1,0,1,0,0.0,1.9642857142857142,0.0
1434,76,268,2,3.0,0.0,0.0,0.0,0.0,9.533110074577255,9.277981563688817,0.0,0.0,2.8021041809622584,0.0,6.06591417007609,6.062858699876625,1.6094379124341003,1.3862943611198906,6.45070566867601,6.45070566867601,4.462618642004185,5.35072343443059,5.799525461219067,3.6635616461296463,3.6635616461296463,2.0794415416798357,3.1354942159291497,1.3862943611198906,0,0,0,0,0.0,0.0,0.0
914,28,8,1,0.0,0.0,0.0,0.0,2.0,1.283015011665889,0.0,0.0,0.0,2.8021041809622584,9.438911225945914,9.82082018768763,8.762306152509717,1.9459101490553132,1.3862943611198906,9.908052296791876,7.710270825883147,5.46685386837125,6.344413809305656,6.054439346269371,3.295836866004329,3.1354942159291497,1.3862943611198906,2.3978952727983707,0.6931471805599453,1,0,1,1,0.0,17.31,12.425714285714287
253,37,13,1,0.0,0.0,1.0,1.0,0.0,4.184941270097744,0.0,0.0,0.0,6.6793039161259165,0.0,7.271014747282181,7.269351344315694,2.0794415416798357,1.3862943611198906,7.413238083847836,7.411815209833928,0.0,0.0,6.285732030918098,2.70805020110221,2.3978952727983707,0.0,0.0,1.791759469228055,1,0,0,0,0.0,0.0,0.0
453,23,83,1,1.0,1.3862943611198906,0.0,0.0,0.0,6.407011990557659,10.166746595141666,7.509934303778774,0.0,2.8021041809622584,0.0,7.60304819152606,7.603019324544396,1.6094379124341003,1.3862943611198906,7.890353947796879,7.890353947796879,5.880931949102981,5.167842522406063,7.662383857078499,2.3978952727983707,2.3978952727983707,0.6931471805599453,1.0986122886681098,1.9459101490553132,0,0,0,0,0.0,0.0,0.0
1542,56,62,1,1.0,0.0,0.0,1.0,0.0,4.008014771081872,8.930002833710317,0.0,0.0,2.8445355598030915,0.0,6.144288326584048,6.116673907481341,1.9459101490553132,1.0986122886681098,1.1451323043030026,0.538996500732687,0.0,0.0,0.538996500732687,1.3862943611198906,0.6931471805599453,0.0,0.0,0.6931471805599453,0,0,0,0,0.0,0.0,0.0
631,65,150,1,0.0,0.0,0.0,0.0,0.0,5.831352382891256,0.0,0.0,0.0,2.8021041809622584,0.0,5.459281516573799,5.459281516573799,1.0986122886681098,1.0986122886681098,5.457607876015769,5.457607876015769,0.0,0.0,5.449197397507172,1.3862943611198906,1.3862943611198906,0.0,0.0,1.0986122886681098,0,0,0,0,0.0,0.0,0.0
1477,64,184,1,3.0,0.0,1.0,0.0,0.0,7.076699362186606,5.364240531302604,0.0,4.7435833931417175,2.8021041809622584,0.0,5.8173981085854285,5.812652894814798,1.3862943611198906,1.0986122886681098,5.99462027683671,5.99462027683671,4.968820743663249,4.326211855567485,5.1981023203864165,2.995732273553991,2.995732273553991,1.3862943611198906,2.1972245773362196,1.9459101490553132,0,0,0,0,0.0,0.0,0.0
238,24,256,1,0.0,0.0,0.0,0.0,0.0,6.335777141112903,0.0,0.0,0.0,2.8021041809622584,0.0,6.024581505356436,6.024581505356436,1.3862943611198906,1.3862943611198906,6.199081032160202,6.199081032160202,5.371966049571182,3.3218191357246996,4.24029847484518,2.5649493574615367,2.5649493574615367,1.0986122886681098,1.0986122886681098,1.791759469228055,1,0,0,0,0.0,0.0,0.0
457,73,0,1,0.0,0.0,1.0,0.0,0.0,6.0604665852195865,0.0,0.0,0.0,2.8021041809622584,0.0,7.9931409565999685,7.6035274042155185,2.8903717578961645,2.70805020110221,7.902749844616046,7.6035274042155185,6.14265165622092,4.623641395127462,5.819552904368681,3.332204510175204,2.833213344056216,1.0986122886681098,1.791759469228055,1.3862943611198906,0,0,0,0,0.0,0.0,0.0
1552,50,89,1,0.0,0.0,0.0,0.0,0.0,7.480127519564582,0.0,0.0,0.0,2.8021041809622584,0.0,6.216609665378484,6.216609665378484,1.0986122886681098,1.0986122886681098,6.202782016590452,6.202782016590452,0.0,5.727941844052392,5.217068574704445,2.302585092994046,2.302585092994046,0.0,1.6094379124341003,1.6094379124341003,1,1,0,0,6.901071428571428,0.0,0.0
215,32,94,1,0.0,0.0,0.0,0.0,0.0,9.464410859944186,0.0,0.0,0.0,2.8021041809622584,0.0,6.40086772416707,6.40086772416707,1.3862943611198906,1.3862943611198906,6.471849372645439,6.471849372645439,5.5254529391317835,2.7245795030534206,5.939701217459134,2.302585092994046,2.302585092994046,0.6931471805599453,0.6931471805599453,1.9459101490553132,1,0,0,1,0.0,0.0,12.511785714285713
130,60,147,1,0.0,0.0,1.0,0.0,0.0,2.621064797801235,0.0,0.0,6.525792353929831,2.8021041809622584,0.0,7.561775456283606,7.200832592340254,3.2188758248682006,3.1354942159291497,7.580273276457049,7.208793298088098,5.229579564568908,4.458656933290045,6.208661883244649,3.828641396489095,3.2188758248682006,1.9459101490553132,2.4849066497880004,1.3862943611198906,0,1,0,0,0.06714285714285714,0.0,0.0
1036,68,19,1,1.0,0.0,0.0,0.0,0.0,6.709733255229761,10.37851496997074,0.0,0.0,2.8021041809622584,0.0,6.183011277974506,6.171835542078215,1.6094379124341003,1.0986122886681098,1.086636097621394,1.086636097621394,0.0,0.0,0.0,0.6931471805599453,0.6931471805599453,0.0,0.0,0.0,0,0,0,0,0.0,0.0,0.0
1060,40,88,1,0.0,0.0,0.0,0.0,0.0,6.453158635944172,0.0,0.0,0.0,2.8021041809622584,0.0,5.0630492698096505,5.0630492698096505,1.791759469228055,1.791759469228055,4.977046501388163,4.977046501388163,3.859224819861175,4.578485143398091,0.0,2.302585092994046,2.302585092994046,0.6931471805599453,2.0794415416798357,0.0,1,0,1,1,0.0,8.071428571428571,4.913571428571429
370,77,1,1,0.0,0.0,0.0,0.0,0.0,5.913478874072975,0.0,0.0,0.0,2.8021041809622584,0.0,0.001070855001492987,0.001070855001492987,0.6931471805599453,0.6931471805599453,1.086636097621394,1.086636097621394,0.0,0.0,0.0,0.6931471805599453,0.6931471805599453,0.0,0.0,0.0,1,0,0,0,0.0,0.0,0.0
322,1,92,1,1.0,0.0,0.0,0.0,0.0,7.68536768116079,11.764606645433775,0.0,0.0,2.8021041809622584,0.0,3.3868448754377547,3.3868448754377547,1.0986122886681098,1.0986122886681098,6.825266128826105,6.825266128826105,0.0,0.0,0.0,1.0986122886681098,1.0986122886681098,0.0,0.0,0.0,0,0,1,0,0.0,1.7857142857142858,0.0
1556,60,162,1,0.0,0.0,0.0,1.0,0.0,2.981108001119328,0.0,0.0,0.0,0.0,0.0,6.285470554479593,6.285470554479593,1.3862943611198906,1.3862943611198906,6.168040462605857,6.168040462605857,0.0,0.0,6.168040462605857,1.6094379124341003,1.6094379124341003,0.0,0.0,1.6094379124341003,1,0,0,0,0.0,0.0,0.0
501,64,11,1,2.0,0.6931471805599453,0.0,0.0,0.0,6.134649196760643,8.544282163890832,0.0,0.0,2.8021041809622584,0.0,5.878543778591611,5.866777600278412,1.3862943611198906,1.0986122886681098,5.10008417415059,5.10008417415059,0.0,0.0,5.091995814391869,1.3862943611198906,1.3862943611198906,0.0,0.0,1.0986122886681098,0,0,0,1,0.0,0.0,15.952142857142858
981,34,59,1,0.0,0.0,0.0,0.0,0.0,7.921351601101769,0.0,0.0,0.0,2.8021041809622584,0.0,0.00035707909681323224,0.00035707909681323224,0.6931471805599453,0.6931471805599453,2.7269186854065928,2.7269186854065928,2.7269186854065928,0.0,0.0,0.6931471805599453,0.6931471805599453,0.6931471805599453,0.0,0.0,1,0,0,0,0.0,0.0,0.0
1195,68,200,1,0.0,0.0,1.0,0.0,0.0,4.797044186850858,0.0,0.0,0.0,2.8021041809622584,0.0,7.113176135582797,7.113176135582797,1.0986122886681098,1.0986122886681098,6.999124912815425,6.999124912815425,5.880931949102981,5.80469059308774,5.997872543403312,3.4339872044851463,3.4339872044851463,0.6931471805599453,2.833213344056216,2.4849066497880004,1,0,0,1,0.0,0.0,3.3214285714285716
278,36,56,2,0.0,0.0,0.0,0.0,0.0,5.610655029998975,0.0,0.0,0.0,2.8021041809622584,0.0,5.594196111451805,5.594196111451805,1.3862943611198906,1.3862943611198906,5.844268792289402,5.844268792289402,0.0,0.0,5.487608626057021,1.6094379124341003,1.6094379124341003,0.0,0.0,1.3862943611198906,1,1,0,0,6.1883928571428575,0.0,0.0
37,30,172,1,1.0,0.0,0.0,0.0,0.0,2.9964106148570693,8.256133111844077,0.0,0.0,2.8021041809622584,0.0,7.095212435503892,7.080937580673947,1.3862943611198906,1.0986122886681098,6.791929478476519,6.791929478476519,5.94840791478631,5.586800457384629,5.480341259997034,3.4965075614664802,3.4965075614664802,2.5649493574615367,2.833213344056216,1.0986122886681098,0,0,1,0,0.0,0.6428571428571429,0.0
86,36,31,1,0.0,0.0,0.0,0.0,0.0,3.5645100436899533,0.0,0.0,0.0,2.8021041809622584,0.0,9.139939060122998,9.139939060122998,1.6094379124341003,1.6094379124341003,6.991712293772056,6.991712293772056,6.134946270585672,0.0,5.321440804376533,2.772588722239781,2.772588722239781,1.9459101490553132,0.0,1.791759469228055,1,1,0,0,1.4573214285714287,0.0,0.0
1353,29,83,1,0.0,0.0,0.0,1.0,0.0,7.137576768862288,0.0,0.0,0.0,3.8404272596050193,0.0,5.701380783379386,5.693492812427129,1.9459101490553132,1.0986122886681098,5.702273002642996,5.694372866633709,0.0,0.0,5.683093740597644,2.0794415416798357,1.3862943611198906,0.0,0.0,0.6931471805599453,1,1,0,0,6.714821428571428,0.0,0.0
79,41,75,1,2.0,0.6931471805599453,0.0,0.0,0.0,5.832454161348369,6.80522844307158,8.470673971699394,0.0,2.8021041809622584,0.0,3.938637115706591,0.00035707909681323224,1.3862943611198906,0.6931471805599453,0.0,0.0,0.0,0.0,0.0,0.0,0.0,0.0,0.0,0.0,0,0,0,0,0.0,0.0,0.0
1045,53,25,1,0.0,0.0,1.0,0.0,0.0,6.1536524843338585,0.0,0.0,0.0,2.8021041809622584,0.0,4.683558779115405,4.683558779115405,1.3862943611198906,1.3862943611198906,6.1392763007763795,6.1392763007763795,0.0,0.0,5.514004617185791,2.0794415416798357,2.0794415416798357,0.0,0.0,1.3862943611198906,1,0,0,0,0.0,0.0,0.0
943,13,150,1,0.0,0.0,0.0,1.0,0.0,6.103450654264223,0.0,0.0,0.0,2.8711808482245074,0.0,5.332565227299426,5.332565227299426,1.0986122886681098,1.0986122886681098,5.3603745751671825,5.3603745751671825,3.1103356562929947,4.899605298110755,4.05914907031844,2.772588722239781,2.772588722239781,1.0986122886681098,2.4849066497880004,0.6931471805599453,0,0,0,0,0.0,0.0,0.0
324,35,23,1,0.0,0.6931471805599453,0.0,0.0,0.0,9.357289314084548,0.0,12.220678503415028,0.0,2.8021041809622584,0.0,6.486282732728156,6.486282732728156,1.6094379124341003,1.6094379124341003,7.0045416414198245,7.0045416414198245,6.285465896518655,5.555102912046273,5.718436483043304,3.044522437723423,3.044522437723423,1.0986122886681098,1.791759469228055,2.5649493574615367,0,0,0,0,0.0,0.0,0.0
272,61,103,1,0.0,0.0,0.0,0.0,0.0,6.575631573778345,0.0,0.0,0.0,2.8021041809622584,0.0,5.760368701018589,5.760368701018589,1.0986122886681098,1.0986122886681098,5.7791991139409555,5.7791991139409555,5.190573059534934,0.0,4.95959259487353,1.791759469228055,1.791759469228055,1.0986122886681098,0.0,1.0986122886681098,1,0,0,1,0.0,0.0,13.469642857142857
1423,67,50,1,0.0,0.0,0.0,0.0,0.0,6.097761231565878,0.0,0.0,0.0,2.8021041809622584,0.0,6.431737601547611,6.431737601547611,1.0986122886681098,1.0986122886681098,6.30835862103487,6.30835862103487,6.285465896518655,0.0,2.439236612954812,1.3862943611198906,1.3862943611198906,0.6931471805599453,0.0,0.6931471805599453,1,0,0,0,0.0,0.0,0.0
1311,66,135,1,0.0,0.0,0.0,0.0,0.0,5.053915977847144,0.0,0.0,0.0,2.8021041809622584,0.0,6.667876489334704,6.667876489334704,1.3862943611198906,1.3862943611198906,6.603464615721581,6.603464615721581,2.9368917735310576,5.08053886188453,6.319096805593984,2.8903717578961645,2.8903717578961645,0.6931471805599453,1.3862943611198906,2.4849066497880004,0,0,0,0,0.0,0.0,0.0
819,34,181,1,0.0,0.0,0.0,1.0,2.0,5.787278553233829,0.0,0.0,0.0,2.9300883798123984,8.247476672384925,6.82405180147877,6.718154435204847,1.791759469228055,1.0986122886681098,5.958575106228039,5.935237107340185,0.0,5.132774963393741,3.859224819861175,2.5649493574615367,2.302585092994046,0.0,1.791759469228055,1.0986122886681098,1,0,0,0,0.0,0.0,0.0
806,37,59,1,0.0,0.0,0.0,0.0,0.0,0.0,0.0,0.0,0.0,2.8021041809622584,0.0,5.877837817390156,5.877837817390156,1.3862943611198906,1.3862943611198906,5.886401606218011,5.886401606218011,5.880931949102981,0.0,0.0,1.3862943611198906,1.3862943611198906,1.0986122886681098,0.0,0.0,0,0,0,1,0.0,0.0,12.023928571428572
1352,67,59,1,0.0,0.0,0.0,0.0,0.0,7.709485046605367,0.0,0.0,0.0,2.8021041809622584,0.0,4.8914307128082,4.8914307128082,1.0986122886681098,1.0986122886681098,4.352395508388445,4.352395508388445,1.519825753744413,4.3053191328225235,0.0,1.3862943611198906,1.3862943611198906,0.6931471805599453,1.0986122886681098,0.0,0,0,0,0,0.0,0.0,0.0
436,27,70,1,0.0,0.0,0.0,0.0,0.0,3.7281173374494796,0.0,0.0,0.0,2.8021041809622584,0.0,7.095657070598135,7.095657070598135,1.9459101490553132,1.9459101490553132,7.036588150825105,7.036588150825105,6.4948338701975175,3.983678994334581,6.042717662116924,2.8903717578961645,2.8903717578961645,1.9459101490553132,1.0986122886681098,1.6094379124341003,1,0,0,0,0.0,0.0,0.0
393,60,170,1,0.0,0.0,0.0,0.0,0.0,5.3452282148887855,0.0,0.0,0.0,2.8021041809622584,0.0,8.09764994978749,8.09764994978749,1.3862943611198906,1.3862943611198906,8.277085124411435,8.277085124411435,0.0,0.0,4.649870364905998,2.302585092994046,2.302585092994046,0.0,0.0,1.6094379124341003,1,0,0,0,0.0,0.0,0.0
1532,35,101,1,0.0,1.0986122886681098,0.0,0.0,0.0,6.785401994200421,0.0,0.0,0.0,2.8021041809622584,0.0,7.7348760981114495,7.7348760981114495,1.6094379124341003,1.6094379124341003,7.314045284863801,7.314045284863801,0.0,5.447915864163274,7.144068866249685,2.70805020110221,2.70805020110221,0.0,1.791759469228055,2.1972245773362196,1,0,0,0,0.0,0.0,0.0
413,53,15,1,2.0,1.3862943611198906,1.0,1.0,0.0,7.420202872358241,9.934631730553521,0.0,0.0,2.9357926849058913,0.0,9.870279965676179,9.300405228182886,2.8903717578961645,2.0794415416798357,9.395562450330356,9.152108891008945,7.409136443920128,7.249295265086597,8.993493916556838,4.248495242049359,3.58351893845611,2.5649493574615367,2.833213344056216,3.258096538021482,1,0,0,1,0.0,0.0,11.714285714285714
1019,18,39,1,0.0,0.0,0.0,0.0,0.0,5.824444958603063,0.0,0.0,0.0,2.8021041809622584,0.0,6.4543064314566765,6.4543064314566765,1.0986122886681098,1.0986122886681098,6.588846890951382,6.588846890951382,5.303304908059076,5.4799511869054935,5.523886545077085,3.912023005428146,3.912023005428146,2.1972245773362196,3.258096538021482,1.791759469228055,0,0,0,0,0.0,0.0,0.0
1499,5,267,1,0.0,0.0,1.0,0.0,1.0,0.0,0.0,0.0,4.8548165571683,2.8021041809622584,9.452443478214075,7.228239414965401,7.200462472196205,1.791759469228055,1.6094379124341003,7.458676645039636,7.456966514554072,5.6584861997410245,5.8462137290926846,5.983576374258976,3.4657359027997265,3.4339872044851463,1.6094379124341003,2.3978952727983707,2.5649493574615367,0,0,0,1,0.0,0.0,7.107142857142857
564,58,32,1,0.0,0.0,0.0,0.0,0.0,7.238936758484247,0.0,0.0,0.0,2.8021041809622584,0.0,0.0017841217935013985,0.0017841217935013985,0.6931471805599453,0.6931471805599453,4.9246623387991075,4.9246623387991075,0.0,0.0,4.907124917726591,1.3862943611198906,1.3862943611198906,0.0,0.0,1.0986122886681098,1,0,1,0,0.0,28.705000000000002,0.0
971,59,56,1,0.0,0.0,0.0,0.0,0.0,3.386808644210056,0.0,0.0,0.0,2.8021041809622584,0.0,5.820993918413627,5.820993918413627,1.0986122886681098,1.0986122886681098,5.677410387060693,5.677410387060693,0.0,5.209197274273811,4.696853667394741,2.6390573296152584,2.6390573296152584,0.0,2.302585092994046,1.3862943611198906,1,0,0,0,0.0,0.0,0.0
947,34,86,1,0.0,0.0,0.0,0.0,0.0,7.180957305465497,0.0,0.0,0.0,2.8021041809622584,0.0,3.6031756634190524,3.6031756634190524,1.0986122886681098,1.0986122886681098,3.603943843308151,3.603943843308151,2.097141118779237,3.344627030173761,0.0,1.9459101490553132,1.9459101490553132,0.6931471805599453,1.6094379124341003,0.0,1,0,0,1,0.0,0.0,16.33892857142857
1165,21,73,1,0.0,0.0,0.0,0.0,0.0,9.86171542300076,0.0,0.0,0.0,2.8021041809622584,0.0,5.95769075820625,5.95769075820625,1.3862943611198906,1.3862943611198906,5.842814336923127,5.842814336923127,4.376655090871971,4.551222997196169,5.149983072042218,3.1354942159291497,3.1354942159291497,1.9459101490553132,2.6390573296152584,1.3862943611198906,0,0,1,0,0.0,3.8214285714285716,0.0
1439,25,7,1,0.0,0.0,0.0,0.0,0.0,9.120250208435378,0.0,0.0,0.0,2.8021041809622584,0.0,6.878876927324433,6.878876927324433,1.3862943611198906,1.3862943611198906,7.117854695706895,7.117854695706895,4.122515439188797,5.430973376136605,6.8514879805859,2.70805020110221,2.70805020110221,0.6931471805599453,2.0794415416798357,1.791759469228055,0,0,0,0,0.0,0.0,0.0
1303,52,151,1,0.0,0.0,0.0,0.0,0.0,10.099360415877639,0.0,0.0,0.0,2.8021041809622584,0.0,6.800262332578969,6.800262332578969,1.6094379124341003,1.6094379124341003,6.752691265526005,6.752691265526005,5.5254529391317835,4.909522358441102,6.1491548733562205,2.833213344056216,2.833213344056216,1.3862943611198906,2.302585092994046,1.0986122886681098,1,0,1,0,0.0,6.0,0.0
554,40,150,1,0.0,0.0,0.0,0.0,0.0,7.617382345752449,0.0,0.0,0.0,2.8021041809622584,0.0,6.180323468455282,6.180323468455282,1.3862943611198906,1.3862943611198906,6.4288550492286465,6.4288550492286465,5.6584861997410245,0.0,5.803520068420189,2.0794415416798357,2.0794415416798357,1.0986122886681098,0.0,1.6094379124341003,1,0,1,0,0.0,1.7857142857142858,0.0
1104,79,213,1,0.0,0.0,1.0,1.0,1.0,0.0,0.0,0.0,0.0,2.8711808482245074,4.8013623613398515,8.472082101147048,8.323601420821001,3.713572066704308,3.367295829986474,8.419607768064393,8.30739052134656,7.409136443920128,6.283667634353686,7.048634609269198,4.634728988229636,4.248495242049359,2.0794415416798357,3.5553480614894135,2.9444389791664403,0,1,0,1,0.6996428571428571,0.0,6.25
1015,31,96,1,1.0,0.0,0.0,0.0,0.0,6.678916073897426,7.576914719006739,0.0,0.0,2.8021041809622584,0.0,4.926764435059109,4.924626012244133,1.3862943611198906,1.0986122886681098,7.570162468900677,7.570162468900677,0.0,6.512764233014239,7.140949297578411,3.4657359027997265,3.4657359027997265,0.0,2.4849066497880004,2.995732273553991,1,0,0,0,0.0,0.0,0.0
1596,49,78,1,1.0,0.0,0.0,0.0,0.0,4.250910689852058,8.877655454399536,0.0,0.0,2.8021041809622584,0.0,6.29336382444385,6.285541086664923,1.3862943611198906,1.0986122886681098,1.086636097621394,1.086636097621394,0.0,0.0,0.0,0.6931471805599453,0.6931471805599453,0.0,0.0,0.0,1,0,0,1,0.0,0.0,9.821428571428571
256,29,93,1,0.0,0.0,1.0,0.0,0.0,6.351170517840414,0.0,0.0,0.0,2.8021041809622584,0.0,7.309208301809959,7.27552198130563,1.6094379124341003,1.0986122886681098,6.418701048169405,6.418701048169405,4.683453104382135,5.57349479509347,0.0,2.70805020110221,2.70805020110221,1.0986122886681098,2.0794415416798357,0.0,0,0,0,0,0.0,0.0,0.0
167,73,92,1,0.0,0.0,0.0,0.0,0.0,8.145494940198533,0.0,0.0,0.0,2.8021041809622584,0.0,5.454739444388437,5.454739444388437,1.3862943611198906,1.3862943611198906,5.145311864088135,5.145311864088135,3.780937598531884,4.5188728397321185,3.6385255679683217,2.772588722239781,2.772588722239781,1.3862943611198906,2.1972245773362196,1.6094379124341003,1,1,0,0,1.7032142857142856,0.0,0.0
1285,76,4,1,0.0,0.0,0.0,0.0,0.0,4.446216322654813,0.0,0.0,0.0,2.8021041809622584,0.0,6.3157460688132945,6.3157460688132945,1.0986122886681098,1.0986122886681098,6.348116990793585,6.348116990793585,3.258096538021482,4.2559368720642645,6.15637347542476,2.5649493574615367,2.5649493574615367,0.6931471805599453,2.1972245773362196,1.0986122886681098,1,0,0,0,0.0,0.0,0.0
1561,12,204,1,1.0,0.0,0.0,0.0,0.0,5.892942697552088,7.564514259604383,0.0,0.0,2.8021041809622584,0.0,7.131829254460367,7.042163474602543,1.9459101490553132,1.6094379124341003,7.583525748045565,7.160050059893663,5.511121940067067,6.508961262436054,4.661077817926388,3.091042453358316,2.995732273553991,1.0986122886681098,2.5649493574615367,0.6931471805599453,1,0,0,1,0.0,0.0,4.214285714285714
1084,23,102,1,0.0,0.0,0.0,0.0,0.0,6.273038718537464,0.0,0.0,0.0,2.8021041809622584,0.0,5.539681061197916,5.539681061197916,1.0986122886681098,1.0986122886681098,6.597018038310212,6.597018038310212,6.285465896518655,5.254772173438381,0.0,2.772588722239781,2.772588722239781,1.6094379124341003,2.0794415416798357,0.0,1,0,0,0,0.0,0.0,0.0
1121,35,190,1,0.0,0.0,0.0,0.0,0.0,3.980175523917405,0.0,0.0,0.0,2.8021041809622584,0.0,4.747543622275029,4.747543622275029,1.0986122886681098,1.0986122886681098,6.536958642676933,6.536958642676933,5.550511962922893,6.05426662847054,0.0,2.5649493574615367,2.5649493574615367,1.0986122886681098,2.0794415416798357,0.0,0,0,0,1,0.0,0.0,15.38892857142857
42,23,4,1,0.0,2.5649493574615367,0.0,0.0,0.0,6.775790006290106,0.0,0.0,0.0,2.8021041809622584,0.0,6.467990387205096,6.467990387205096,1.6094379124341003,1.6094379124341003,6.305623353943636,6.305623353943636,5.190573059534934,4.241840495196996,5.693972610127653,2.302585092994046,2.302585092994046,0.6931471805599453,0.6931471805599453,1.9459101490553132,1,1,0,0,15.275714285714287,0.0,0.0
998,37,7,1,0.0,0.0,1.0,1.0,0.0,7.798307894774708,0.0,0.0,0.0,5.55722649307087,0.0,7.3813166345077805,7.0559686740880805,2.1972245773362196,1.6094379124341003,7.451453210648394,7.352525803615857,5.975988261968483,5.080627665916291,7.0593322414752375,3.367295829986474,2.9444389791664403,1.3862943611198906,1.9459101490553132,2.70805020110221,1,0,0,0,0.0,0.0,0.0
638,1,31,1,0.0,0.0,1.0,0.0,0.0,4.502583597212991,0.0,0.0,0.0,2.8021041809622584,0.0,6.386590075996613,6.386590075996613,1.0986122886681098,1.0986122886681098,6.787820823538133,6.787820823538133,6.285465896518655,4.953913759600543,3.2044870874161013,2.302585092994046,2.302585092994046,0.6931471805599453,1.6094379124341003,0.6931471805599453,1,0,0,0,0.0,0.0,0.0
711,26,150,1,0.0,0.0,0.0,0.0,0.0,4.719630246355024,0.0,0.0,0.0,2.8021041809622584,0.0,5.984121581977724,5.984121581977724,1.3862943611198906,1.3862943611198906,6.559534295326376,6.559534295326376,0.0,5.915412378536312,0.0,1.6094379124341003,1.6094379124341003,0.0,0.6931471805599453,0.0,0,0,0,0,0.0,0.0,0.0
1294,51,172,1,0.0,0.0,1.0,0.0,0.0,6.888747921089686,0.0,0.0,0.0,2.8021041809622584,0.0,7.905210901833366,7.614072495495421,2.9444389791664403,2.70805020110221,7.894062225215934,7.648712551761127,7.187225152011898,3.8817994108325524,3.6959969218828004,3.1354942159291497,2.6390573296152584,1.3862943611198906,1.0986122886681098,1.0986122886681098,0,0,0,0,0.0,0.0,0.0
736,74,233,1,0.0,0.0,0.0,0.0,0.0,5.6584861997410245,0.0,0.0,0.0,2.8021041809622584,0.0,8.129504604815597,8.129504604815597,1.6094379124341003,1.6094379124341003,8.510107000709262,8.510107000709262,7.382835287299491,7.544848603520709,7.149636464918788,3.8918202981106265,3.8918202981106265,1.791759469228055,3.295836866004329,2.6390573296152584,0,0,0,0,0.0,0.0,0.0
1258,63,48,1,1.0,2.0794415416798357,1.0,0.0,0.0,4.997542817584085,5.883105492703863,0.0,0.0,2.8021041809622584,0.0,6.527768363317416,6.508115314590008,2.833213344056216,2.5649493574615367,7.04667090059597,6.905470528068256,6.062788033933216,0.0,6.320481125580702,3.044522437723423,2.772588722239781,1.6094379124341003,0.0,2.1972245773362196,1,1,0,0,0.1467857142857143,0.0,0.0
1364,39,63,1,1.0,0.0,1.0,0.0,0.0,0.0,8.486225902007895,0.0,5.567823648401214,2.8021041809622584,0.0,7.064750785999597,6.910757909429242,2.3978952727983707,2.0794415416798357,7.325641025840763,7.325641025840763,3.6031659358399066,6.306335243440475,6.837524396577857,3.4657359027997265,3.4657359027997265,0.6931471805599453,2.4849066497880004,2.9444389791664403,0,0,1,1,0.0,14.285714285714286,22.703928571428573
684,43,165,1,2.0,1.3862943611198906,0.0,0.0,0.0,3.0895153138481612,9.4636150721126,9.9267615984608,0.0,2.8021041809622584,0.0,7.317490779779768,7.313488922460023,1.3862943611198906,1.0986122886681098,6.551530743798232,6.551530743798232,5.6584861997410245,5.643530625613266,4.8914226656302775,2.6390573296152584,2.6390573296152584,0.6931471805599453,2.3978952727983707,1.0986122886681098,1,0,0,0,0.0,0.0,0.0
722,26,83,1,1.0,1.9459101490553132,0.0,0.0,0.0,8.504057074903955,6.145337637390419,7.572429496135545,0.0,2.8021041809622584,0.0,5.8158220641299625,0.007472014838700995,1.3862943611198906,0.6931471805599453,6.065362037928389,6.065362037928389,6.062788033933216,0.0,0.0,1.3862943611198906,1.3862943611198906,0.6931471805599453,0.0,0.0,0,0,0,0,0.0,0.0,0.0
189,16,22,2,0.0,0.0,0.0,0.0,1.0,9.811751205761785,0.0,0.0,0.0,2.8021041809622584,8.699917464728056,5.3025263534649385,4.715947788415834,1.3862943611198906,1.0986122886681098,4.738701578612614,4.675162557808126,0.0,0.0,0.0,1.6094379124341003,1.0986122886681098,0.0,0.0,0.0,1,0,0,0,0.0,0.0,0.0
636,51,82,1,1.0,0.0,0.0,1.0,0.0,7.872770050390559,7.80744381101,0.0,0.0,2.1680327712354157,0.0,7.148769340154332,7.144384911497252,2.302585092994046,1.6094379124341003,7.234478618542666,7.2327770039189625,0.0,4.183684575039922,6.330357321250917,2.6390573296152584,2.302585092994046,0.0,1.3862943611198906,1.0986122886681098,1,0,0,0,0.0,0.0,0.0
1600,44,200,1,1.0,0.0,1.0,0.0,0.0,5.499751244738124,8.89306273470236,0.0,0.0,2.8021041809622584,0.0,8.074670645728862,7.393611166048132,2.833213344056216,1.6094379124341003,8.082104425034851,7.384902971387757,6.14265165622092,4.969694244870222,4.28260085453587,2.70805020110221,2.4849066497880004,1.0986122886681098,1.0986122886681098,0.6931471805599453,0,0,1,1,0.0,3.9285714285714284,9.214285714285714
1236,24,151,1,1.0,0.0,0.0,0.0,0.0,7.731761691372896,0.0,0.0,0.0,2.8021041809622584,0.0,2.1855696198290473,0.0,0.6931471805599453,0.0,0.0,0.0,0.0,0.0,0.0,0.0,0.0,0.0,0.0,0.0,1,0,0,0,0.0,0.0,0.0
1523,42,111,1,0.0,0.0,0.0,0.0,0.0,8.08631235844217,0.0,0.0,0.0,2.8021041809622584,0.0,7.349921904090868,7.349921904090868,1.9459101490553132,1.9459101490553132,7.349485730110224,7.349485730110224,0.0,0.0,6.991735280277337,2.4849066497880004,2.4849066497880004,0.0,0.0,2.1972245773362196,1,0,0,0,0.0,0.0,0.0
264,48,109,1,0.0,0.0,0.0,0.0,0.0,8.408386108241608,0.0,0.0,0.0,2.8021041809622584,0.0,6.977772625515277,6.977772625515277,1.0986122886681098,1.0986122886681098,7.189652795963046,7.189652795963046,5.5254529391317835,0.0,6.977681048517689,1.6094379124341003,1.6094379124341003,0.6931471805599453,0.0,0.6931471805599453,0,0,0,0,0.0,0.0,0.0
346,52,71,1,0.0,0.0,1.0,0.0,0.0,5.520546213933846,0.0,0.0,6.150774852329221,2.8021041809622584,0.0,6.686451997617712,6.686451997617712,1.791759469228055,1.791759469228055,7.57688417311414,7.57688417311414,5.190573059534934,4.858149893588059,7.404083463736054,3.044522437723423,3.044522437723423,0.6931471805599453,1.9459101490553132,2.5649493574615367,1,0,0,0,0.0,0.0,0.0
904,23,152,1,0.0,0.0,0.0,0.0,0.0,8.231999829078607,0.0,0.0,0.0,2.8021041809622584,0.0,0.007826436249464021,0.007826436249464021,0.6931471805599453,0.6931471805599453,6.485548667838276,6.485548667838276,5.46685386837125,5.716882014102612,4.7427558489406545,2.70805020110221,2.70805020110221,0.6931471805599453,2.302585092994046,1.3862943611198906,0,0,0,1,0.0,0.0,8.321428571428571
1361,64,10,1,0.0,0.0,0.0,0.0,0.0,7.962121687563813,0.0,0.0,0.0,2.8021041809622584,0.0,0.004276556767260232,0.004276556767260232,0.6931471805599453,0.6931471805599453,1.086636097621394,1.086636097621394,0.0,0.0,0.0,0.6931471805599453,0.6931471805599453,0.0,0.0,0.0,0,0,0,0,0.0,0.0,0.0
542,24,25,1,0.0,0.0,1.0,0.0,0.0,7.330497886823488,0.0,0.0,0.0,2.8021041809622584,0.0,5.190583003797343,5.190583003797343,1.0986122886681098,1.0986122886681098,5.390175165165205,5.390175165165205,3.386808644210056,4.511553927830926,4.611223257701169,3.044522437723423,3.044522437723423,1.6094379124341003,2.70805020110221,1.0986122886681098,1,0,1,1,0.0,1.7857142857142858,20.214285714285715
131,47,92,1,0.0,0.0,0.0,0.0,0.0,6.8018223773204705,0.0,0.0,0.0,2.8021041809622584,0.0,3.1869427777651915,3.1869427777651915,0.6931471805599453,0.6931471805599453,3.2316510163569236,3.2316510163569236,0.0,0.0,3.1416861861770706,1.3862943611198906,1.3862943611198906,0.0,0.0,1.0986122886681098,1,1,1,0,3.1389285714285715,4.642857142857143,0.0
584,35,232,1,1.0,0.0,1.0,0.0,0.0,7.83967790791824,8.654438429172703,0.0,0.0,2.8021041809622584,0.0,6.915870121547785,6.915869767291296,1.9459101490553132,1.791759469228055,7.297037529088709,7.297037529088709,0.0,6.062130185406762,6.327362639348012,3.6888794541139363,3.6888794541139363,0.0,3.091042453358316,2.772588722239781,1,0,0,1,0.0,0.0,8.75
755,34,55,1,0.0,2.4849066497880004,0.0,0.0,0.0,6.382510120188357,0.0,7.681017252529498,0.0,2.8021041809622584,0.0,6.431213752759445,6.431213752759445,1.0986122886681098,1.0986122886681098,6.411407674396799,6.411407674396799,4.683453104382135,0.0,4.939599520979504,1.9459101490553132,1.9459101490553132,0.6931471805599453,0.0,1.3862943611198906,1,0,0,0,0.0,0.0,0.0
287,32,104,1,0.0,0.0,0.0,0.0,0.0,7.427971741895761,0.0,0.0,0.0,2.8021041809622584,0.0,6.296091306538142,6.296091306538142,1.791759469228055,1.791759469228055,6.158773681660742,6.158773681660742,0.0,5.161664781535682,5.6969748313357655,3.2188758248682006,3.2188758248682006,0.0,3.044522437723423,1.3862943611198906,1,1,0,0,18.486785714285713,0.0,0.0
1298,26,176,3,0.0,0.0,0.0,0.0,1.0,3.730432609842106,0.0,0.0,0.0,2.8021041809622584,6.462833872829893,8.79928202583487,5.190575048395327,1.6094379124341003,1.0986122886681098,9.463390792550138,3.106346819731762,0.0,0.0,0.0,1.9459101490553132,0.6931471805599453,0.0,0.0,0.0,0,0,0,1,0.0,0.0,25.243214285714284
1492,56,200,1,0.0,1.0986122886681098,0.0,0.0,0.0,1.954141484591613,0.0,9.10744914638057,0.0,2.8021041809622584,0.0,6.1813504280803775,6.1813504280803775,1.0986122886681098,1.0986122886681098,6.3159390778210875,6.3159390778210875,6.020329627504154,0.0,4.93857650298747,2.1972245773362196,2.1972245773362196,1.0986122886681098,0.0,1.791759469228055,1,1,0,0,0.8155357142857144,0.0,0.0
40,27,33,1,0.0,0.0,0.0,0.0,0.0,6.771634004895768,0.0,0.0,0.0,2.8021041809622584,0.0,0.001070855001492987,0.001070855001492987,0.6931471805599453,0.6931471805599453,2.9463169139906404,2.9463169139906404,0.0,0.0,2.9463169139906404,0.6931471805599453,0.6931471805599453,0.0,0.0,0.6931471805599453,1,0,0,0,0.0,0.0,0.0
1413,31,52,1,1.0,0.0,0.0,0.0,0.0,5.473513898146611,10.936466212718933,0.0,0.0,2.8021041809622584,0.0,2.005958374294956,0.004632112326561557,1.0986122886681098,0.6931471805599453,4.970985727093544,4.970985727093544,0.0,4.8196275499400905,3.056356895370426,2.772588722239781,2.772588722239781,0.0,2.70805020110221,0.6931471805599453,1,1,1,0,1.676607142857143,6.964285714285714,0.0
1191,69,46,1,1.0,0.0,0.0,1.0,0.0,6.811338379846977,6.46094125183909,0.0,0.0,5.704743917084177,0.0,6.683131614984228,6.593684251201952,2.0794415416798357,1.0986122886681098,6.018382034743677,5.9667271567293865,5.707110264748875,0.0,3.7083318800407516,2.995732273553991,2.70805020110221,2.0794415416798357,0.0,1.3862943611198906,1,0,1,1,0.0,0.21428571428571427,18.382857142857144
66,62,91,1,1.0,0.6931471805599453,0.0,1.0,0.0,4.628143551484933,8.3201678040553,0.0,0.0,6.534484194123826,0.0,7.6671475593598135,0.01769957709940092,2.302585092994046,0.6931471805599453,9.393172601925832,9.206973281111242,0.0,6.871047947494428,0.0,3.1780538303479458,1.791759469228055,0.0,2.70805020110221,0.0,1,0,0,0,0.0,0.0,0.0
1590,50,52,1,0.0,0.0,0.0,0.0,0.0,7.872450386333121,0.0,0.0,0.0,2.8021041809622584,0.0,9.796525974115038,9.796525974115038,3.367295829986474,3.367295829986474,10.101674373526805,10.101674373526805,7.929640784787792,8.198832348840572,9.79525585548697,4.430816798843313,4.430816798843313,1.9459101490553132,4.0943445622221,2.70805020110221,1,0,0,1,0.0,0.0,4.607142857142857
1023,49,150,1,0.0,0.0,0.0,0.0,0.0,7.978582616204716,0.0,0.0,0.0,2.8021041809622584,0.0,5.880948901492196,5.880948901492196,1.0986122886681098,1.0986122886681098,6.768527283317773,6.768527283317773,5.451651386468739,5.225714031091343,6.107897465416764,3.2188758248682006,3.2188758248682006,1.0986122886681098,2.4849066497880004,2.3978952727983707,0,0,0,0,0.0,0.0,0.0
518,52,115,1,0.0,0.0,0.0,0.0,0.0,7.4417377722285645,0.0,0.0,0.0,2.8021041809622584,0.0,6.28546988905793,6.28546988905793,1.3862943611198906,1.3862943611198906,6.323219040003134,6.323219040003134,4.836281906951478,5.88344176059116,3.7536969541904073,2.70805020110221,2.70805020110221,1.0986122886681098,2.0794415416798357,1.0986122886681098,0,0,1,1,0.0,4.928571428571429,12.208214285714286
291,72,12,2,0.0,0.0,0.0,0.0,0.0,6.692431076720059,0.0,0.0,0.0,2.8021041809622584,0.0,6.538195641932776,6.538195641932776,1.3862943611198906,1.3862943611198906,6.650232845339326,6.650232845339326,0.0,0.0,6.64583377362522,1.9459101490553132,1.9459101490553132,0.0,0.0,1.791759469228055,0,0,1,0,0.0,6.607142857142857,0.0
771,6,66,1,0.0,1.0986122886681098,0.0,0.0,0.0,2.92454311444108,0.0,0.0,0.0,2.8021041809622584,0.0,6.001085085254537,6.001085085254537,1.0986122886681098,1.0986122886681098,5.855481171236173,5.855481171236173,5.285376855272302,0.0,5.011349324829912,1.791759469228055,1.791759469228055,0.6931471805599453,0.0,1.3862943611198906,0,0,0,0,0.0,0.0,0.0
415,57,177,1,0.0,0.0,0.0,0.0,0.0,7.081191045241618,0.0,0.0,0.0,2.8021041809622584,0.0,4.68345640688659,4.68345640688659,1.0986122886681098,1.0986122886681098,3.3260632421531215,3.3260632421531215,2.7269186854065928,2.605859260205663,0.0,2.3978952727983707,2.3978952727983707,1.0986122886681098,2.1972245773362196,0.0,1,0,1,1,0.0,16.428571428571427,27.2575
69,41,17,1,0.0,0.0,0.0,0.0,0.0,7.555282514912203,0.0,0.0,0.0,2.8021041809622584,0.0,8.25635277958105,8.25635277958105,1.3862943611198906,1.3862943611198906,6.897196516643494,6.897196516643494,4.917893242397641,5.298727996513725,6.4841776609530175,3.091042453358316,3.091042453358316,1.0986122886681098,2.3978952727983707,2.302585092994046,1,1,0,0,42.71660714285714,0.0,0.0
1601,22,139,1,1.0,1.9459101490553132,0.0,0.0,0.0,0.5454340683911113,9.44610316467877,10.704958776379115,0.0,2.8021041809622584,0.0,7.612079760132207,7.612063337443999,1.9459101490553132,1.791759469228055,6.933219370909266,6.933219370909266,0.0,5.672359376170025,6.596707094701083,2.5649493574615367,2.5649493574615367,0.0,2.0794415416798357,1.6094379124341003,1,0,0,0,0.0,0.0,0.0
580,57,40,1,1.0,2.0794415416798357,0.0,0.0,0.0,1.6144965246249603,9.697274993562024,7.828736137852618,0.0,2.8021041809622584,0.0,5.804302005920112,5.8043009292916175,1.791759469228055,1.6094379124341003,4.87383325260361,4.87383325260361,0.0,3.386808644210056,4.62532289205557,1.6094379124341003,1.6094379124341003,0.0,1.0986122886681098,0.6931471805599453,0,0,0,0,0.0,0.0,0.0
1505,60,176,1,3.0,0.0,1.0,1.0,0.0,4.30588775546999,8.098235031566261,0.0,6.1975237019583345,5.989222750444252,0.0,5.654429652224293,5.615683493452455,2.0794415416798357,1.0986122886681098,6.590938600019365,6.587697583629018,6.349887961580832,3.497589227337221,4.769473237279367,2.833213344056216,2.5649493574615367,1.3862943611198906,0.6931471805599453,1.9459101490553132,1,0,1,0,0.0,0.21428571428571427,0.0
924,30,135,1,0.0,0.0,1.0,1.0,0.0,5.836421802842865,0.0,0.0,0.0,6.1666116192015155,0.0,11.132726592355802,11.11110298051712,2.3978952727983707,1.3862943611198906,11.076114593026684,11.069434221487978,0.0,6.056025110413337,11.034181412123978,3.828641396489095,3.091042453358316,0.0,3.044522437723423,2.833213344056216,0,0,1,0,0.0,25.040357142857143,0.0
880,49,64,1,0.0,0.0,0.0,0.0,0.0,4.270376539745434,0.0,0.0,0.0,2.8021041809622584,0.0,2.213011996041439,2.213011996041439,1.0986122886681098,1.0986122886681098,3.7711175523509084,3.7711175523509084,2.9368917735310576,3.241475656785442,0.0,2.302585092994046,2.302585092994046,1.0986122886681098,2.0794415416798357,0.0,0,1,0,0,1.2494642857142857,0.0,0.0
993,19,38,1,1.0,1.3862943611198906,0.0,0.0,0.0,1.1135009011618604,8.594555474795252,0.0,0.0,2.8021041809622584,0.0,7.801689674189635,7.7989453221570475,2.0794415416798357,1.9459101490553132,8.175269120516777,8.175269120516777,0.0,6.086327386610812,8.042318403029629,3.258096538021482,3.258096538021482,0.0,2.5649493574615367,2.5649493574615367,0,1,0,0,0.27464285714285713,0.0,0.0
718,2,13,1,0.0,0.0,1.0,0.0,1.0,5.6146910137132435,0.0,0.0,5.377544356999339,2.8021041809622584,6.965039875336927,6.981391022306435,6.717867743649317,2.6390573296152584,2.3978952727983707,6.774178579208812,6.717867743649317,5.94840791478631,0.0,3.6031659358399066,3.2188758248682006,2.772588722239781,1.3862943611198906,0.0,0.6931471805599453,0,1,0,0,8.301785714285714,0.0,0.0
680,37,26,1,0.0,0.0,0.0,0.0,0.0,0.4097416648754246,0.0,0.0,0.0,2.8021041809622584,0.0,6.4108214069464005,6.4108214069464005,1.0986122886681098,1.0986122886681098,5.123751371769844,5.123751371769844,4.968820743663249,0.0,3.1103356562929947,1.791759469228055,1.791759469228055,1.0986122886681098,0.0,0.6931471805599453,1,0,0,0,0.0,0.0,0.0
935,46,49,1,0.0,0.0,1.0,0.0,0.0,7.796458816574935,0.0,0.0,0.0,2.8021041809622584,0.0,6.865280133045468,6.468325193541607,2.6390573296152584,2.4849066497880004,6.885933185364371,6.468325193541607,5.149983072042218,0.0,5.041580097945677,3.091042453358316,2.4849066497880004,1.3862943611198906,0.0,1.791759469228055,0,1,0,0,2.3448214285714286,0.0,0.0
1035,32,145,3,1.0,0.6931471805599453,0.0,0.0,0.0,4.659675281302346,8.443723323323116,9.622145009403742,0.0,2.8021041809622584,0.0,6.828895264508342,6.827730219962386,1.6094379124341003,1.3862943611198906,5.839706835181197,5.839706835181197,5.190573059534934,0.0,5.07829394257007,2.0794415416798357,2.0794415416798357,0.6931471805599453,0.0,1.791759469228055,0,0,0,1,0.0,0.0,15.678571428571429
568,42,151,1,0.0,0.0,0.0,1.0,0.0,6.698238548659874,0.0,0.0,0.0,5.835176167360843,0.0,2.960068085603465,0.001070855001492987,1.6094379124341003,0.6931471805599453,1.9356536488881242,1.519825753744413,0.0,0.0,0.0,1.9459101490553132,1.0986122886681098,0.0,0.0,0.0,0,0,1,0,0.0,5.356071428571428,0.0
1293,31,151,1,1.0,0.0,1.0,0.0,0.0,6.145358306178827,5.5534439637152975,0.0,0.0,2.8021041809622584,0.0,9.738789254139903,9.6212138285661,3.1354942159291497,2.70805020110221,9.747538005717372,9.633452798508346,5.229579564568908,0.0,9.487731278711477,3.1780538303479458,2.772588722239781,0.6931471805599453,0.0,1.791759469228055,0,0,1,1,0.0,89.76107142857143,11.546071428571429
492,24,139,1,0.0,0.0,0.0,1.0,0.0,9.087927025815594,0.0,0.0,0.0,2.8298884951356866,0.0,6.255885760538769,6.1970367656501555,2.1972245773362196,1.3862943611198906,7.01402241924593,6.874269773752055,5.633257818340763,0.0,6.4996796235012315,3.5553480614894135,3.258096538021482,2.4849066497880004,0.0,1.9459101490553132,0,0,1,1,0.0,13.214285714285714,1.0714285714285714
1078,27,169,1,0.0,0.0,0.0,0.0,0.0,4.720044232731231,0.0,0.0,0.0,2.8021041809622584,0.0,6.539476535923874,6.539476535923874,1.3862943611198906,1.3862943611198906,6.552462033120059,6.552462033120059,5.351004688827043,5.793369599018927,5.029036379467147,3.9318256327243257,3.9318256327243257,2.3978952727983707,3.4011973816621555,0.6931471805599453,0,0,0,1,0.0,0.0,9.285714285714286
486,43,195,2,0.0,0.0,0.0,0.0,0.0,7.50467943465,0.0,0.0,0.0,2.8021041809622584,0.0,0.06331008835145323,0.06331008835145323,0.6931471805599453,0.6931471805599453,1.8772816426662169,1.8772816426662169,0.0,0.0,0.0,0.6931471805599453,0.6931471805599453,0.0,0.0,0.0,1,0,0,0,0.0,0.0,0.0
1213,36,152,1,0.0,0.0,1.0,0.0,0.0,7.387920717778665,0.0,0.0,0.0,2.8021041809622584,0.0,7.618769215648751,7.618769215648751,2.4849066497880004,2.4849066497880004,7.3103591548092695,7.3103591548092695,7.15984718272843,0.0,5.327702783440209,2.8903717578961645,2.8903717578961645,2.1972245773362196,0.0,1.791759469228055,1,0,1,0,0.0,2.392857142857143,0.0
1573,69,181,1,1.0,0.0,1.0,1.0,0.0,0.5545006872686523,7.645368492197433,0.0,0.0,5.674086353463031,0.0,8.272159285017997,7.508660282885119,3.1354942159291497,2.3978952727983707,7.728620738714812,7.113479127293843,4.836281906951478,5.552335082097636,6.693367922911162,3.8501476017100584,2.995732273553991,1.9459101490553132,2.9444389791664403,2.1972245773362196,0,0,1,0,0.0,5.142857142857143,0.0
735,23,53,1,0.0,0.0,0.0,0.0,0.0,5.246995876274264,0.0,0.0,0.0,2.8021041809622584,0.0,5.79083680707244,5.79083680707244,1.9459101490553132,1.9459101490553132,5.831693938354907,5.831693938354907,5.371966049571182,4.661145360393739,2.8622008809294686,3.044522437723423,3.044522437723423,1.9459101490553132,2.1972245773362196,0.6931471805599453,1,1,0,0,4.37375,0.0,0.0
930,26,117,1,2.0,0.0,0.0,0.0,0.0,6.745468255365224,8.32233830527031,0.0,0.0,2.8021041809622584,0.0,0.9773858312339659,0.028865080396172103,1.0986122886681098,0.6931471805599453,1.086636097621394,1.086636097621394,0.0,0.0,0.0,0.6931471805599453,0.6931471805599453,0.0,0.0,0.0,0,0,0,0,0.0,0.0,0.0
178,20,46,1,1.0,0.0,0.0,0.0,0.0,4.472899223177864,0.10468171389545851,0.0,0.0,2.8021041809622584,0.0,2.3508308913362077,0.06331008835145323,1.0986122886681098,0.6931471805599453,7.255389478268721,7.255389478268721,0.0,0.0,7.255389478268721,1.6094379124341003,1.6094379124341003,0.0,0.0,1.6094379124341003,1,1,0,0,1.5814285714285714,0.0,0.0
757,50,108,1,0.0,0.0,0.0,0.0,0.0,7.092769041868241,0.0,0.0,0.0,2.8021041809622584,0.0,7.076987977752226,7.076987977752226,1.791759469228055,1.791759469228055,7.020085379134209,7.020085379134209,6.285465896518655,0.0,5.8996037684162195,2.0794415416798357,2.0794415416798357,1.0986122886681098,0.0,1.0986122886681098,0,1,0,0,9.93982142857143,0.0,0.0
687,43,57,2,0.0,0.0,0.0,0.0,0.0,5.827737955907167,0.0,0.0,0.0,2.8021041809622584,0.0,7.867626437402386,7.867626437402386,1.791759469228055,1.791759469228055,7.090103918742678,7.090103918742678,3.15942908051024,5.200302818949633,6.897235857656271,3.044522437723423,3.044522437723423,0.6931471805599453,2.1972245773362196,2.302585092994046,0,0,0,0,0.0,0.0,0.0
1401,51,81,1,1.0,0.0,0.0,0.0,0.0,6.782919844230694,7.266230850817004,0.0,0.0,2.8021041809622584,0.0,7.812826882562829,7.808499792186989,2.1972245773362196,2.0794415416798357,8.347074024573892,8.347074024573892,7.265129978035143,5.836792898266596,7.801975671386241,2.8903717578961645,2.8903717578961645,0.6931471805599453,1.0986122886681098,2.6390573296152584,1,0,0,0,0.0,0.0,0.0
915,59,180,1,0.0,0.6931471805599453,1.0,0.0,0.0,3.538990513495131,0.0,9.523783545214908,5.173885265841331,2.8021041809622584,0.0,6.327814327252114,6.327814327252114,1.0986122886681098,1.0986122886681098,6.500592301738155,6.500592301738155,5.190573059534934,0.0,6.18642905815687,2.3978952727983707,2.3978952727983707,0.6931471805599453,0.0,2.1972245773362196,1,1,0,0,3.490535714285714,0.0,0.0
1431,19,231,1,0.0,0.0,0.0,0.0,0.0,6.953987071266488,0.0,0.0,0.0,2.8021041809622584,0.0,6.572695544310185,6.572695544310185,1.0986122886681098,1.0986122886681098,6.5065151615891095,6.5065151615891095,0.0,0.0,6.285465896518655,1.791759469228055,1.791759469228055,0.0,0.0,0.6931471805599453,0,0,0,1,0.0,0.0,16.47642857142857
1496,28,103,1,0.0,0.0,0.0,1.0,0.0,8.181833635536151,0.0,0.0,0.0,2.1036549453913165,0.0,9.740928601229088,9.697896067442125,2.4849066497880004,1.791759469228055,9.659739609741575,9.598795338738878,6.392634730933265,6.843331417937513,9.504529007547468,4.442651256490317,3.1354942159291497,1.3862943611198906,4.110873864173311,2.772588722239781,0,1,0,0,5.77125,0.0,0.0
773,68,42,1,0.0,0.0,0.0,0.0,0.0,7.434952018886515,0.0,0.0,0.0,2.8021041809622584,0.0,0.002496880198587199,0.002496880198587199,0.6931471805599453,0.6931471805599453,6.84092957280127,6.84092957280127,5.6584861997410245,6.467865083162436,0.0,2.302585092994046,2.302585092994046,1.0986122886681098,1.6094379124341003,0.0,0,0,0,0,0.0,0.0,0.0
589,39,150,1,1.0,0.0,1.0,0.0,0.0,5.131009678301629,1.1479691856382022,0.0,0.0,2.8021041809622584,0.0,7.509758659738768,7.4981947712305335,1.9459101490553132,1.791759469228055,7.0177621265597026,7.0177621265597026,0.0,0.0,7.0177621265597026,2.0794415416798357,2.0794415416798357,0.0,0.0,2.0794415416798357,1,0,0,0,0.0,0.0,0.0
1317,39,176,1,0.0,0.0,0.0,0.0,0.0,6.078039444925865,0.0,0.0,0.0,2.8021041809622584,0.0,6.983268182125318,6.983268182125318,1.9459101490553132,1.9459101490553132,6.612460013869392,6.612460013869392,5.190573059534934,6.158092923038175,4.508895255246916,3.58351893845611,3.58351893845611,1.0986122886681098,3.4011973816621555,1.3862943611198906,0,1,0,0,5.987678571428572,0.0,0.0
1085,32,103,1,0.0,0.0,1.0,0.0,1.0,0.429228136620441,0.0,0.0,0.0,2.8021041809622584,7.233968953578366,8.297294281270437,7.955378612911599,2.995732273553991,2.772588722239781,8.212045672617577,7.820235761065319,6.7464121285733745,5.741962124112654,4.907388944130765,3.5553480614894135,3.091042453358316,1.6094379124341003,2.1972245773362196,1.6094379124341003,1,1,0,0,3.7639285714285715,0.0,0.0
303,32,87,3,0.0,0.0,1.0,1.0,0.0,8.017581950737808,0.0,0.0,5.631168258088763,5.592534290272136,0.0,8.210539334993781,7.892453110812594,3.367295829986474,3.091042453358316,8.29030280805687,7.892453110812594,5.451651386468739,5.853970210342198,6.630259247461221,4.219507705176107,3.6888794541139363,1.3862943611198906,3.044522437723423,2.70805020110221,1,0,0,1,0.0,0.0,5.178571428571429
611,35,181,1,0.0,0.0,1.0,0.0,1.0,6.85101295503537,0.0,0.0,0.0,2.8021041809622584,7.8305922516763165,8.317333072110358,7.903180350044112,3.1780538303479458,2.8903717578961645,8.320317318245358,7.903180350044112,0.0,5.117959594551604,6.1173889548482565,3.6109179126442243,3.091042453358316,0.0,2.302585092994046,1.3862943611198906,1,1,0,1,17.25375,0.0,10.386785714285713
1022,71,53,1,0.0,0.0,0.0,1.0,0.0,5.93114283699845,0.0,0.0,0.0,6.976983122860913,0.0,6.902637921902564,6.569934132991612,2.1972245773362196,1.0986122886681098,6.858977239739198,6.570638834903851,5.707110264748875,5.539563220874223,4.802849398436366,3.5553480614894135,2.3978952727983707,1.3862943611198906,3.1354942159291497,1.6094379124341003,1,0,0,0,0.0,0.0,0.0
649,21,39,1,0.0,0.0,1.0,0.0,0.0,9.640716210580981,0.0,0.0,0.0,2.8021041809622584,0.0,8.171168878627931,7.911275709250165,3.4657359027997265,3.295836866004329,8.178764943050721,7.911799267347163,5.775881627762223,6.002455708103824,6.571143032560009,4.110873864173311,3.7376696182833684,1.791759469228055,2.833213344056216,2.5649493574615367,0,0,1,0,0.0,3.0,0.0
623,39,129,1,0.0,0.0,0.0,0.0,0.0,7.382917899148653,0.0,0.0,0.0,2.8021041809622584,0.0,8.561642109262529,8.561642109262529,1.791759469228055,1.791759469228055,8.406826355499623,8.406826355499623,0.0,5.843314576955557,8.326222913450442,3.295836866004329,3.295836866004329,0.0,2.833213344056216,2.302585092994046,0,0,0,0,0.0,0.0,0.0
1068,46,24,1,0.0,0.0,0.0,1.0,0.0,8.007534862287173,0.0,0.0,0.0,6.944400907470975,0.0,7.746366437351885,7.712224189659094,2.1972245773362196,1.3862943611198906,7.549616120017565,7.507911748403625,6.642611584045348,5.532166267718659,6.029740445932873,3.258096538021482,3.091042453358316,1.3862943611198906,1.9459101490553132,1.791759469228055,1,0,0,0,0.0,0.0,0.0
1397,18,81,1,0.0,0.0,0.0,0.0,0.0,1.2873615560966198,0.0,0.0,0.0,2.8021041809622584,0.0,0.014888612493750654,0.014888612493750654,0.6931471805599453,0.6931471805599453,5.626390912287676,5.626390912287676,5.5254529391317835,0.0,3.1890497011851777,1.791759469228055,1.791759469228055,1.0986122886681098,0.0,1.0986122886681098,1,0,0,0,0.0,0.0,0.0
1322,63,52,1,0.0,1.0986122886681098,1.0,0.0,0.0,6.121826077272772,0.0,0.0,4.550996808289771,2.8021041809622584,0.0,6.730550466439608,6.730550466439608,1.0986122886681098,1.0986122886681098,6.700517591762417,6.700517591762417,5.338224657139891,4.925113715896011,5.828735511505852,2.772588722239781,2.772588722239781,0.6931471805599453,1.9459101490553132,1.791759469228055,1,0,1,0,0.0,14.285714285714286,0.0
1372,10,176,1,1.0,0.0,0.0,0.0,0.0,5.419464578282799,6.309989704247046,0.0,0.0,2.8021041809622584,0.0,3.1237641967797507,0.0028530689824064464,1.0986122886681098,0.6931471805599453,0.0,0.0,0.0,0.0,0.0,0.0,0.0,0.0,0.0,0.0,1,0,0,1,0.0,0.0,10.464285714285714
304,78,49,1,0.0,0.0,0.0,0.0,1.0,7.21228709384188,0.0,0.0,0.0,2.8021041809622584,8.932183976339847,6.460335280405085,6.317556564568921,1.3862943611198906,1.0986122886681098,6.849255629953812,6.831760913321824,6.380606681184216,4.639571612705423,0.0,2.70805020110221,2.5649493574615367,2.0794415416798357,0.6931471805599453,0.0,0,0,0,1,0.0,0.0,20.071428571428573
1209,50,19,1,0.0,0.0,0.0,0.0,0.0,6.379683578586188,0.0,0.0,0.0,2.8021041809622584,0.0,6.943813028201756,6.943813028201756,1.0986122886681098,1.0986122886681098,7.000272601349375,7.000272601349375,0.0,0.0,0.0,1.0986122886681098,1.0986122886681098,0.0,0.0,0.0,1,0,0,1,0.0,0.0,9.428571428571429
372,39,172,1,2.0,0.0,0.0,0.0,0.0,9.97556258594498,8.83710212295712,0.0,0.0,2.8021041809622584,0.0,5.190579026104246,5.190579026104246,1.0986122886681098,1.0986122886681098,4.794313658605504,4.794313658605504,4.777922291765895,0.0,0.0,1.6094379124341003,1.6094379124341003,1.3862943611198906,0.0,0.0,0,1,1,1,24.545892857142857,1.7867857142857144,17.214285714285715
1539,76,3,1,3.0,0.0,1.0,1.0,0.0,3.855452653939752,2.2492596600228523,0.0,0.0,2.885239563066196,0.0,6.813104667329195,6.199717060925501,2.302585092994046,1.0986122886681098,6.97100602933444,6.21146244174222,3.999510459551262,5.888303990716605,3.258096538021482,2.833213344056216,1.6094379124341003,0.6931471805599453,2.0794415416798357,0.6931471805599453,0,0,0,0,0.0,0.0,0.0
1570,70,7,1,0.0,0.0,0.0,0.0,0.0,0.0,0.0,0.0,0.0,2.8021041809622584,0.0,5.682387365748285,5.682387365748285,1.3862943611198906,1.3862943611198906,5.876434415161222,5.876434415161222,5.870909816709239,0.0,0.0,1.0986122886681098,1.0986122886681098,0.6931471805599453,0.0,0.0,1,0,0,0,0.0,0.0,0.0
1109,25,46,1,0.0,0.0,0.0,0.0,0.0,7.442738529053278,0.0,0.0,0.0,2.8021041809622584,0.0,0.0,0.0,0.0,0.0,0.7967024963960077,0.7967024963960077,0.0,0.0,0.0,0.6931471805599453,0.6931471805599453,0.0,0.0,0.0,0,0,0,0,0.0,0.0,0.0
855,35,150,1,0.0,0.6931471805599453,0.0,0.0,0.0,3.9131723446846673,0.0,7.066527914159892,0.0,2.8021041809622584,0.0,6.686672994653865,6.686672994653865,1.791759469228055,1.791759469228055,5.761085057997407,5.761085057997407,5.5254529391317835,3.981948774963698,2.4577556607220497,1.791759469228055,1.791759469228055,1.0986122886681098,0.6931471805599453,0.6931471805599453,1,0,0,1,0.0,0.0,17.642857142857142
366,21,75,1,0.0,0.0,1.0,0.0,0.0,6.3368845157649885,0.0,0.0,0.0,2.8021041809622584,0.0,3.646018552076559,0.00035707909681323224,1.0986122886681098,0.6931471805599453,0.0,0.0,0.0,0.0,0.0,0.0,0.0,0.0,0.0,0.0,1,0,0,0,0.0,0.0,0.0
960,15,53,1,0.0,0.0,0.0,0.0,0.0,6.24675647132053,0.0,0.0,0.0,2.8021041809622584,0.0,0.0,0.0,0.0,0.0,2.2735975561207935,2.2735975561207935,2.097141118779237,0.0,0.0,1.3862943611198906,1.3862943611198906,0.6931471805599453,0.0,0.0,1,0,0,1,0.0,0.0,9.821428571428571
1558,42,48,2,0.0,0.0,0.0,0.0,0.0,5.852418999846269,0.0,0.0,0.0,2.8021041809622584,0.0,5.965467020988164,5.965467020988164,1.3862943611198906,1.3862943611198906,6.303110743870454,6.303110743870454,5.929589143389895,3.4584774812197896,4.943681159299152,2.70805020110221,2.70805020110221,2.0794415416798357,1.791759469228055,0.6931471805599453,0,0,0,1,0.0,0.0,8.5
946,48,154,1,1.0,0.6931471805599453,0.0,1.0,0.0,9.193367683053019,7.4938925685392554,7.0325429312802825,0.0,2.9357926849058913,0.0,4.114176367430603,0.031291004302939955,2.0794415416798357,0.6931471805599453,1.2110902720948,0.6567795363890705,0.0,0.0,0.0,1.6094379124341003,1.0986122886681098,0.0,0.0,0.0,1,0,1,0,0.0,0.6442857142857142,0.0
973,39,105,1,0.0,0.0,0.0,0.0,0.0,7.399293010096195,0.0,0.0,0.0,2.8021041809622584,0.0,0.001070855001492987,0.001070855001492987,0.6931471805599453,0.6931471805599453,3.18398856586776,3.18398856586776,0.0,3.18398856586776,0.0,0.6931471805599453,0.6931471805599453,0.0,0.6931471805599453,0.0,0,1,0,0,0.6864285714285714,0.0,0.0
890,35,22,1,1.0,0.0,0.0,0.0,0.0,6.932881247137772,9.724877222043261,0.0,0.0,2.8021041809622584,0.0,7.241115023760915,7.241114256068778,1.791759469228055,1.6094379124341003,7.364234833079442,7.364234833079442,0.0,0.0,7.072906455362116,1.6094379124341003,1.6094379124341003,0.0,0.0,0.6931471805599453,1,1,1,0,8.936964285714286,4.25,0.0
242,45,146,1,0.0,0.0,0.0,0.0,0.0,6.565070786192959,0.0,0.0,0.0,2.8021041809622584,0.0,0.016295082486502386,0.016295082486502386,0.6931471805599453,0.6931471805599453,5.331683060391837,5.331683060391837,0.0,0.0,5.162538552403442,1.3862943611198906,1.3862943611198906,0.0,0.0,0.6931471805599453,0,0,0,0,0.0,0.0,0.0
1375,65,93,1,0.0,0.0,0.0,0.0,0.0,3.8883083073805866,0.0,0.0,0.0,2.8021041809622584,0.0,6.669694771022485,6.669694771022485,1.0986122886681098,1.0986122886681098,6.4256790685021326,6.4256790685021326,0.0,6.060040665098591,5.229579564568908,2.1972245773362196,2.1972245773362196,0.0,1.9459101490553132,0.6931471805599453,0,0,0,0,0.0,0.0,0.0
767,58,9,1,2.0,1.3862943611198906,0.0,0.0,0.0,0.0,8.99186474820212,6.05252772820542,0.0,2.8021041809622584,0.0,7.573041310115063,7.572452278267447,1.791759469228055,1.6094379124341003,8.149620820310997,7.294482835256972,0.0,4.415543439725024,5.750188847470357,2.6390573296152584,2.4849066497880004,0.0,1.6094379124341003,1.791759469228055,0,1,0,0,0.6869642857142857,0.0,0.0
494,58,151,1,0.0,0.0,0.0,0.0,1.0,6.574644885029949,0.0,0.0,0.0,2.8021041809622584,8.18100091560234,7.368736633204784,7.302257176781216,1.6094379124341003,1.3862943611198906,7.307640563071744,7.3020462839236355,6.337331292330111,0.0,6.2461759768184075,2.995732273553991,2.8903717578961645,1.3862943611198906,0.0,2.302585092994046,0,1,0,0,4.361785714285714,0.0,0.0
858,8,25,1,0.0,0.0,0.0,0.0,0.0,6.494128742551541,0.0,0.0,0.0,2.8021041809622584,0.0,4.266705966686085,4.266705966686085,1.3862943611198906,1.3862943611198906,3.1869427777651915,3.1869427777651915,0.0,0.0,2.837406222316252,1.0986122886681098,1.0986122886681098,0.0,0.0,0.6931471805599453,1,0,0,0,0.0,0.0,0.0
339,16,60,1,0.0,0.0,0.0,0.0,0.0,6.1983393339567145,0.0,0.0,0.0,2.8021041809622584,0.0,5.829787699934135,5.829787699934135,1.0986122886681098,1.0986122886681098,5.8616619083180135,5.8616619083180135,3.859224819861175,5.719914742296207,0.0,3.4011973816621555,3.4011973816621555,1.6094379124341003,3.258096538021482,0.0,1,1,0,0,8.502857142857144,0.0,0.0
1152,16,179,1,0.0,0.0,0.0,0.0,0.0,6.590745415698859,0.0,0.0,0.0,2.8021041809622584,0.0,5.109838319834512,5.109838319834512,1.3862943611198906,1.3862943611198906,5.029316845041836,5.029316845041836,2.9368917735310576,4.757645994613552,2.8519443807622795,2.5649493574615367,2.5649493574615367,0.6931471805599453,2.302585092994046,0.6931471805599453,1,0,0,0,0.0,0.0,0.0
417,33,183,1,0.0,0.0,1.0,0.0,0.0,6.434387712323754,0.0,0.0,5.4988062272974405,2.8021041809622584,0.0,6.570291550995769,6.570291550995769,1.6094379124341003,1.6094379124341003,6.692164384416272,6.692164384416272,3.999510459551262,5.06119713055748,6.389761165737534,2.833213344056216,2.833213344056216,0.6931471805599453,2.1972245773362196,2.0794415416798357,0,0,0,1,0.0,0.0,36.050714285714285
712,51,48,1,0.0,0.0,1.0,0.0,1.0,8.175513318564919,0.0,0.0,0.0,2.8021041809622584,7.594065569754473,6.907792778279029,6.529051721873865,2.1972245773362196,1.791759469228055,6.856158179051859,6.529051721873865,5.850559094030745,0.0,0.0,2.3978952727983707,1.791759469228055,0.6931471805599453,0.0,0.0,0,0,0,0,0.0,0.0,0.0
1576,66,219,1,0.0,0.0,1.0,0.0,0.0,7.676316007631951,0.0,0.0,6.939328694078369,2.8021041809622584,0.0,7.366148915182724,7.136931738511858,2.772588722239781,2.6390573296152584,7.369410541312874,7.136931738511858,5.371966049571182,0.0,5.934506743396577,3.367295829986474,2.8903717578961645,0.6931471805599453,0.0,2.4849066497880004,1,0,0,0,0.0,0.0,0.0
46,45,95,1,1.0,0.6931471805599453,0.0,0.0,0.0,6.224545699349922,8.196819475448704,7.545417308881716,0.0,2.8021041809622584,0.0,7.812529232335769,7.812163839485974,1.9459101490553132,1.791759469228055,8.364979384638765,7.893167540733065,6.872424134496861,6.011674129401869,6.38495346416943,3.58351893845611,3.4965075614664802,1.791759469228055,2.302585092994046,2.833213344056216,1,0,1,0,0.0,7.152500000000001,0.0
1075,29,101,1,0.0,0.0,0.0,0.0,0.0,6.9301962295633235,0.0,0.0,0.0,2.8021041809622584,0.0,6.977696367435921,6.977696367435921,1.0986122886681098,1.0986122886681098,6.757185679426024,6.757185679426024,0.0,0.0,0.0,1.6094379124341003,1.6094379124341003,0.0,0.0,0.0,0,0,0,0,0.0,0.0,0.0
230,40,271,1,0.0,0.0,1.0,0.0,0.0,11.224389108674272,0.0,0.0,0.0,2.8021041809622584,0.0,8.547924745382705,8.158362046996094,3.295836866004329,3.1354942159291497,8.581540890777063,8.155145882951995,0.0,4.73714724626371,7.145252465091539,3.7376696182833684,3.1354942159291497,0.0,1.0986122886681098,2.5649493574615367,1,0,1,0,0.0,1.9642857142857142,0.0
1184,28,80,1,0.0,0.6931471805599453,1.0,0.0,0.0,7.733475267871449,0.0,0.0,6.67792828240685,2.8021041809622584,0.0,7.980260681636992,7.62217844069513,2.1972245773362196,1.3862943611198906,8.043803378372948,7.622174594817622,0.0,0.0,7.059034493156314,2.302585092994046,1.6094379124341003,0.0,0.0,1.3862943611198906,0,0,0,0,0.0,0.0,0.0
1020,21,150,1,0.0,0.0,0.0,0.0,0.0,5.4887857075186135,0.0,0.0,0.0,2.8021041809622584,0.0,0.0017841217935013985,0.0017841217935013985,0.6931471805599453,0.6931471805599453,0.0,0.0,0.0,0.0,0.0,0.0,0.0,0.0,0.0,0.0,1,0,0,0,0.0,0.0,0.0
793,63,20,1,1.0,0.0,0.0,0.0,0.0,3.074972461492492,8.295467206308691,0.0,0.0,2.8021041809622584,0.0,6.852712482787007,6.851903112469891,1.791759469228055,1.6094379124341003,6.923069557376802,6.923069557376802,0.0,4.08963109029342,6.848649592285174,2.1972245773362196,2.1972245773362196,0.0,0.6931471805599453,1.791759469228055,0,0,1,0,0.0,6.892857142857143,0.0
1230,45,20,1,0.0,0.6931471805599453,1.0,1.0,0.0,1.4132492212599437,0.0,9.126919437729741,0.0,5.988316740817251,0.0,7.520930791011873,7.51777780516502,3.4657359027997265,3.295836866004329,8.002747690459843,7.631662343247736,5.62040086571715,6.628010668980936,6.919996830225885,4.465908118654584,4.0943445622221,1.9459101490553132,3.295836866004329,3.044522437723423,0,1,0,0,1.5474999999999999,0.0,0.0
120,32,14,1,2.0,0.0,0.0,0.0,0.0,5.061439302136095,1.713540494367811,0.0,0.0,2.8021041809622584,0.0,6.944344441983251,6.929524458740807,1.3862943611198906,1.0986122886681098,6.568052830840639,6.568052830840639,4.747413519214636,4.945588707407301,6.126713214371999,2.995732273553991,2.995732273553991,0.6931471805599453,2.302585092994046,2.1972245773362196,1,0,0,1,0.0,0.0,7.297857142857143
526,73,40,1,0.0,0.0,0.0,0.0,1.0,5.474267478249406,0.0,0.0,0.0,2.8021041809622584,8.874008125555884,6.235923586369626,5.886602914923607,1.6094379124341003,1.3862943611198906,5.900973095703736,5.8932214992190195,0.0,0.0,4.824305715904762,1.9459101490553132,1.791759469228055,0.0,0.0,1.3862943611198906,1,0,0,0,0.0,0.0,0.0
1537,29,65,1,0.0,0.0,0.0,0.0,0.0,5.417402728412563,0.0,0.0,0.0,2.8021041809622584,0.0,5.016607898721512,5.016607898721512,1.3862943611198906,1.3862943611198906,6.146604533328621,6.146604533328621,4.8075277695424665,5.205692862799325,5.085831109707815,2.995732273553991,2.995732273553991,1.3862943611198906,2.6390573296152584,0.6931471805599453,1,1,0,1,38.43142857142857,0.0,3.892857142857143
198,54,5,1,0.0,1.3862943611198906,0.0,0.0,0.0,8.2922959604472,0.0,0.0,0.0,2.8021041809622584,0.0,5.935008512592334,5.935008512592334,1.0986122886681098,1.0986122886681098,5.9783973997389825,5.9783973997389825,5.190573059534934,3.4054739384294157,5.218230015020835,2.4849066497880004,2.4849066497880004,0.6931471805599453,1.3862943611198906,1.9459101490553132,0,0,0,0,0.0,0.0,0.0
1567,39,176,1,0.0,0.0,0.0,0.0,0.0,1.8747648169135274,0.0,0.0,0.0,2.8021041809622584,0.0,0.00035707909681323224,0.00035707909681323224,0.6931471805599453,0.6931471805599453,0.0,0.0,0.0,0.0,0.0,0.0,0.0,0.0,0.0,0.0,0,0,0,0,0.0,0.0,0.0
698,51,102,1,1.0,0.0,0.0,0.0,0.0,4.185751028545952,7.5186409528678695,0.0,0.0,2.8021041809622584,0.0,7.417846561757199,7.41463010862874,1.3862943611198906,1.0986122886681098,3.3904252846802443,3.3904252846802443,0.0,0.0,3.3063632789913164,1.3862943611198906,1.3862943611198906,0.0,0.0,1.0986122886681098,1,0,0,0,0.0,0.0,0.0
581,44,102,1,1.0,0.0,1.0,1.0,0.0,0.0,9.60325917474613,0.0,0.0,2.7114254509134574,0.0,7.597913174650057,7.596717643974633,2.1972245773362196,1.3862943611198906,7.68591171457484,7.684828605908,3.6031659358399066,6.947563731470725,5.896957616041567,3.784189633918261,3.6888794541139363,0.6931471805599453,3.2188758248682006,2.0794415416798357,1,0,0,0,0.0,0.0,0.0
1338,42,61,1,0.0,0.0,0.0,0.0,0.0,5.022693256176047,0.0,0.0,0.0,2.8021041809622584,0.0,0.001070855001492987,0.001070855001492987,0.6931471805599453,0.6931471805599453,0.0,0.0,0.0,0.0,0.0,0.0,0.0,0.0,0.0,0.0,1,1,0,0,19.461071428571426,0.0,0.0
553,43,152,1,0.0,0.0,0.0,0.0,0.0,8.094090705167133,0.0,0.0,0.0,2.8021041809622584,0.0,6.046618771361357,6.046618771361357,1.0986122886681098,1.0986122886681098,6.137572768812458,6.137572768812458,5.451651386468739,0.0,5.429188975080853,1.9459101490553132,1.9459101490553132,0.6931471805599453,0.0,1.6094379124341003,1,0,0,1,0.0,0.0,29.78107142857143
1306,43,102,1,0.0,0.0,0.0,0.0,0.0,5.538169126525324,0.0,0.0,0.0,2.8021041809622584,0.0,6.887990886669277,6.887990886669277,1.3862943611198906,1.3862943611198906,6.787828876526798,6.787828876526798,6.496359045041521,5.401118896507341,0.0,2.4849066497880004,2.4849066497880004,1.3862943611198906,1.9459101490553132,0.0,0,0,1,0,0.0,0.8939285714285715,0.0
782,75,22,1,2.0,1.0986122886681098,0.0,0.0,0.0,5.7828312819809735,10.536154632086003,11.142940797507725,0.0,2.8021041809622584,0.0,4.183101933916748,4.162881774356539,1.3862943611198906,1.0986122886681098,5.850959918295228,5.850959918295228,0.0,5.841150248949007,0.0,3.258096538021482,3.258096538021482,0.0,3.2188758248682006,0.0,1,0,1,0,0.0,2.0010714285714286,0.0
1453,80,54,1,0.0,0.0,1.0,0.0,0.0,8.217125398288797,0.0,0.0,5.830678359243464,2.8021041809622584,0.0,7.39929803463945,7.012807139868123,3.091042453358316,2.995732273553991,7.388703484753975,7.012807139868123,4.28260085453587,4.827055803578185,5.961465469387983,3.6109179126442243,2.995732273553991,1.0986122886681098,1.3862943611198906,2.4849066497880004,1,0,0,0,0.0,0.0,0.0
928,83,24,1,0.0,3.295836866004329,0.0,0.0,0.0,9.26818678520138,0.0,11.153076995825096,0.0,2.8021041809622584,0.0,7.898924329074421,7.898924329074421,1.9459101490553132,1.9459101490553132,7.807419844690085,7.807419844690085,0.0,4.866104857645988,7.735199184225297,2.70805020110221,2.70805020110221,0.0,1.6094379124341003,1.6094379124341003,0,0,0,0,0.0,0.0,0.0
1535,28,27,1,1.0,0.0,0.0,1.0,0.0,4.968820743663249,0.0,0.0,0.0,2.9357926849058913,0.0,6.864637123515159,6.861574457515078,1.9459101490553132,1.0986122886681098,6.747177321721288,6.7454984999938645,4.683453104382135,5.530737754642455,6.189143759556257,2.9444389791664403,2.833213344056216,1.0986122886681098,2.1972245773362196,1.6094379124341003,1,0,0,0,0.0,0.0,0.0
118,43,92,1,1.0,1.0986122886681098,0.0,0.0,0.0,7.078289482320122,8.67884959189993,10.052566207691909,0.0,2.8021041809622584,0.0,8.039096904773047,8.03143792537839,1.6094379124341003,1.0986122886681098,7.389922355869379,7.389922355869379,4.968820743663249,7.0987961522876555,5.588050904732888,3.5553480614894135,3.5553480614894135,0.6931471805599453,3.295836866004329,2.0794415416798357,0,0,0,1,0.0,0.0,11.382499999999999
1232,56,149,1,0.0,0.0,0.0,0.0,0.0,2.949127220289896,0.0,0.0,0.0,2.8021041809622584,0.0,7.098824180247759,7.098824180247759,1.3862943611198906,1.3862943611198906,7.199950900031047,7.199950900031047,5.775881627762223,5.223097237715743,6.7169406147832875,3.1354942159291497,3.1354942159291497,0.6931471805599453,2.3978952727983707,2.3978952727983707,1,1,1,0,1.825357142857143,6.035714285714286,0.0
1362,76,53,1,1.0,0.0,0.0,1.0,0.0,9.995837511049725,10.665664637230641,0.0,0.0,5.910398771636151,0.0,6.110155107347267,6.06089982072068,1.9459101490553132,1.0986122886681098,6.366221889597474,6.360349642817724,6.020329627504154,4.893180775900673,2.6158304790054423,3.1780538303479458,3.044522437723423,1.9459101490553132,2.3978952727983707,0.6931471805599453,0,0,1,0,0.0,2.857142857142857,0.0
1581,45,38,1,0.0,0.6931471805599453,0.0,0.0,0.0,4.322366670193767,0.0,8.684163168146826,0.0,2.8021041809622584,0.0,0.00035707909681323224,0.00035707909681323224,0.6931471805599453,0.6931471805599453,1.4799798451972135,1.4799798451972135,0.0,0.0,0.0,0.6931471805599453,0.6931471805599453,0.0,0.0,0.0,1,0,0,0,0.0,0.0,0.0
657,42,42,1,1.0,0.0,1.0,0.0,0.0,6.631672342373708,0.0,0.0,5.6201976877280035,2.8021041809622584,0.0,6.938269242110585,6.938015291628871,1.6094379124341003,1.3862943611198906,6.969320634640292,6.969320634640292,6.285465896518655,4.787789317549902,6.013103722211463,2.0794415416798357,2.0794415416798357,0.6931471805599453,1.0986122886681098,1.6094379124341003,0,0,0,0,0.0,0.0,0.0
259,30,21,1,1.0,2.3978952727983707,0.0,0.0,0.0,8.089824878485741,9.673064197094822,8.928477998842007,0.0,2.8021041809622584,0.0,6.679022027217007,6.671531463501307,1.6094379124341003,1.0986122886681098,4.120197941048435,4.120197941048435,0.0,0.0,4.120197941048435,1.0986122886681098,1.0986122886681098,0.0,0.0,1.0986122886681098,1,0,0,0,0.0,0.0,0.0
970,32,255,1,1.0,2.3978952727983707,0.0,0.0,0.0,3.452410910963794,9.42131798894235,0.0,0.0,2.8021041809622584,0.0,6.554175539950707,6.546172905119265,1.6094379124341003,1.3862943611198906,5.79779310911844,5.79779310911844,5.79779310911844,0.0,0.0,0.6931471805599453,0.6931471805599453,0.6931471805599453,0.0,0.0,1,0,0,1,0.0,0.0,6.321428571428571
642,87,196,1,1.0,1.6094379124341003,0.0,0.0,0.0,7.71382560982475,9.176414706709279,5.274463687668637,0.0,2.8021041809622584,0.0,1.8103942813734122,1.7360076287250716,1.3862943611198906,1.0986122886681098,8.791411098867053,8.791411098867053,8.768663163155189,5.003514765098217,0.0,2.772588722239781,2.772588722239781,2.302585092994046,1.9459101490553132,0.0,0,0,0,1,0.0,0.0,14.558214285714286
720,21,150,1,0.0,0.0,0.0,0.0,0.0,0.0,0.0,0.0,0.0,2.8021041809622584,0.0,6.009429878365302,6.009429878365302,1.6094379124341003,1.6094379124341003,6.1905349367895965,6.1905349367895965,6.180312380403213,0.0,0.0,2.0794415416798357,2.0794415416798357,1.6094379124341003,0.0,0.0,1,0,0,1,0.0,0.0,10.1575
1238,50,54,1,0.0,0.0,0.0,0.0,0.0,6.402939535841491,0.0,0.0,0.0,2.8021041809622584,0.0,6.3309984186687975,6.3309984186687975,1.3862943611198906,1.3862943611198906,6.909321908320165,6.909321908320165,6.521462347376968,5.358757097323596,4.683453104382135,3.091042453358316,3.091042453358316,1.3862943611198906,2.833213344056216,0.6931471805599453,1,0,0,1,0.0,0.0,12.6725
1256,6,149,1,0.0,0.0,1.0,1.0,0.0,5.47289472860856,0.0,0.0,0.0,6.093378684391821,0.0,5.9498945050127485,5.574415189206382,2.6390573296152584,2.1972245773362196,6.073154797935542,5.574415189206382,0.0,0.0,4.944444615246656,2.8903717578961645,2.1972245773362196,0.0,0.0,1.6094379124341003,1,0,0,0,0.0,0.0,0.0
407,32,12,1,0.0,0.0,0.0,0.0,0.0,8.559537797603372,0.0,0.0,0.0,2.8021041809622584,0.0,6.665075252450141,6.665075252450141,1.3862943611198906,1.3862943611198906,6.560985201133019,6.560985201133019,5.190573059534934,4.1821046667817825,6.131925003229576,2.995732273553991,2.995732273553991,0.6931471805599453,1.3862943611198906,2.70805020110221,1,0,0,0,0.0,0.0,0.0
290,66,24,1,0.0,0.0,0.0,0.0,0.0,4.897701197595516,0.0,0.0,0.0,2.8021041809622584,0.0,7.452512446831175,7.452512446831175,2.302585092994046,2.302585092994046,8.311293323824149,8.311293323824149,5.107675578138363,4.697892604840922,8.240790128260935,3.367295829986474,3.367295829986474,0.6931471805599453,2.5649493574615367,2.70805020110221,0,0,0,0,0.0,0.0,0.0
770,37,80,1,0.0,0.0,0.0,0.0,0.0,0.8788855125712867,0.0,0.0,0.0,2.8021041809622584,0.0,6.026904082147361,6.026904082147361,1.3862943611198906,1.3862943611198906,6.014500736321495,6.014500736321495,5.285376855272302,0.0,5.350503119718607,1.3862943611198906,1.3862943611198906,0.6931471805599453,0.0,0.6931471805599453,1,1,0,0,1.595357142857143,0.0,0.0
1462,36,38,1,0.0,0.0,0.0,0.0,0.0,6.796726746294693,0.0,0.0,0.0,2.8021041809622584,0.0,7.494307253396136,7.494307253396136,1.3862943611198906,1.3862943611198906,7.745542237463333,7.745542237463333,5.786897381366708,5.776202799043411,6.5921635199402795,2.9444389791664403,2.9444389791664403,1.0986122886681098,1.9459101490553132,2.0794415416798357,0,0,0,0,0.0,0.0,0.0
558,29,172,1,0.0,0.0,0.0,0.0,0.0,5.977398221443732,0.0,0.0,0.0,2.8021041809622584,0.0,7.2788169853710185,7.2788169853710185,1.3862943611198906,1.3862943611198906,7.470789706500489,7.470789706500489,6.644905182231538,5.824397475347497,6.471959821066139,3.5553480614894135,3.5553480614894135,1.6094379124341003,2.5649493574615367,2.8903717578961645,0,0,0,1,0.0,0.0,8.318214285714285
1043,52,1,1,0.0,0.0,1.0,0.0,1.0,6.491615181090363,0.0,0.0,0.0,2.8021041809622584,8.662565021081651,8.106111733960246,7.588764448174249,3.258096538021482,3.044522437723423,8.215322844510094,7.551944406280065,6.318195614673642,0.0,6.065113230131128,3.6375861597263857,2.995732273553991,1.791759469228055,0.0,2.302585092994046,0,0,1,0,0.0,2.857142857142857,0.0
995,13,48,1,0.0,0.0,0.0,0.0,0.0,5.683242003791821,0.0,0.0,0.0,2.8021041809622584,0.0,0.00035707909681323224,0.00035707909681323224,0.6931471805599453,0.6931471805599453,1.086636097621394,1.086636097621394,0.0,0.0,0.0,0.6931471805599453,0.6931471805599453,0.0,0.0,0.0,0,0,0,0,0.0,0.0,0.0
846,21,52,1,1.0,1.0986122886681098,1.0,1.0,0.0,5.416419398938599,1.791818991266107,9.395524138261576,6.327417516280125,2.8021041809622584,0.0,9.792131021254331,9.165940556108044,2.5649493574615367,1.3862943611198906,9.73245979431822,8.452729410342702,5.880931949102981,6.462609823533652,7.1544646759189945,4.127134385045092,3.4011973816621555,1.6094379124341003,3.1780538303479458,2.772588722239781,1,0,0,1,0.0,0.0,2.5535714285714284
618,48,62,1,0.0,0.0,1.0,0.0,1.0,0.0,0.0,0.0,0.0,2.8021041809622584,6.789393951147059,7.144987686053732,7.076384413811099,1.791759469228055,1.6094379124341003,6.706604269775107,6.704024310419228,5.6584861997410245,4.306518644490571,5.60277753903803,2.8903717578961645,2.833213344056216,0.6931471805599453,1.0986122886681098,2.4849066497880004,1,0,1,0,0.0,18.571428571428573,0.0
1613,46,45,1,0.0,0.0,0.0,0.0,0.0,6.517683933731051,0.0,0.0,0.0,2.8021041809622584,0.0,7.223560050156728,7.223560050156728,1.6094379124341003,1.6094379124341003,7.15813955258105,7.15813955258105,4.968820743663249,4.976888902796373,5.869296913133774,3.258096538021482,3.258096538021482,1.0986122886681098,2.5649493574615367,2.1972245773362196,1,1,0,0,2.0885714285714285,0.0,0.0
774,29,33,1,0.0,0.0,1.0,0.0,2.0,4.431488342015198,0.0,0.0,0.0,2.8021041809622584,5.8252539377882835,7.721898898113201,7.297486058746361,3.044522437723423,2.833213344056216,7.700709817061511,7.297486058746361,6.046020370797164,0.0,5.084062762651073,3.4339872044851463,2.772588722239781,1.6094379124341003,0.0,1.0986122886681098,0,0,0,0,0.0,0.0,0.0
908,43,179,1,0.0,0.0,0.0,0.0,0.0,10.899953954672474,0.0,0.0,0.0,2.8021041809622584,0.0,0.1838085459155329,0.1838085459155329,0.6931471805599453,0.6931471805599453,1.086636097621394,1.086636097621394,0.0,0.0,0.0,0.6931471805599453,0.6931471805599453,0.0,0.0,0.0,1,0,1,0,0.0,26.998214285714287,0.0
911,22,30,1,0.0,0.0,1.0,0.0,0.0,1.4485982444560455,0.0,0.0,0.0,2.8021041809622584,0.0,7.210993316849114,7.210993316849114,1.6094379124341003,1.6094379124341003,7.965350117521853,7.965350117521853,6.547400101897592,6.469540418676715,7.335703824896953,3.713572066704308,3.713572066704308,1.3862943611198906,3.044522437723423,2.772588722239781,0,1,0,1,1.269642857142857,0.0,1.0714285714285714
867,36,62,1,0.0,0.0,1.0,0.0,0.0,7.001914146930592,0.0,0.0,0.0,2.8021041809622584,0.0,0.0007140307336570204,0.0007140307336570204,0.6931471805599453,0.6931471805599453,5.416127385967339,5.416127385967339,0.0,4.5524360043969185,4.850075229083814,1.791759469228055,1.791759469228055,0.0,1.0986122886681098,1.0986122886681098,0,0,1,0,0.0,3.392857142857143,0.0
1205,69,83,1,0.0,0.0,1.0,0.0,0.0,6.444627953675834,0.0,0.0,5.18113928180052,2.8021041809622584,0.0,5.9028674980201625,5.9028674980201625,1.3862943611198906,1.3862943611198906,5.962136878867202,5.962136878867202,5.085831109707815,3.361490836225766,5.2733657918584464,2.6390573296152584,2.6390573296152584,1.791759469228055,1.3862943611198906,1.6094379124341003,1,0,1,0,0.0,12.765357142857143,0.0
1059,34,48,1,1.0,1.6094379124341003,0.0,0.0,0.0,6.709489427658186,7.50496821004677,5.353549322784951,0.0,2.8021041809622584,0.0,7.118985287889574,6.776795678504163,1.9459101490553132,1.3862943611198906,6.831225144992188,6.831225144992188,5.79779310911844,4.556167499237335,6.221654641690157,2.70805020110221,2.70805020110221,1.3862943611198906,1.0986122886681098,2.302585092994046,1,1,0,0,1.3689285714285713,0.0,0.0
1272,35,96,1,0.0,0.6931471805599453,0.0,0.0,0.0,8.663404848598113,0.0,8.676281761811317,0.0,2.8021041809622584,0.0,7.654159672392969,7.654159672392969,1.791759469228055,1.791759469228055,7.565880576095562,7.565880576095562,6.572682063274631,5.667503715423832,6.830141167499128,2.9444389791664403,2.9444389791664403,1.3862943611198906,1.6094379124341003,2.302585092994046,1,0,0,0,0.0,0.0,0.0
901,41,52,1,0.0,0.0,1.0,1.0,1.0,5.04330068521481,0.0,0.0,6.690582261363548,6.908020243875839,9.15930753238914,7.0513542604363275,6.984754679170908,2.772588722239781,2.1972245773362196,7.426785439018337,7.248844138500114,5.320917198465278,3.3245220140031875,6.946632526564465,3.4011973816621555,2.9444389791664403,1.3862943611198906,1.3862943611198906,1.791759469228055,0,1,0,0,0.14482142857142857,0.0,0.0
1130,33,31,1,0.0,0.0,1.0,0.0,0.0,0.37033127038621805,0.0,0.0,7.482718606962184,2.8021041809622584,0.0,7.423241525155298,7.338460817080992,3.258096538021482,3.1354942159291497,7.603717600454801,7.457327121478602,3.999510459551262,6.218011585697223,6.7603319199043055,4.204692619390966,3.970291913552122,0.6931471805599453,3.4657359027997265,2.70805020110221,1,0,0,1,0.0,0.0,16.928571428571427
751,59,20,1,0.0,0.0,0.0,0.0,0.0,3.680235055873735,0.0,0.0,0.0,2.8021041809622584,0.0,6.156775423706014,6.156775423706014,1.3862943611198906,1.3862943611198906,6.92339308296452,6.92339308296452,5.880931949102981,6.1966841339049195,5.113277833687033,2.302585092994046,2.302585092994046,0.6931471805599453,1.3862943611198906,1.6094379124341003,1,0,0,0,0.0,0.0,0.0
391,1,16,1,0.0,0.0,0.0,1.0,1.0,5.156646818228485,0.0,0.0,0.0,2.8445355598030915,8.43236192975376,6.457777781465369,6.359389719241392,2.3978952727983707,1.6094379124341003,6.339991385209992,6.226182992973844,5.190573059534934,0.0,4.932158819556463,3.4657359027997265,2.9444389791664403,1.6094379124341003,0.0,1.9459101490553132,1,0,0,0,0.0,0.0,0.0
918,37,44,1,0.0,0.0,0.0,0.0,0.0,6.96205608199263,0.0,0.0,0.0,2.8021041809622584,0.0,0.0014275519911854174,0.0014275519911854174,0.6931471805599453,0.6931471805599453,3.7316994512968646,3.7316994512968646,0.0,0.0,3.678107357132025,1.0986122886681098,1.0986122886681098,0.0,0.0,0.6931471805599453,1,0,0,0,0.0,0.0,0.0
1344,21,100,1,0.0,0.0,1.0,0.0,0.0,10.43280620695503,0.0,0.0,0.0,2.8021041809622584,0.0,5.999652363834787,5.999652363834787,1.791759469228055,1.791759469228055,6.538615212096539,6.538615212096539,5.594180171090011,4.16494724837295,5.876865054667533,2.772588722239781,2.772588722239781,1.0986122886681098,1.3862943611198906,2.302585092994046,1,0,1,0,0.0,2.857142857142857,0.0
1565,37,44,1,0.0,0.0,1.0,0.0,0.0,6.7132490756811976,0.0,0.0,0.0,2.8021041809622584,0.0,6.999332526028519,6.9319547386337,2.5649493574615367,2.3978952727983707,7.1431777068217075,6.937993115537538,6.439350371100098,4.198919054758962,5.553513141536915,3.295836866004329,2.995732273553991,1.791759469228055,1.9459101490553132,1.6094379124341003,0,0,0,1,0.0,0.0,15.714285714285714
65,67,180,1,0.0,0.0,0.0,0.0,0.0,5.400237148235268,0.0,0.0,0.0,2.8021041809622584,0.0,5.258426857703123,5.258426857703123,1.6094379124341003,1.6094379124341003,5.252834228136101,5.252834228136101,4.330733340286331,2.9740707767728116,4.46385346414092,2.995732273553991,2.995732273553991,1.9459101490553132,2.302585092994046,1.0986122886681098,0,0,0,0,0.0,0.0,0.0
1299,24,72,1,0.0,0.0,0.0,0.0,0.0,7.45377683777669,0.0,0.0,0.0,2.8021041809622584,0.0,6.285467892790286,6.285467892790286,1.0986122886681098,1.0986122886681098,4.957083812825113,4.957083812825113,0.0,0.0,4.9329311197621815,1.6094379124341003,1.6094379124341003,0.0,0.0,1.3862943611198906,0,0,0,1,0.0,0.0,13.119285714285713
1267,37,125,1,1.0,0.0,1.0,0.0,1.0,7.469677384912281,7.58114407769563,0.0,6.136287419111132,2.8021041809622584,8.369478174877964,7.159186089379271,6.937104974757733,2.8903717578961645,2.5649493574615367,7.122115224269277,6.937104974757733,6.398594934535208,0.0,4.4371740993387805,3.4965075614664802,2.995732273553991,1.791759469228055,0.0,1.6094379124341003,0,0,1,1,0.0,2.858214285714286,21.820714285714285
23,4,160,1,2.0,1.6094379124341003,1.0,0.0,0.0,3.1766838447269956,10.139604103700353,6.768152431093636,5.812340017230138,2.8021041809622584,0.0,6.328122990881363,6.32798078786304,1.6094379124341003,1.3862943611198906,6.85299809752184,6.85299809752184,4.683453104382135,6.273592384025851,5.73719422385855,3.5263605246161616,3.5263605246161616,0.6931471805599453,3.295836866004329,1.9459101490553132,1,0,0,1,0.0,0.0,8.25
210,55,120,1,1.0,2.0794415416798357,1.0,1.0,1.0,11.005878389917791,7.825124143747819,0.0,0.0,6.235523551675969,7.085503596822751,9.0939533346748,8.629438317946631,3.784189633918261,3.4011973816621555,9.393744229775812,8.629438317946631,6.521462347376968,7.4993029181014865,6.83301172027068,4.394449154672439,3.8066624897703196,1.0986122886681098,3.332204510175204,2.0794415416798357,1,0,0,0,0.0,0.0,0.0
1290,65,252,1,0.0,0.0,1.0,0.0,0.0,9.790538275244801,0.0,0.0,5.818659705245778,2.8021041809622584,0.0,5.970535446292965,5.970535446292965,1.9459101490553132,1.9459101490553132,5.579931961889616,5.579931961889616,0.0,4.275425270116305,5.231108616854587,2.1972245773362196,2.1972245773362196,0.0,1.9459101490553132,0.6931471805599453,1,0,0,0,0.0,0.0,0.0
1529,1,36,1,1.0,0.0,0.0,0.0,0.0,6.611050721285767,11.355944124266642,0.0,0.0,2.8021041809622584,0.0,7.497759126973391,7.4886418036885205,1.9459101490553132,1.6094379124341003,8.213272749291521,7.723574161095736,6.6678651402071685,4.249515129950105,5.75909778891474,2.5649493574615367,2.4849066497880004,1.0986122886681098,0.6931471805599453,1.791759469228055,0,0,0,0,0.0,0.0,0.0
310,45,149,1,0.0,0.0,0.0,0.0,0.0,0.0,0.0,0.0,0.0,2.8021041809622584,0.0,5.534473034737505,5.534473034737505,1.3862943611198906,1.3862943611198906,6.110055986077069,6.110055986077069,5.880931949102981,4.276264252564263,2.9368917735310576,2.4849066497880004,2.4849066497880004,1.3862943611198906,1.9459101490553132,0.6931471805599453,0,1,0,0,56.13982142857143,0.0,0.0
78,24,142,1,0.0,0.0,0.0,0.0,0.0,8.212230474508683,0.0,0.0,0.0,2.8021041809622584,0.0,8.369612382645617,8.369612382645617,1.791759469228055,1.791759469228055,7.909219533358845,7.909219533358845,6.078739282272946,7.373891170306268,6.528845159662956,4.174387269895637,4.174387269895637,1.3862943611198906,3.871201010907891,2.3978952727983707,0,0,0,0,0.0,0.0,0.0
420,47,74,1,1.0,0.6931471805599453,0.0,0.0,0.0,0.0,10.965154993446381,0.0,0.0,2.8021041809622584,0.0,8.634361371420953,8.034821043570986,1.791759469228055,1.3862943611198906,8.32259770286966,8.32259770286966,7.265129978035143,0.0,7.896200014030906,1.9459101490553132,1.9459101490553132,1.0986122886681098,0.0,1.3862943611198906,1,0,1,0,0.0,6.785714285714286,0.0
102,20,172,1,0.0,0.0,1.0,0.0,0.0,3.9074339202371284,0.0,0.0,4.7461487792476635,2.8021041809622584,0.0,8.333679181074926,7.952256145667684,3.6635616461296463,3.5263605246161616,8.35394567723736,7.939043201393144,5.451651386468739,6.668656092983419,5.314434991265947,4.465908118654584,4.07753744390572,1.6094379124341003,3.6635616461296463,1.9459101490553132,1,1,0,1,2.9580357142857143,0.0,6.9525
734,64,134,1,1.0,0.0,0.0,0.0,0.0,4.255769739028511,10.96651893685513,0.0,0.0,2.8021041809622584,0.0,9.105112982377324,9.044426105006421,2.8903717578961645,2.70805020110221,9.334800683968748,8.95595665661639,8.170953407235972,6.001299949150581,8.197801055848227,3.6375861597263857,3.58351893845611,1.9459101490553132,1.791759469228055,3.044522437723423,1,0,1,0,0.0,4.501071428571429,0.0
1137,67,51,1,0.0,0.0,0.0,0.0,0.0,5.453434416024392,0.0,0.0,0.0,2.8021041809622584,0.0,5.7248786160759195,5.7248786160759195,1.6094379124341003,1.6094379124341003,3.2744456760230114,3.2744456760230114,0.0,0.0,3.188416617383492,1.0986122886681098,1.0986122886681098,0.0,0.0,0.6931471805599453,0,0,0,0,0.0,0.0,0.0
148,45,42,1,0.0,1.3862943611198906,0.0,0.0,0.0,4.891089992274882,0.0,8.62366166449107,0.0,2.8021041809622584,0.0,8.706959940049433,8.706959940049433,1.9459101490553132,1.9459101490553132,7.774691437437922,7.774691437437922,0.0,0.0,7.769394452227524,3.1780538303479458,3.1780538303479458,0.0,0.0,3.091042453358316,1,1,0,0,4.234464285714286,0.0,0.0
43,65,83,1,0.0,0.0,1.0,0.0,0.0,10.177961671114675,0.0,0.0,0.0,2.8021041809622584,0.0,7.710637322349118,7.448678048267741,3.1354942159291497,2.9444389791664403,7.71591037827976,7.502840443335242,6.020329627504154,5.815913589420274,6.314711964934196,3.9512437185814275,3.6375861597263857,2.0794415416798357,2.3978952727983707,2.6390573296152584,0,1,1,0,73.04178571428572,1.9642857142857142,0.0
1198,34,144,1,0.0,0.0,0.0,0.0,0.0,8.125456417027339,0.0,0.0,0.0,2.8021041809622584,0.0,6.241310536649152,6.241310536649152,1.791759469228055,1.791759469228055,6.497916333864939,6.497916333864939,6.285465896518655,3.149678850921106,4.623220578737468,2.772588722239781,2.772588722239781,1.791759469228055,0.6931471805599453,1.791759469228055,1,0,0,0,0.0,0.0,0.0
1533,37,181,1,0.0,0.0,0.0,0.0,0.0,3.66548287630754,0.0,0.0,0.0,2.8021041809622584,0.0,5.3719677084948225,5.3719677084948225,1.0986122886681098,1.0986122886681098,5.482666628063316,5.482666628063316,0.0,2.6936614636501104,5.4035794845078255,1.6094379124341003,1.6094379124341003,0.0,0.6931471805599453,0.6931471805599453,1,0,0,0,0.0,0.0,0.0
1151,22,45,1,0.0,0.0,1.0,0.0,1.0,10.476028027132282,0.0,0.0,2.590767040487478,2.8021041809622584,7.409923319508004,8.05657203734041,7.594509388773121,3.7612001156935624,3.58351893845611,7.980319945186596,7.6199017180054325,4.728537599938376,5.4092500076118775,6.127648668135256,4.204692619390966,3.6109179126442243,1.9459101490553132,2.4849066497880004,2.0794415416798357,1,0,1,1,0.0,9.25,21.271071428571428
1042,61,83,1,0.0,0.0,1.0,0.0,0.0,9.521455213225662,0.0,0.0,0.0,2.8021041809622584,0.0,7.582851044406979,7.427845001026427,3.58351893845611,3.4339872044851463,7.918750812651126,7.620747978075283,5.107675578138363,6.785234878999935,6.556981257650064,4.574710978503383,4.31748811353631,2.1972245773362196,3.713572066704308,2.8903717578961645,1,1,1,0,0.9167857142857143,14.5,0.0
615,34,132,1,0.0,0.0,0.0,0.0,0.0,7.828249734245804,0.0,0.0,0.0,2.8021041809622584,0.0,7.395338302667031,7.395338302667031,1.3862943611198906,1.3862943611198906,7.772815120536604,7.772815120536604,6.897993501780183,6.871948588558397,6.035139610610644,3.912023005428146,3.912023005428146,1.3862943611198906,3.4339872044851463,2.6390573296152584,1,1,0,0,2.8075,0.0,0.0
800,35,75,1,0.0,0.6931471805599453,1.0,0.0,0.0,6.4952380415317315,0.0,0.0,0.0,2.8021041809622584,0.0,0.022948932985544648,0.022948932985544648,0.6931471805599453,0.6931471805599453,7.38704512185719,7.38704512185719,7.04216128901732,5.976619183678977,4.323186134650948,2.833213344056216,2.833213344056216,1.0986122886681098,2.0794415416798357,1.3862943611198906,1,0,0,0,0.0,0.0,0.0
1261,22,148,1,0.0,0.0,1.0,0.0,0.0,6.865894798993888,0.0,0.0,5.82070588167848,2.8021041809622584,0.0,7.436670509039412,7.0567631654514935,3.295836866004329,3.1780538303479458,7.43922792134477,7.0433507898481205,5.229579564568908,4.036507346619785,5.300814246746624,3.7612001156935624,3.1354942159291497,1.6094379124341003,1.9459101490553132,1.9459101490553132,1,0,0,1,0.0,0.0,6.163571428571429
202,61,150,1,0.0,0.0,1.0,1.0,0.0,3.7830851280722917,0.0,0.0,0.0,5.603847689257343,0.0,7.082603143852651,7.02652164053891,2.302585092994046,1.6094379124341003,7.36394699713308,7.198672291938557,0.0,5.467635096024211,6.875195191672684,2.9444389791664403,2.5649493574615367,0.0,1.0986122886681098,1.9459101490553132,0,0,0,0,0.0,0.0,0.0
297,73,56,1,0.0,0.0,1.0,0.0,0.0,6.810986321392984,0.0,0.0,0.0,2.8021041809622584,0.0,7.078899121043023,7.078899121043023,1.791759469228055,1.791759469228055,6.667912351731147,6.667912351731147,0.0,5.226483729209992,4.189113470024036,2.5649493574615367,2.5649493574615367,0.0,2.0794415416798357,1.3862943611198906,1,0,0,0,0.0,0.0,0.0
906,24,55,1,0.0,0.0,0.0,0.0,0.0,3.946037884015424,0.0,0.0,0.0,2.8021041809622584,0.0,5.096817359047731,5.096817359047731,1.6094379124341003,1.6094379124341003,5.640520598577892,5.640520598577892,5.344752719508238,4.2318783512283416,0.0,2.9444389791664403,2.9444389791664403,2.4849066497880004,1.791759469228055,0.0,1,0,0,1,0.0,0.0,2.107142857142857
826,30,108,1,0.0,0.6931471805599453,1.0,1.0,0.0,0.0,0.0,11.036570002619328,0.0,2.8021041809622584,0.0,7.384761564441603,7.316863030316794,2.9444389791664403,2.6390573296152584,7.432722579070895,7.299726418295432,5.285376855272302,5.167602412198394,4.683453104382135,3.784189633918261,3.4965075614664802,1.9459101490553132,2.8903717578961645,0.6931471805599453,0,0,0,1,0.0,0.0,2.8214285714285716
443,30,73,1,0.0,0.0,0.0,0.0,2.0,0.0,0.0,0.0,0.0,2.8021041809622584,6.946684397428012,6.694258794719494,6.547014939653481,1.3862943611198906,1.0986122886681098,6.874087690082814,6.871906018945506,5.190573059534934,0.0,6.496290063319494,2.4849066497880004,2.3978952727983707,0.6931471805599453,0.0,2.0794415416798357,1,0,0,0,0.0,0.0,0.0
964,52,61,1,0.0,0.0,1.0,0.0,0.0,7.802604343925359,0.0,0.0,5.846443936068353,2.8021041809622584,0.0,8.00169547994985,7.712303746517848,2.995732273553991,2.8903717578961645,8.224388018265685,7.712303746517848,4.968820743663249,6.050322904114336,6.819509374042597,3.58351893845611,3.044522437723423,0.6931471805599453,1.9459101490553132,2.3978952727983707,1,0,1,0,0.0,3.7510714285714286,0.0
563,26,150,1,1.0,1.6094379124341003,1.0,0.0,0.0,4.054006081742471,0.36983793046501323,5.579553260534231,5.54707157581894,2.8021041809622584,0.0,7.18707201292363,7.041946141608509,1.6094379124341003,1.0986122886681098,6.962108173729574,6.962108173729574,5.320917198465278,0.0,6.742796400438276,3.044522437723423,3.044522437723423,1.3862943611198906,0.0,2.833213344056216,0,0,1,0,0.0,1.3225,0.0
1189,33,83,1,1.0,0.0,0.0,0.0,0.0,3.9117586847842367,9.038603159998988,0.0,0.0,2.8021041809622584,0.0,5.784950922073286,5.781553372954658,1.3862943611198906,1.0986122886681098,5.457303276561692,5.457303276561692,5.190573059534934,0.0,3.999510459551262,1.6094379124341003,1.6094379124341003,0.6931471805599453,0.0,0.6931471805599453,1,0,0,0,0.0,0.0,0.0
1018,36,51,1,0.0,0.0,0.0,0.0,1.0,7.245609977929143,0.0,0.0,0.0,2.8021041809622584,7.1542969468515585,7.440939923549794,7.374607967079835,1.9459101490553132,1.791759469228055,7.653840980159589,7.648321445981611,7.195294484086007,6.373054639849676,4.013160330241664,3.6635616461296463,3.6375861597263857,1.9459101490553132,3.295836866004329,1.0986122886681098,1,1,0,0,2.641785714285714,0.0,0.0
939,62,151,1,0.0,0.0,0.0,0.0,0.0,7.688135627410487,0.0,0.0,0.0,2.8021041809622584,0.0,5.149989285776019,5.149989285776019,1.0986122886681098,1.0986122886681098,5.145769568086473,5.145769568086473,0.0,0.0,0.0,1.0986122886681098,1.0986122886681098,0.0,0.0,0.0,1,1,0,0,1.5850000000000002,0.0,0.0
989,55,181,3,0.0,0.0,0.0,0.0,0.0,6.658143074565176,0.0,0.0,0.0,2.8021041809622584,0.0,6.541046490498983,6.541046490498983,1.3862943611198906,1.3862943611198906,6.890864137765471,6.890864137765471,5.539581458975442,6.457611418257133,4.454347296253507,3.6375861597263857,3.6375861597263857,1.9459101490553132,3.332204510175204,1.3862943611198906,1,0,0,0,0.0,0.0,0.0
483,57,175,1,0.0,1.6094379124341003,1.0,0.0,0.0,7.205066290476539,0.0,0.0,2.28939129349305,2.8021041809622584,0.0,6.908835766473805,6.908835766473805,1.0986122886681098,1.0986122886681098,6.695922518813794,6.695922518813794,3.6031659358399066,2.8581108956779433,4.661753037398361,2.0794415416798357,2.0794415416798357,0.6931471805599453,1.0986122886681098,0.6931471805599453,0,0,0,1,0.0,0.0,10.809642857142858
805,57,147,1,0.0,0.0,1.0,0.0,0.0,0.48088174739291856,0.0,0.0,5.874818364988662,2.8021041809622584,0.0,6.910051569060308,6.910051569060308,2.833213344056216,2.833213344056216,7.364119437107085,7.364119437107085,6.8347236504396705,5.507955847832075,5.9929812534700195,3.2188758248682006,3.2188758248682006,1.6094379124341003,2.302585092994046,2.3978952727983707,1,0,0,0,0.0,0.0,0.0
801,44,24,1,0.0,0.0,0.0,0.0,0.0,3.386808644210056,0.0,0.0,0.0,2.8021041809622584,0.0,0.0007140307336570204,0.0007140307336570204,0.6931471805599453,0.6931471805599453,5.725462423648089,5.725462423648089,4.062903036387282,5.357949899768627,3.6031659358399066,2.302585092994046,2.302585092994046,1.3862943611198906,1.6094379124341003,0.6931471805599453,0,1,1,0,51.965535714285714,3.9285714285714284,0.0
251,67,8,1,1.0,0.0,0.0,0.0,0.0,0.0,8.76928953614301,0.0,0.0,2.8021041809622584,0.0,7.1482261275819,7.04130292147463,1.791759469228055,1.3862943611198906,7.252537281420862,7.252537281420862,5.594180171090011,0.0,7.039162542240348,2.70805020110221,2.70805020110221,1.3862943611198906,0.0,2.3978952727983707,0,0,0,0,0.0,0.0,0.0
670,88,110,1,0.0,0.0,0.0,0.0,0.0,2.7033247680948786,0.0,0.0,0.0,2.8021041809622584,0.0,6.350764168565161,6.350764168565161,1.3862943611198906,1.3862943611198906,5.475090822961468,5.475090822961468,3.9318256327243257,3.7002432127642515,5.005388218909266,2.772588722239781,2.772588722239781,1.6094379124341003,2.302585092994046,1.0986122886681098,0,0,0,0,0.0,0.0,0.0
185,24,95,1,0.0,0.0,0.0,0.0,0.0,8.654225884827092,0.0,0.0,0.0,2.8021041809622584,0.0,6.43271211544519,6.43271211544519,1.3862943611198906,1.3862943611198906,6.0795408330712,6.0795408330712,0.0,4.310415542718747,5.886004820179674,2.302585092994046,2.302585092994046,0.0,1.3862943611198906,1.791759469228055,1,1,0,0,1.5453571428571429,0.0,0.0
1432,35,156,1,0.0,0.0,0.0,0.0,0.0,5.6143239499975355,0.0,0.0,0.0,2.8021041809622584,0.0,6.445442570071185,6.445442570071185,1.791759469228055,1.791759469228055,6.382660475834087,6.382660475834087,5.72940380800058,5.030447258417006,4.836281906951478,3.1780538303479458,3.1780538303479458,2.0794415416798357,2.4849066497880004,1.3862943611198906,1,1,0,0,2.260357142857143,0.0,0.0
1350,23,111,1,0.0,0.0,0.0,0.0,0.0,1.6581600470786924,0.0,0.0,0.0,2.8021041809622584,0.0,6.694487356296724,6.694487356296724,1.0986122886681098,1.0986122886681098,7.136345967669563,7.136345967669563,5.975988261968483,4.900546687394192,6.587943483254032,3.2188758248682006,3.2188758248682006,1.6094379124341003,2.5649493574615367,1.3862943611198906,0,0,0,1,0.0,0.0,8.952142857142857
1175,21,233,1,0.0,0.0,0.0,0.0,0.0,10.143649915948485,0.0,0.0,0.0,2.8021041809622584,0.0,6.270855422742928,6.270855422742928,1.3862943611198906,1.3862943611198906,6.789892329418437,6.789892329418437,6.456321023891243,3.3358966653657336,5.404606022778685,2.70805020110221,2.70805020110221,2.0794415416798357,1.3862943611198906,1.3862943611198906,0,1,1,1,7.892857142857143,5.179642857142857,12.785714285714286
1325,24,134,1,1.0,0.0,0.0,0.0,0.0,9.586221515383373,9.174647463083216,0.0,0.0,2.8021041809622584,0.0,7.452648940564223,7.41367079645319,2.0794415416798357,1.791759469228055,7.531764615812469,7.319370247398114,5.6584861997410245,6.6209818412158485,6.149231130648361,4.143134726391533,4.127134385045092,2.3978952727983707,3.6888794541139363,1.9459101490553132,1,0,0,0,0.0,0.0,0.0
952,71,165,1,0.0,0.0,0.0,0.0,1.0,4.295982322393936,0.0,0.0,0.0,2.8021041809622584,7.278428537739399,5.322143750412074,5.0047800905610815,1.791759469228055,1.6094379124341003,5.413398342227743,5.395573703307847,4.968820743663249,0.0,2.097141118779237,2.0794415416798357,1.791759469228055,0.6931471805599453,0.0,0.6931471805599453,0,1,1,0,1.1898214285714286,4.285714285714286,0.0
1329,16,149,1,0.0,3.828641396489095,0.0,0.0,0.0,6.5749488151981055,0.0,11.40827520892308,0.0,2.8021041809622584,0.0,8.090142642028761,8.090142642028761,1.9459101490553132,1.9459101490553132,7.816290010697577,7.816290010697577,6.572682063274631,4.889328199087647,7.396181469525238,3.4965075614664802,3.4965075614664802,1.3862943611198906,2.1972245773362196,3.044522437723423,0,1,0,1,13.357142857142858,0.0,7.964285714285714
1220,28,53,1,1.0,0.0,1.0,1.0,0.0,7.125800426926073,10.198122571245127,0.0,6.202955469481443,2.885239563066196,0.0,7.189425387166734,6.874810658464315,3.6888794541139363,3.5263605246161616,7.290789738139727,6.909996693705743,5.920045264878189,4.818898120606891,4.957334974448938,4.30406509320417,3.713572066704308,2.5649493574615367,2.5649493574615367,1.6094379124341003,1,1,0,1,4.910714285714286,0.0,4.251428571428572
1027,64,150,1,0.0,0.0,0.0,0.0,0.0,8.569048517120308,0.0,0.0,0.0,2.8021041809622584,0.0,6.1734110335718535,6.1734110335718535,1.0986122886681098,1.0986122886681098,6.139332521806679,6.139332521806679,0.0,4.312389422991304,5.9571789931414285,2.9444389791664403,2.9444389791664403,0.0,2.5649493574615367,1.791759469228055,0,0,1,0,0.0,0.8928571428571429,0.0
1399,24,151,1,0.0,0.6931471805599453,0.0,1.0,1.0,0.0,0.0,0.0,0.0,5.760776986176009,8.686592929475621,7.595711689345778,7.398574458968493,2.70805020110221,1.6094379124341003,7.427629058729956,7.288037124388944,4.062903036387282,4.924088744122743,6.837644308165233,4.07753744390572,3.091042453358316,1.3862943611198906,3.332204510175204,2.1972245773362196,1,1,1,1,27.233749999999997,5.142857142857143,11.178571428571429
1506,56,108,1,0.0,0.0,1.0,0.0,0.0,5.290587568486096,0.0,0.0,6.375324117939764,2.8021041809622584,0.0,6.4597960201508915,6.037745613742291,2.833213344056216,2.5649493574615367,6.4417470859118895,6.037745613742291,0.0,0.0,5.279389356662517,3.091042453358316,2.5649493574615367,0.0,0.0,2.0794415416798357,1,0,0,1,0.0,0.0,1.7857142857142858
905,37,11,1,0.0,0.0,0.0,0.0,0.0,8.497000323700455,0.0,0.0,0.0,2.8021041809622584,0.0,6.354128396696934,6.354128396696934,1.0986122886681098,1.0986122886681098,6.454955384628125,6.454955384628125,0.0,0.0,6.449605118967389,1.0986122886681098,1.0986122886681098,0.0,0.0,0.6931471805599453,1,1,1,1,1.7610714285714286,0.8928571428571429,13.166785714285714
21,24,60,1,1.0,0.0,0.0,0.0,0.0,6.077051472548049,12.063937851596702,0.0,0.0,2.8021041809622584,0.0,6.018229922931641,6.016889469890991,1.3862943611198906,1.0986122886681098,6.22782747897354,6.22782747897354,5.190573059534934,5.5614093881141,4.178773241838892,3.1354942159291497,3.1354942159291497,1.6094379124341003,2.70805020110221,1.3862943611198906,0,0,1,0,0.0,3.607142857142857,0.0
149,54,18,1,0.0,0.0,0.0,0.0,0.0,6.35555815458633,0.0,0.0,0.0,2.8021041809622584,0.0,6.455536556528454,6.455536556528454,1.0986122886681098,1.0986122886681098,6.445889872952862,6.445889872952862,0.0,0.0,0.0,1.0986122886681098,1.0986122886681098,0.0,0.0,0.0,1,0,0,0,0.0,0.0,0.0
874,32,151,1,1.0,1.0986122886681098,1.0,0.0,0.0,8.192310140012262,7.396022799756142,7.106328288826422,0.0,2.8021041809622584,0.0,9.354829786819769,9.353457208346114,2.0794415416798357,1.6094379124341003,9.338809378570135,9.337667212363694,0.0,2.840268231644203,9.334810680437975,2.8903717578961645,2.833213344056216,0.0,0.6931471805599453,2.5649493574615367,0,0,0,0,0.0,0.0,0.0
857,61,171,1,0.0,0.0,0.0,0.0,0.0,6.892005833578032,0.0,0.0,0.0,2.8021041809622584,0.0,6.044433891495834,6.044433891495834,1.0986122886681098,1.0986122886681098,5.9084710615970515,5.9084710615970515,0.0,0.0,5.898624528228295,2.302585092994046,2.302585092994046,0.0,0.0,2.1972245773362196,0,0,0,0,0.0,0.0,0.0
1081,27,173,1,0.0,0.0,0.0,0.0,0.0,1.8473293203828658,0.0,0.0,0.0,2.8021041809622584,0.0,6.128354356432592,6.128354356432592,1.3862943611198906,1.3862943611198906,5.116302905452514,5.116302905452514,0.0,0.0,0.0,1.3862943611198906,1.3862943611198906,0.0,0.0,0.0,0,0,0,0,0.0,0.0,0.0
869,66,93,1,1.0,1.3862943611198906,0.0,0.0,0.0,5.868810515604207,8.607189472239938,6.726517277786868,0.0,2.8021041809622584,0.0,8.133039445840225,6.3040079896867836,1.791759469228055,1.3862943611198906,6.773900568789999,6.773900568789999,4.502979245091544,6.139351774857614,5.772775346143153,3.091042453358316,3.091042453358316,1.0986122886681098,2.5649493574615367,1.9459101490553132,1,0,0,0,0.0,0.0,0.0
194,27,2,1,0.0,0.0,0.0,0.0,0.0,5.480905256919674,0.0,0.0,0.0,2.8021041809622584,0.0,4.093189133066083,4.093189133066083,1.3862943611198906,1.3862943611198906,5.839789965883491,5.839789965883491,0.0,0.0,0.0,1.3862943611198906,1.3862943611198906,0.0,0.0,0.0,1,0,1,0,0.0,5.4071428571428575,0.0
672,4,261,1,0.0,0.0,0.0,0.0,0.0,3.8910984633065344,0.0,0.0,0.0,2.8021041809622584,0.0,5.863037452301375,5.863037452301375,1.0986122886681098,1.0986122886681098,5.67959955357961,5.67959955357961,0.0,0.0,0.0,1.0986122886681098,1.0986122886681098,0.0,0.0,0.0,1,0,1,0,0.0,1.9642857142857142,0.0
599,22,23,1,1.0,0.0,0.0,0.0,0.0,2.8719289199529667,10.054208510647289,0.0,0.0,2.8021041809622584,0.0,7.058116133423423,7.039938888755261,1.791759469228055,1.6094379124341003,7.483748868600946,7.483748868600946,5.190573059534934,6.64982708914147,6.532568201232811,3.7376696182833684,3.7376696182833684,1.0986122886681098,3.332204510175204,2.302585092994046,0,0,0,0,0.0,0.0,0.0
385,51,70,1,3.0,1.0986122886681098,1.0,0.0,0.0,7.907970449579451,10.783432380743822,9.096442324613362,0.0,2.8021041809622584,0.0,6.863876534023531,6.863361810166735,1.6094379124341003,1.3862943611198906,7.003100523106767,7.003100523106767,6.872424134496861,0.0,4.884715674609823,2.772588722239781,2.772588722239781,1.6094379124341003,0.0,2.3978952727983707,0,0,1,0,0.0,4.5,0.0
944,43,149,1,0.0,0.0,0.0,0.0,0.0,6.640776921655835,0.0,0.0,0.0,2.8021041809622584,0.0,0.00035707909681323224,0.00035707909681323224,0.6931471805599453,0.6931471805599453,0.0,0.0,0.0,0.0,0.0,0.0,0.0,0.0,0.0,0.0,1,1,0,0,15.77892857142857,0.0,0.0
491,53,10,1,0.0,0.0,1.0,1.0,2.0,5.230590912204027,0.0,0.0,0.0,2.8021041809622584,9.117798770405534,8.704660711192261,8.230234952172077,4.1588830833596715,3.8918202981106265,8.661224454463454,8.230234952172077,0.0,4.628359927673229,7.436657671859572,4.574710978503383,3.8918202981106265,0.0,1.9459101490553132,3.5263605246161616,1,0,0,1,0.0,0.0,5.162857142857143
1014,37,152,1,0.0,0.0,0.0,0.0,0.0,9.212499076011413,0.0,0.0,0.0,2.8021041809622584,0.0,6.788898542114853,6.788898542114853,1.0986122886681098,1.0986122886681098,6.922714261976603,6.922714261976603,6.729482657034469,0.0,5.178568113438111,2.833213344056216,2.833213344056216,1.9459101490553132,0.0,1.791759469228055,1,0,1,0,0.0,5.392857142857143,0.0
1437,67,62,1,0.0,0.0,0.0,0.0,0.0,5.781077454737508,0.0,0.0,0.0,2.8021041809622584,0.0,6.1862159724919525,6.1862159724919525,1.9459101490553132,1.9459101490553132,5.319869163434852,5.319869163434852,0.0,4.306475313700909,4.850354753893461,1.791759469228055,1.791759469228055,0.0,1.0986122886681098,1.0986122886681098,1,0,0,0,0.0,0.0,0.0
860,26,9,1,0.0,0.0,0.0,0.0,0.0,5.1414860135916385,0.0,0.0,0.0,2.8021041809622584,0.0,0.00035707909681323224,0.00035707909681323224,0.6931471805599453,0.6931471805599453,0.0,0.0,0.0,0.0,0.0,0.0,0.0,0.0,0.0,0.0,1,0,0,1,0.0,0.0,9.107142857142858
557,21,151,1,0.0,1.0986122886681098,1.0,0.0,0.0,7.943245566583761,0.0,0.0,0.0,2.8021041809622584,0.0,7.00578351477002,6.814999512455932,2.772588722239781,2.6390573296152584,7.0832838752980205,6.855254865341766,4.579119508788149,5.734185811532557,5.860625445380997,3.5263605246161616,3.1780538303479458,1.9459101490553132,2.4849066497880004,1.3862943611198906,0,1,0,1,0.3964285714285714,0.0,2.380714285714286
437,45,58,1,0.0,0.0,0.0,0.0,0.0,1.4878350906748516,0.0,0.0,0.0,2.8021041809622584,0.0,7.550392880525788,7.550392880525788,2.5649493574615367,2.5649493574615367,1.4799798451972135,1.4799798451972135,0.0,0.0,0.0,0.6931471805599453,0.6931471805599453,0.0,0.0,0.0,0,1,0,0,54.330357142857146,0.0,0.0
156,54,95,1,1.0,0.6931471805599453,0.0,0.0,0.0,6.037575956547459,8.77338139022573,9.18615068200617,0.0,2.8021041809622584,0.0,7.512865816887445,7.510457532321917,2.0794415416798357,1.791759469228055,8.446027041702667,8.446027041702667,0.0,0.0,6.92134114319735,2.1972245773362196,2.1972245773362196,0.0,0.0,1.9459101490553132,1,0,0,1,0.0,0.0,16.317857142857143
1337,65,175,1,1.0,1.9459101490553132,0.0,0.0,0.0,0.0,8.276713992308038,8.201183560336075,0.0,2.8021041809622584,0.0,7.418247275672232,7.411793204068848,2.0794415416798357,1.9459101490553132,7.1687647800180825,7.1687647800180825,0.0,0.0,7.1687647800180825,2.0794415416798357,2.0794415416798357,0.0,0.0,2.0794415416798357,0,1,0,0,3.9001785714285715,0.0,0.0
402,29,30,1,0.0,0.0,0.0,0.0,0.0,8.11953786456413,0.0,0.0,0.0,2.8021041809622584,0.0,9.095270331389749,9.095270331389749,1.6094379124341003,1.6094379124341003,9.274034027386623,9.274034027386623,7.017038483682515,8.199358884486351,7.72408249247462,3.6375861597263857,3.6375861597263857,1.791759469228055,2.9444389791664403,1.791759469228055,0,0,0,0,0.0,0.0,0.0
1135,67,27,1,1.0,1.0986122886681098,1.0,0.0,0.0,7.7208545696261615,6.007865035142427,0.0,5.119233420175567,2.8021041809622584,0.0,8.61285272577357,8.612533695436104,2.6390573296152584,2.3978952727983707,6.267607080154794,6.267607080154794,5.594180171090011,0.0,5.503733279144632,2.1972245773362196,2.1972245773362196,0.6931471805599453,0.0,1.791759469228055,0,1,0,0,6.136428571428572,0.0,0.0
421,28,110,1,0.0,0.0,0.0,0.0,1.0,8.864332515497308,0.0,0.0,0.0,2.8021041809622584,8.486943682120057,6.667474651773832,6.607140895896346,1.3862943611198906,1.0986122886681098,6.68108318825979,6.673257331218685,4.993343796986195,5.594591882287067,5.640132447579745,3.6375861597263857,3.58351893845611,1.791759469228055,2.8903717578961645,2.0794415416798357,1,0,0,1,0.0,0.0,10.678571428571429
38,27,12,1,1.0,0.0,0.0,0.0,0.0,8.763914532045618,8.975868296339902,0.0,0.0,2.8021041809622584,0.0,6.896551319808103,6.896551319808103,1.6094379124341003,1.6094379124341003,6.865556965745835,6.865556965745835,5.7305634973338435,5.395578563957084,6.0607906963850535,3.295836866004329,3.295836866004329,1.6094379124341003,2.5649493574615367,2.302585092994046,0,0,0,0,0.0,0.0,0.0
447,30,176,1,0.0,0.0,0.0,0.0,0.0,7.7913058534666195,0.0,0.0,0.0,2.8021041809622584,0.0,5.574057434115736,5.574057434115736,1.3862943611198906,1.3862943611198906,6.377146563443433,6.377146563443433,0.0,3.211664168990307,6.335810044841657,1.9459101490553132,1.9459101490553132,0.0,1.6094379124341003,1.0986122886681098,0,0,0,1,0.0,0.0,9.916785714285714
103,80,199,1,0.0,0.0,0.0,0.0,0.0,3.783978572685367,0.0,0.0,0.0,2.8021041809622584,0.0,0.010303875138271894,0.0007140307336570204,1.0986122886681098,0.6931471805599453,2.006630804675721,2.005333569526114,0.0,0.0,0.0,1.0986122886681098,0.6931471805599453,0.0,0.0,0.0,0,0,1,0,0.0,12.256428571428572,0.0
1577,66,72,1,0.0,0.0,0.0,0.0,0.0,8.745385575895453,0.0,0.0,0.0,2.8021041809622584,0.0,5.598821350130589,5.598821350130589,1.3862943611198906,1.3862943611198906,5.611667185748395,5.611667185748395,0.0,0.0,0.0,1.3862943611198906,1.3862943611198906,0.0,0.0,0.0,1,0,0,0,0.0,0.0,0.0
27,62,181,1,0.0,0.0,1.0,0.0,0.0,7.409124329976373,0.0,0.0,0.0,2.8021041809622584,0.0,9.25843607737786,9.223806086635003,1.6094379124341003,1.3862943611198906,6.054439346269371,4.232033964995287,0.0,0.0,0.0,1.0986122886681098,0.6931471805599453,0.0,0.0,0.0,1,1,0,0,220.4882142857143,0.0,0.0
1555,19,86,1,0.0,0.0,1.0,0.0,0.0,5.977336645200551,0.0,0.0,0.0,2.8021041809622584,0.0,5.824665462397097,5.824665462397097,1.0986122886681098,1.0986122886681098,5.608254413974705,5.608254413974705,4.968820743663249,3.867996477107736,2.9368917735310576,2.6390573296152584,2.6390573296152584,1.0986122886681098,1.0986122886681098,0.6931471805599453,0,0,0,1,0.0,0.0,12.357142857142858
900,48,251,1,0.0,0.0,0.0,0.0,0.0,2.0974919344292124,0.0,0.0,0.0,2.8021041809622584,0.0,4.2826550936960635,4.2826550936960635,1.0986122886681098,1.0986122886681098,3.5592791003320348,3.5592791003320348,0.0,2.316276648695908,3.258096538021482,1.3862943611198906,1.3862943611198906,0.0,1.0986122886681098,0.6931471805599453,1,0,1,1,0.0,7.392857142857143,24.797500000000003
48,64,92,1,0.0,1.791759469228055,1.0,0.0,0.0,7.791240754580873,0.0,10.997468454298332,0.0,2.8021041809622584,0.0,5.891575148667485,5.891575148667485,1.0986122886681098,1.0986122886681098,5.735073478959141,5.735073478959141,5.190573059534934,0.0,4.865058861239132,2.1972245773362196,2.1972245773362196,0.6931471805599453,0.0,1.9459101490553132,1,0,1,0,0.0,0.8939285714285715,0.0
1180,18,150,1,0.0,0.0,0.0,1.0,1.0,9.818246529622474,0.0,0.0,0.0,4.915020782273354,7.216722859810723,7.098517305060931,6.975062730947215,2.4849066497880004,1.9459101490553132,7.367689407327808,7.3590617634107085,5.900679826235874,5.9667829835637125,6.424533241674376,3.9318256327243257,3.8066624897703196,1.791759469228055,3.1780538303479458,2.4849066497880004,0,0,0,0,0.0,0.0,0.0
1471,75,108,1,0.0,0.0,1.0,0.0,0.0,8.396092945611212,0.0,0.0,0.0,2.8021041809622584,0.0,7.931258838495985,7.47547487686507,3.044522437723423,2.8903717578961645,7.930750637078373,7.47547487686507,5.993961427306569,3.6562086718243876,6.178715896766166,3.6375861597263857,3.091042453358316,2.0794415416798357,1.6094379124341003,1.791759469228055,0,0,1,0,0.0,2.108214285714286,0.0
1286,39,181,1,0.0,1.3862943611198906,0.0,0.0,0.0,8.63290341361169,0.0,8.179995791927977,0.0,2.8021041809622584,0.0,6.215696077786516,6.215696077786516,1.791759469228055,1.791759469228055,6.226670765321599,6.226670765321599,5.975988261968483,3.614675323490983,4.333548921686495,2.6390573296152584,2.6390573296152584,1.3862943611198906,1.6094379124341003,1.791759469228055,1,0,0,0,0.0,0.0,0.0
1527,39,10,1,0.0,0.0,1.0,1.0,0.0,3.249709819254381,0.0,0.0,0.0,3.516246524907792,0.0,5.906431730955826,5.7829610728309015,2.0794415416798357,1.3862943611198906,6.8933237869928865,6.860801053445509,6.4948338701975175,0.0,5.617090527163017,3.1354942159291497,2.772588722239781,2.0794415416798357,0.0,1.9459101490553132,1,0,0,1,0.0,0.0,6.678571428571429
1575,25,67,1,0.0,0.0,0.0,0.0,0.0,8.557430626543509,0.0,0.0,0.0,2.8021041809622584,0.0,7.162926980632002,7.162926980632002,1.3862943611198906,1.3862943611198906,6.917322934078308,6.917322934078308,6.4615128182143975,5.3547128902549455,5.050885696717553,3.295836866004329,3.295836866004329,1.3862943611198906,2.772588722239781,1.9459101490553132,0,0,0,0,0.0,0.0,0.0
116,47,239,1,0.0,0.0,0.0,0.0,0.0,6.459647323177719,0.0,0.0,0.0,2.8021041809622584,0.0,4.522665521613278,4.522665521613278,1.0986122886681098,1.0986122886681098,4.851472072445453,4.851472072445453,0.0,4.835998420060848,0.0,1.0986122886681098,1.0986122886681098,0.0,0.6931471805599453,0.0,0,0,0,0,0.0,0.0,0.0
1159,33,128,1,1.0,0.0,0.0,0.0,0.0,6.148763581986754,3.1150379589145314,0.0,0.0,2.8021041809622584,0.0,7.82486410469768,7.824447073277149,2.0794415416798357,1.9459101490553132,8.510362774281132,7.8103382009406985,7.1316985104669115,0.0,7.100351253664195,3.258096538021482,3.044522437723423,1.791759469228055,0.0,2.4849066497880004,0,0,1,1,0.0,0.8939285714285715,4.8307142857142855
446,27,181,1,0.0,0.0,0.0,0.0,0.0,9.543794128996632,0.0,0.0,0.0,2.8021041809622584,0.0,6.6870208769074715,6.6870208769074715,1.0986122886681098,1.0986122886681098,5.934894195619588,5.934894195619588,5.880931949102981,0.0,2.927376953889719,1.6094379124341003,1.6094379124341003,0.6931471805599453,0.0,1.0986122886681098,0,0,0,0,0.0,0.0,0.0
546,63,47,1,0.0,0.0,0.0,0.0,0.0,6.9318002951676325,0.0,0.0,0.0,2.8021041809622584,0.0,6.795550761561571,6.795550761561571,1.3862943611198906,1.3862943611198906,6.3381832164258824,6.3381832164258824,5.420534999272286,5.827525492062033,0.0,3.5553480614894135,3.5553480614894135,1.9459101490553132,3.332204510175204,0.0,0,0,1,0,0.0,8.928214285714287,0.0
612,74,9,1,1.0,0.0,1.0,1.0,0.0,3.3856001848484873,6.990448536776175,0.0,0.0,4.840245131427283,0.0,8.448814315069155,8.003272664326232,2.3978952727983707,1.791759469228055,8.065849688321235,7.981615411620533,3.6031659358399066,5.553755226233157,6.830411307394644,3.4011973816621555,2.833213344056216,0.6931471805599453,2.6390573296152584,2.3978952727983707,0,0,0,0,0.0,0.0,0.0
1490,61,181,1,1.0,0.0,1.0,1.0,0.0,4.272590364082222,0.0,0.0,0.0,6.807871405769832,0.0,6.824639550842722,6.251636850543652,2.302585092994046,1.6094379124341003,6.524919157394147,5.66333243476177,0.0,5.974798762629169,5.661843785435871,2.6390573296152584,1.791759469228055,0.0,1.9459101490553132,1.6094379124341003,0,0,0,0,0.0,0.0,0.0
136,33,52,1,0.0,0.0,0.0,0.0,0.0,6.338560634938259,0.0,0.0,0.0,2.8021041809622584,0.0,5.991646673379129,5.991646673379129,1.0986122886681098,1.0986122886681098,4.581316507108691,4.581316507108691,0.0,0.0,4.565463640551702,1.6094379124341003,1.6094379124341003,0.0,0.0,1.3862943611198906,1,0,0,0,0.0,0.0,0.0
254,34,55,1,0.0,0.0,1.0,0.0,0.0,6.956604625073754,0.0,0.0,0.0,2.8021041809622584,0.0,5.040658620884488,5.040658620884488,1.0986122886681098,1.0986122886681098,5.0088718353545785,5.0088718353545785,0.0,0.0,0.0,1.3862943611198906,1.3862943611198906,0.0,0.0,0.0,0,0,0,0,0.0,0.0,0.0
1495,50,8,1,1.0,0.0,0.0,0.0,0.0,5.684144476665017,5.781942091745737,0.0,0.0,2.8021041809622584,0.0,6.321579244889,6.319968899794263,1.6094379124341003,1.3862943611198906,6.38532989933292,6.38532989933292,5.5254529391317835,0.0,5.8309656348245,1.791759469228055,1.791759469228055,1.0986122886681098,0.0,1.0986122886681098,1,0,0,1,0.0,0.0,5.920357142857143
1346,32,77,2,0.0,0.0,0.0,0.0,0.0,6.480690715963777,0.0,0.0,0.0,2.8021041809622584,0.0,2.5055550910847018,2.5055550910847018,1.0986122886681098,1.0986122886681098,2.750014400201242,2.750014400201242,0.0,0.0,2.505525936990736,1.0986122886681098,1.0986122886681098,0.0,0.0,0.6931471805599453,0,0,1,0,0.0,0.21428571428571427,0.0
1235,65,97,1,1.0,1.9459101490553132,0.0,0.0,0.0,3.355926019241842,8.689004831055906,9.258516436060123,0.0,2.8021041809622584,0.0,6.187159083299511,6.184772407850612,1.3862943611198906,1.0986122886681098,5.978071690413579,5.978071690413579,5.5254529391317835,0.0,4.971547905388209,2.1972245773362196,2.1972245773362196,0.6931471805599453,0.0,1.9459101490553132,1,0,0,0,0.0,0.0,0.0
551,10,32,1,0.0,0.0,0.0,1.0,1.0,6.764440676232877,0.0,0.0,0.0,2.8569216642322965,6.440349985422336,6.937666654291341,6.776752930525678,2.3978952727983707,1.6094379124341003,6.896355187018714,6.7744732430207595,5.975988261968483,5.302524575249325,5.171295354109031,3.6109179126442243,3.1354942159291497,0.6931471805599453,2.6390573296152584,2.3978952727983707,0,0,0,0,0.0,0.0,0.0
692,32,126,1,0.0,0.0,1.0,0.0,0.0,6.464790219218202,0.0,0.0,0.0,2.8021041809622584,0.0,6.997260329895175,6.8368306960025516,2.6390573296152584,2.3978952727983707,7.042036078231356,6.889231554968986,4.28260085453587,4.799032039520912,6.342139652961345,3.4657359027997265,3.258096538021482,1.0986122886681098,2.302585092994046,2.302585092994046,1,0,1,1,0.0,4.285714285714286,13.13107142857143
1052,34,150,1,0.0,0.0,0.0,0.0,0.0,0.8235486801755403,0.0,0.0,0.0,2.8021041809622584,0.0,3.6031659358399066,3.6031659358399066,0.6931471805599453,0.6931471805599453,0.0,0.0,0.0,0.0,0.0,0.0,0.0,0.0,0.0,0.0,1,1,1,0,1.5414285714285714,4.286785714285714,0.0
1308,22,10,1,0.0,0.0,0.0,0.0,0.0,2.6110147243047837,0.0,0.0,0.0,2.8021041809622584,0.0,0.0,0.0,0.0,0.0,0.6386532809738348,0.6386532809738348,0.0,0.0,0.0,0.6931471805599453,0.6931471805599453,0.0,0.0,0.0,0,0,0,1,0.0,0.0,12.96107142857143
1166,77,79,1,0.0,0.0,0.0,0.0,0.0,7.485016106188948,0.0,0.0,0.0,2.8021041809622584,0.0,7.042165972408377,7.042165972408377,1.6094379124341003,1.6094379124341003,6.541287644825523,6.541287644825523,0.0,0.0,6.536070286605179,2.6390573296152584,2.6390573296152584,0.0,0.0,2.5649493574615367,0,1,0,0,0.3198214285714286,0.0,0.0
795,68,26,1,0.0,0.6931471805599453,0.0,0.0,0.0,6.272083565170158,0.0,9.454792363060402,0.0,2.8021041809622584,0.0,0.00035707909681323224,0.00035707909681323224,0.6931471805599453,0.6931471805599453,0.0,0.0,0.0,0.0,0.0,0.0,0.0,0.0,0.0,0.0,0,0,0,1,0.0,0.0,10.333571428571428
388,40,89,1,0.0,0.0,0.0,1.0,0.0,5.880931949102981,0.0,0.0,0.0,2.8445355598030915,0.0,8.52027087904463,8.103278845964386,2.5649493574615367,1.791759469228055,8.140027910293691,8.135461002090144,0.0,0.0,7.278111209976734,3.258096538021482,2.995732273553991,0.0,0.0,2.6390573296152584,0,0,1,1,0.0,37.23321428571428,7.285714285714286
1223,44,0,1,0.0,0.0,0.0,0.0,0.0,4.972010784130909,0.0,0.0,0.0,2.8021041809622584,0.0,6.756071969358616,6.756071969358616,1.6094379124341003,1.6094379124341003,6.635426172841911,6.635426172841911,6.172892847924722,5.491575919567411,3.6233880982210933,2.995732273553991,2.995732273553991,1.6094379124341003,2.4849066497880004,1.0986122886681098,0,0,0,1,0.0,0.0,18.052500000000002
320,28,114,1,0.0,0.0,0.0,0.0,0.0,4.470822133457013,0.0,0.0,0.0,2.8021041809622584,0.0,0.007117467768863981,0.007117467768863981,0.6931471805599453,0.6931471805599453,0.6386532809738348,0.6386532809738348,0.0,0.0,0.0,0.6931471805599453,0.6931471805599453,0.0,0.0,0.0,1,0,0,0,0.0,0.0,0.0
280,23,234,1,0.0,0.0,0.0,0.0,0.0,0.0,0.0,0.0,0.0,2.8021041809622584,0.0,0.00035707909681323224,0.00035707909681323224,0.6931471805599453,0.6931471805599453,1.086636097621394,1.086636097621394,0.0,0.0,0.0,0.6931471805599453,0.6931471805599453,0.0,0.0,0.0,1,0,0,0,0.0,0.0,0.0
306,52,78,1,1.0,0.0,0.0,0.0,0.0,5.418117414286261,6.805006429318875,0.0,0.0,2.8021041809622584,0.0,7.417161395724581,6.379876138507433,1.6094379124341003,1.0986122886681098,7.145055295877465,7.145055295877465,0.0,0.0,5.2801170263326105,1.6094379124341003,1.6094379124341003,0.0,0.0,1.3862943611198906,0,0,1,0,0.0,5.357142857142857,0.0
744,33,107,2,0.0,0.0,0.0,0.0,1.0,8.972376423029036,0.0,0.0,0.0,2.8021041809622584,9.11124735697853,7.23102932176087,7.168499825821555,1.6094379124341003,1.3862943611198906,7.242006684034528,7.233894723866239,4.28260085453587,5.513434506517055,6.768205814032052,3.6375861597263857,3.58351893845611,1.0986122886681098,2.5649493574615367,2.995732273553991,1,0,0,0,0.0,0.0,0.0
14,38,95,1,1.0,1.0986122886681098,0.0,1.0,1.0,3.192311819456935,6.0030454431992055,9.486905062210196,0.0,4.2429287574729155,9.744686660545888,8.380167865374192,8.179847173159015,2.6390573296152584,2.0794415416798357,7.777703299230006,7.5945286182757075,6.439350371100098,5.992698606771604,5.952036669640513,3.8501476017100584,3.091042453358316,1.791759469228055,3.258096538021482,2.3978952727983707,0,0,0,0,0.0,0.0,0.0
917,44,232,1,1.0,0.6931471805599453,0.0,0.0,0.0,2.3080700232246154,5.259104939074715,0.0,0.0,2.8021041809622584,0.0,6.458566649564598,6.4566950845029565,1.791759469228055,1.6094379124341003,7.157791112431157,7.157791112431157,6.6678651402071685,4.858981494467584,5.914178453147908,2.70805020110221,2.70805020110221,1.3862943611198906,1.3862943611198906,2.0794415416798357,0,0,0,1,0.0,0.0,3.9285714285714284
831,47,111,1,0.0,0.6931471805599453,0.0,0.0,0.0,7.273129028368471,0.0,0.0,0.0,2.8021041809622584,0.0,6.670771300011461,6.670771300011461,1.3862943611198906,1.3862943611198906,6.927363909871194,6.927363909871194,0.0,0.0,6.9251200632025505,1.9459101490553132,1.9459101490553132,0.0,0.0,1.791759469228055,1,1,0,0,2.024642857142857,0.0,0.0
219,70,50,1,1.0,3.332204510175204,0.0,0.0,0.0,7.245062116206947,12.873606668633661,9.622228096570886,0.0,2.8021041809622584,0.0,10.410726978575067,9.011153927642757,1.9459101490553132,1.3862943611198906,10.599214135717878,10.599214135717878,0.0,0.0,10.146406643944928,2.8903717578961645,2.8903717578961645,0.0,0.0,2.302585092994046,1,0,1,0,0.0,4.286785714285714,0.0
548,54,12,1,0.0,0.0,0.0,0.0,0.0,7.8876357784981375,0.0,0.0,0.0,2.8021041809622584,0.0,6.529472538593017,6.529472538593017,1.0986122886681098,1.0986122886681098,6.515278668243255,6.515278668243255,0.0,0.0,4.968820743663249,1.3862943611198906,1.3862943611198906,0.0,0.0,0.6931471805599453,0,0,0,0,0.0,0.0,0.0
1065,25,119,1,0.0,0.0,1.0,0.0,1.0,7.280170197041373,0.0,0.0,0.0,2.8021041809622584,5.889859866289433,7.054569623796382,6.971342901730531,2.0794415416798357,1.6094379124341003,6.617480801531325,6.587384219893067,5.718905636230422,0.0,5.642413528279909,2.6390573296152584,2.4849066497880004,1.0986122886681098,0.0,1.791759469228055,0,0,0,1,0.0,0.0,8.571428571428571
395,49,150,1,0.0,0.0,1.0,0.0,0.0,4.642053003556809,0.0,0.0,0.0,2.8021041809622584,0.0,6.0352968632030715,5.948202822913755,2.0794415416798357,1.791759469228055,6.150916456676255,6.073977278682398,5.62040086571715,4.736292428940591,0.0,2.833213344056216,2.6390573296152584,1.6094379124341003,1.791759469228055,0.0,0,0,1,0,0.0,7.0,0.0
1582,51,237,2,0.0,0.0,1.0,1.0,0.0,1.2396156961313334,0.0,0.0,6.550021611528091,2.9357926849058913,0.0,6.014127226212308,5.440147045458195,2.6390573296152584,1.9459101490553132,5.894670409640069,5.440147045458195,0.0,0.0,4.682461860289738,2.833213344056216,1.9459101490553132,0.0,0.0,1.0986122886681098,0,0,0,1,0.0,0.0,12.170714285714284
1087,29,34,1,1.0,2.9444389791664403,0.0,0.0,0.0,0.0,0.0,8.212910081106953,0.0,2.8021041809622584,0.0,7.266532012612652,7.265137722583948,1.3862943611198906,1.0986122886681098,7.319723008669578,4.3970911641352775,0.0,4.3970911641352775,0.0,1.0986122886681098,0.6931471805599453,0.0,0.6931471805599453,0.0,1,1,1,0,8.805892857142856,4.357142857142857,0.0
544,5,113,1,0.0,4.174387269895637,0.0,0.0,0.0,8.47830080721425,0.0,10.4040035968912,0.0,2.8021041809622584,0.0,7.112512257065052,7.112512257065052,1.791759469228055,1.791759469228055,6.692058928302977,6.692058928302977,5.633257818340763,6.115491540686967,4.300448522679701,3.2188758248682006,3.2188758248682006,0.6931471805599453,2.772588722239781,1.9459101490553132,1,1,0,1,0.059821428571428574,0.0,17.785714285714285
113,43,150,1,0.0,0.0,1.0,0.0,1.0,3.9470177688538604,0.0,0.0,0.0,2.8021041809622584,9.75854788330245,5.532909418684554,5.261692281834781,2.0794415416798357,1.6094379124341003,5.493021760013493,5.42779837995023,4.683453104382135,2.861179951795361,0.0,2.5649493574615367,2.302585092994046,1.0986122886681098,1.0986122886681098,0.0,0,0,0,0,0.0,0.0,0.0
1384,27,124,1,1.0,0.0,1.0,1.0,0.0,9.020518731163877,5.4728962282715115,0.0,6.571155034168225,6.206253294039438,0.0,6.743444408782742,6.7416652748984545,1.9459101490553132,1.0986122886681098,6.483049464242229,6.480862588338562,5.190573059534934,4.996038805596803,5.78753258711806,2.70805020110221,2.5649493574615367,0.6931471805599453,1.791759469228055,1.6094379124341003,1,0,1,0,0.0,4.607142857142857,0.0
812,29,175,1,0.0,0.0,0.0,0.0,0.0,8.748791755303621,0.0,0.0,0.0,2.8021041809622584,0.0,0.0028530689824064464,0.0028530689824064464,0.6931471805599453,0.6931471805599453,1.252762968495368,1.252762968495368,0.0,0.0,0.0,1.0986122886681098,1.0986122886681098,0.0,0.0,0.0,1,0,0,0,0.0,0.0,0.0
1514,38,171,1,0.0,0.0,0.0,0.0,0.0,3.4711897534821903,0.0,0.0,0.0,2.8021041809622584,0.0,6.582635360267828,6.582635360267828,1.0986122886681098,1.0986122886681098,6.2518323144061725,6.2518323144061725,0.0,6.2518323144061725,0.0,3.1780538303479458,3.1780538303479458,0.0,3.1780538303479458,0.0,0,1,0,1,5.40125,0.0,13.516071428571427
673,73,116,1,2.0,0.6931471805599453,1.0,1.0,0.0,7.85935068721578,9.68936581591811,6.598602445815804,2.245485500953473,2.8711808482245074,0.0,5.923360629873887,5.915747588922497,2.1972245773362196,1.3862943611198906,6.085800226266729,6.080423431235811,5.880931949102981,0.0,4.321290399486049,2.6390573296152584,2.302585092994046,1.0986122886681098,0.0,1.791759469228055,1,1,0,1,24.135892857142856,0.0,12.508571428571429
714,52,181,1,1.0,0.0,0.0,0.0,0.0,5.418065137514007,8.61193249401546,0.0,0.0,2.8021041809622584,0.0,3.2061813035949362,0.020502662326517422,1.6094379124341003,1.0986122886681098,4.719764014541327,4.719764014541327,0.0,0.0,4.684110087992732,1.9459101490553132,1.9459101490553132,0.0,0.0,1.6094379124341003,1,0,1,0,0.0,0.21428571428571427,0.0
399,59,152,1,0.0,0.0,0.0,0.0,0.0,6.1154434281762455,0.0,0.0,0.0,2.8021041809622584,0.0,0.003209130940948376,0.003209130940948376,0.6931471805599453,0.6931471805599453,0.6380874033769179,0.6380874033769179,0.0,0.0,0.0,0.6931471805599453,0.6931471805599453,0.0,0.0,0.0,1,1,0,0,0.08750000000000001,0.0,0.0
160,41,181,1,0.0,0.0,0.0,0.0,0.0,8.106297255881778,0.0,0.0,0.0,2.8021041809622584,0.0,7.008261998291784,7.008261998291784,1.3862943611198906,1.3862943611198906,6.564857945562238,6.564857945562238,0.0,3.9345599862082845,6.4904525244463755,3.1780538303479458,3.1780538303479458,0.0,2.0794415416798357,2.772588722239781,0,0,0,1,0.0,0.0,17.0475
737,55,31,3,0.0,0.0,0.0,0.0,0.0,8.063461144732253,0.0,0.0,0.0,2.8021041809622584,0.0,5.88093494072196,5.88093494072196,1.0986122886681098,1.0986122886681098,6.003900294532284,6.003900294532284,0.0,0.0,0.0,2.0794415416798357,2.0794415416798357,0.0,0.0,0.0,0,0,0,0,0.0,0.0,0.0
281,30,140,1,0.0,0.6931471805599453,0.0,0.0,0.0,5.876942149609993,0.0,10.196237573713962,0.0,2.8021041809622584,0.0,7.904597292480874,7.904597292480874,1.0986122886681098,1.0986122886681098,7.236493604227847,7.217391024915083,6.649539540326692,5.443190448370307,5.956577288107542,2.4849066497880004,2.3978952727983707,1.6094379124341003,1.3862943611198906,1.0986122886681098,1,0,0,0,0.0,0.0,0.0
114,26,13,1,0.0,0.0,0.0,1.0,0.0,3.6031659358399066,0.0,0.0,0.0,6.989048523090263,0.0,7.249396784940414,6.540986708209572,2.0794415416798357,1.9459101490553132,6.925466084088679,5.715654578653394,4.683453104382135,3.7581389567183185,4.8914226656302775,2.8903717578961645,2.833213344056216,2.0794415416798357,1.9459101490553132,1.0986122886681098,0,0,0,0,0.0,0.0,0.0
1452,36,15,1,0.0,0.0,0.0,0.0,0.0,8.820769000892964,0.0,0.0,0.0,2.8021041809622584,0.0,6.2854692236358245,6.2854692236358245,1.0986122886681098,1.0986122886681098,6.27416997084654,6.27416997084654,0.0,0.0,0.0,1.3862943611198906,1.3862943611198906,0.0,0.0,0.0,0,0,0,0,0.0,0.0,0.0
643,57,123,1,0.0,1.6094379124341003,0.0,0.0,0.0,7.698581908332784,0.0,12.11139127726814,0.0,2.8021041809622584,0.0,6.6939461510672515,6.6939461510672515,1.0986122886681098,1.0986122886681098,6.673433411005857,6.673433411005857,5.880931949102981,4.89383391931028,5.695174100119601,3.091042453358316,3.091042453358316,1.9459101490553132,1.9459101490553132,1.6094379124341003,1,1,0,1,32.04017857142857,0.0,15.293571428571429
602,65,103,2,0.0,0.0,1.0,1.0,0.0,4.446249815918483,0.0,0.0,0.0,6.975677577610413,0.0,7.589304209115006,7.183947668528946,3.1780538303479458,2.8903717578961645,7.612175818626254,7.183947668528946,5.5254529391317835,5.665532813688626,6.0743603237639245,4.174387269895637,3.332204510175204,2.0794415416798357,3.332204510175204,1.9459101490553132,1,0,0,0,0.0,0.0,0.0
1612,63,114,1,0.0,0.0,1.0,0.0,1.0,5.145126642482442,0.0,0.0,0.0,2.8021041809622584,8.740496729931813,7.178828215938952,6.813747536352452,2.1972245773362196,1.6094379124341003,6.862904345844241,6.623838964298717,5.6584861997410245,0.0,2.7269186854065928,2.5649493574615367,2.302585092994046,1.0986122886681098,0.0,1.0986122886681098,1,0,0,0,0.0,0.0,0.0
942,40,76,1,2.0,1.3862943611198906,0.0,0.0,0.0,7.952409070628006,10.23275459551079,0.0,0.0,2.8021041809622584,0.0,5.426099451028478,5.371987615363855,1.3862943611198906,1.0986122886681098,5.164377727336909,5.164377727336909,0.0,0.0,5.161924741642482,1.6094379124341003,1.6094379124341003,0.0,0.0,1.3862943611198906,1,0,1,0,0.0,36.785714285714285,0.0
244,41,162,1,0.0,0.0,0.0,0.0,0.0,1.8935421635379974,0.0,0.0,0.0,2.8021041809622584,0.0,5.603443720356139,5.603443720356139,1.3862943611198906,1.3862943611198906,6.000318095668607,6.000318095668607,0.0,4.662967284714308,5.682242624976929,2.70805020110221,2.70805020110221,0.0,1.791759469228055,2.0794415416798357,1,1,0,0,9.155357142857143,0.0,0.0
404,25,63,1,0.0,0.0,0.0,0.0,0.0,4.11172245015819,0.0,0.0,0.0,2.8021041809622584,0.0,6.010502701597004,6.010502701597004,1.3862943611198906,1.3862943611198906,7.051298881733385,7.051298881733385,7.010440791435558,0.0,3.7620303357495515,2.9444389791664403,2.9444389791664403,2.0794415416798357,0.0,1.0986122886681098,0,0,0,1,0.0,0.0,21.0
790,30,122,1,0.0,0.0,1.0,0.0,0.0,1.6148518022781806,0.0,0.0,0.0,2.8021041809622584,0.0,7.433778827005973,7.433778827005973,1.791759469228055,1.791759469228055,7.160708363931552,7.160708363931552,5.371966049571182,6.308249353879168,6.257785260214589,3.6888794541139363,3.6888794541139363,1.3862943611198906,3.332204510175204,2.1972245773362196,1,1,0,0,6.080178571428571,0.0,0.0
639,81,234,1,0.0,0.0,0.0,0.0,0.0,6.603867360198244,0.0,0.0,0.0,2.8021041809622584,0.0,6.5728273493048865,6.5728273493048865,1.0986122886681098,1.0986122886681098,6.505196657233064,6.505196657233064,5.880931949102981,5.741284679051781,0.0,1.3862943611198906,1.3862943611198906,0.6931471805599453,1.0986122886681098,0.0,0,1,1,1,11.376428571428573,1.3214285714285714,11.571428571428571
1406,21,181,1,0.0,0.0,0.0,0.0,0.0,10.92206042816813,0.0,0.0,0.0,2.8021041809622584,0.0,3.6031659358399066,3.6031659358399066,0.6931471805599453,0.6931471805599453,3.6031659358399066,3.6031659358399066,0.0,0.0,3.6031659358399066,0.6931471805599453,0.6931471805599453,0.0,0.0,0.6931471805599453,0,0,1,0,0.0,3.4314285714285715,0.0
13,66,132,1,1.0,0.0,0.0,0.0,1.0,5.871665977162033,1.921690638820086,0.0,0.0,2.8021041809622584,8.148820296548022,7.091831248275038,7.000010472388566,1.9459101490553132,1.3862943611198906,7.117851222113729,7.055630184821873,5.829785600859932,5.1615357998662565,5.747913274751005,3.7376696182833684,3.6888794541139363,1.9459101490553132,2.8903717578961645,2.3978952727983707,0,0,0,0,0.0,0.0,0.0
515,46,102,1,2.0,0.0,0.0,0.0,0.0,6.864488706652941,9.293094554124204,0.0,0.0,2.8021041809622584,0.0,2.211800372121937,0.06899287148695145,1.6094379124341003,1.0986122886681098,0.9701022813654424,0.9701022813654424,0.0,0.0,0.0,0.6931471805599453,0.6931471805599453,0.0,0.0,0.0,0,0,0,1,0.0,0.0,13.033928571428572
1055,21,10,1,0.0,0.0,0.0,0.0,0.0,6.732972803193353,0.0,0.0,0.0,2.8021041809622584,0.0,8.976438983506188,8.976438983506188,1.791759469228055,1.791759469228055,6.935776839246094,6.935776839246094,6.062788033933216,2.5399132793002117,5.368476224674957,2.5649493574615367,2.5649493574615367,1.3862943611198906,0.6931471805599453,1.6094379124341003,1,1,0,0,0.5164285714285715,0.0,0.0
1247,61,55,1,1.0,0.0,1.0,0.0,0.0,6.6737931494613765,0.009596661530295052,0.0,0.0,2.8021041809622584,0.0,6.4445893620653045,6.442641389734396,1.791759469228055,1.6094379124341003,6.9215338456240065,6.9215338456240065,5.880931949102981,5.618778173051651,5.932055703790409,3.295836866004329,3.295836866004329,0.6931471805599453,1.6094379124341003,2.995732273553991,1,1,0,0,20.451071428571428,0.0,0.0
56,54,105,1,1.0,0.0,0.0,0.0,0.0,6.37112332743709,7.975253261000663,0.0,0.0,2.8021041809622584,0.0,6.885916394205863,6.87306437644215,1.3862943611198906,1.0986122886681098,6.173256201623758,6.173256201623758,5.753479257201423,5.108729473762037,0.0,2.3978952727983707,2.3978952727983707,1.3862943611198906,2.0794415416798357,0.0,1,0,0,0,0.0,0.0,0.0
1472,70,146,1,0.0,0.0,0.0,0.0,0.0,2.097141118779237,0.0,0.0,0.0,2.8021041809622584,0.0,8.367767332024695,8.367767332024695,1.3862943611198906,1.3862943611198906,7.018568046919551,7.018568046919551,5.880931949102981,5.064582207377936,5.890064432666253,3.4011973816621555,3.4011973816621555,1.791759469228055,2.1972245773362196,2.302585092994046,0,0,0,0,0.0,0.0,0.0
1056,10,159,1,0.0,0.0,0.0,0.0,0.0,5.651102254018644,0.0,0.0,0.0,2.8021041809622584,0.0,0.021551796886814967,0.021551796886814967,0.6931471805599453,0.6931471805599453,0.6386532809738348,0.6386532809738348,0.0,0.0,0.0,0.6931471805599453,0.6931471805599453,0.0,0.0,0.0,0,1,0,1,10.527142857142858,0.0,12.0
414,33,116,1,2.0,2.70805020110221,0.0,0.0,0.0,5.643655794322517,6.572491312108948,9.23201809592162,0.0,2.8021041809622584,0.0,6.732445226896351,6.720579387519003,1.791759469228055,1.6094379124341003,6.000795874536866,6.000795874536866,0.0,0.0,5.9916431025945736,1.791759469228055,1.791759469228055,0.0,0.0,1.6094379124341003,0,0,0,0,0.0,0.0,0.0
709,26,25,1,0.0,0.0,0.0,0.0,0.0,6.528792990739972,0.0,0.0,0.0,2.8021041809622584,0.0,8.567935734167945,8.567935734167945,1.0986122886681098,1.0986122886681098,9.06554867657409,9.06554867657409,5.371966049571182,4.5548914143922,9.028642906111251,2.833213344056216,2.833213344056216,1.0986122886681098,1.3862943611198906,2.1972245773362196,1,0,1,0,0.0,3.965357142857143,0.0
572,39,16,1,0.0,0.0,1.0,0.0,0.0,7.915918991552691,0.0,0.0,0.0,2.8021041809622584,0.0,6.597201245072223,6.597201245072223,1.3862943611198906,1.3862943611198906,7.557650804476151,7.557650804476151,7.010440791435558,5.704680880492605,6.221157319663192,3.367295829986474,3.367295829986474,1.791759469228055,2.302585092994046,2.302585092994046,1,0,0,0,0.0,0.0,0.0
360,46,86,4,1.0,0.0,0.0,0.0,0.0,8.677990103378226,9.802920430980421,0.0,0.0,2.8021041809622584,0.0,2.115997305910125,0.0028530689824064464,1.0986122886681098,0.6931471805599453,0.0,0.0,0.0,0.0,0.0,0.0,0.0,0.0,0.0,0.0,1,0,0,1,0.0,0.0,14.198214285714286
442,13,38,1,0.0,0.0,1.0,0.0,0.0,6.988427349005196,0.0,0.0,4.539297441837384,2.8021041809622584,0.0,6.440817801428181,6.440817801428181,1.0986122886681098,1.0986122886681098,7.4620713338226565,7.4620713338226565,7.072906455362116,5.499361368945859,5.744261553244651,2.70805020110221,2.70805020110221,1.3862943611198906,0.6931471805599453,1.9459101490553132,1,0,0,0,0.0,0.0,0.0
982,86,88,1,0.0,0.0,0.0,0.0,0.0,7.503576642562455,0.0,0.0,0.0,2.8021041809622584,0.0,0.009596661530295052,0.009596661530295052,0.6931471805599453,0.6931471805599453,7.4988954416040885,7.4988954416040885,6.977681048517689,3.4423621745631885,6.345949594973678,2.9444389791664403,2.9444389791664403,0.6931471805599453,1.3862943611198906,2.4849066497880004,0,0,1,0,0.0,6.785714285714286,0.0
428,49,102,2,0.0,0.0,0.0,0.0,0.0,8.23764150145793,0.0,0.0,0.0,2.8021041809622584,0.0,6.3309488246088845,6.3309488246088845,1.3862943611198906,1.3862943611198906,7.12591356735414,7.12591356735414,6.572682063274631,0.0,6.266790461756508,2.5649493574615367,2.5649493574615367,1.3862943611198906,0.0,2.0794415416798357,1,0,1,0,0.0,2.7142857142857144,0.0
433,43,183,2,0.0,0.0,0.0,0.0,0.0,4.750506624062377,0.0,0.0,0.0,2.8021041809622584,0.0,6.572686057674483,6.572686057674483,1.0986122886681098,1.0986122886681098,5.970532711066946,5.970532711066946,0.0,0.0,5.961281442887648,2.6390573296152584,2.6390573296152584,0.0,0.0,2.5649493574615367,0,0,0,0,0.0,0.0,0.0
1301,52,71,1,0.0,0.0,1.0,0.0,0.0,6.40425750274489,0.0,0.0,4.549695228289938,2.8021041809622584,0.0,6.685166038295115,6.685166038295115,2.0794415416798357,2.0794415416798357,6.37733414932599,6.37733414932599,0.0,0.0,6.3619807572351945,2.6390573296152584,2.6390573296152584,0.0,0.0,2.4849066497880004,1,0,0,0,0.0,0.0,0.0
1522,72,143,1,1.0,1.0986122886681098,0.0,1.0,0.0,4.247913440182409,10.816558936437549,0.0,0.0,5.4319503165154375,0.0,8.155945358761622,7.952201353385088,2.6390573296152584,1.9459101490553132,7.981999613662091,7.935330899850068,0.0,4.8608915560872035,7.68580148804609,2.833213344056216,2.4849066497880004,0.0,1.0986122886681098,2.302585092994046,1,0,1,0,0.0,11.176785714285714,0.0
1564,29,175,1,0.0,0.0,1.0,0.0,0.0,3.8307664661208807,0.0,0.0,6.277826328716405,2.8021041809622584,0.0,6.522983682727238,6.254047194321632,3.1780538303479458,2.9444389791664403,6.5548726250093265,6.228516638965555,4.943681159299152,4.81284905891445,4.441810567075523,3.7376696182833684,3.332204510175204,1.9459101490553132,2.70805020110221,0.6931471805599453,0,1,0,1,9.290178571428571,0.0,6.928571428571429
108,39,82,1,2.0,0.0,1.0,0.0,0.0,6.7066654083767725,0.0,0.0,0.0,2.8021041809622584,0.0,7.070282512016866,7.066745149383991,2.1972245773362196,1.9459101490553132,6.1452580202873985,6.1452580202873985,0.0,3.4845313704197647,6.067267510523482,2.3978952727983707,2.3978952727983707,0.0,1.0986122886681098,2.0794415416798357,0,0,0,0,0.0,0.0,0.0
845,31,37,1,0.0,0.0,0.0,0.0,0.0,6.132509827143669,0.0,0.0,0.0,2.8021041809622584,0.0,0.0,0.0,0.0,0.0,0.6386532809738348,0.6386532809738348,0.0,0.0,0.0,0.6931471805599453,0.6931471805599453,0.0,0.0,0.0,0,0,0,0,0.0,0.0,0.0
34,48,104,1,1.0,1.3862943611198906,1.0,1.0,0.0,5.244961796755673,7.203598157714542,0.0,0.0,6.61358314394251,0.0,9.846403520383575,9.805619316193232,2.4849066497880004,1.6094379124341003,9.043034288031397,8.946952551711277,7.010440791435558,6.740017291679695,8.66148300414343,4.007333185232471,2.995732273553991,1.9459101490553132,3.5263605246161616,2.4849066497880004,0,1,0,0,0.6010714285714285,0.0,0.0
134,32,128,1,0.0,0.0,0.0,0.0,1.0,7.941010171643608,0.0,0.0,0.0,2.8021041809622584,8.887129957362026,6.2723317096508575,6.074033182816688,1.3862943611198906,1.0986122886681098,6.003446052766425,5.996452088619021,5.6584861997410245,0.0,0.0,1.9459101490553132,1.791759469228055,1.0986122886681098,0.0,0.0,1,0,0,1,0.0,0.0,20.139999999999997
250,31,42,1,0.0,0.0,0.0,0.0,0.0,6.287768274620421,0.0,0.0,0.0,2.8021041809622584,0.0,8.149465760493756,8.149465760493756,1.791759469228055,1.791759469228055,7.7171567081512125,7.7171567081512125,6.455425963358788,6.9509461227052185,0.0,3.2188758248682006,3.2188758248682006,1.0986122886681098,2.8903717578961645,0.0,0,0,0,0,0.0,0.0,0.0
1202,74,62,3,0.0,0.0,0.0,0.0,0.0,7.314425137277749,0.0,0.0,0.0,2.8021041809622584,0.0,5.285460064545481,5.285460064545481,1.0986122886681098,1.0986122886681098,3.999510459551262,3.999510459551262,0.0,3.809832064531599,2.1358556309599273,1.6094379124341003,1.6094379124341003,0.0,0.6931471805599453,1.0986122886681098,1,0,0,0,0.0,0.0,0.0
68,54,20,1,0.0,0.0,1.0,0.0,0.0,8.458599251903854,0.0,0.0,0.0,2.8021041809622584,0.0,6.77498278199693,6.726096788025721,1.9459101490553132,1.6094379124341003,6.705138882346709,6.6526708449884975,6.521438697738478,3.5649952548674166,2.46080909820894,3.5263605246161616,3.4657359027997265,2.6390573296152584,1.3862943611198906,0.6931471805599453,1,0,1,0,0.0,3.5,0.0
838,24,181,1,0.0,0.0,1.0,0.0,0.0,4.016061218657899,0.0,0.0,0.0,2.8021041809622584,0.0,6.0302644986765985,6.0302644986765985,1.6094379124341003,1.6094379124341003,6.662612126290575,6.662612126290575,4.683453104382135,5.826221321848778,5.818968490179526,3.044522437723423,3.044522437723423,0.6931471805599453,2.6390573296152584,1.791759469228055,1,0,0,1,0.0,0.0,3.892857142857143
1318,62,242,1,0.0,0.0,0.0,0.0,0.0,8.174176184432262,0.0,0.0,0.0,2.8021041809622584,0.0,5.634307344043866,5.634307344043866,1.6094379124341003,1.6094379124341003,4.375757021660286,4.375757021660286,0.0,4.375757021660286,0.0,1.0986122886681098,1.0986122886681098,0.0,1.0986122886681098,0.0,0,0,0,0,0.0,0.0,0.0
438,30,217,1,0.0,0.0,0.0,0.0,0.0,9.01283619747318,0.0,0.0,0.0,2.8021041809622584,0.0,6.28679785442409,6.28679785442409,1.3862943611198906,1.3862943611198906,6.177291856326388,6.177291856326388,5.707110264748875,4.499889032260389,4.502979245091544,2.8903717578961645,2.8903717578961645,1.6094379124341003,2.1972245773362196,1.0986122886681098,0,0,1,1,0.0,4.285714285714286,18.1725
422,27,160,1,1.0,0.6931471805599453,0.0,0.0,0.0,6.221476599031091,4.538026369251386,0.0,0.0,2.8021041809622584,0.0,7.12025697753987,7.117858748217005,1.6094379124341003,1.3862943611198906,7.294983675964326,7.294983675964326,6.285465896518655,0.0,6.842873841912761,2.1972245773362196,2.1972245773362196,0.6931471805599453,0.0,2.0794415416798357,0,0,0,1,0.0,0.0,1.0714285714285714
479,30,96,1,1.0,0.6931471805599453,1.0,1.0,0.0,4.32820194351461,8.37863613002323,0.0,0.0,6.468220994312587,0.0,6.790066301402154,6.787936780318593,2.302585092994046,1.791759469228055,6.043768937308698,6.040373751810856,5.12905304891073,5.106681133972272,4.422705761846226,3.2188758248682006,3.1354942159291497,1.0986122886681098,2.302585092994046,2.302585092994046,1,0,1,0,0.0,102.14642857142857,0.0
294,54,101,1,1.0,2.6390573296152584,0.0,0.0,0.0,2.6519584450712563,9.84349521516075,0.0,0.0,2.8021041809622584,0.0,7.14657446587035,7.143198591437592,1.6094379124341003,1.3862943611198906,7.058174515831284,7.058174515831284,6.285465896518655,0.0,6.43666534563598,2.0794415416798357,2.0794415416798357,0.6931471805599453,0.0,1.791759469228055,0,1,0,0,10.098749999999999,0.0,0.0
630,22,178,1,0.0,0.0,0.0,0.0,0.0,5.967299920108684,0.0,0.0,0.0,2.8021041809622584,0.0,0.004632112326561557,0.004632112326561557,0.6931471805599453,0.6931471805599453,6.540514508689288,6.540514508689288,5.451651386468739,4.345658990503007,5.923300413755353,2.772588722239781,2.772588722239781,1.0986122886681098,2.3978952727983707,1.0986122886681098,1,0,0,1,0.0,0.0,16.925
1215,29,55,1,0.0,0.0,0.0,0.0,0.0,8.032850910420615,0.0,0.0,0.0,2.8021041809622584,0.0,6.789581675992833,6.789581675992833,1.6094379124341003,1.6094379124341003,7.196261119186933,7.196261119186933,6.349887961580832,4.72044213499577,6.470965345846057,2.8903717578961645,2.8903717578961645,1.6094379124341003,1.3862943611198906,1.9459101490553132,1,0,0,0,0.0,0.0,0.0
1519,41,4,1,0.0,0.0,1.0,0.0,0.0,5.113267090182824,0.0,0.0,6.982334186146924,2.8021041809622584,0.0,6.3682631452396175,6.083573178850772,2.1972245773362196,1.9459101490553132,6.547667886605408,6.083573178850772,5.190573059534934,0.0,4.716264233493678,2.3978952727983707,1.9459101490553132,0.6931471805599453,0.0,1.0986122886681098,1,0,1,0,0.0,0.42857142857142855,0.0
537,78,58,1,0.0,0.6931471805599453,0.0,0.0,0.0,6.7037475535698094,0.0,0.0,0.0,2.8021041809622584,0.0,6.663326528690987,6.663326528690987,1.791759469228055,1.791759469228055,5.5912015097366226,5.5912015097366226,0.0,0.0,5.581427844452987,2.1972245773362196,2.1972245773362196,0.0,0.0,2.0794415416798357,1,0,0,1,0.0,0.0,13.214285714285714
693,15,54,1,0.0,0.0,1.0,0.0,0.0,7.969282258612127,0.0,0.0,0.0,2.8021041809622584,0.0,7.36676702175106,7.36676702175106,1.791759469228055,1.791759469228055,7.285402509036647,7.285402509036647,5.683093740597644,6.096528143689702,6.570232490724745,4.189654742026425,4.189654742026425,2.3978952727983707,3.332204510175204,3.091042453358316,0,1,0,1,0.21357142857142858,0.0,17.107142857142858
1158,33,0,1,1.0,0.0,1.0,0.0,0.0,2.097141118779237,8.2122602218054,0.0,0.0,2.8021041809622584,0.0,8.38872487811373,8.360259977261803,2.0794415416798357,1.791759469228055,8.75112632527377,8.506504267870627,7.1316985104669115,0.0,8.151700299726311,3.091042453358316,2.995732273553991,0.6931471805599453,0.0,2.772588722239781,0,1,0,0,1.65625,0.0,0.0
1438,27,199,1,0.0,0.0,0.0,0.0,0.0,6.626095985511509,0.0,0.0,0.0,2.8021041809622584,0.0,6.510896423469546,6.510896423469546,1.3862943611198906,1.3862943611198906,6.5614851998808135,6.5614851998808135,0.0,0.0,6.558096480556749,2.0794415416798357,2.0794415416798357,0.0,0.0,1.9459101490553132,0,0,0,1,0.0,0.0,13.820714285714287
556,39,160,1,0.0,0.0,0.0,0.0,0.0,5.430494717872254,0.0,0.0,0.0,2.8021041809622584,0.0,7.313890638612034,7.313890638612034,1.9459101490553132,1.9459101490553132,7.212992181215826,7.212992181215826,3.6031659358399066,6.3723136765940795,6.597730212375772,3.6635616461296463,3.6635616461296463,0.6931471805599453,3.4011973816621555,2.0794415416798357,1,1,0,0,4.179285714285714,0.0,0.0
179,20,109,1,0.0,0.0,0.0,0.0,0.0,2.5403920379164506,0.0,0.0,0.0,2.8021041809622584,0.0,7.187766487584992,7.187766487584992,1.791759469228055,1.791759469228055,6.467088513343067,6.467088513343067,4.502979245091544,2.4266972637020765,6.292692846587362,2.302585092994046,2.302585092994046,1.0986122886681098,1.0986122886681098,1.6094379124341003,0,0,0,1,0.0,0.0,14.138571428571428
1328,54,52,1,0.0,2.0794415416798357,0.0,0.0,0.0,6.228291199216192,0.0,0.0,0.0,2.8021041809622584,0.0,7.292151901790984,7.292151901790984,1.3862943611198906,1.3862943611198906,7.307429844688898,7.307429844688898,5.718905636230422,5.621370891983919,6.809945549332804,3.9512437185814275,3.9512437185814275,1.9459101490553132,2.9444389791664403,3.091042453358316,1,0,0,0,0.0,0.0,0.0
1355,55,101,1,0.0,0.0,0.0,0.0,0.0,0.46575353896496946,0.0,0.0,0.0,2.8021041809622584,0.0,6.826674979625051,6.826674979625051,1.0986122886681098,1.0986122886681098,0.6380874033769179,0.6380874033769179,0.0,0.0,0.0,0.6931471805599453,0.6931471805599453,0.0,0.0,0.0,0,0,1,1,0.0,3.392857142857143,5.857142857142857
282,50,152,1,1.0,0.0,1.0,0.0,0.0,6.621734682657017,8.81689955643641,0.0,0.0,2.8021041809622584,0.0,5.966552334514438,5.955201527093439,1.6094379124341003,1.0986122886681098,5.977709666697071,5.977709666697071,4.28260085453587,0.0,5.768544185170884,2.0794415416798357,2.0794415416798357,0.6931471805599453,0.0,1.791759469228055,1,0,1,0,0.0,7.3567857142857145,0.0
617,29,26,1,0.0,0.0,1.0,0.0,0.0,8.626649593182814,0.0,0.0,0.0,2.8021041809622584,0.0,0.013832460309675897,0.013832460309675897,0.6931471805599453,0.6931471805599453,1.086636097621394,1.086636097621394,0.0,0.0,0.0,0.6931471805599453,0.6931471805599453,0.0,0.0,0.0,0,0,1,0,0.0,110.47,0.0
365,60,192,1,0.0,0.0,0.0,0.0,0.0,7.88823817737717,0.0,0.0,0.0,2.8021041809622584,0.0,0.0,0.0,0.0,0.0,4.2801323269925415,4.2801323269925415,4.232033964995287,0.0,0.0,1.3862943611198906,1.3862943611198906,1.0986122886681098,0.0,0.0,1,0,1,0,0.0,0.8917857142857143,0.0
221,42,186,1,0.0,0.0,0.0,1.0,0.0,7.274676797018387,0.0,0.0,0.0,2.8021041809622584,0.0,5.884914832569885,5.880932946310301,2.1972245773362196,1.791759469228055,6.033334563689788,6.0299037049264435,2.46080909820894,0.0,5.533953982109713,2.5649493574615367,2.3978952727983707,0.6931471805599453,0.0,1.9459101490553132,1,0,0,1,0.0,0.0,7.243214285714286
500,30,150,3,1.0,1.3862943611198906,0.0,0.0,0.0,7.074674904056567,9.300311813054998,10.48090704247558,0.0,2.8021041809622584,0.0,6.816526580019997,6.815729271802885,1.3862943611198906,1.0986122886681098,6.726914054526832,6.726914054526832,5.880931949102981,0.0,6.162254091301802,2.4849066497880004,2.4849066497880004,0.6931471805599453,0.0,2.302585092994046,1,1,0,1,5.881964285714285,0.0,10.083214285714286
743,57,203,1,0.0,0.0,0.0,0.0,0.0,7.5651227906280205,0.0,0.0,0.0,2.8021041809622584,0.0,7.370210850319399,7.370210850319399,1.3862943611198906,1.3862943611198906,7.397048448735463,7.397048448735463,5.6584861997410245,5.836006763392517,6.393531029281339,3.6888794541139363,3.6888794541139363,1.3862943611198906,3.044522437723423,2.6390573296152584,1,0,0,0,0.0,0.0,0.0
455,32,15,1,2.0,0.0,0.0,1.0,0.0,10.42093661780478,6.979520969317959,0.0,0.0,6.304148417796803,0.0,8.014717254648478,7.428932072632248,3.2188758248682006,2.3978952727983707,7.8549315331702045,7.428925498160181,0.0,5.949182223433101,5.928068230549188,3.871201010907891,2.3978952727983707,0.0,3.2188758248682006,1.9459101490553132,0,0,1,1,0.0,18.292142857142856,10.571428571428571
627,30,227,1,0.0,1.0986122886681098,0.0,0.0,0.0,7.381045020897713,0.0,8.320900983672884,0.0,2.8021041809622584,0.0,7.654175587408143,7.654175587408143,1.0986122886681098,1.0986122886681098,7.674683847760831,7.674683847760831,0.0,0.0,7.673106835291006,1.6094379124341003,1.6094379124341003,0.0,0.0,1.3862943611198906,1,0,0,1,0.0,0.0,9.3025
1061,21,80,1,0.0,0.0,0.0,0.0,0.0,7.732256483418797,0.0,0.0,0.0,2.8021041809622584,0.0,7.4881468100187085,7.4881468100187085,1.0986122886681098,1.0986122886681098,7.984343474725405,7.984343474725405,0.0,4.561740628060756,7.771850053552027,2.9444389791664403,2.9444389791664403,0.0,0.6931471805599453,2.70805020110221,1,0,0,0,0.0,0.0,0.0
1155,69,219,1,0.0,0.0,0.0,0.0,0.0,3.4899928804452864,0.0,0.0,0.0,2.8021041809622584,0.0,4.68345640688659,4.68345640688659,1.0986122886681098,1.0986122886681098,4.690036406631333,4.690036406631333,4.683453104382135,0.0,0.0,1.3862943611198906,1.3862943611198906,1.0986122886681098,0.0,0.0,0,0,1,1,0.0,0.21428571428571427,11.97642857142857
1451,49,151,1,0.0,0.0,0.0,0.0,0.0,7.537998981944393,0.0,0.0,0.0,2.8021041809622584,0.0,4.683479524112392,4.683479524112392,1.0986122886681098,1.0986122886681098,5.720536575694175,5.720536575694175,5.5254529391317835,4.0085791619277735,0.0,1.0986122886681098,1.0986122886681098,0.6931471805599453,0.6931471805599453,0.0,1,0,0,0,0.0,0.0,0.0
1157,71,171,1,1.0,0.0,1.0,1.0,0.0,9.01379797667779,11.369772368590779,0.0,0.0,2.885239563066196,0.0,7.523009062468635,7.436695341149099,2.833213344056216,2.3978952727983707,8.040532941664612,7.701564526183321,6.521462347376968,6.496331560706916,6.602975489093414,4.477336814478207,4.330733340286331,2.833213344056216,3.4657359027997265,2.833213344056216,0,0,0,0,0.0,0.0,0.0
337,47,150,1,1.0,0.0,1.0,0.0,0.0,5.246777801236788,8.18666783698663,0.0,6.774429579487046,2.8021041809622584,0.0,7.4246942495349355,7.114135391413415,2.1972245773362196,1.6094379124341003,7.134055272059996,7.1044096405415385,5.975988261968483,5.1675108295587355,5.292227431910632,3.1780538303479458,3.1354942159291497,1.791759469228055,2.0794415416798357,1.9459101490553132,0,0,0,0,0.0,0.0,0.0
814,46,7,1,1.0,0.6931471805599453,0.0,0.0,0.0,7.824018867630775,8.199902310710728,5.7361920408590095,0.0,2.8021041809622584,0.0,7.121695466108389,7.109429139936657,1.6094379124341003,1.3862943611198906,6.001856788790738,6.001856788790738,2.9368917735310576,0.0,5.955004306057556,2.4849066497880004,2.4849066497880004,0.6931471805599453,0.0,2.302585092994046,0,0,0,0,0.0,0.0,0.0
508,53,0,1,0.0,0.0,0.0,0.0,0.0,7.193117609340093,0.0,0.0,0.0,2.8021041809622584,0.0,7.402855620343701,7.402855620343701,1.3862943611198906,1.3862943611198906,7.1702019576359035,7.1702019576359035,0.0,4.116711592368997,7.111512116496157,1.9459101490553132,1.9459101490553132,0.0,0.6931471805599453,0.6931471805599453,0,0,0,0,0.0,0.0,0.0
87,45,58,1,0.0,2.995732273553991,0.0,0.0,0.0,6.718337028693328,0.0,6.943679355403627,0.0,2.8021041809622584,0.0,0.00035707909681323224,0.00035707909681323224,0.6931471805599453,0.6931471805599453,1.4799798451972135,1.4799798451972135,0.0,0.0,0.0,0.6931471805599453,0.6931471805599453,0.0,0.0,0.0,1,1,0,0,3.875178571428571,0.0,0.0
719,35,95,1,0.0,0.0,0.0,0.0,0.0,4.3870008498701125,0.0,0.0,0.0,2.8021041809622584,0.0,5.525461476374796,5.525461476374796,1.0986122886681098,1.0986122886681098,5.7182018238846535,5.7182018238846535,3.500827222610997,4.967330060157393,4.864232301059824,2.4849066497880004,2.4849066497880004,0.6931471805599453,2.1972245773362196,1.0986122886681098,0,0,0,0,0.0,0.0,0.0
1425,32,66,1,0.0,1.6094379124341003,1.0,0.0,0.0,6.4718974192075365,0.0,9.29553196618889,0.0,2.8021041809622584,0.0,6.299770863018438,6.299770863018438,1.0986122886681098,1.0986122886681098,6.293361183681303,6.293361183681303,3.1103356562929947,0.0,6.206008369381361,2.3978952727983707,2.3978952727983707,0.6931471805599453,0.0,1.791759469228055,0,0,1,1,0.0,6.285714285714286,24.25
444,63,250,1,0.0,0.0,0.0,0.0,1.0,6.2046688675074195,0.0,0.0,0.0,2.8021041809622584,6.413451345897173,5.408122632509163,4.777925296569073,1.3862943611198906,1.0986122886681098,4.830881865408011,4.777621765843273,0.0,0.0,0.0,1.6094379124341003,1.0986122886681098,0.0,0.0,0.0,1,0,0,1,0.0,0.0,12.046071428571429
837,56,176,1,0.0,0.0,0.0,0.0,0.0,6.532974033478973,0.0,0.0,0.0,2.8021041809622584,0.0,4.688746204599786,4.688746204599786,1.0986122886681098,1.0986122886681098,4.405847787514112,4.405847787514112,0.0,0.0,4.378896741664954,1.0986122886681098,1.0986122886681098,0.0,0.0,0.6931471805599453,1,0,0,0,0.0,0.0,0.0
1442,26,9,1,0.0,0.0,1.0,0.0,0.0,0.00035707909681323224,0.0,0.0,0.0,2.8021041809622584,0.0,6.874396437155678,6.874396437155678,1.0986122886681098,1.0986122886681098,6.483922877279071,6.483922877279071,5.511121940067067,4.440522942816524,5.773330747434852,2.9444389791664403,2.9444389791664403,1.791759469228055,2.1972245773362196,1.3862943611198906,0,1,0,1,8.280714285714286,0.0,15.799999999999999
1275,66,84,1,0.0,0.0,0.0,0.0,0.0,3.708480730608191,0.0,0.0,0.0,2.8021041809622584,0.0,0.009596661530295052,0.009596661530295052,0.6931471805599453,0.6931471805599453,1.2616013457338378,1.2616013457338378,0.0,0.0,0.0,1.0986122886681098,1.0986122886681098,0.0,0.0,0.0,0,1,0,0,0.9698214285714286,0.0,0.0
378,75,44,1,1.0,0.0,1.0,0.0,0.0,8.210379849114569,9.685449939241938,0.0,0.0,2.8021041809622584,0.0,7.8509979507765415,7.850955815227308,1.3862943611198906,1.0986122886681098,7.351084869623149,7.351084869623149,0.0,4.155417262907912,7.307465765734444,2.1972245773362196,2.1972245773362196,0.0,0.6931471805599453,1.791759469228055,1,0,0,0,0.0,0.0,0.0
776,33,152,2,1.0,0.6931471805599453,0.0,0.0,0.0,0.0,9.303732967637426,9.320399400173375,0.0,2.8021041809622584,0.0,5.976523120719602,5.976082562926433,1.6094379124341003,1.3862943611198906,5.8301969352260015,5.8301969352260015,0.0,0.0,5.816358325634132,2.302585092994046,2.302585092994046,0.0,0.0,2.1972245773362196,1,0,0,1,0.0,0.0,3.1489285714285713
888,46,150,1,0.0,0.0,0.0,0.0,0.0,4.931027610833497,0.0,0.0,0.0,2.8021041809622584,0.0,6.012935949291716,6.012935949291716,1.6094379124341003,1.6094379124341003,5.962752707520858,5.962752707520858,5.880931949102981,0.0,0.0,1.791759469228055,1.791759469228055,0.6931471805599453,0.0,0.0,0,0,0,0,0.0,0.0,0.0
177,22,71,1,0.0,0.0,0.0,0.0,0.0,8.165300264773128,0.0,0.0,0.0,2.8021041809622584,0.0,6.294503982130804,6.294503982130804,1.0986122886681098,1.0986122886681098,5.203810435481621,5.203810435481621,0.0,0.0,5.190573059534934,1.3862943611198906,1.3862943611198906,0.0,0.0,1.0986122886681098,0,0,0,0,0.0,0.0,0.0
881,72,179,2,0.0,0.0,0.0,0.0,0.0,8.014714421258535,0.0,0.0,0.0,2.8021041809622584,0.0,0.0035650661644961576,0.0035650661644961576,0.6931471805599453,0.6931471805599453,4.687737177502161,4.687737177502161,4.683453104382135,0.0,0.0,1.0986122886681098,1.0986122886681098,0.6931471805599453,0.0,0.0,1,0,0,1,0.0,0.0,6.664642857142858
1041,61,11,1,0.0,0.6931471805599453,1.0,1.0,0.0,3.1480700866410882,0.0,12.09274956020749,0.0,3.858787977471479,0.0,8.965885034622673,8.399707959626166,3.1354942159291497,2.6390573296152584,8.903542998822315,8.455742545500097,4.502979245091544,6.669672567021641,6.783729584126799,3.4657359027997265,2.70805020110221,1.0986122886681098,2.0794415416798357,1.3862943611198906,1,0,1,1,0.0,3.392857142857143,17.563214285714285
1386,52,8,1,1.0,0.0,0.0,0.0,0.0,4.326542239051316,10.237064364212335,0.0,0.0,2.8021041809622584,0.0,2.3747396278185757,0.02573736281599426,1.0986122886681098,0.6931471805599453,0.0,0.0,0.0,0.0,0.0,0.0,0.0,0.0,0.0,0.0,0,0,0,0,0.0,0.0,0.0
96,30,151,1,1.0,1.0986122886681098,0.0,0.0,0.0,3.149678850921106,7.639455882799282,9.567085313465029,0.0,2.8021041809622584,0.0,6.086151155908937,6.085179299049679,1.3862943611198906,1.0986122886681098,4.712742539442518,4.712742539442518,0.0,0.0,4.6965766523119425,1.3862943611198906,1.3862943611198906,0.0,0.0,1.0986122886681098,1,0,1,0,0.0,6.107142857142857,0.0
1330,6,31,1,1.0,0.0,0.0,0.0,0.0,8.568898490204033,11.686322011488985,0.0,0.0,2.8021041809622584,0.0,5.841736365270971,5.841736365270971,1.3862943611198906,1.3862943611198906,5.8402262887277585,5.8402262887277585,5.8402262887277585,0.0,0.0,1.0986122886681098,1.0986122886681098,1.0986122886681098,0.0,0.0,1,0,1,0,0.0,4.357142857142857,0.0
646,45,4,1,0.0,0.0,1.0,0.0,0.0,6.184953427299659,0.0,0.0,0.0,2.8021041809622584,0.0,6.855696654210002,6.791186149101062,2.5649493574615367,2.3978952727983707,6.802212603877143,6.734069186153779,3.780937598531884,3.51066018570282,6.558906771292869,2.8903717578961645,2.772588722239781,1.3862943611198906,1.3862943611198906,1.791759469228055,1,0,0,0,0.0,0.0,0.0
1253,50,134,1,0.0,0.0,1.0,0.0,0.0,7.075271042769379,0.0,0.0,0.0,2.8021041809622584,0.0,5.848656586397092,5.848656586397092,1.791759469228055,1.791759469228055,6.039489112158737,6.039489112158737,0.0,0.0,6.02905274711784,2.70805020110221,2.70805020110221,0.0,0.0,2.6390573296152584,1,0,1,1,0.0,6.0,11.496071428571428
252,45,79,1,1.0,0.0,0.0,0.0,0.0,4.880781484607093,9.017830071482404,0.0,0.0,2.8021041809622584,0.0,5.9893283384667315,0.03267460881283981,1.791759469228055,0.6931471805599453,6.8780321775299305,6.8780321775299305,0.0,6.654244563075271,5.255447144889595,1.791759469228055,1.791759469228055,0.0,0.6931471805599453,1.3862943611198906,1,0,1,0,0.0,5.638571428571429,0.0
1245,51,181,1,0.0,0.0,0.0,0.0,0.0,6.290995562395972,0.0,0.0,0.0,2.8021041809622584,0.0,8.131247897507155,8.131247897507155,2.0794415416798357,2.0794415416798357,7.885992783456132,7.885992783456132,7.4881336174935935,4.352763324484546,6.677892777419182,2.302585092994046,2.302585092994046,1.0986122886681098,0.6931471805599453,1.791759469228055,1,0,0,0,0.0,0.0,0.0
804,70,130,2,1.0,0.0,0.0,0.0,0.0,0.0,9.397166470452504,0.0,0.0,2.8021041809622584,0.0,5.190584992637959,5.190584992637959,1.0986122886681098,1.0986122886681098,4.698237592916218,4.698237592916218,0.0,0.0,0.0,1.3862943611198906,1.3862943611198906,0.0,0.0,0.0,1,0,0,0,0.0,0.0,0.0
873,31,150,1,0.0,0.0,0.0,0.0,0.0,4.684558833657163,0.0,0.0,0.0,2.8021041809622584,0.0,9.935408645588096,9.935408645588096,2.6390573296152584,2.6390573296152584,10.468732223644269,10.468732223644269,0.0,7.465161280197573,10.311306435959523,4.174387269895637,4.174387269895637,0.0,3.4657359027997265,3.1780538303479458,0,0,1,1,0.0,16.52357142857143,12.75
1387,72,107,1,0.0,0.0,1.0,0.0,1.0,6.750332585284459,0.0,0.0,0.0,2.8021041809622584,9.346942576079197,5.894685163552192,5.358097934772447,2.0794415416798357,1.791759469228055,6.07501428476975,5.358097934772447,0.0,0.0,2.9368917735310576,2.5649493574615367,1.791759469228055,0.0,0.0,1.0986122886681098,1,0,0,0,0.0,0.0,0.0
1106,36,19,1,0.0,0.0,0.0,0.0,0.0,5.490086711628734,0.0,0.0,0.0,2.8021041809622584,0.0,5.7374958340216455,5.7374958340216455,1.3862943611198906,1.3862943611198906,5.681999315973296,5.681999315973296,5.267121510779556,0.0,4.609802298314653,2.1972245773362196,2.1972245773362196,1.791759469228055,0.0,1.0986122886681098,1,0,0,0,0.0,0.0,0.0
1605,63,44,2,0.0,0.0,0.0,0.0,0.0,4.383810756467383,0.0,0.0,0.0,2.8021041809622584,0.0,6.492624501286656,6.492624501286656,1.6094379124341003,1.6094379124341003,6.52436647191809,6.52436647191809,5.707110264748875,5.00618253813336,5.446583418929496,2.9444389791664403,2.9444389791664403,2.0794415416798357,2.0794415416798357,1.3862943611198906,1,0,0,0,0.0,0.0,0.0
288,32,151,1,0.0,0.0,0.0,0.0,0.0,8.20602635520234,0.0,0.0,0.0,2.8021041809622584,0.0,6.471189741650244,6.471189741650244,1.0986122886681098,1.0986122886681098,6.593831895325129,6.593831895325129,5.496582573739127,4.913206204320264,5.857729052023316,2.833213344056216,2.833213344056216,1.6094379124341003,1.6094379124341003,1.791759469228055,0,0,0,0,0.0,0.0,0.0
966,44,217,1,0.0,0.0,0.0,0.0,0.0,6.16796338113482,0.0,0.0,0.0,2.8021041809622584,0.0,0.0,0.0,0.0,0.0,0.6386532809738348,0.6386532809738348,0.0,0.0,0.0,0.6931471805599453,0.6931471805599453,0.0,0.0,0.0,1,0,1,0,0.0,203.7907142857143,0.0
1351,40,149,1,1.0,1.791759469228055,0.0,0.0,0.0,3.8497447850280015,8.909726230084718,6.838850668906155,0.0,2.8021041809622584,0.0,6.121647370778118,6.109925130954519,1.3862943611198906,1.0986122886681098,6.003057799196674,6.003057799196674,0.0,4.68892029844995,5.685036431835146,2.70805020110221,2.70805020110221,0.0,2.0794415416798357,1.9459101490553132,0,0,0,0,0.0,0.0,0.0
605,59,88,1,0.0,0.0,0.0,0.0,0.0,0.0,0.0,0.0,0.0,2.8021041809622584,0.0,8.672168449552688,8.672168449552688,2.3978952727983707,2.3978952727983707,8.795976861686688,8.795976861686688,0.0,0.0,8.795333456700542,2.995732273553991,2.995732273553991,0.0,0.0,2.9444389791664403,1,0,0,0,0.0,0.0,0.0
1488,73,233,1,0.0,0.0,0.0,0.0,1.0,0.0,0.0,0.0,0.0,2.8021041809622584,8.137935262648671,6.800036826845614,6.705466847118362,1.791759469228055,1.6094379124341003,6.546998034188584,6.537216821955678,5.718905636230422,4.221160749909217,5.063272922556937,3.2188758248682006,3.1354942159291497,1.9459101490553132,2.1972245773362196,1.6094379124341003,1,0,0,1,0.0,0.0,6.071428571428571
1327,57,124,1,0.0,0.0,0.0,0.0,0.0,8.953387844750285,0.0,0.0,0.0,2.8021041809622584,0.0,5.62096359555377,4.943686250935885,1.3862943611198906,1.0986122886681098,4.977895628745516,4.96551837529312,0.0,0.0,0.0,1.3862943611198906,1.0986122886681098,0.0,0.0,0.0,1,0,0,0,0.0,0.0,0.0
1246,42,180,1,0.0,0.0,0.0,0.0,0.0,9.435114593025524,0.0,0.0,0.0,2.8021041809622584,0.0,0.03302021102813388,0.03302021102813388,0.6931471805599453,0.6931471805599453,6.218376702590284,6.218376702590284,6.090129483030488,2.999831005122952,3.6031659358399066,2.3978952727983707,2.3978952727983707,1.3862943611198906,1.0986122886681098,0.6931471805599453,0,0,1,1,0.0,4.464285714285714,4.785714285714286
1323,70,213,1,0.0,0.0,0.0,0.0,0.0,5.788008726783742,0.0,0.0,0.0,2.8021041809622584,0.0,6.356859486139223,6.356859486139223,1.791759469228055,1.791759469228055,5.536349530355997,5.536349530355997,0.0,4.800795708408409,4.8914226656302775,1.9459101490553132,1.9459101490553132,0.0,1.6094379124341003,1.0986122886681098,0,0,0,1,0.0,0.0,9.928571428571429
1450,41,66,1,0.0,0.0,0.0,0.0,0.0,4.439376994376759,0.0,0.0,0.0,2.8021041809622584,0.0,4.836290410316685,4.836290410316685,1.0986122886681098,1.0986122886681098,5.637947875877511,5.637947875877511,3.500827222610997,5.516419660622829,0.0,2.9444389791664403,2.9444389791664403,0.6931471805599453,2.8903717578961645,0.0,1,1,0,0,3.89875,0.0,0.0
295,46,38,2,0.0,0.0,0.0,0.0,0.0,7.78965670477979,0.0,0.0,0.0,2.8021041809622584,0.0,6.650797302738472,6.650797302738472,1.0986122886681098,1.0986122886681098,6.999814074865671,6.999814074865671,6.977681048517689,0.0,3.127731242617069,1.6094379124341003,1.6094379124341003,1.0986122886681098,0.0,0.6931471805599453,1,0,0,0,0.0,0.0,0.0
895,22,25,1,1.0,0.0,0.0,0.0,0.0,6.906721530562595,10.19608698813032,0.0,0.0,2.8021041809622584,0.0,6.172431764579278,6.143839160867309,1.6094379124341003,1.0986122886681098,6.297701094287925,6.297701094287925,6.285465896518655,0.0,2.029087655534221,1.6094379124341003,1.6094379124341003,1.3862943611198906,0.0,0.6931471805599453,0,0,1,0,0.0,4.286785714285714,0.0
222,70,68,1,0.0,0.0,0.0,0.0,0.0,0.0,0.0,0.0,0.0,2.8021041809622584,0.0,6.781022356950364,6.781022356950364,1.3862943611198906,1.3862943611198906,6.704501886147146,6.704501886147146,0.0,3.380751690501866,6.630871833772582,2.70805020110221,2.70805020110221,0.0,0.6931471805599453,2.3978952727983707,0,1,0,1,8.917321428571428,0.0,2.107142857142857
937,65,80,1,0.0,0.0,0.0,0.0,0.0,5.893271734363833,0.0,0.0,0.0,2.8021041809622584,0.0,5.937732190399231,5.937732190399231,1.0986122886681098,1.0986122886681098,6.073126821695596,6.073126821695596,4.683453104382135,0.0,5.779640615051879,2.1972245773362196,2.1972245773362196,0.6931471805599453,0.0,1.9459101490553132,1,0,0,0,0.0,0.0,0.0
1557,77,150,1,0.0,1.0986122886681098,0.0,0.0,0.0,4.0352073009982,0.0,0.0,0.0,2.8021041809622584,0.0,7.516722395276437,7.516722395276437,2.3978952727983707,2.3978952727983707,7.491227092732982,7.491227092732982,0.0,0.0,0.0,1.0986122886681098,1.0986122886681098,0.0,0.0,0.0,0,0,0,1,0.0,0.0,8.107142857142858
173,23,150,1,0.0,0.0,0.0,0.0,0.0,8.272519065407112,0.0,0.0,0.0,2.8021041809622584,0.0,0.02085249615901651,0.02085249615901651,0.6931471805599453,0.6931471805599453,1.086636097621394,1.086636097621394,0.0,0.0,0.0,0.6931471805599453,0.6931471805599453,0.0,0.0,0.0,1,0,0,0,0.0,0.0,0.0
495,19,150,1,0.0,1.791759469228055,0.0,1.0,0.0,2.2555309211176633,0.0,8.80522166814884,0.0,6.489287971733208,0.0,8.211808975535233,8.184064558716148,2.5649493574615367,1.9459101490553132,9.051978755252442,8.56288945877275,7.4881336174935935,6.551921817632296,8.021736946565275,4.060443010546419,3.7612001156935624,2.3978952727983707,2.4849066497880004,3.1780538303479458,0,0,0,1,0.0,0.0,4.488214285714286
597,69,12,1,0.0,0.0,1.0,0.0,0.0,8.423737013316698,0.0,0.0,6.181284704704137,2.8021041809622584,0.0,6.355934654659781,6.222463591655592,2.4849066497880004,2.302585092994046,6.613201076010786,6.195409988368639,4.502979245091544,5.140367813463629,5.062637979663517,3.044522437723423,2.70805020110221,1.3862943611198906,1.3862943611198906,1.6094379124341003,1,0,0,0,0.0,0.0,0.0
1554,46,150,1,0.0,0.0,0.0,0.0,0.0,9.173896761957012,0.0,0.0,0.0,2.8021041809622584,0.0,5.166423408106355,5.166423408106355,1.3862943611198906,1.3862943611198906,5.863115620644556,5.863115620644556,4.836281906951478,2.693468208262515,5.327355922527955,2.3978952727983707,2.3978952727983707,1.3862943611198906,1.6094379124341003,1.0986122886681098,0,0,1,0,0.0,2.138571428571429,0.0
678,16,57,1,1.0,1.3862943611198906,0.0,0.0,0.0,7.912467583528618,0.0,13.542699369488785,0.0,2.8021041809622584,0.0,2.230475123502997,0.0,0.6931471805599453,0.0,0.0,0.0,0.0,0.0,0.0,0.0,0.0,0.0,0.0,0.0,0,0,0,1,0.0,0.0,17.154642857142857
815,42,150,1,0.0,0.0,0.0,0.0,0.0,8.417294794681627,0.0,0.0,0.0,2.8021041809622584,0.0,7.010442080592907,7.010442080592907,1.3862943611198906,1.3862943611198906,7.099870683382152,7.099870683382152,0.0,5.355389467139294,5.387602941302751,2.5649493574615367,2.5649493574615367,0.0,1.9459101490553132,1.0986122886681098,1,0,0,0,0.0,0.0,0.0
1429,28,150,1,0.0,0.0,1.0,1.0,1.0,0.0,0.0,0.0,0.0,7.48676164454702,7.39167524138504,7.632566187728947,7.3903412479060835,3.1780538303479458,2.8903717578961645,7.8144600693195585,7.3903412479060835,4.968820743663249,3.613713229901282,6.886864288204661,3.713572066704308,3.044522437723423,0.6931471805599453,0.6931471805599453,2.3978952727983707,1,0,0,0,0.0,0.0,0.0
475,68,113,1,1.0,0.6931471805599453,0.0,0.0,0.0,9.151645846146984,8.185281041776312,0.0,0.0,2.8021041809622584,0.0,7.4729375858796745,7.472342972201165,1.791759469228055,1.6094379124341003,7.209835167926435,7.209835167926435,5.190573059534934,5.370927022909498,6.851978263513138,3.1780538303479458,3.1780538303479458,1.0986122886681098,1.9459101490553132,2.70805020110221,0,0,1,0,0.0,42.68857142857143,0.0
271,24,70,1,2.0,0.6931471805599453,0.0,0.0,0.0,0.0014275519911854174,8.248984747235093,8.388375406959454,0.0,2.8021041809622584,0.0,5.9729386401716935,5.496443431077397,2.0794415416798357,1.791759469228055,4.826755380838216,4.826755380838216,0.0,0.0,4.799193838728449,2.1972245773362196,2.1972245773362196,0.0,0.0,2.0794415416798357,1,0,1,1,0.0,3.573928571428571,6.642857142857143
323,38,63,1,0.0,0.0,0.0,0.0,0.0,8.228117195523472,0.0,0.0,0.0,2.8021041809622584,0.0,6.646023100420539,6.646023100420539,1.9459101490553132,1.9459101490553132,6.731056030209383,6.731056030209383,6.6678651402071685,0.0,3.890281213452591,2.3978952727983707,2.3978952727983707,2.0794415416798357,0.0,1.0986122886681098,0,1,1,0,0.7625000000000001,4.036785714285714,0.0
1094,25,8,1,0.0,0.0,0.0,0.0,0.0,4.500059639085473,0.0,0.0,0.0,2.8021041809622584,0.0,0.01171680366722126,0.01171680366722126,0.6931471805599453,0.6931471805599453,7.220603458180014,7.220603458180014,3.999510459551262,5.866327415720434,6.793833617899744,3.4657359027997265,3.4657359027997265,0.6931471805599453,3.091042453358316,1.6094379124341003,1,0,1,0,0.0,5.138571428571429,0.0
1536,70,63,1,0.0,0.0,0.0,1.0,0.0,6.917775975110672,0.0,0.0,0.0,2.9357926849058913,0.0,7.606926776848145,7.310029587613983,2.0794415416798357,1.6094379124341003,7.94632685270796,7.945821067782213,7.5742651000137835,2.892353919100156,6.134172456417214,3.258096538021482,3.1780538303479458,2.0794415416798357,0.6931471805599453,2.4849066497880004,0,1,0,0,1.375714285714286,0.0,0.0
205,19,9,1,0.0,0.0,1.0,0.0,0.0,8.081939747940101,0.0,0.0,3.4136551744072285,2.8021041809622584,0.0,6.571936828596121,6.571936828596121,1.791759469228055,1.791759469228055,6.709651840848584,6.709651840848584,3.6031659358399066,4.471638793363569,6.543653847229558,2.772588722239781,2.772588722239781,0.6931471805599453,0.6931471805599453,2.5649493574615367,1,0,0,0,0.0,0.0,0.0
1483,69,41,1,0.0,0.0,0.0,0.0,0.0,6.753728758113503,0.0,0.0,0.0,2.8021041809622584,0.0,6.259651797565242,6.259651797565242,1.0986122886681098,1.0986122886681098,6.295404368250281,6.295404368250281,5.829785600859932,3.3246505404476805,4.968820743663249,2.4849066497880004,2.4849066497880004,1.3862943611198906,1.0986122886681098,1.0986122886681098,1,0,0,1,0.0,0.0,11.718214285714286
1515,51,105,1,1.0,0.6931471805599453,0.0,0.0,0.0,8.44289397020635,9.367584262889595,9.896818938099166,0.0,2.8021041809622584,0.0,5.2005076368987035,5.190577037251765,1.791759469228055,1.3862943611198906,3.6031659358399066,3.6031659358399066,0.0,0.0,3.6031659358399066,0.6931471805599453,0.6931471805599453,0.0,0.0,0.6931471805599453,0,0,0,0,0.0,0.0,0.0
1549,34,237,1,1.0,0.0,0.0,0.0,0.0,7.058333052964024,10.966601214390105,0.0,0.0,2.8021041809622584,0.0,8.91562984820162,5.658795070819697,2.3978952727983707,1.0986122886681098,9.05584054787182,9.055829085471485,0.0,4.453296079466872,9.045288826347182,2.70805020110221,2.302585092994046,0.0,0.6931471805599453,1.9459101490553132,1,1,1,1,0.3682142857142857,2.6792857142857143,133.27535714285713
218,40,26,1,0.0,0.0,1.0,0.0,1.0,4.80970451190443,0.0,0.0,0.0,2.8021041809622584,7.155811070334789,7.5765594510116605,7.225596874732092,2.8903717578961645,2.70805020110221,7.642489361446081,7.218688333039023,6.187677268605653,3.6888794541139363,5.383839539986199,3.332204510175204,2.70805020110221,1.6094379124341003,1.0986122886681098,1.0986122886681098,1,0,0,0,0.0,0.0,0.0
75,59,57,1,1.0,3.58351893845611,0.0,0.0,0.0,8.218265648827984,8.628738591185767,8.38787657758898,0.0,2.8021041809622584,0.0,6.223913242403472,6.2090979453735295,1.791759469228055,1.0986122886681098,6.238882505109765,6.238882505109765,3.999510459551262,5.245330910247195,5.589253068772679,2.6390573296152584,2.6390573296152584,0.6931471805599453,1.9459101490553132,1.791759469228055,1,1,0,0,0.004821428571428572,0.0,0.0
533,63,27,1,0.0,0.0,0.0,0.0,0.0,3.9318256327243257,0.0,0.0,0.0,2.8021041809622584,0.0,2.097272689070855,2.097272689070855,1.0986122886681098,1.0986122886681098,2.2662174488231708,2.2662174488231708,1.519825753744413,1.7240412951731041,0.0,1.3862943611198906,1.3862943611198906,0.6931471805599453,0.6931471805599453,0.0,0,1,0,0,0.4473214285714286,0.0,0.0
52,43,53,1,0.0,0.0,0.0,1.0,0.0,6.8685699652022905,0.0,0.0,0.0,2.8298884951356866,0.0,3.9278893241885195,0.0,1.6094379124341003,0.0,3.62708953306429,1.086636097621394,2.9368917735310576,0.0,0.0,2.1972245773362196,0.6931471805599453,0.6931471805599453,0.0,0.0,0,0,0,0,0.0,0.0,0.0
1302,66,69,1,1.0,0.0,0.0,0.0,0.0,3.6064387843403276,7.543835953243212,0.0,0.0,2.8021041809622584,0.0,2.8877293810023357,0.01171680366722126,1.3862943611198906,0.6931471805599453,7.294248457526345,7.0163114331438585,0.0,5.4792644673051365,6.713086377935286,2.302585092994046,2.1972245773362196,0.0,1.6094379124341003,1.0986122886681098,1,1,1,0,10.126428571428573,0.42857142857142855,0.0
425,72,150,1,0.0,0.0,0.0,0.0,0.0,7.181221696828206,0.0,0.0,0.0,2.8021041809622584,0.0,6.144230084394616,6.144230084394616,1.3862943611198906,1.3862943611198906,6.080260862884243,6.080260862884243,5.5254529391317835,0.0,5.229581477344432,1.9459101490553132,1.9459101490553132,0.6931471805599453,0.0,1.6094379124341003,1,0,0,0,0.0,0.0,0.0
1062,64,2,1,1.0,0.0,0.0,0.0,0.0,2.154954775990021,9.832800031655962,0.0,0.0,2.8021041809622584,0.0,2.4774683397384294,0.0,0.6931471805599453,0.0,0.0,0.0,0.0,0.0,0.0,0.0,0.0,0.0,0.0,0.0,0,0,0,0,0.0,0.0,0.0
1563,24,12,1,0.0,0.0,1.0,0.0,0.0,4.857339804045513,0.0,0.0,0.0,2.8021041809622584,0.0,7.342860554491329,7.342860554491329,2.1972245773362196,2.1972245773362196,8.864273251323095,8.864273251323095,5.880931949102981,4.153511539557761,7.974545133898382,3.1780538303479458,3.1780538303479458,0.6931471805599453,1.9459101490553132,2.5649493574615367,1,0,0,1,0.0,0.0,10.771785714285715
470,79,128,1,0.0,0.0,0.0,0.0,0.0,3.073040476644656,0.0,0.0,0.0,2.8021041809622584,0.0,6.19994323589455,6.19994323589455,1.6094379124341003,1.6094379124341003,6.837478420270972,6.837478420270972,0.0,6.743840417641514,4.388257184424518,2.833213344056216,2.833213344056216,0.0,2.1972245773362196,1.791759469228055,0,0,0,1,0.0,0.0,10.607142857142858
859,12,150,1,0.0,0.0,0.0,0.0,0.0,5.88619628909905,0.0,0.0,0.0,2.8021041809622584,0.0,0.007117467768863981,0.007117467768863981,0.6931471805599453,0.6931471805599453,2.2952367312242745,2.2952367312242745,0.0,0.0,0.0,1.0986122886681098,1.0986122886681098,0.0,0.0,0.0,1,0,0,1,0.0,0.0,4.166785714285714
20,27,181,1,1.0,0.0,0.0,0.0,0.0,7.694152401630291,9.814823674554885,0.0,0.0,2.8021041809622584,0.0,6.117254331916257,6.11489825427318,1.6094379124341003,1.3862943611198906,5.404606022778685,5.404606022778685,4.683453104382135,2.46080909820894,4.649870364905998,2.0794415416798357,2.0794415416798357,1.3862943611198906,0.6931471805599453,1.3862943611198906,1,0,1,0,0.0,3.8225000000000002,0.0
1602,43,3,1,0.0,0.0,0.0,0.0,0.0,8.385140867695132,0.0,0.0,0.0,2.8021041809622584,0.0,0.0007140307336570204,0.0007140307336570204,0.6931471805599453,0.6931471805599453,0.0,0.0,0.0,0.0,0.0,0.0,0.0,0.0,0.0,0.0,1,0,0,0,0.0,0.0,0.0
1177,42,149,1,0.0,0.0,0.0,0.0,0.0,8.579482913578298,0.0,0.0,0.0,2.8021041809622584,0.0,9.013184239228478,9.013184239228478,2.302585092994046,2.302585092994046,8.706855063487131,8.706855063487131,7.272371110451861,7.393626325490866,7.990153493787219,4.330733340286331,4.330733340286331,2.5649493574615367,3.6375861597263857,2.772588722239781,0,0,0,1,0.0,0.0,15.071428571428571
1221,86,17,1,0.0,0.0,1.0,0.0,0.0,7.854896904479112,0.0,0.0,0.0,2.8021041809622584,0.0,7.834096760995422,7.444064839789364,3.295836866004329,3.2188758248682006,7.867931513753493,7.444064839789364,6.002828305758297,5.085013637859545,5.727545503168478,3.871201010907891,3.258096538021482,2.0794415416798357,1.3862943611198906,1.9459101490553132,1,0,0,0,0.0,0.0,0.0
576,58,63,1,0.0,0.0,0.0,0.0,1.0,1.1056115461407192,0.0,0.0,0.0,2.8021041809622584,6.78529906422803,5.718202997317431,5.371992592019193,1.3862943611198906,1.0986122886681098,5.271166377482086,5.241935961682784,0.0,0.0,4.4950363915776075,1.9459101490553132,1.6094379124341003,0.0,0.0,1.0986122886681098,1,0,1,0,0.0,4.3967857142857145,0.0
451,62,152,1,0.0,2.0794415416798357,0.0,1.0,0.0,2.0411275601782783,0.0,6.2899573916547515,0.0,3.386107915665357,0.0,1.5191223814360977,0.007117467768863981,1.791759469228055,0.6931471805599453,5.528957037337759,5.519554816690787,0.0,0.0,5.497314584605574,2.5649493574615367,2.1972245773362196,0.0,0.0,1.9459101490553132,1,0,0,1,0.0,0.0,3.261071428571429
67,14,20,1,0.0,0.0,0.0,0.0,0.0,7.428816270767836,0.0,0.0,0.0,2.8021041809622584,0.0,6.450516686025464,6.450516686025464,1.0986122886681098,1.0986122886681098,4.256119167160018,4.256119167160018,0.0,4.123672177316621,0.0,1.3862943611198906,1.3862943611198906,0.0,0.6931471805599453,0.0,0,0,0,1,0.0,0.0,4.190357142857143
1154,82,151,1,0.0,0.0,0.0,0.0,0.0,2.4548462336640076,0.0,0.0,0.0,2.8021041809622584,0.0,6.040019989854945,6.040019989854945,1.0986122886681098,1.0986122886681098,5.600654913833522,5.600654913833522,4.28260085453587,4.8972799417670245,4.153287097855551,2.4849066497880004,2.4849066497880004,0.6931471805599453,1.9459101490553132,1.3862943611198906,1,0,1,0,0.0,12.518928571428571,0.0
1607,38,21,1,0.0,0.0,0.0,0.0,1.0,10.038384153464571,0.0,0.0,0.0,2.8021041809622584,6.614468481743753,3.9690782393420547,0.0,0.6931471805599453,0.0,0.0,0.0,0.0,0.0,0.0,0.0,0.0,0.0,0.0,0.0,1,0,0,0,0.0,0.0,0.0
920,29,150,1,0.0,0.0,0.0,0.0,0.0,4.726239878159013,0.0,0.0,0.0,2.8021041809622584,0.0,7.205318814993582,7.205318814993582,1.6094379124341003,1.6094379124341003,7.189649832436913,7.189649832436913,6.7122616356204965,5.372445364011455,5.656491186610505,3.044522437723423,3.044522437723423,1.791759469228055,1.6094379124341003,2.0794415416798357,1,0,0,0,0.0,0.0,0.0
497,42,181,1,0.0,0.0,0.0,0.0,0.0,6.836593347601018,0.0,0.0,0.0,2.8021041809622584,0.0,0.0017841217935013985,0.0017841217935013985,0.6931471805599453,0.6931471805599453,0.0,0.0,0.0,0.0,0.0,0.0,0.0,0.0,0.0,0.0,1,0,1,0,0.0,3.5357142857142856,0.0
1583,8,151,1,0.0,0.0,0.0,0.0,0.0,8.303992810392076,0.0,0.0,0.0,2.8021041809622584,0.0,6.587621342465886,6.587621342465886,1.0986122886681098,1.0986122886681098,6.999813423400084,6.999813423400084,6.754770585794848,4.17328776456222,5.153085132228025,2.3978952727983707,2.3978952727983707,1.3862943611198906,0.6931471805599453,1.6094379124341003,1,0,0,1,0.0,0.0,30.25
344,45,54,1,1.0,0.0,1.0,0.0,0.0,7.730396808008552,10.643048052698237,0.0,0.0,2.8021041809622584,0.0,7.922363093963764,6.41545345395506,1.9459101490553132,1.6094379124341003,6.51159142266262,6.51159142266262,0.0,6.016157159698354,5.562068032154542,3.091042453358316,3.091042453358316,0.0,2.3978952727983707,2.302585092994046,1,0,0,0,0.0,0.0,0.0
129,42,126,1,0.0,0.0,0.0,0.0,0.0,7.007291581073597,0.0,0.0,0.0,2.8021041809622584,0.0,6.968882631551145,6.968882631551145,1.791759469228055,1.791759469228055,6.930110667617732,6.930110667617732,6.521462347376968,0.0,5.8407454725824195,2.302585092994046,2.302585092994046,1.0986122886681098,0.0,2.0794415416798357,1,1,0,1,28.295535714285712,0.0,6.138928571428571
1345,22,152,1,2.0,0.0,0.0,1.0,1.0,6.197339856855672,4.310295642954806,0.0,0.0,5.165483689646954,8.3549370005089,7.279367602698383,6.980508405174995,2.302585092994046,1.3862943611198906,7.372811870360835,7.0313278719676315,3.999510459551262,6.212498732415995,6.44617323131808,2.9444389791664403,2.4849066497880004,0.6931471805599453,1.9459101490553132,1.6094379124341003,0,0,0,1,0.0,0.0,14.2075
434,64,130,1,0.0,0.0,0.0,0.0,0.0,7.8123146091233355,0.0,0.0,0.0,2.8021041809622584,0.0,5.160271718354196,5.160271718354196,1.3862943611198906,1.3862943611198906,5.164847196539167,5.164847196539167,4.28260085453587,2.3523951450642233,4.5417738694292975,2.1972245773362196,2.1972245773362196,1.6094379124341003,1.0986122886681098,0.6931471805599453,1,0,0,0,0.0,0.0,0.0
1197,62,36,1,0.0,0.0,0.0,0.0,0.0,5.771596874240058,0.0,0.0,0.0,2.8021041809622584,0.0,0.001070855001492987,0.001070855001492987,0.6931471805599453,0.6931471805599453,1.4799798451972135,1.4799798451972135,0.0,0.0,0.0,0.6931471805599453,0.6931471805599453,0.0,0.0,0.0,0,0,0,0,0.0,0.0,0.0
836,27,129,2,0.0,0.0,0.0,0.0,0.0,6.826194604303231,0.0,0.0,0.0,2.8021041809622584,0.0,0.00035707909681323224,0.00035707909681323224,0.6931471805599453,0.6931471805599453,1.086636097621394,1.086636097621394,0.0,0.0,0.0,0.6931471805599453,0.6931471805599453,0.0,0.0,0.0,0,1,1,0,3.416607142857143,11.0,0.0
675,36,131,1,0.0,0.0,0.0,0.0,0.0,3.362629788512897,0.0,0.0,0.0,2.8021041809622584,0.0,8.717003484370753,8.717003484370753,1.3862943611198906,1.3862943611198906,7.440188622573149,7.440188622573149,5.594180171090011,0.0,7.265129978035143,2.3978952727983707,2.3978952727983707,1.3862943611198906,0.0,0.6931471805599453,0,1,0,0,0.01767857142857143,0.0,0.0
921,36,167,2,0.0,0.0,0.0,0.0,0.0,7.898409501382822,0.0,0.0,0.0,2.8021041809622584,0.0,5.736720903948225,5.736720903948225,1.3862943611198906,1.3862943611198906,5.715922767883676,5.715922767883676,5.48182869147758,4.164780835947106,0.0,2.995732273553991,2.995732273553991,2.3978952727983707,2.302585092994046,0.0,0,0,1,0,0.0,3.8225000000000002,0.0
740,71,1,1,0.0,1.0986122886681098,0.0,0.0,0.0,5.754505010954242,0.0,10.11617924439558,0.0,2.8021041809622584,0.0,6.044444899754992,6.044444899754992,1.0986122886681098,1.0986122886681098,6.777117654552497,6.777117654552497,6.754770585794848,0.0,2.9368917735310576,1.9459101490553132,1.9459101490553132,1.0986122886681098,0.0,0.6931471805599453,0,0,0,0,0.0,0.0,0.0
1000,61,1,1,0.0,0.0,0.0,0.0,0.0,10.931945945223806,0.0,0.0,0.0,2.8021041809622584,0.0,5.969417026924246,5.969417026924246,1.0986122886681098,1.0986122886681098,7.5763718873938775,7.5763718873938775,5.085831109707815,0.0,0.0,1.6094379124341003,1.6094379124341003,1.0986122886681098,0.0,0.0,1,0,0,1,0.0,0.0,11.714285714285714
1307,50,150,1,0.0,0.0,1.0,0.0,0.0,0.012775191488722826,0.0,0.0,0.0,2.8021041809622584,0.0,7.281710799971306,7.281710799971306,1.6094379124341003,1.6094379124341003,7.174814822038426,7.174814822038426,6.251628590665871,5.6554059749158405,6.2108868976203375,3.58351893845611,3.58351893845611,1.3862943611198906,2.70805020110221,2.833213344056216,0,0,0,0,0.0,0.0,0.0
1392,29,152,1,1.0,1.3862943611198906,0.0,0.0,0.0,2.46080909820894,7.4546538096106785,0.0,0.0,2.8021041809622584,0.0,6.674627226588107,6.515637659782259,2.0794415416798357,1.6094379124341003,0.0,0.0,0.0,0.0,0.0,0.0,0.0,0.0,0.0,0.0,0,1,0,1,1.674642857142857,0.0,1.75
926,72,188,1,0.0,0.0,1.0,0.0,0.0,7.959206825251844,0.0,0.0,0.0,2.8021041809622584,0.0,7.171532555666507,7.171532555666507,1.6094379124341003,1.6094379124341003,7.22222706670243,7.22222706670243,7.04216128901732,0.0,5.4055689501520785,2.5649493574615367,2.5649493574615367,1.3862943611198906,0.0,2.1972245773362196,1,0,1,0,0.0,3.392857142857143,0.0
777,5,22,1,0.0,0.0,0.0,0.0,0.0,6.185312425844715,0.0,0.0,0.0,2.8021041809622584,0.0,7.531071290353205,7.531071290353205,2.1972245773362196,2.1972245773362196,7.2253868540411625,7.2253868540411625,4.579119508788149,6.20191068350063,6.660803768299336,3.6109179126442243,3.6109179126442243,1.3862943611198906,3.044522437723423,2.3978952727983707,0,1,0,1,0.99125,0.0,12.438571428571427
92,59,149,1,0.0,0.0,0.0,0.0,0.0,7.91203700310427,0.0,0.0,0.0,2.8021041809622584,0.0,9.096284742509287,9.096284742509287,1.9459101490553132,1.9459101490553132,9.12437184064434,9.12437184064434,0.0,6.721027170441329,8.626724369187741,3.6109179126442243,3.6109179126442243,0.0,2.772588722239781,2.5649493574615367,1,0,0,0,0.0,0.0,0.0
789,26,2,1,0.0,1.9459101490553132,0.0,0.0,0.0,2.8581518784446955,0.0,7.825748703309559,0.0,2.8021041809622584,0.0,4.7777780505944065,4.7777780505944065,1.0986122886681098,1.0986122886681098,1.9811984937908735,1.9811984937908735,0.0,0.0,0.0,1.0986122886681098,1.0986122886681098,0.0,0.0,0.0,1,0,0,0,0.0,0.0,0.0
1167,53,53,1,1.0,0.0,1.0,0.0,0.0,5.366296390932323,8.263194551615818,0.0,0.0,2.8021041809622584,0.0,7.058359166165984,7.0577863624637285,1.6094379124341003,1.3862943611198906,6.551906014484461,6.551906014484461,5.190573059534934,4.199449688127883,6.123040904896701,2.70805020110221,2.70805020110221,0.6931471805599453,0.6931471805599453,2.4849066497880004,0,0,1,0,0.0,2.142857142857143,0.0
1608,63,108,1,0.0,0.0,0.0,1.0,1.0,6.319266653477598,0.0,0.0,0.0,2.904986660247246,8.223973337527763,7.223164379914446,6.764176848787686,2.5649493574615367,1.791759469228055,7.139625782292158,7.128073413992826,5.6584861997410245,5.332282190031539,5.452263943915152,3.4011973816621555,3.1780538303479458,1.0986122886681098,2.3978952727983707,1.6094379124341003,0,0,0,0,0.0,0.0,0.0
1436,24,123,1,1.0,1.9459101490553132,0.0,0.0,0.0,7.282696130852757,7.754786420129457,8.312871394342615,0.0,2.8021041809622584,0.0,2.7286928116481146,2.7271523029756963,1.3862943611198906,1.0986122886681098,1.086636097621394,1.086636097621394,0.0,0.0,0.0,0.6931471805599453,0.6931471805599453,0.0,0.0,0.0,1,0,1,1,0.0,6.285714285714286,2.107142857142857
277,26,61,1,0.0,0.0,1.0,0.0,0.0,6.050604033042418,0.0,0.0,0.0,2.8021041809622584,0.0,4.0274286140685875,3.8376303773791633,1.791759469228055,1.6094379124341003,4.51994681994337,3.8376303773791633,3.500827222610997,0.0,1.519825753744413,2.1972245773362196,1.6094379124341003,1.0986122886681098,0.0,0.6931471805599453,0,0,1,0,0.0,2.429642857142857,0.0
1131,46,170,1,0.0,0.0,1.0,0.0,0.0,5.447894337591027,0.0,0.0,0.0,2.8021041809622584,0.0,6.751752050913199,6.751752050913199,1.6094379124341003,1.6094379124341003,6.222434534671656,6.222434534671656,5.6584861997410245,4.022157820246273,5.075173815233827,2.4849066497880004,2.4849066497880004,1.0986122886681098,1.3862943611198906,1.791759469228055,0,0,0,0,0.0,0.0,0.0
127,25,150,1,0.0,0.0,1.0,0.0,0.0,7.970433903370549,0.0,0.0,6.518782703999335,2.8021041809622584,0.0,3.5010427166318716,3.5010427166318716,1.3862943611198906,1.3862943611198906,3.972983705217833,3.972983705217833,0.0,0.0,3.972983705217833,1.6094379124341003,1.6094379124341003,0.0,0.0,1.6094379124341003,0,1,1,1,19.354642857142856,0.07142857142857142,14.071428571428571
1193,48,16,2,0.0,0.0,1.0,0.0,0.0,8.338472543560789,0.0,0.0,0.0,2.8021041809622584,0.0,7.27506002585089,7.049821397002657,3.1780538303479458,3.091042453358316,7.415897949703348,7.097471451897032,6.230762622893142,5.80558667411125,4.333080208296146,4.02535169073515,3.6109179126442243,1.9459101490553132,3.091042453358316,1.0986122886681098,1,0,0,0,0.0,0.0,0.0
1591,10,170,1,0.0,0.0,1.0,0.0,0.0,5.047013142296702,0.0,0.0,0.0,2.8021041809622584,0.0,7.633292548104098,7.329859519075547,2.3978952727983707,2.1972245773362196,7.831256240280108,7.332786058210009,0.0,0.0,6.894018502870092,2.772588722239781,2.1972245773362196,0.0,0.0,1.791759469228055,0,0,0,1,0.0,0.0,18.535714285714285
208,40,183,1,0.0,0.0,0.0,0.0,0.0,0.712949807856125,0.0,0.0,0.0,2.8021041809622584,0.0,0.0,0.0,0.0,0.0,0.6380874033769179,0.6380874033769179,0.0,0.0,0.0,0.6931471805599453,0.6931471805599453,0.0,0.0,0.0,0,0,0,1,0.0,0.0,5.801785714285714
747,31,20,1,0.0,0.0,1.0,0.0,0.0,3.7871398232814557,0.0,0.0,7.28650477723918,2.8021041809622584,0.0,7.188209597609281,7.188200694164308,2.9444389791664403,2.8903717578961645,7.147716615222507,7.1261073695602155,6.285465896518655,4.342584825652138,6.438437129027495,3.6109179126442243,3.5263605246161616,1.3862943611198906,1.3862943611198906,3.2188758248682006,1,1,0,1,0.25,0.0,3.892857142857143
1169,6,172,1,0.0,0.0,0.0,0.0,0.0,7.509357183584619,0.0,0.0,0.0,2.8021041809622584,0.0,6.486485213664614,6.486485213664614,1.0986122886681098,1.0986122886681098,6.540818680223755,6.540818680223755,6.2166061010848646,5.251693604035024,0.0,2.302585092994046,2.302585092994046,0.6931471805599453,2.0794415416798357,0.0,0,1,1,1,2.4619642857142856,5.170357142857143,46.392857142857146
106,48,88,1,0.0,1.3862943611198906,0.0,0.0,0.0,4.730480376953538,0.0,0.0,0.0,2.8021041809622584,0.0,6.615020462893705,6.615020462893705,1.0986122886681098,1.0986122886681098,5.7711072890424555,5.7711072890424555,0.0,0.0,5.761939067398467,2.0794415416798357,2.0794415416798357,0.0,0.0,1.9459101490553132,0,0,0,0,0.0,0.0,0.0
585,30,30,1,0.0,1.0986122886681098,0.0,0.0,0.0,3.8830722325849707,0.0,7.8822792040567835,0.0,2.8021041809622584,0.0,6.737989989855878,6.737989989855878,1.3862943611198906,1.3862943611198906,7.450879498948291,7.450879498948291,5.975988261968483,6.880844261120793,5.685521515521592,3.5553480614894135,3.5553480614894135,0.6931471805599453,3.1354942159291497,2.0794415416798357,1,0,1,0,0.0,6.253214285714286,0.0
591,36,150,1,0.0,0.0,1.0,0.0,0.0,0.0,0.0,0.0,0.0,2.8021041809622584,0.0,4.470707747830259,4.447308462080175,2.0794415416798357,1.9459101490553132,5.091605044460374,4.3599590335456835,3.6031659358399066,3.576050643848584,1.5119825762833874,2.6390573296152584,2.0794415416798357,0.6931471805599453,1.3862943611198906,0.6931471805599453,0,1,1,0,0.5228571428571429,1.7867857142857144,0.0
1033,23,188,1,1.0,1.3862943611198906,0.0,0.0,0.0,5.270804844246912,9.282171744438193,0.0,0.0,2.8021041809622584,0.0,1.2744645519366233,0.008888947417246025,1.6094379124341003,0.6931471805599453,0.8426441917058566,0.6380874033769179,0.0,0.0,0.0,1.0986122886681098,0.6931471805599453,0.0,0.0,0.0,1,1,0,1,1.1291071428571429,0.0,2.7025
81,86,19,1,0.0,0.0,0.0,0.0,0.0,8.676108055494158,0.0,0.0,0.0,2.8021041809622584,0.0,0.07065815080601265,0.07065815080601265,0.6931471805599453,0.6931471805599453,1.4799798451972135,1.4799798451972135,0.0,0.0,0.0,0.6931471805599453,0.6931471805599453,0.0,0.0,0.0,1,0,0,0,0.0,0.0,0.0
997,71,62,1,2.0,0.0,0.0,0.0,0.0,5.615628887150874,9.129555234007562,0.0,0.0,2.8021041809622584,0.0,6.349680178577919,6.3092726152855985,1.791759469228055,1.6094379124341003,8.039257615865251,6.397447378317268,5.975988261968483,4.689937976590405,4.579119508788149,2.5649493574615367,2.4849066497880004,1.3862943611198906,1.6094379124341003,1.0986122886681098,0,0,0,0,0.0,0.0,0.0
405,26,0,1,0.0,0.0,1.0,1.0,0.0,5.5856784053311666,0.0,0.0,0.0,2.8445355598030915,0.0,8.265078003837655,7.7543913387949885,3.091042453358316,2.5649493574615367,8.071687368330887,7.7543913387949885,5.880931949102981,0.0,6.0733983227277335,3.258096538021482,2.5649493574615367,0.6931471805599453,0.0,1.6094379124341003,1,0,0,0,0.0,0.0,0.0
1391,73,136,1,0.0,0.0,0.0,0.0,0.0,7.706299260255884,0.0,0.0,0.0,2.8021041809622584,0.0,6.911728802641779,6.911728802641779,1.6094379124341003,1.6094379124341003,6.3729577055049385,6.3729577055049385,3.999510459551262,5.145428390437788,5.890459611489811,2.5649493574615367,2.5649493574615367,1.0986122886681098,2.0794415416798357,1.3862943611198906,1,1,0,1,3.349285714285714,0.0,4.25
1066,70,54,2,0.0,1.3862943611198906,0.0,0.0,1.0,3.7182215199710957,0.0,0.0,0.0,2.8021041809622584,8.218586037958584,7.242805331309129,7.112052928049913,1.9459101490553132,1.791759469228055,6.837509454509978,6.835591953238865,0.0,0.0,6.607210357458323,2.6390573296152584,2.5649493574615367,0.0,0.0,2.302585092994046,1,0,0,0,0.0,0.0,0.0
1212,32,198,1,0.0,0.0,1.0,0.0,0.0,2.2068605416353995,0.0,0.0,0.0,2.8021041809622584,0.0,8.320737734261671,8.320737734261671,1.3862943611198906,1.3862943611198906,5.8251463928802725,5.8251463928802725,0.0,0.0,0.0,1.3862943611198906,1.3862943611198906,0.0,0.0,0.0,1,1,0,0,2.9992857142857146,0.0,0.0
445,21,15,1,0.0,1.0986122886681098,0.0,0.0,0.0,1.2708634677210173,0.0,0.0,0.0,2.8021041809622584,0.0,0.14595391262307977,0.14595391262307977,0.6931471805599453,0.6931471805599453,0.6380874033769179,0.6380874033769179,0.0,0.0,0.0,0.6931471805599453,0.6931471805599453,0.0,0.0,0.0,1,1,0,0,1.368392857142857,0.0,0.0
574,67,68,1,0.0,0.0,1.0,0.0,1.0,8.121464565271737,0.0,0.0,0.0,2.8021041809622584,6.280805733540113,8.148373057641832,7.7075422102012325,2.995732273553991,2.70805020110221,8.084383277295693,7.658191608883392,6.587550014824796,0.0,3.1135153092103742,3.2188758248682006,2.5649493574615367,1.6094379124341003,0.0,1.0986122886681098,0,0,0,0,0.0,0.0,0.0
493,47,92,1,0.0,0.0,0.0,0.0,0.0,7.679044846265448,0.0,0.0,0.0,2.8021041809622584,0.0,7.697383382330745,7.673175943929148,2.5649493574615367,2.4849066497880004,7.702905452165214,7.678832938029345,6.68586094706836,6.025318895288644,6.789655228796243,3.970291913552122,3.9512437185814275,2.1972245773362196,2.9444389791664403,2.9444389791664403,1,0,0,0,0.0,0.0,0.0
980,51,88,1,0.0,0.0,0.0,0.0,0.0,4.591360990713905,0.0,0.0,0.0,2.8021041809622584,0.0,5.7305646563503245,5.7305646563503245,1.3862943611198906,1.3862943611198906,6.029396655641563,6.029396655641563,2.097141118779237,3.0273693584971735,5.952779404796744,2.3978952727983707,2.3978952727983707,0.6931471805599453,0.6931471805599453,1.9459101490553132,0,0,1,0,0.0,7.678571428571429,0.0
143,66,18,1,0.0,0.0,0.0,1.0,0.0,0.0,0.0,0.0,0.0,6.768201707753346,0.0,9.892256722193311,9.817279592980004,2.3978952727983707,2.302585092994046,9.808231017721456,9.726405573719632,4.28260085453587,7.178469748085539,9.636443426005137,3.9318256327243257,3.912023005428146,1.0986122886681098,3.295836866004329,2.772588722239781,0,1,0,1,5.416428571428571,0.0,2.4107142857142856
213,47,151,1,0.0,0.0,0.0,0.0,0.0,7.8091848429859345,0.0,0.0,0.0,2.8021041809622584,0.0,6.002039682729992,6.002039682729992,1.3862943611198906,1.3862943611198906,5.965871976105066,5.965871976105066,4.178773241838892,0.0,5.785691571409699,1.0986122886681098,1.0986122886681098,0.6931471805599453,0.0,0.6931471805599453,0,0,0,1,0.0,0.0,19.107142857142858
1348,39,16,1,1.0,1.3862943611198906,0.0,0.0,0.0,8.578706426702112,8.239512933640825,5.7361920408590095,0.0,2.8021041809622584,0.0,0.8637937057733965,0.0017841217935013985,1.0986122886681098,0.6931471805599453,5.880931949102981,5.880931949102981,0.0,0.0,5.880931949102981,1.0986122886681098,1.0986122886681098,0.0,0.0,1.0986122886681098,1,0,1,0,0.0,1.4285714285714286,0.0
480,36,71,1,0.0,0.0,0.0,0.0,0.0,6.769416020540666,0.0,0.0,0.0,2.8021041809622584,0.0,5.880931949102981,5.880931949102981,0.6931471805599453,0.6931471805599453,5.890360831423548,5.890360831423548,0.0,0.0,5.880931949102981,1.0986122886681098,1.0986122886681098,0.0,0.0,0.6931471805599453,1,0,0,1,0.0,0.0,10.714285714285714
691,41,216,1,0.0,0.0,0.0,0.0,0.0,5.424336235700895,0.0,0.0,0.0,2.8021041809622584,0.0,7.313890162740505,7.313890162740505,1.3862943611198906,1.3862943611198906,7.419943545357424,7.419943545357424,4.968820743663249,5.537235836977609,7.143561180439881,3.6635616461296463,3.6635616461296463,1.0986122886681098,2.70805020110221,2.995732273553991,0,0,0,1,0.0,0.0,4.642857142857143
397,12,57,1,0.0,0.0,0.0,0.0,0.0,6.3388123784526975,0.0,0.0,0.0,2.8021041809622584,0.0,2.955672637174432,2.955672637174432,1.0986122886681098,1.0986122886681098,3.7065790312133373,3.7065790312133373,2.9368917735310576,2.46080909820894,2.496741107435003,1.3862943611198906,1.3862943611198906,0.6931471805599453,0.6931471805599453,0.6931471805599453,1,0,0,0,0.0,0.0,0.0
1417,52,151,1,1.0,0.0,0.0,0.0,0.0,6.452856987512004,7.876048289569335,0.0,0.0,2.8021041809622584,0.0,5.977416331381923,5.977360189505954,1.3862943611198906,1.0986122886681098,5.717145175708853,5.717145175708853,5.267121510779556,0.0,4.68014512915259,2.0794415416798357,2.0794415416798357,1.3862943611198906,0.0,1.3862943611198906,0,0,1,0,0.0,14.821428571428571,0.0
1196,20,183,1,0.0,0.0,0.0,0.0,0.0,8.133365161423772,0.0,0.0,0.0,2.8021041809622584,0.0,0.05082890085928029,0.05082890085928029,0.6931471805599453,0.6931471805599453,0.6380874033769179,0.6380874033769179,0.0,0.0,0.0,0.6931471805599453,0.6931471805599453,0.0,0.0,0.0,1,0,0,1,0.0,0.0,17.6625
209,70,16,1,0.0,0.0,0.0,0.0,0.0,8.829721453515004,0.0,0.0,0.0,2.8021041809622584,0.0,5.190579026104246,5.190579026104246,1.0986122886681098,1.0986122886681098,5.171700786914098,5.171700786914098,0.0,0.0,5.158028499658251,1.3862943611198906,1.3862943611198906,0.0,0.0,1.0986122886681098,1,1,0,0,0.26071428571428573,0.0,0.0
1206,51,68,1,0.0,0.0,0.0,0.0,0.0,4.38840358009679,0.0,0.0,0.0,2.8021041809622584,0.0,7.366088393349003,7.366088393349003,1.6094379124341003,1.6094379124341003,6.572682063274631,6.572682063274631,6.572682063274631,0.0,0.0,1.3862943611198906,1.3862943611198906,1.3862943611198906,0.0,0.0,0,1,0,0,22.165892857142858,0.0,0.0
6,24,19,1,0.0,0.0,0.0,0.0,1.0,1.6671675916423412,0.0,0.0,0.0,2.8021041809622584,7.592401968234869,6.218861895328741,6.107978523881418,1.3862943611198906,1.0986122886681098,6.080586789890099,6.065362037928389,5.880931949102981,0.0,0.0,2.1972245773362196,1.9459101490553132,0.6931471805599453,0.0,0.0,0,0,0,0,0.0,0.0,0.0
849,24,14,1,0.0,0.0,0.0,0.0,0.0,4.996224817277423,0.0,0.0,0.0,2.8021041809622584,0.0,4.683486128935894,4.683486128935894,1.0986122886681098,1.0986122886681098,5.330686017741399,5.330686017741399,5.251276296820688,0.0,0.0,2.302585092994046,2.302585092994046,1.6094379124341003,0.0,0.0,0,0,0,1,0.0,0.0,12.868214285714286
1595,11,53,1,0.0,0.0,0.0,1.0,0.0,5.879609775056979,0.0,0.0,0.0,2.885239563066196,0.0,8.252325359924232,7.6120548611123,2.0794415416798357,1.6094379124341003,8.639152889487558,7.628538471271645,0.0,0.0,7.498078406880165,2.5649493574615367,1.791759469228055,0.0,0.0,1.0986122886681098,1,0,0,1,0.0,0.0,16.142857142857142
1254,39,180,1,0.0,0.0,0.0,0.0,0.0,6.608608210102609,0.0,0.0,0.0,2.8021041809622584,0.0,7.8464016788897455,7.8464016788897455,2.0794415416798357,2.0794415416798357,7.783215385346409,7.783215385346409,6.621405651764134,5.9025767353906735,7.154280479419882,3.6109179126442243,3.6109179126442243,1.6094379124341003,2.8903717578961645,2.6390573296152584,1,0,0,1,0.0,0.0,2.107142857142857
953,50,35,1,1.0,0.0,0.0,0.0,0.0,7.3190007911750055,7.319569001447494,0.0,0.0,2.8021041809622584,0.0,6.786299659423524,6.786299659423524,1.6094379124341003,1.6094379124341003,7.236060326151046,7.236060326151046,0.0,4.846939201425466,6.626883298458905,2.9444389791664403,2.9444389791664403,0.0,1.3862943611198906,2.0794415416798357,1,0,0,1,0.0,0.0,15.222142857142858
802,47,25,1,1.0,1.3862943611198906,0.0,0.0,0.0,2.0910700957772166,7.881010564636752,9.35780391613689,0.0,2.8021041809622584,0.0,8.131816594105418,8.131280154007486,1.9459101490553132,1.791759469228055,8.708022265960237,8.22411908422849,5.5254529391317835,5.623142961945835,8.071733201992508,3.4011973816621555,3.367295829986474,1.9459101490553132,2.302585092994046,2.5649493574615367,1,0,0,1,0.0,0.0,13.071428571428571
1394,38,36,1,0.0,0.0,0.0,0.0,0.0,3.6498787167642037,0.0,0.0,0.0,2.8021041809622584,0.0,6.758733092589108,6.758733092589108,1.3862943611198906,1.3862943611198906,7.193839557784076,7.193839557784076,5.880931949102981,6.220925955807723,6.143879026734006,3.4657359027997265,3.4657359027997265,0.6931471805599453,3.2188758248682006,1.791759469228055,1,0,0,0,0.0,0.0,0.0
1568,40,17,1,0.0,0.0,0.0,0.0,0.0,3.227410727318038,0.0,0.0,0.0,2.8021041809622584,0.0,5.451652918330311,5.451652918330311,1.6094379124341003,1.6094379124341003,5.172976826907788,5.172976826907788,3.386808644210056,2.699201644025726,4.843061593936857,2.302585092994046,2.302585092994046,1.0986122886681098,1.6094379124341003,1.0986122886681098,0,0,1,0,0.0,3.0714285714285716,0.0
700,34,80,1,0.0,0.0,0.0,0.0,0.0,5.847407545944912,0.0,0.0,0.0,2.8021041809622584,0.0,4.122561734413453,4.122561734413453,1.0986122886681098,1.0986122886681098,0.6380874033769179,0.6380874033769179,0.0,0.0,0.0,0.6931471805599453,0.6931471805599453,0.0,0.0,0.0,1,1,0,0,40.67785714285714,0.0,0.0
1517,48,88,1,0.0,0.0,0.0,0.0,0.0,3.989883113182204,0.0,0.0,0.0,2.8021041809622584,0.0,5.927980707693299,5.927980707693299,1.0986122886681098,1.0986122886681098,5.82346846045867,5.82346846045867,3.999510459551262,2.3978952727983707,5.601063968461213,2.4849066497880004,2.4849066497880004,0.6931471805599453,0.6931471805599453,2.0794415416798357,1,0,0,1,0.0,0.0,13.928571428571429
1030,27,164,2,1.0,0.0,0.0,0.0,0.0,8.994224612424249,10.533973562917616,0.0,0.0,2.8021041809622584,0.0,6.3714585998368385,6.340487161514796,1.6094379124341003,1.0986122886681098,6.336164956625132,6.336164956625132,0.0,4.86118189807062,6.028880748493404,2.995732273553991,2.995732273553991,0.0,2.3978952727983707,2.0794415416798357,0,0,1,1,0.0,7.821428571428571,8.428571428571429
45,63,52,1,1.0,0.0,0.0,0.0,0.0,0.0,10.565115547611915,0.0,0.0,2.8021041809622584,0.0,1.933538010440654,0.008534902449837406,1.0986122886681098,0.6931471805599453,1.4799798451972135,1.4799798451972135,0.0,0.0,0.0,0.6931471805599453,0.6931471805599453,0.0,0.0,0.0,1,0,1,1,0.0,15.393928571428571,5.556785714285715
1409,10,149,1,0.0,0.0,1.0,0.0,0.0,4.151658387265526,0.0,0.0,0.0,2.8021041809622584,0.0,6.001174396431095,6.001174396431095,1.0986122886681098,1.0986122886681098,4.648845249490753,4.648845249490753,0.0,0.0,4.615827480462079,1.3862943611198906,1.3862943611198906,0.0,0.0,1.0986122886681098,0,0,0,1,0.0,0.0,4.852142857142858
763,83,126,1,0.0,0.0,1.0,1.0,1.0,8.574174343514505,0.0,0.0,0.0,7.34312748743,7.975214575124264,6.845444750215738,6.782078670894135,2.0794415416798357,1.0986122886681098,6.467310451977946,6.455367012763581,6.2166061010848646,0.0,2.837406222316252,2.3978952727983707,1.791759469228055,0.6931471805599453,0.0,0.6931471805599453,0,0,0,0,0.0,0.0,0.0
721,67,82,1,1.0,0.0,1.0,0.0,0.0,5.392238595193149,10.236306222493337,0.0,6.268127876639777,2.8021041809622584,0.0,7.088812942160851,7.082923334194753,1.9459101490553132,1.791759469228055,7.04656024185932,7.04656024185932,5.190573059534934,5.030134420625517,6.703034727244703,2.8903717578961645,2.8903717578961645,0.6931471805599453,1.6094379124341003,2.4849066497880004,0,0,1,0,0.0,4.464285714285714,0.0
1168,85,205,1,1.0,0.0,1.0,1.0,0.0,8.577280257010505,10.083118334702744,0.0,0.0,2.8021041809622584,0.0,7.74063086098208,7.5884363292176085,2.302585092994046,1.6094379124341003,7.503988905734666,7.296413995165908,6.285465896518655,5.822285885700553,6.414202240582756,3.6375861597263857,2.995732273553991,1.3862943611198906,2.772588722239781,2.5649493574615367,0,0,0,0,0.0,0.0,0.0
418,28,8,1,0.0,0.0,0.0,0.0,0.0,6.079171218039034,0.0,0.0,0.0,2.8021041809622584,0.0,6.443511600751525,6.443511600751525,1.0986122886681098,1.0986122886681098,6.987684793436376,6.987684793436376,6.9840514165792085,0.0,0.0,2.302585092994046,2.302585092994046,1.9459101490553132,0.0,0.0,1,0,0,0,0.0,0.0,0.0
614,58,28,1,2.0,2.8903717578961645,1.0,1.0,0.0,0.0,8.874034071586792,0.0,0.0,2.8021041809622584,0.0,9.036466079231026,9.023982996496455,2.833213344056216,2.302585092994046,9.180444996671708,9.15759628886131,5.880931949102981,5.8372149040506915,8.549169319223912,3.8501476017100584,3.5263605246161616,0.6931471805599453,2.6390573296152584,3.2188758248682006,1,1,1,1,83.03803571428571,3.7510714285714286,4.248214285714286
1143,53,65,1,0.0,0.0,0.0,0.0,0.0,8.42911469980773,0.0,0.0,0.0,2.8021041809622584,0.0,6.743865241878554,6.743865241878554,1.0986122886681098,1.0986122886681098,5.5656144993355525,5.5656144993355525,0.0,0.0,5.553928107999748,2.0794415416798357,2.0794415416798357,0.0,0.0,1.9459101490553132,1,1,0,0,2.0083928571428573,0.0,0.0
702,71,168,1,1.0,0.6931471805599453,0.0,1.0,0.0,5.47741647492291,5.973805976820851,8.459378907078063,0.0,2.8021041809622584,0.0,7.5214071169179135,7.425880907047675,2.772588722239781,2.1972245773362196,7.476431327093565,7.329578011542307,6.209451971272821,6.518460684815066,6.174455522648345,3.8501476017100584,3.713572066704308,1.6094379124341003,3.2188758248682006,2.5649493574615367,0,0,0,0,0.0,0.0,0.0
848,34,23,1,0.0,0.0,0.0,1.0,0.0,3.927045317639567,0.0,0.0,0.0,2.8021041809622584,0.0,6.017983017936646,6.012156134903964,1.9459101490553132,1.0986122886681098,7.5812826726724305,7.5800800267066695,7.527332804008427,4.57102229855553,0.0,2.8903717578961645,2.6390573296152584,1.9459101490553132,1.6094379124341003,0.0,1,0,0,0,0.0,0.0,0.0
448,23,159,1,1.0,1.791759469228055,1.0,0.0,0.0,3.7074821320669034,0.013480161556692676,8.003180470437643,0.0,2.8021041809622584,0.0,7.336567611893144,7.33613720786741,1.9459101490553132,1.791759469228055,7.225215009752463,7.225215009752463,5.910409422351274,0.0,6.8949504314414325,3.5263605246161616,3.5263605246161616,2.5649493574615367,0.0,2.302585092994046,0,1,1,1,1.7108928571428572,213.29285714285714,22.424642857142857
220,51,29,1,0.0,0.0,1.0,0.0,1.0,5.534812811855446,0.0,0.0,0.0,2.8021041809622584,5.6856172917302485,6.168505818652774,6.123440042451843,1.6094379124341003,1.3862943611198906,5.784594117392615,5.7689904145401805,0.0,0.0,5.622856440456698,2.302585092994046,2.0794415416798357,0.0,0.0,1.791759469228055,0,0,0,0,0.0,0.0,0.0
1333,34,198,1,0.0,0.0,0.0,0.0,1.0,9.622919945484638,0.0,0.0,0.0,2.8021041809622584,7.015998029863698,7.5032914026060995,7.401168904192013,1.9459101490553132,1.791759469228055,7.292764246300688,7.28338862140715,6.380606681184216,5.427239716334359,5.89911426818617,3.6635616461296463,3.6109179126442243,1.9459101490553132,2.4849066497880004,2.6390573296152584,1,0,0,0,0.0,0.0,0.0
76,66,178,1,0.0,0.0,1.0,1.0,1.0,5.1891081844242475,0.0,0.0,0.0,6.805785832541224,8.145744964047388,6.676678557406265,6.492683459548281,2.0794415416798357,1.0986122886681098,7.370740362543098,7.352912829621123,5.6584861997410245,3.6995367485879243,0.0,2.833213344056216,2.302585092994046,1.0986122886681098,0.6931471805599453,0.0,0,0,0,0,0.0,0.0,0.0
713,50,67,1,0.0,0.0,1.0,0.0,0.0,4.739782244482855,0.0,0.0,5.861109736453461,2.8021041809622584,0.0,6.75868085978167,6.75868085978167,1.3862943611198906,1.3862943611198906,6.770973712300356,6.770973712300356,6.258488269094068,5.633832512651143,4.225268391439543,3.4011973816621555,3.4011973816621555,1.9459101490553132,2.833213344056216,1.791759469228055,1,0,0,1,0.0,0.0,11.875
1046,51,30,1,0.0,0.0,0.0,0.0,0.0,8.689996257434007,0.0,0.0,0.0,2.8021041809622584,0.0,5.371971026333847,5.371971026333847,1.0986122886681098,1.0986122886681098,5.059026285636372,5.059026285636372,0.0,0.0,0.0,1.6094379124341003,1.6094379124341003,0.0,0.0,0.0,1,0,0,0,0.0,0.0,0.0
1486,27,75,1,0.0,0.0,0.0,0.0,0.0,7.772622031238069,0.0,0.0,0.0,2.8021041809622584,0.0,8.897332286378244,8.897332286378244,2.3978952727983707,2.3978952727983707,8.917495902012657,8.917495902012657,5.190573059534934,0.0,7.765699631160043,3.332204510175204,3.332204510175204,0.6931471805599453,0.0,3.044522437723423,0,0,0,0,0.0,0.0,0.0
754,36,196,1,0.0,0.0,0.0,0.0,0.0,2.642088445424451,0.0,0.0,0.0,2.8021041809622584,0.0,6.339983193702633,6.339983193702633,1.0986122886681098,1.0986122886681098,1.3895034920608391,1.3895034920608391,0.0,0.0,0.0,1.0986122886681098,1.0986122886681098,0.0,0.0,0.0,0,0,1,1,0.0,39.276785714285715,9.176785714285714
885,32,151,1,0.0,0.0,0.0,0.0,0.0,8.200406908618453,0.0,0.0,0.0,2.8021041809622584,0.0,6.232345569540447,6.232345569540447,1.0986122886681098,1.0986122886681098,6.081150172486681,6.081150172486681,0.0,4.1299529896894684,5.902145314261331,2.3978952727983707,2.3978952727983707,0.0,1.0986122886681098,1.9459101490553132,1,0,0,0,0.0,0.0,0.0
1266,20,59,1,0.0,0.6931471805599453,1.0,0.0,0.0,7.647628249458541,0.0,8.95474815392434,0.0,2.8021041809622584,0.0,7.207131034466758,7.207131034466758,1.6094379124341003,1.6094379124341003,6.938593082647409,6.938593082647409,5.190573059534934,5.064401718251916,6.537876712870078,2.772588722239781,2.772588722239781,0.6931471805599453,1.6094379124341003,2.1972245773362196,0,0,1,0,0.0,8.607142857142858,0.0
1368,23,51,1,0.0,0.0,0.0,0.0,0.0,10.81146990089493,0.0,0.0,0.0,2.8021041809622584,0.0,6.9945952722387945,6.9945952722387945,1.0986122886681098,1.0986122886681098,7.25434175502722,7.25434175502722,6.644905182231538,6.470716019537164,0.0,3.713572066704308,3.713572066704308,2.0794415416798357,3.4657359027997265,0.0,1,0,1,0,0.0,3.7142857142857144,0.0
1571,39,211,1,0.0,0.0,0.0,0.0,0.0,10.070560098567343,0.0,0.0,0.0,2.8021041809622584,0.0,0.00035707909681323224,0.00035707909681323224,0.6931471805599453,0.6931471805599453,1.3025244780544318,1.3025244780544318,0.0,0.0,0.0,1.0986122886681098,1.0986122886681098,0.0,0.0,0.0,1,1,1,0,3.45375,4.571428571428571,0.0
112,73,31,1,0.0,0.0,0.0,0.0,0.0,5.325258320803119,0.0,0.0,0.0,2.8021041809622584,0.0,5.064417512351015,5.064417512351015,1.6094379124341003,1.6094379124341003,5.409753317886118,5.409753317886118,4.993343796986195,4.345723803217432,0.0,3.091042453358316,3.091042453358316,2.1972245773362196,2.6390573296152584,0.0,0,0,0,1,0.0,0.0,12.5
292,36,5,1,0.0,0.0,0.0,0.0,0.0,7.379955378149279,0.0,0.0,0.0,2.8021041809622584,0.0,7.587021745198301,7.587021745198301,1.3862943611198906,1.3862943611198906,7.77107988950215,7.77107988950215,3.500827222610997,5.018190018500365,7.691085883600062,2.6390573296152584,2.6390573296152584,0.6931471805599453,2.0794415416798357,1.791759469228055,1,1,0,0,0.64125,0.0,0.0
716,37,107,1,0.0,0.0,0.0,0.0,0.0,8.531423388750497,0.0,0.0,0.0,2.8021041809622584,0.0,4.757452795527427,4.757452795527427,1.0986122886681098,1.0986122886681098,4.759208614617461,4.759208614617461,0.0,2.73922581857066,4.622518824322705,2.0794415416798357,2.0794415416798357,0.0,1.6094379124341003,0.6931471805599453,0,0,0,0,0.0,0.0,0.0
72,47,129,1,0.0,0.0,0.0,0.0,0.0,7.228660029870156,0.0,0.0,0.0,2.8021041809622584,0.0,6.068018759468759,6.068018759468759,1.6094379124341003,1.6094379124341003,7.140537938750308,7.140537938750308,5.880931949102981,0.0,6.781179233589504,2.6390573296152584,2.6390573296152584,0.6931471805599453,0.0,2.3978952727983707,1,0,0,0,0.0,0.0,0.0
139,74,64,1,0.0,0.0,1.0,1.0,0.0,7.411534060546444,0.0,0.0,0.0,6.863859368390471,0.0,6.010043561950029,5.991219874320894,2.6390573296152584,2.1972245773362196,6.148284365694607,5.995862006950239,5.718905636230422,4.106855261754245,3.2851984677992734,2.9444389791664403,2.4849066497880004,1.0986122886681098,1.3862943611198906,0.6931471805599453,0,0,0,0,0.0,0.0,0.0
302,63,27,1,1.0,0.6931471805599453,0.0,0.0,0.0,4.471977511502307,10.100934352281124,0.0,0.0,2.8021041809622584,0.0,10.676375579279949,9.989601452508952,1.9459101490553132,1.3862943611198906,10.040525135036813,10.040525135036813,5.870909816709239,5.045243738721377,6.90875477931522,2.5649493574615367,2.5649493574615367,1.6094379124341003,1.791759469228055,1.0986122886681098,1,0,0,0,0.0,0.0,0.0
107,26,181,1,0.0,0.0,0.0,0.0,0.0,3.1917395145935985,0.0,0.0,0.0,2.8021041809622584,0.0,0.013127738645556056,0.013127738645556056,0.6931471805599453,0.6931471805599453,0.0,0.0,0.0,0.0,0.0,0.0,0.0,0.0,0.0,0.0,0,0,0,0,0.0,0.0,0.0
343,38,162,1,0.0,0.0,1.0,0.0,0.0,8.222709948107225,0.0,0.0,0.0,2.8021041809622584,0.0,5.612610506345745,5.612610506345745,1.3862943611198906,1.3862943611198906,5.31026711166683,5.31026711166683,4.420560298676125,2.959957046462054,4.622518824322705,2.5649493574615367,2.5649493574615367,1.9459101490553132,1.6094379124341003,0.6931471805599453,1,0,0,0,0.0,0.0,0.0
990,23,153,1,1.0,0.0,0.0,0.0,0.0,5.206671892072175,10.020992247872137,0.0,0.0,2.8021041809622584,0.0,8.202908089832778,8.195600109115968,1.791759469228055,1.3862943611198906,8.194679479718983,8.19319878190609,0.0,0.0,8.030223593465669,1.9459101490553132,1.791759469228055,0.0,0.0,1.0986122886681098,0,0,0,1,0.0,0.0,9.318214285714287
1513,87,149,1,1.0,1.9459101490553132,0.0,0.0,0.0,0.0,9.790361286740913,8.225005746905328,0.0,2.8021041809622584,0.0,6.191640639754843,6.1721791586949,1.6094379124341003,1.3862943611198906,3.295836866004329,3.295836866004329,0.0,3.295836866004329,0.0,1.0986122886681098,1.0986122886681098,0.0,1.0986122886681098,0.0,0,0,0,1,0.0,0.0,13.315714285714284
1117,55,117,1,0.0,0.0,1.0,1.0,2.0,5.9785909655750356,0.0,0.0,7.628675861692796,2.8445355598030915,9.311228957012112,7.916777283721305,7.885716136363392,2.4849066497880004,1.9459101490553132,7.204502389540979,7.201178873022851,5.829785600859932,5.813629340151419,6.196953163183471,3.4965075614664802,3.332204510175204,1.3862943611198906,2.0794415416798357,2.70805020110221,0,0,0,1,0.0,0.0,18.684642857142855
1279,51,163,1,0.0,0.0,0.0,0.0,0.0,8.246254636845675,0.0,0.0,0.0,2.8021041809622584,0.0,8.78199870437952,8.78199870437952,1.6094379124341003,1.6094379124341003,8.077998068643215,8.077998068643215,6.521462347376968,3.095415992361739,7.8321700640466085,2.4849066497880004,2.4849066497880004,0.6931471805599453,0.6931471805599453,2.1972245773362196,1,0,0,0,0.0,0.0,0.0
182,64,187,1,0.0,0.0,0.0,0.0,0.0,6.0980485996534615,0.0,0.0,0.0,2.8021041809622584,0.0,6.409418016668506,6.409418016668506,2.0794415416798357,2.0794415416798357,6.870741129575485,6.870741129575485,5.420534999272286,6.362693072054226,5.074278325116493,3.784189633918261,3.784189633918261,2.1972245773362196,3.4965075614664802,1.3862943611198906,1,1,0,0,5.793928571428571,0.0,0.0
482,65,7,1,0.0,0.0,0.0,0.0,0.0,3.15349885709437,0.0,0.0,0.0,2.8021041809622584,0.0,7.060723729639558,7.060723729639558,1.6094379124341003,1.6094379124341003,6.2065039195241765,6.2065039195241765,3.6031659358399066,5.584703957368591,5.27263319109308,2.833213344056216,2.833213344056216,0.6931471805599453,2.4849066497880004,1.6094379124341003,0,0,0,1,0.0,0.0,10.821428571428571
520,57,20,1,1.0,0.0,0.0,0.0,0.0,7.245752372825583,8.237481745148786,0.0,0.0,2.8021041809622584,0.0,9.82658143846291,9.177249464546057,2.6390573296152584,1.6094379124341003,9.891196251606544,9.240103730271132,7.404800675768145,4.5904190640420826,6.26530121273771,2.1972245773362196,1.9459101490553132,1.0986122886681098,1.0986122886681098,0.6931471805599453,1,0,1,0,0.0,0.21428571428571427,0.0
1400,40,39,1,0.0,0.0,0.0,0.0,0.0,5.536529668950615,0.0,0.0,0.0,2.8021041809622584,0.0,3.781116735580347,3.781116735580347,1.3862943611198906,1.3862943611198906,4.3149611138365165,4.3149611138365165,4.122515439188797,0.0,2.459894045529565,1.3862943611198906,1.3862943611198906,0.6931471805599453,0.0,0.6931471805599453,1,1,0,0,4.6571428571428575,0.0,0.0
1017,57,145,1,0.0,0.0,0.0,0.0,0.0,6.807535100553103,0.0,0.0,0.0,2.8021041809622584,0.0,0.004987541511039074,0.004987541511039074,0.6931471805599453,0.6931471805599453,4.779513573082869,4.779513573082869,3.258096538021482,4.530408153829905,0.0,2.5649493574615367,2.5649493574615367,1.0986122886681098,2.302585092994046,0.0,1,0,0,0,0.0,0.0,0.0
1524,25,115,1,0.0,0.0,0.0,0.0,0.0,4.5264902398093545,0.0,0.0,0.0,2.8021041809622584,0.0,7.8351302106596625,7.8351302106596625,1.6094379124341003,1.6094379124341003,7.287853737864458,7.287853737864458,7.04216128901732,3.328370639664482,5.6584861997410245,2.70805020110221,2.70805020110221,1.6094379124341003,1.0986122886681098,1.3862943611198906,0,0,0,1,0.0,0.0,31.801428571428573
1309,57,151,1,0.0,0.0,0.0,0.0,0.0,0.039564060796139305,0.0,0.0,0.0,2.8021041809622584,0.0,7.012918060806203,7.012918060806203,2.0794415416798357,2.0794415416798357,6.029541061959934,6.029541061959934,0.0,5.4316424879001035,5.166417295655598,2.70805020110221,2.70805020110221,0.0,2.1972245773362196,1.6094379124341003,1,0,1,0,0.0,2.392857142857143,0.0
1070,24,97,2,0.0,0.0,1.0,0.0,0.0,5.18072962432065,0.0,0.0,0.0,2.8021041809622584,0.0,7.322956173478306,7.091728744432912,2.6390573296152584,2.4849066497880004,7.346910265571142,7.091728744432912,6.127181050637842,3.109060958860994,6.013889782778599,3.1354942159291497,2.6390573296152584,1.0986122886681098,0.6931471805599453,1.9459101490553132,1,1,0,0,9.376964285714285,0.0,0.0
1029,68,135,1,0.0,0.0,1.0,0.0,0.0,1.3646328643387111,0.0,0.0,6.830756980009087,2.8021041809622584,0.0,6.468613347639545,6.468613347639545,1.0986122886681098,1.0986122886681098,5.611105729080059,5.611105729080059,0.0,5.124707750356103,4.596921977131595,1.9459101490553132,1.9459101490553132,0.0,1.3862943611198906,1.0986122886681098,1,1,1,0,1.217142857142857,9.785714285714286,0.0
376,61,50,1,0.0,0.0,1.0,1.0,0.0,4.949185331780033,0.0,0.0,0.0,6.452262428720722,0.0,6.623342143443661,6.6214123095315855,2.302585092994046,1.9459101490553132,6.182822533068584,6.179868757475419,0.0,0.0,6.155843353105555,2.5649493574615367,2.3978952727983707,0.0,0.0,2.0794415416798357,1,0,0,0,0.0,0.0,0.0
88,21,33,1,0.0,0.0,0.0,0.0,0.0,8.875517773952714,0.0,0.0,0.0,2.8021041809622584,0.0,4.856490169809121,4.856490169809121,1.3862943611198906,1.3862943611198906,4.710109184248512,4.710109184248512,3.859224819861175,4.1492385093295505,0.0,2.5649493574615367,2.5649493574615367,1.791759469228055,1.9459101490553132,0.0,1,0,0,0,0.0,0.0,0.0
1006,30,182,1,0.0,0.0,0.0,0.0,0.0,0.0,0.0,0.0,0.0,2.8021041809622584,0.0,6.815797794038671,6.815797794038671,1.6094379124341003,1.6094379124341003,6.857641739537795,6.857641739537795,6.285465896518655,3.856510295497887,5.911086961940665,2.833213344056216,2.833213344056216,1.0986122886681098,1.791759469228055,2.302585092994046,1,0,0,0,0.0,0.0,0.0
784,30,88,1,0.0,0.0,0.0,0.0,0.0,6.769815817736053,0.0,0.0,0.0,2.8021041809622584,0.0,6.715878501840006,6.715878501840006,1.3862943611198906,1.3862943611198906,7.0284230387071105,7.0284230387071105,6.79554596694305,5.4482755968580925,0.0,2.772588722239781,2.772588722239781,2.0794415416798357,1.0986122886681098,0.0,0,0,0,0,0.0,0.0,0.0
489,67,151,1,1.0,0.0,0.0,0.0,0.0,8.52178228824246,9.440855543157038,0.0,0.0,2.8021041809622584,0.0,0.0014275519911854174,0.00035707909681323224,1.0986122886681098,0.6931471805599453,4.455592368005967,4.455592368005967,4.122515439188797,3.234467919628037,0.0,1.791759469228055,1.791759469228055,1.3862943611198906,1.0986122886681098,0.0,1,0,0,0,0.0,0.0,0.0
249,25,196,1,1.0,0.0,0.0,0.0,0.0,3.7840841088701693,7.458519146876016,0.0,0.0,2.8021041809622584,0.0,7.795518368215474,7.795518368215474,1.0986122886681098,1.0986122886681098,7.4945166168287765,7.4945166168287765,5.267121510779556,6.3354917191183455,6.9489465767301315,3.1354942159291497,3.1354942159291497,1.3862943611198906,2.3978952727983707,2.302585092994046,0,0,0,1,0.0,0.0,11.75
1277,21,19,1,1.0,1.791759469228055,0.0,1.0,0.0,2.123586580197023,8.080576810186155,0.0,0.0,2.885239563066196,0.0,8.699409564107109,8.586522073112102,2.3978952727983707,1.6094379124341003,8.056344668854493,7.761182429081449,6.410409816772839,6.724893862204287,6.261744514952104,3.8066624897703196,3.044522437723423,1.6094379124341003,3.2188758248682006,2.3978952727983707,1,1,1,0,4.704821428571429,2.857142857142857,0.0
645,63,144,1,0.0,0.0,0.0,0.0,0.0,2.72771276256722,0.0,0.0,0.0,2.8021041809622584,0.0,6.251704303658601,6.251704303658601,1.3862943611198906,1.3862943611198906,5.159465724009948,5.159465724009948,0.0,0.0,5.130954792748548,1.791759469228055,1.791759469228055,0.0,0.0,1.3862943611198906,1,0,0,0,0.0,0.0,0.0
17,64,150,1,0.0,0.0,0.0,0.0,0.0,5.828287838295609,0.0,0.0,0.0,2.8021041809622584,0.0,7.178144673363858,7.178144673363858,1.6094379124341003,1.6094379124341003,8.51749621692794,8.51749621692794,6.690309748782565,5.135363468515584,8.300222512945373,3.5263605246161616,3.5263605246161616,1.791759469228055,2.0794415416798357,3.044522437723423,0,0,0,0,0.0,0.0,0.0
549,30,58,1,0.0,0.0,0.0,0.0,0.0,5.266703221392755,0.0,0.0,0.0,2.8021041809622584,0.0,0.007117467768863981,0.007117467768863981,0.6931471805599453,0.6931471805599453,6.1008793330938484,6.1008793330938484,6.062788033933216,2.597384633214691,0.0,2.772588722239781,2.772588722239781,2.302585092994046,0.6931471805599453,0.0,1,0,0,0,0.0,0.0,0.0
1091,42,174,1,1.0,3.295836866004329,0.0,0.0,0.0,2.0927455073061987,0.008888947417246025,0.0,0.0,2.8021041809622584,0.0,8.744291996107208,8.743949181438326,1.791759469228055,1.6094379124341003,7.769770831456287,7.769770831456287,7.670361888840676,0.0,5.409571196749497,2.0794415416798357,2.0794415416798357,1.0986122886681098,0.0,1.0986122886681098,0,1,0,1,4.910714285714286,0.0,10.107142857142858
1312,64,154,3,0.0,0.0,0.0,0.0,0.0,9.332244428359726,0.0,0.0,0.0,2.8021041809622584,0.0,6.86417763101504,6.86417763101504,2.1972245773362196,2.1972245773362196,6.864197402490361,6.864197402490361,5.149983072042218,4.874660101497019,6.481004333450987,3.091042453358316,3.091042453358316,1.0986122886681098,2.1972245773362196,2.3978952727983707,1,0,0,0,0.0,0.0,0.0
753,45,52,1,0.0,0.0,0.0,0.0,0.0,9.702507612834335,0.0,0.0,0.0,2.8021041809622584,0.0,5.376109741924258,5.376109741924258,1.3862943611198906,1.3862943611198906,0.0,0.0,0.0,0.0,0.0,0.0,0.0,0.0,0.0,0.0,1,0,0,0,0.0,0.0,0.0
705,34,64,3,0.0,0.0,0.0,0.0,0.0,5.258151778569672,0.0,0.0,0.0,2.8021041809622584,0.0,6.901019789270773,6.901019789270773,1.3862943611198906,1.3862943611198906,6.867453982208612,6.867453982208612,6.672394543729336,3.1942903493955863,4.934730837435252,3.6635616461296463,3.6635616461296463,2.833213344056216,1.3862943611198906,1.6094379124341003,1,0,1,0,0.0,2.138571428571429,0.0
341,46,171,1,0.0,0.0,0.0,0.0,0.0,7.4531839654502585,0.0,0.0,0.0,2.8021041809622584,0.0,4.425440980431942,4.425440980431942,1.3862943611198906,1.3862943611198906,4.594759034687774,4.594759034687774,0.0,0.0,4.568061526592497,1.6094379124341003,1.6094379124341003,0.0,0.0,1.3862943611198906,0,0,0,1,0.0,0.0,9.75
83,43,111,1,3.0,2.0794415416798357,0.0,0.0,0.0,2.7634849079903105,11.416435292820116,0.0,0.0,2.8021041809622584,0.0,6.346981320626198,6.345145638940544,1.6094379124341003,1.3862943611198906,5.420851004963018,5.420851004963018,0.0,0.0,5.417844911409036,1.6094379124341003,1.6094379124341003,0.0,0.0,1.3862943611198906,0,0,1,1,0.0,5.25,28.685357142857146
1003,16,39,1,0.0,0.0,0.0,0.0,0.0,8.15091143312599,0.0,0.0,0.0,2.8021041809622584,0.0,2.7270121389835964,2.7270121389835964,1.0986122886681098,1.0986122886681098,0.0,0.0,0.0,0.0,0.0,0.0,0.0,0.0,0.0,0.0,0,0,0,0,0.0,0.0,0.0
863,26,151,1,0.0,0.0,1.0,1.0,2.0,3.1327419848083093,0.0,0.0,0.0,2.8711808482245074,4.1713552053026355,7.734334628494099,7.391655649669781,3.1780538303479458,2.70805020110221,8.210461585165026,7.666735343523384,6.467476873635335,7.022142077758973,6.692526749646288,4.02535169073515,3.1780538303479458,2.0794415416798357,2.9444389791664403,2.1972245773362196,1,0,0,1,0.0,0.0,22.607142857142858
879,37,35,1,0.0,0.0,0.0,0.0,0.0,8.26175544741032,0.0,0.0,0.0,2.8021041809622584,0.0,6.1623481715824555,6.1623481715824555,1.0986122886681098,1.0986122886681098,6.9158616193574085,6.9158616193574085,6.285465896518655,5.187964249842563,5.6761420692095035,2.8903717578961645,2.8903717578961645,1.0986122886681098,2.302585092994046,1.791759469228055,1,0,0,0,0.0,0.0,0.0
892,45,149,1,0.0,0.0,1.0,0.0,0.0,0.0,0.0,0.0,6.464814691057512,2.8021041809622584,0.0,6.41305723714441,6.41305723714441,1.3862943611198906,1.3862943611198906,6.66395793466154,6.66395793466154,5.190573059534934,0.0,5.530703784943424,2.5649493574615367,2.5649493574615367,1.3862943611198906,0.0,1.6094379124341003,1,0,0,0,0.0,0.0,0.0
1459,29,62,1,0.0,0.0,1.0,0.0,0.0,9.123356630968312,0.0,0.0,6.5566368079912225,2.8021041809622584,0.0,6.480656228457693,6.480656228457693,1.0986122886681098,1.0986122886681098,5.946674496804825,5.946674496804825,3.999510459551262,0.0,5.030302524738394,2.1972245773362196,2.1972245773362196,0.6931471805599453,0.0,1.6094379124341003,0,0,0,0,0.0,0.0,0.0
1149,54,172,1,0.0,0.0,1.0,0.0,0.0,0.0,0.0,0.0,4.154223808275813,2.8021041809622584,0.0,6.990724031279041,6.860094476843264,2.772588722239781,2.6390573296152584,7.133505145190743,6.907489529388127,0.0,5.67845734063775,5.558068329205042,3.9512437185814275,3.713572066704308,0.0,3.258096538021482,2.302585092994046,1,1,1,0,1.5114285714285713,2.0010714285714286,0.0
60,20,28,1,0.0,0.0,0.0,0.0,0.0,8.266708265941508,0.0,0.0,0.0,2.8021041809622584,0.0,5.878867594019648,5.878867594019648,1.0986122886681098,1.0986122886681098,1.086636097621394,1.086636097621394,0.0,0.0,0.0,0.6931471805599453,0.6931471805599453,0.0,0.0,0.0,0,0,0,0,0.0,0.0,0.0
1411,32,40,1,0.0,0.6931471805599453,0.0,0.0,0.0,7.707120464593629,0.0,9.336404201627095,0.0,2.8021041809622584,0.0,0.003920874743236587,0.003920874743236587,0.6931471805599453,0.6931471805599453,0.0,0.0,0.0,0.0,0.0,0.0,0.0,0.0,0.0,0.0,1,1,0,0,0.7996428571428572,0.0,0.0
1585,28,221,1,0.0,0.0,0.0,0.0,0.0,6.705708160493802,0.0,0.0,0.0,2.8021041809622584,0.0,5.19061681354987,5.19061681354987,1.791759469228055,1.791759469228055,0.0,0.0,0.0,0.0,0.0,0.0,0.0,0.0,0.0,0.0,0,1,0,1,3.410892857142857,0.0,16.547857142857143
1284,58,26,1,0.0,0.0,0.0,0.0,0.0,2.940068540441387,0.0,0.0,0.0,2.8021041809622584,0.0,6.572687056271953,6.572687056271953,1.0986122886681098,1.0986122886681098,5.392757037699494,5.392757037699494,0.0,2.7603263456675813,0.0,2.0794415416798357,2.0794415416798357,0.0,1.791759469228055,0.0,0,0,0,1,0.0,0.0,15.035714285714286
746,46,163,1,0.0,0.6931471805599453,0.0,0.0,0.0,9.707310072840926,0.0,10.800216406703024,0.0,2.8021041809622584,0.0,0.007117467768863981,0.007117467768863981,0.6931471805599453,0.6931471805599453,0.0,0.0,0.0,0.0,0.0,0.0,0.0,0.0,0.0,0.0,1,0,0,0,0.0,0.0,0.0
361,71,168,1,1.0,0.6931471805599453,0.0,0.0,0.0,7.404437569964448,7.370014488544805,7.447334942975405,0.0,2.8021041809622584,0.0,7.929443325837015,7.711233192467067,2.3978952727983707,2.1972245773362196,7.65841805164977,7.65841805164977,5.880931949102981,5.176815370551872,6.762853363836028,2.995732273553991,2.995732273553991,0.6931471805599453,1.791759469228055,2.3978952727983707,1,0,0,0,0.0,0.0,0.0
608,35,157,1,1.0,0.0,0.0,0.0,0.0,5.8532528310822265,10.281660083573582,0.0,0.0,2.8021041809622584,0.0,6.135389396400826,6.133043936304555,1.6094379124341003,1.3862943611198906,6.134744362827435,6.134744362827435,5.775881627762223,3.6103289361428086,4.624272287861578,2.1972245773362196,2.1972245773362196,1.0986122886681098,0.6931471805599453,1.6094379124341003,1,1,0,1,3.20375,0.0,7.753928571428572
269,39,61,1,1.0,0.0,1.0,0.0,0.0,6.416883414882104,9.334867882286286,0.0,6.893438640380128,2.8021041809622584,0.0,6.476673966725624,6.468938529546231,1.3862943611198906,1.0986122886681098,7.280057478806569,7.280057478806569,4.683453104382135,0.0,5.597363197650132,2.3978952727983707,2.3978952727983707,0.6931471805599453,0.0,2.0794415416798357,0,0,0,1,0.0,0.0,12.547857142857142
1053,82,62,1,0.0,0.0,0.0,0.0,0.0,4.683453104382135,0.0,0.0,0.0,2.8021041809622584,0.0,7.41721675844051,7.41721675844051,1.3862943611198906,1.3862943611198906,7.319971357447145,7.319971357447145,5.975988261968483,0.0,6.352193761374755,2.995732273553991,2.995732273553991,1.0986122886681098,0.0,2.6390573296152584,1,0,0,0,0.0,0.0,0.0
1,51,7,1,0.0,0.0,1.0,0.0,0.0,7.1965388873775185,0.0,0.0,0.0,2.8021041809622584,0.0,7.426517184133777,7.185158363900488,3.258096538021482,3.1780538303479458,7.545576420499418,7.197899051106303,5.5254529391317835,5.6492885750700905,5.515873910993463,3.9318256327243257,3.4339872044851463,1.3862943611198906,2.5649493574615367,2.302585092994046,0,1,0,0,26.97267857142857,0.0,0.0
1463,43,117,1,0.0,0.0,0.0,0.0,0.0,6.9491844034474175,0.0,0.0,0.0,2.8021041809622584,0.0,6.5915772154953185,6.5915772154953185,1.6094379124341003,1.6094379124341003,6.894018502870092,6.894018502870092,6.180312380403213,0.0,6.2165348125444675,2.70805020110221,2.70805020110221,1.791759469228055,0.0,1.791759469228055,0,0,0,1,0.0,0.0,11.785714285714286
1481,7,0,1,0.0,0.0,1.0,0.0,0.0,8.738277366527313,0.0,0.0,0.0,2.8021041809622584,0.0,5.855388081797102,4.93675806455018,1.9459101490553132,1.3862943611198906,5.834714658930123,4.8844753052500876,4.61512051684126,0.0,0.0,2.0794415416798357,1.791759469228055,1.3862943611198906,0.0,0.0,1,0,0,0,0.0,0.0,0.0
349,72,32,2,2.0,0.0,0.0,0.0,0.0,5.515148177234033,0.08781462572753922,0.0,0.0,2.8021041809622584,0.0,1.2261884842539585,0.022250608934819758,1.0986122886681098,0.6931471805599453,1.086636097621394,1.086636097621394,0.0,0.0,0.0,0.6931471805599453,0.6931471805599453,0.0,0.0,0.0,1,1,0,0,65.70410714285714,0.0,0.0
1208,23,62,1,0.0,0.0,0.0,0.0,0.0,6.500656158030396,0.0,0.0,0.0,2.8021041809622584,0.0,6.740347105662956,6.740347105662956,1.3862943611198906,1.3862943611198906,5.9329080976479585,5.9329080976479585,5.190573059534934,0.0,5.276290839647819,2.0794415416798357,2.0794415416798357,0.6931471805599453,0.0,1.791759469228055,0,0,0,0,0.0,0.0,0.0
509,5,168,1,0.0,0.0,1.0,0.0,0.0,8.813338634014439,0.0,0.0,0.0,2.8021041809622584,0.0,7.119899415060827,7.119899415060827,1.6094379124341003,1.6094379124341003,6.808516858017137,6.808516858017137,3.999510459551262,4.635682070656761,5.828104928195414,3.332204510175204,3.332204510175204,1.3862943611198906,2.1972245773362196,2.6390573296152584,1,0,0,1,0.0,0.0,10.107142857142858
1170,28,68,1,1.0,0.0,0.0,0.0,0.0,7.520841805278935,10.726114467891584,0.0,0.0,2.8021041809622584,0.0,6.765358994773473,6.764752232756943,1.6094379124341003,1.3862943611198906,6.624444590475156,6.624444590475156,4.683453104382135,0.0,6.467476873635335,2.1972245773362196,2.1972245773362196,1.3862943611198906,0.0,1.3862943611198906,1,0,1,0,0.0,0.8939285714285715,0.0
1369,39,55,1,0.0,0.0,1.0,1.0,0.0,3.037970407732123,0.0,0.0,0.0,6.442859155622145,0.0,8.728215808678847,8.321698592695446,3.4339872044851463,2.833213344056216,8.765804079534746,8.313851304512589,7.3783837129967145,6.713591739002659,5.960268691339501,4.343805421853684,3.332204510175204,1.791759469228055,3.6109179126442243,2.4849066497880004,1,0,1,0,0.0,2.466785714285714,0.0
93,31,8,1,2.0,0.0,1.0,1.0,0.0,2.2895360374773808,8.204348903270663,0.0,3.1807288207972486,2.885239563066196,0.0,7.690533393565715,7.22171007387795,3.258096538021482,2.8903717578961645,7.668072504022209,7.213108770242141,3.500827222610997,0.0,5.399616072786904,3.6109179126442243,2.833213344056216,0.6931471805599453,0.0,2.1972245773362196,0,0,1,0,0.0,3.392857142857143,0.0
1265,31,162,1,0.0,0.0,0.0,0.0,0.0,7.9871826852246945,0.0,0.0,0.0,2.8021041809622584,0.0,5.901020010838176,5.901020010838176,1.0986122886681098,1.0986122886681098,6.371177687063903,6.371177687063903,6.14265165622092,4.731768223358286,0.0,2.302585092994046,2.302585092994046,1.3862943611198906,1.6094379124341003,0.0,0,0,0,1,0.0,0.0,17.175357142857145
1125,64,150,1,0.0,0.0,0.0,0.0,0.0,5.996856235796269,0.0,0.0,0.0,2.8021041809622584,0.0,7.259605603137365,7.259605603137365,1.6094379124341003,1.6094379124341003,7.581679592723742,7.581679592723742,5.64595156583462,5.172470656682061,7.310215878070003,2.70805020110221,2.70805020110221,0.6931471805599453,2.0794415416798357,1.791759469228055,0,0,0,0,0.0,0.0,0.0
1161,22,103,1,1.0,0.0,0.0,0.0,0.0,6.402102562156708,8.59138863933568,0.0,0.0,2.8021041809622584,0.0,4.9737860524944715,4.970095997708356,1.3862943611198906,1.0986122886681098,3.999510459551262,3.999510459551262,3.999510459551262,0.0,0.0,0.6931471805599453,0.6931471805599453,0.6931471805599453,0.0,0.0,0,0,0,0,0.0,0.0,0.0
810,48,107,1,0.0,0.0,1.0,0.0,1.0,6.297424976502213,0.0,0.0,0.0,2.8021041809622584,6.836642815808213,6.832060278934811,6.725487577880796,1.6094379124341003,1.3862943611198906,6.809232444123511,6.8069044207862,4.747413519214636,5.223228143894702,6.182453787904185,2.6390573296152584,2.5649493574615367,1.6094379124341003,1.0986122886681098,1.6094379124341003,0,0,0,0,0.0,0.0,0.0
569,61,151,1,0.0,0.0,1.0,0.0,0.0,0.7651355610266952,0.0,0.0,4.946360865067421,2.8021041809622584,0.0,4.5244403375254825,4.069588257127214,1.9459101490553132,1.6094379124341003,4.471573485108582,4.069588257127214,0.0,0.0,3.1103356562929947,2.0794415416798357,1.6094379124341003,0.0,0.0,0.6931471805599453,0,0,1,0,0.0,3.607142857142857,0.0
158,0,152,1,1.0,0.0,0.0,0.0,0.0,5.79188601295699,9.687747598264663,0.0,0.0,2.8021041809622584,0.0,7.764204403832318,7.764063798721993,1.791759469228055,1.6094379124341003,7.09790297672667,7.09790297672667,0.0,7.09790297672667,0.0,2.6390573296152584,2.6390573296152584,0.0,2.6390573296152584,0.0,1,0,0,0,0.0,0.0,0.0
1259,26,228,2,0.0,0.0,0.0,0.0,1.0,0.0,0.0,0.0,0.0,2.8021041809622584,7.984228828053057,5.918022699198081,5.829788749469585,1.3862943611198906,1.0986122886681098,5.794649899591228,5.78129891708403,2.9368917735310576,3.5337282739530944,5.404927101606295,2.772588722239781,2.6390573296152584,0.6931471805599453,1.3862943611198906,2.0794415416798357,1,0,0,1,0.0,0.0,12.659285714285714
662,8,56,1,0.0,0.0,0.0,0.0,0.0,0.0,0.0,0.0,0.0,2.8021041809622584,0.0,6.040285323053767,6.040285323053767,1.3862943611198906,1.3862943611198906,5.742523448210716,5.742025145579506,5.719310104140821,0.0,0.0,1.9459101490553132,1.791759469228055,1.3862943611198906,0.0,0.0,0,0,0,1,0.0,0.0,13.857142857142858
371,49,70,1,0.0,0.0,1.0,0.0,0.0,5.309834715097734,0.0,0.0,4.197089159346558,2.8021041809622584,0.0,7.70679636863462,7.70679636863462,1.6094379124341003,1.6094379124341003,7.028410376792882,7.028410376792882,4.683453104382135,5.824692890090841,6.522145317799376,3.091042453358316,3.091042453358316,0.6931471805599453,2.302585092994046,2.3978952727983707,1,0,0,0,0.0,0.0,0.0
732,43,63,3,1.0,1.9459101490553132,0.0,0.0,0.0,5.710943676693295,5.8534004482946616,10.8196662638505,0.0,2.8021041809622584,0.0,5.801026929729525,5.79878091756394,1.3862943611198906,1.0986122886681098,6.111815710870076,6.111815710870076,0.0,5.758608806225574,4.873013916220208,2.302585092994046,2.302585092994046,0.0,1.6094379124341003,1.6094379124341003,1,1,0,1,3.0301785714285714,0.0,10.214285714285714
792,84,151,1,0.0,0.0,0.0,0.0,0.0,2.3323865842308353,0.0,0.0,0.0,2.8021041809622584,0.0,6.826334479318739,6.826334479318739,1.0986122886681098,1.0986122886681098,7.297152462815024,7.297152462815024,0.0,0.0,0.0,1.0986122886681098,1.0986122886681098,0.0,0.0,0.0,1,1,0,1,52.61821428571428,0.0,16.2475
398,56,30,2,1.0,0.0,0.0,0.0,0.0,8.214456169304112,3.2027174065121184,0.0,0.0,2.8021041809622584,0.0,2.0688048145963784,0.005698021114637727,1.0986122886681098,0.6931471805599453,3.205935313592466,3.205935313592466,0.0,0.0,3.081254446992153,1.3862943611198906,1.3862943611198906,0.0,0.0,0.6931471805599453,0,1,0,0,0.9701785714285714,0.0,0.0
808,48,85,1,1.0,2.9444389791664403,0.0,0.0,0.0,6.412769023667615,4.034777788425196,0.0,0.0,2.8021041809622584,0.0,0.626892902638871,0.039564060796139305,1.0986122886681098,0.6931471805599453,9.304116908818646,9.304116908818646,0.0,0.0,0.0,1.6094379124341003,1.6094379124341003,0.0,0.0,0.0,1,0,0,1,0.0,0.0,7.428571428571429
658,51,32,1,0.0,0.0,0.0,0.0,0.0,7.01092346466839,0.0,0.0,0.0,2.8021041809622584,0.0,0.06999237182003498,0.06865948258571379,1.791759469228055,0.6931471805599453,7.029310239596059,7.029308974534714,0.0,0.0,3.999510459551262,2.0794415416798357,1.3862943611198906,0.0,0.0,0.6931471805599453,0,0,1,1,0.0,0.21428571428571427,6.233928571428572
132,50,53,1,1.0,0.0,0.0,0.0,0.0,4.387245137428875,7.138990008252708,0.0,0.0,2.8021041809622584,0.0,4.2399074519036155,0.0,0.6931471805599453,0.0,0.0,0.0,0.0,0.0,0.0,0.0,0.0,0.0,0.0,0.0,1,1,0,0,1.4732142857142858,0.0,0.0
1335,70,9,1,0.0,0.0,1.0,0.0,0.0,4.524862264577072,0.0,0.0,0.0,2.8021041809622584,0.0,7.324010299389709,7.210614275634198,2.5649493574615367,2.302585092994046,7.190710213961233,7.060048929474822,5.190573059534934,5.001231694710579,6.512010630895853,3.258096538021482,3.1354942159291497,1.0986122886681098,2.1972245773362196,2.1972245773362196,0,0,1,0,0.0,407.96250000000003,0.0
275,73,2,1,0.0,0.0,0.0,0.0,0.0,8.560717269162149,0.0,0.0,0.0,2.8021041809622584,0.0,6.385255225863706,6.385255225863706,1.791759469228055,1.791759469228055,6.4182484061918625,6.4182484061918625,5.210266488425302,0.0,6.03650619777242,2.6390573296152584,2.6390573296152584,1.791759469228055,0.0,1.0986122886681098,1,0,1,0,0.0,6.428571428571429,0.0
985,36,92,1,0.0,0.0,1.0,0.0,0.0,4.079230924412053,0.0,0.0,5.110030193655427,2.8021041809622584,0.0,6.4413349363754735,5.805071498743952,1.791759469228055,1.3862943611198906,5.932891056889304,5.805071498743952,3.6031659358399066,0.0,0.0,1.791759469228055,1.3862943611198906,0.6931471805599453,0.0,0.0,0,0,0,1,0.0,0.0,3.0503571428571425
1538,35,150,1,1.0,0.0,0.0,0.0,0.0,7.713903284986465,0.010303875138271894,0.0,0.0,2.8021041809622584,0.0,10.486574101878317,4.71108626157963,1.6094379124341003,1.0986122886681098,10.483334047397078,10.483334047397078,0.0,0.0,10.483334047397078,0.6931471805599453,0.6931471805599453,0.0,0.0,0.6931471805599453,0,0,1,1,0.0,1.7142857142857142,9.964285714285714
1058,79,145,1,1.0,0.6931471805599453,0.0,0.0,0.0,6.069227184869091,8.803682606506317,8.352332783299886,0.0,2.8021041809622584,0.0,6.324557355398527,6.322272173135136,1.3862943611198906,1.0986122886681098,6.108374185591055,6.108374185591055,5.6584861997410245,0.0,5.085831109707815,1.6094379124341003,1.6094379124341003,0.6931471805599453,0.0,1.0986122886681098,1,0,0,1,0.0,0.0,27.323571428571427
26,27,24,1,0.0,0.6931471805599453,1.0,0.0,0.0,7.533284153111659,0.0,11.019698828449327,0.0,2.8021041809622584,0.0,6.177502404181579,6.177502404181579,1.3862943611198906,1.3862943611198906,6.169012825149279,6.169012825149279,6.127181050637842,0.0,2.8436627599305573,2.0794415416798357,2.0794415416798357,1.6094379124341003,0.0,1.0986122886681098,0,0,0,0,0.0,0.0,0.0
653,39,100,1,1.0,0.0,0.0,0.0,0.0,3.787463489778326,8.700979092201672,0.0,0.0,2.8021041809622584,0.0,2.9207585421234517,0.0,0.6931471805599453,0.0,0.0,0.0,0.0,0.0,0.0,0.0,0.0,0.0,0.0,0.0,1,0,0,0,0.0,0.0,0.0
1340,60,6,1,0.0,0.0,0.0,0.0,0.0,3.945851459194145,0.0,0.0,0.0,2.8021041809622584,0.0,8.669812801795437,8.669812801795437,1.3862943611198906,1.3862943611198906,8.565214352495579,8.565214352495579,7.382835287299491,5.741869303447269,8.07294641661693,3.091042453358316,3.091042453358316,1.6094379124341003,1.9459101490553132,2.302585092994046,1,0,0,0,0.0,0.0,0.0
1412,40,149,1,0.0,0.0,0.0,1.0,0.0,1.8337236683270872,0.0,0.0,0.0,6.315656329531671,0.0,7.7360920079162,7.526690058858969,2.4849066497880004,1.791759469228055,7.3528215223794,6.539603502945135,0.0,6.761832325063505,5.613961960928777,3.58351893845611,2.302585092994046,0.0,3.1780538303479458,2.0794415416798357,1,1,0,0,6.795535714285714,0.0,0.0
593,42,169,1,0.0,0.0,0.0,0.0,0.0,0.908546537140724,0.0,0.0,0.0,2.8021041809622584,0.0,6.1329633343317775,6.1329633343317775,1.0986122886681098,1.0986122886681098,7.041961443896623,7.041961443896623,0.0,5.106508086167385,6.883608945725465,2.302585092994046,2.302585092994046,0.0,1.3862943611198906,1.791759469228055,1,0,0,1,0.0,0.0,8.5
1216,61,8,1,0.0,0.0,0.0,0.0,1.0,5.123477041140172,0.0,0.0,0.0,2.8021041809622584,8.343601758808319,6.821616378417094,6.784984153823493,1.3862943611198906,1.0986122886681098,6.89002691320304,6.885253283095122,5.190573059534934,5.404907839783548,5.8758332127383035,3.871201010907891,3.828641396489095,0.6931471805599453,3.4339872044851463,2.3978952727983707,0,0,0,0,0.0,0.0,0.0
525,31,54,1,1.0,1.6094379124341003,0.0,0.0,0.0,0.3280182346889279,8.255046767505483,10.369906931201843,0.0,2.8021041809622584,0.0,6.095268584224156,6.094065454976993,1.6094379124341003,1.3862943611198906,6.782515942649299,6.782515942649299,5.880931949102981,0.0,6.255270080141082,1.9459101490553132,1.9459101490553132,0.6931471805599453,0.0,1.6094379124341003,1,1,1,1,5.942857142857143,2.108214285714286,7.586428571428571
1464,54,35,1,0.0,0.0,1.0,0.0,0.0,7.485352709495911,0.0,0.0,7.42134550627912,2.8021041809622584,0.0,6.631079556685095,6.55234127441898,2.5649493574615367,2.1972245773362196,6.174054669025572,6.046942333214125,0.0,0.0,5.8916669029653255,2.9444389791664403,2.833213344056216,0.0,0.0,2.4849066497880004,0,0,0,0,0.0,0.0,0.0
380,37,176,1,0.0,0.0,0.0,0.0,0.0,7.939347493815669,0.0,0.0,0.0,2.8021041809622584,0.0,5.9692892322134945,5.9692892322134945,1.0986122886681098,1.0986122886681098,0.6380874033769179,0.6380874033769179,0.0,0.0,0.0,0.6931471805599453,0.6931471805599453,0.0,0.0,0.0,0,0,0,1,0.0,0.0,15.821428571428571
33,71,150,1,0.0,0.0,0.0,0.0,0.0,9.832881345884822,0.0,0.0,0.0,2.8021041809622584,0.0,6.5951958387785625,6.5951958387785625,1.791759469228055,1.791759469228055,6.456522933055239,6.456522933055239,4.943681159299152,4.05587594712454,6.080913427162316,2.6390573296152584,2.6390573296152584,1.0986122886681098,1.6094379124341003,1.9459101490553132,1,0,1,1,0.0,3.25,14.989642857142856
992,24,83,1,0.0,0.0,0.0,0.0,0.0,7.493385055980944,0.0,0.0,0.0,2.8021041809622584,0.0,5.133280563984267,5.133280563984267,1.9459101490553132,1.9459101490553132,4.6147668475183865,4.6147668475183865,3.999510459551262,3.858471524157004,0.0,1.0986122886681098,1.0986122886681098,0.6931471805599453,0.6931471805599453,0.0,1,0,0,0,0.0,0.0,0.0
529,33,61,1,1.0,0.0,0.0,0.0,0.0,7.608586256278121,10.496384293493268,0.0,0.0,2.8021041809622584,0.0,6.308002808521541,6.306636274964397,1.6094379124341003,1.3862943611198906,5.799958080736955,5.799958080736955,0.0,0.0,5.799309081255008,1.6094379124341003,1.6094379124341003,0.0,0.0,1.3862943611198906,0,1,1,0,0.9769642857142857,1.7867857142857144,0.0
1099,35,152,1,0.0,0.0,0.0,0.0,0.0,4.487708973541063,0.0,0.0,0.0,2.8021041809622584,0.0,5.620407335675516,5.620407335675516,1.3862943611198906,1.3862943611198906,5.8708050569916725,5.8708050569916725,0.0,5.86118907271414,0.0,2.0794415416798357,2.0794415416798357,0.0,1.9459101490553132,0.0,0,0,0,0,0.0,0.0,0.0
745,26,76,1,0.0,0.0,1.0,0.0,0.0,8.213153197564855,0.0,0.0,0.0,2.8021041809622584,0.0,6.805714643244899,6.805714643244899,1.0986122886681098,1.0986122886681098,6.928117973501021,6.928117973501021,6.6678651402071685,0.0,5.447814377693948,1.9459101490553132,1.9459101490553132,1.0986122886681098,0.0,1.3862943611198906,1,0,0,0,0.0,0.0,0.0
1140,75,6,1,0.0,0.0,0.0,0.0,0.0,7.839892363022745,0.0,0.0,0.0,2.8021041809622584,0.0,6.284874159059751,6.284874159059751,1.791759469228055,1.791759469228055,6.588235533443506,6.588235533443506,3.9318256327243257,5.766303336687913,5.880931949102981,2.995732273553991,2.995732273553991,1.791759469228055,2.6390573296152584,0.6931471805599453,0,0,0,0,0.0,0.0,0.0
821,77,61,3,1.0,0.0,0.0,0.0,0.0,6.961520800610314,2.2147292036600734,0.0,0.0,2.8021041809622584,0.0,7.660503532500976,7.657975234794517,1.6094379124341003,1.3862943611198906,6.894641453122451,6.894641453122451,6.404519824482822,5.36267450963046,5.011815549701463,3.367295829986474,3.367295829986474,1.791759469228055,2.833213344056216,1.9459101490553132,1,0,0,1,0.0,0.0,10.25
762,38,103,1,0.0,0.6931471805599453,0.0,0.0,0.0,6.98318373095932,0.0,0.0,0.0,2.8021041809622584,0.0,5.9559724454637895,5.9559724454637895,1.3862943611198906,1.3862943611198906,6.008198746099147,6.008198746099147,5.975988261968483,0.0,2.46080909820894,1.9459101490553132,1.9459101490553132,1.3862943611198906,0.0,0.6931471805599453,1,0,1,0,0.0,0.21428571428571427,0.0
825,32,152,1,0.0,0.0,0.0,0.0,0.0,3.386808644210056,0.0,0.0,0.0,2.8021041809622584,0.0,5.981776699660173,5.981776699660173,1.0986122886681098,1.0986122886681098,6.068425588244111,6.068425588244111,6.062788033933216,0.0,0.0,1.3862943611198906,1.3862943611198906,1.0986122886681098,0.0,0.0,1,0,0,0,0.0,0.0,0.0
510,50,188,1,1.0,0.0,0.0,0.0,0.0,7.075706214101929,8.60238160424449,0.0,0.0,2.8021041809622584,0.0,2.872716822657444,0.00035707909681323224,1.0986122886681098,0.6931471805599453,0.0,0.0,0.0,0.0,0.0,0.0,0.0,0.0,0.0,0.0,0,1,0,0,35.51571428571429,0.0,0.0
1548,33,17,1,0.0,0.0,1.0,1.0,0.0,6.518806416533861,0.0,0.0,0.5274720148807329,2.8021041809622584,0.0,8.119859292386689,7.615031987381864,3.295836866004329,2.772588722239781,8.245143812993895,7.615031987381864,5.3552376568007185,6.236131932667094,5.187186264784521,4.143134726391533,2.8903717578961645,0.6931471805599453,3.332204510175204,2.1972245773362196,1,0,0,0,0.0,0.0,0.0
1128,60,64,1,0.0,0.0,0.0,0.0,0.0,5.941088125497178,0.0,0.0,0.0,2.8021041809622584,0.0,6.8907635189231815,6.8907635189231815,1.3862943611198906,1.3862943611198906,6.724884428496878,6.724884428496878,0.0,5.078011303610526,6.443437738961673,2.8903717578961645,2.8903717578961645,0.0,1.791759469228055,2.1972245773362196,0,0,0,0,0.0,0.0,0.0
1371,51,109,1,0.0,0.0,0.0,0.0,0.0,6.633084383336435,0.0,0.0,0.0,2.8021041809622584,0.0,1.7320347400058433,0.0,1.9459101490553132,0.0,1.8677279544514316,0.00035707909681323224,0.0,0.0,0.0,1.9459101490553132,0.6931471805599453,0.0,0.0,0.0,1,0,0,0,0.0,0.0,0.0
877,26,8,1,0.0,0.0,0.0,0.0,0.0,7.680094640785373,0.0,0.0,0.0,2.8021041809622584,0.0,7.1493130993110485,7.1493130993110485,2.1972245773362196,2.1972245773362196,7.18435834815531,7.18435834815531,5.338224657139891,5.117566004923599,6.848649592285174,2.6390573296152584,2.6390573296152584,1.0986122886681098,2.0794415416798357,1.0986122886681098,0,0,0,0,0.0,0.0,0.0
1408,23,122,1,1.0,0.6931471805599453,0.0,0.0,0.0,10.367004586559071,9.443179964388918,0.0,0.0,2.8021041809622584,0.0,1.2793452827769265,0.003920874743236587,1.0986122886681098,0.6931471805599453,1.086636097621394,1.086636097621394,0.0,0.0,0.0,0.6931471805599453,0.6931471805599453,0.0,0.0,0.0,0,1,1,0,1.6635714285714285,5.357142857142857,0.0
374,68,32,1,0.0,0.0,1.0,0.0,0.0,6.67260466265064,0.0,0.0,0.0,2.8021041809622584,0.0,6.586223377654958,6.586223377654958,1.0986122886681098,1.0986122886681098,6.654481534535123,6.654481534535123,6.467476873635335,4.696625542902958,3.1103356562929947,2.833213344056216,2.833213344056216,1.6094379124341003,2.1972245773362196,0.6931471805599453,1,0,1,0,0.0,76.85928571428572,0.0
268,66,39,1,0.0,2.4849066497880004,0.0,0.0,0.0,9.139710996330141,0.0,10.46974680534128,0.0,2.8021041809622584,0.0,6.488340467467104,6.488340467467104,1.6094379124341003,1.6094379124341003,6.496721121034019,6.496721121034019,6.062788033933216,0.0,5.44673737166631,1.6094379124341003,1.6094379124341003,0.6931471805599453,0.0,1.0986122886681098,1,0,0,0,0.0,0.0,0.0
1111,23,145,1,1.0,0.0,0.0,0.0,0.0,4.194308399112225,9.220966676570695,0.0,0.0,2.8021041809622584,0.0,7.261548073515631,7.259630472525975,1.6094379124341003,1.3862943611198906,6.707318921140146,6.707318921140146,5.371966049571182,6.156332590276436,4.876014873321631,2.70805020110221,2.70805020110221,0.6931471805599453,2.3978952727983707,1.0986122886681098,0,1,0,1,0.8217857142857143,0.0,23.75
1347,23,70,1,0.0,0.0,1.0,0.0,0.0,9.327160944613594,0.0,0.0,4.782894883873191,2.8021041809622584,0.0,6.002801822356767,6.002801822356767,1.6094379124341003,1.6094379124341003,6.0567003697172215,6.0567003697172215,5.880931949102981,0.0,4.196127256532043,2.1972245773362196,2.1972245773362196,1.3862943611198906,0.0,1.6094379124341003,1,0,0,1,0.0,0.0,21.035714285714285
1100,69,92,1,0.0,0.0,0.0,0.0,0.0,2.4996486411651153,0.0,0.0,0.0,2.8021041809622584,0.0,3.6031756634190524,3.6031756634190524,1.0986122886681098,1.0986122886681098,4.649870364905998,4.649870364905998,3.6031659358399066,3.8137799575391838,3.2001297820471453,1.9459101490553132,1.9459101490553132,0.6931471805599453,1.0986122886681098,1.3862943611198906,0,0,0,0,0.0,0.0,0.0
628,21,94,1,0.0,0.0,1.0,0.0,0.0,6.193302012927493,0.0,0.0,0.0,2.8021041809622584,0.0,5.195428001430318,4.668483626663795,1.6094379124341003,1.0986122886681098,4.344945773261083,4.344945773261083,0.0,0.0,0.0,1.3862943611198906,1.3862943611198906,0.0,0.0,0.0,1,0,1,0,0.0,5.465357142857143,0.0
85,25,60,1,0.0,0.0,1.0,0.0,0.0,5.90125943922116,0.0,0.0,0.0,2.8021041809622584,0.0,5.285720500995033,5.285720500995033,1.3862943611198906,1.3862943611198906,4.7978545298175925,4.7978545298175925,4.28260085453587,2.2918129960121347,3.4083148494310196,1.9459101490553132,1.9459101490553132,1.0986122886681098,0.6931471805599453,1.0986122886681098,0,0,0,0,0.0,0.0,0.0
335,50,138,1,0.0,0.0,0.0,0.0,0.0,5.068425651075214,0.0,0.0,0.0,2.8021041809622584,0.0,6.0627971792189665,6.0627971792189665,1.6094379124341003,1.6094379124341003,6.735474572282408,6.735474572282408,4.683453104382135,6.002898924733645,5.7951889409800525,2.772588722239781,2.772588722239781,1.0986122886681098,2.0794415416798357,1.791759469228055,1,0,0,1,0.0,0.0,4.25
1291,33,226,1,1.0,1.3862943611198906,1.0,0.0,0.0,7.455678691013203,8.67210770189955,10.508512235794083,0.0,2.8021041809622584,0.0,7.671541808174663,7.489235592649649,2.0794415416798357,1.791759469228055,7.637718153833713,7.637718153833713,6.467476873635335,5.70854492568584,4.062903036387282,2.772588722239781,2.772588722239781,1.0986122886681098,2.0794415416798357,1.3862943611198906,0,0,0,1,0.0,0.0,11.10142857142857
575,28,151,1,0.0,0.0,0.0,0.0,0.0,6.642418350523899,0.0,0.0,0.0,2.8021041809622584,0.0,7.213876917831586,7.213876917831586,1.6094379124341003,1.6094379124341003,7.620819401032437,7.620819401032437,7.507925270482977,4.491653483006873,4.773706687811305,3.4965075614664802,3.4965075614664802,3.091042453358316,2.0794415416798357,0.6931471805599453,0,0,1,1,0.0,15.291785714285714,8.420714285714286
913,44,3,1,0.0,0.6931471805599453,0.0,0.0,0.0,7.651358072815613,0.0,8.984278011508525,0.0,2.8021041809622584,0.0,2.7278761707963555,2.7278761707963555,1.0986122886681098,1.0986122886681098,1.086636097621394,1.086636097621394,0.0,0.0,0.0,0.6931471805599453,0.6931471805599453,0.0,0.0,0.0,1,0,0,0,0.0,0.0,0.0
499,53,212,1,0.0,0.0,1.0,0.0,0.0,6.857184280067373,0.0,0.0,4.594221178051501,2.8021041809622584,0.0,6.187679469953392,6.187679469953392,1.791759469228055,1.791759469228055,6.593805496982943,6.593805496982943,3.6031659358399066,6.252203865692092,5.167272675435253,3.6375861597263857,3.6375861597263857,0.6931471805599453,3.4965075614664802,1.3862943611198906,0,1,0,0,0.5701785714285714,0.0,0.0
73,87,163,1,1.0,0.6931471805599453,1.0,0.0,0.0,5.194939012094202,3.091772706139358,10.88878982238968,0.0,2.8021041809622584,0.0,7.158271611091224,6.281101181372994,1.9459101490553132,1.3862943611198906,6.960916827096369,6.960913101912654,0.0,0.0,5.722003553176995,1.6094379124341003,1.3862943611198906,0.0,0.0,1.0986122886681098,1,0,1,1,0.0,1.7857142857142858,18.353928571428572
157,25,151,1,0.0,0.0,0.0,0.0,0.0,8.286841671426856,0.0,0.0,0.0,2.8021041809622584,0.0,6.9323837780190205,6.9323837780190205,1.3862943611198906,1.3862943611198906,6.982431966937386,6.982431966937386,5.880931949102981,5.067668038664491,5.841575606489177,2.9444389791664403,2.9444389791664403,1.0986122886681098,1.9459101490553132,2.0794415416798357,1,0,0,0,0.0,0.0,0.0
613,5,96,1,0.0,0.0,1.0,1.0,0.0,3.448955267183523,0.0,0.0,5.390140955772769,5.678906571459609,0.0,0.5421166280689307,0.005342844410495465,1.0986122886681098,0.6931471805599453,0.8873031950009028,0.0,0.0,0.0,0.0,1.0986122886681098,0.0,0.0,0.0,0.0,0,0,1,0,0.0,0.8928571428571429,0.0
1403,4,151,1,1.0,2.1972245773362196,0.0,0.0,0.0,8.39957676687945,10.204749464451858,0.0,0.0,2.8021041809622584,0.0,6.5969746679667,6.572703532986236,1.791759469228055,1.0986122886681098,6.120768265699035,6.120768265699035,0.0,0.0,6.120768265699035,1.0986122886681098,1.0986122886681098,0.0,0.0,1.0986122886681098,0,0,0,1,0.0,0.0,17.214285714285715
1454,47,83,1,0.0,0.0,0.0,0.0,0.0,0.0,0.0,0.0,0.0,2.8021041809622584,0.0,0.03543608795810873,0.03543608795810873,0.6931471805599453,0.6931471805599453,4.31319318925343,4.31319318925343,0.0,0.0,4.292414475984194,1.6094379124341003,1.6094379124341003,0.0,0.0,1.3862943611198906,0,0,0,0,0.0,0.0,0.0
1067,63,181,1,0.0,0.0,0.0,0.0,1.0,8.246661586266336,0.0,0.0,0.0,2.8021041809622584,8.32588739695078,6.780424621999218,6.736336357588359,1.9459101490553132,1.6094379124341003,6.938689348701926,6.930518854475907,6.439350371100098,3.5519647936674024,5.4371471976237675,3.295836866004329,3.1780538303479458,2.0794415416798357,1.3862943611198906,1.6094379124341003,0,0,0,0,0.0,0.0,0.0
552,43,136,1,0.0,0.0,0.0,0.0,0.0,6.595763437312774,0.0,0.0,0.0,2.8021041809622584,0.0,6.06279468505842,6.06279468505842,1.0986122886681098,1.0986122886681098,6.022860253440722,6.022860253440722,5.496582573739127,5.035608935719241,2.46080909820894,3.258096538021482,3.258096538021482,2.0794415416798357,2.6390573296152584,0.6931471805599453,1,0,0,0,0.0,0.0,0.0
1476,41,208,1,0.0,2.4849066497880004,0.0,0.0,0.0,7.038371489088105,0.0,10.104109061723719,0.0,2.8021041809622584,0.0,6.148942847524883,6.148942847524883,1.3862943611198906,1.3862943611198906,6.264146282075008,6.264146282075008,5.285376855272302,4.969317144765524,5.2071414858821665,2.5649493574615367,2.5649493574615367,1.0986122886681098,1.791759469228055,1.6094379124341003,1,0,0,0,0.0,0.0,0.0
666,59,101,1,0.0,0.6931471805599453,0.0,0.0,0.0,9.532972219739525,0.0,10.145003759644602,0.0,2.8021041809622584,0.0,6.303929602631059,6.303929602631059,1.6094379124341003,1.6094379124341003,6.600356289846632,6.600356289846632,0.0,0.0,6.594022529330413,3.295836866004329,3.295836866004329,0.0,0.0,3.258096538021482,1,0,1,0,0.0,6.785714285714286,0.0
1305,35,152,1,0.0,0.0,1.0,0.0,0.0,4.311690386770957,0.0,0.0,0.0,2.8021041809622584,0.0,6.602018336730141,6.602018336730141,1.6094379124341003,1.6094379124341003,6.390282612494353,6.390282612494353,4.28260085453587,5.891417272106893,5.090238344695223,2.772588722239781,2.772588722239781,0.6931471805599453,2.0794415416798357,1.9459101490553132,1,0,0,0,0.0,0.0,0.0
742,45,104,1,0.0,0.0,0.0,0.0,0.0,5.5930131779847825,0.0,0.0,0.0,2.8021041809622584,0.0,6.349888585488798,6.349888585488798,1.0986122886681098,1.0986122886681098,6.342850529113104,6.342850529113104,0.0,0.0,4.968820743663249,1.6094379124341003,1.6094379124341003,0.0,0.0,0.6931471805599453,1,0,0,0,0.0,0.0,0.0
644,56,20,1,1.0,0.0,0.0,0.0,0.0,4.915324638101342,0.15700374880966475,0.0,0.0,2.8021041809622584,0.0,0.23507212217948356,0.001070855001492987,1.0986122886681098,0.6931471805599453,1.086636097621394,1.086636097621394,0.0,0.0,0.0,0.6931471805599453,0.6931471805599453,0.0,0.0,0.0,1,1,1,0,9.13892857142857,4.286785714285714,0.0
503,32,73,1,0.0,0.0,0.0,0.0,0.0,7.070515929263089,0.0,0.0,0.0,2.8021041809622584,0.0,6.649591786048969,6.649591786048969,1.3862943611198906,1.3862943611198906,6.514553948114835,6.514553948114835,5.975988261968483,0.0,5.63274670153945,2.4849066497880004,2.4849066497880004,1.6094379124341003,0.0,1.6094379124341003,0,0,0,1,0.0,0.0,2.107142857142857
988,47,28,1,0.0,0.0,0.0,0.0,0.0,6.560850310170939,0.0,0.0,0.0,2.8021041809622584,0.0,6.020341771774618,6.020341771774618,1.0986122886681098,1.0986122886681098,5.962957593265615,5.962957593265615,5.190573059534934,3.8683920098320312,5.063498783653324,2.0794415416798357,2.0794415416798357,0.6931471805599453,1.0986122886681098,1.3862943611198906,0,0,0,0,0.0,0.0,0.0
348,27,253,1,1.0,0.0,1.0,0.0,1.0,6.961641957639786,9.403320725009783,0.0,0.0,2.8021041809622584,8.7983339697476,6.827852859086858,6.699899187423637,1.3862943611198906,1.0986122886681098,6.793671908972258,6.78329041598345,0.0,3.6987767425419924,6.560424299026049,2.995732273553991,2.8903717578961645,0.0,1.0986122886681098,2.6390573296152584,1,0,0,1,0.0,0.0,8.321428571428571
969,22,8,1,0.0,0.0,0.0,0.0,0.0,9.28930944856902,0.0,0.0,0.0,2.8021041809622584,0.0,7.3272986783998,7.3272986783998,1.0986122886681098,1.0986122886681098,6.334481645848076,6.334481645848076,0.0,5.492467498618752,5.764855175342013,3.4965075614664802,3.4965075614664802,0.0,3.091042453358316,2.3978952727983707,1,0,1,0,0.0,4.501071428571429,0.0
122,39,80,1,0.0,0.0,0.0,0.0,0.0,7.239765278697726,0.0,0.0,0.0,2.8021041809622584,0.0,6.754729799213129,6.754729799213129,1.3862943611198906,1.3862943611198906,6.760911587970587,6.760911587970587,0.0,0.0,6.760166770931486,1.791759469228055,1.791759469228055,0.0,0.0,1.6094379124341003,1,1,1,0,3.2930357142857143,2.857142857142857,0.0
1264,77,28,1,0.0,0.0,0.0,0.0,0.0,9.47220533598977,0.0,0.0,0.0,2.8021041809622584,0.0,5.88093494072196,5.88093494072196,1.0986122886681098,1.0986122886681098,5.782615659943566,5.782615659943566,0.0,0.0,5.772108457155449,2.0794415416798357,2.0794415416798357,0.0,0.0,1.9459101490553132,1,1,0,0,36.82660714285714,0.0,0.0
955,19,62,1,0.0,0.0,0.0,0.0,0.0,8.049498551544506,0.0,0.0,0.0,2.8021041809622584,0.0,5.525455784887552,5.525455784887552,1.0986122886681098,1.0986122886681098,5.511526015461488,5.511526015461488,0.0,0.0,4.872467318775607,1.9459101490553132,1.9459101490553132,0.0,0.0,1.3862943611198906,0,1,0,1,13.056785714285713,0.0,5.702142857142857
35,66,31,1,0.0,0.0,1.0,0.0,0.0,2.7640028618589576,0.0,0.0,0.0,2.8021041809622584,0.0,0.03887724758232794,0.03887724758232794,0.6931471805599453,0.6931471805599453,6.549998117003591,6.549998117003591,4.683453104382135,5.6750155016922355,5.508520406586512,3.091042453358316,3.091042453358316,1.9459101490553132,2.302585092994046,1.6094379124341003,1,0,0,0,0.0,0.0,0.0
412,51,116,1,1.0,0.0,0.0,0.0,0.0,5.934605983266512,7.827061887097698,0.0,0.0,2.8021041809622584,0.0,7.58365983478426,7.583394369209961,1.3862943611198906,1.0986122886681098,6.848649592285174,6.848649592285174,0.0,3.388377461281954,6.8140998008321825,2.4849066497880004,2.4849066497880004,0.0,1.6094379124341003,1.9459101490553132,0,0,1,0,0.0,0.8939285714285715,0.0
624,44,190,1,1.0,0.0,0.0,0.0,0.0,5.609932181080172,9.453578860800954,0.0,0.0,2.8021041809622584,0.0,3.861180737132583,0.0,1.0986122886681098,0.0,0.0,0.0,0.0,0.0,0.0,0.0,0.0,0.0,0.0,0.0,1,0,0,0,0.0,0.0,0.0
8,64,30,1,0.0,0.0,1.0,0.0,0.0,0.0,0.0,0.0,5.792919962884558,2.8021041809622584,0.0,6.477278909306122,6.1303751955582495,3.258096538021482,3.091042453358316,6.485892895921101,6.122574259831304,5.539581458975442,2.0772069038784196,0.0,3.7612001156935624,3.2188758248682006,2.3978952727983707,0.6931471805599453,0.0,0,0,0,0,0.0,0.0,0.0
49,46,19,2,0.0,0.0,0.0,0.0,0.0,1.6380947823981777,0.0,0.0,0.0,2.8021041809622584,0.0,6.0324582411727405,6.0324582411727405,2.302585092994046,2.302585092994046,4.724856171790561,4.724856171790561,0.0,0.0,4.697554010265619,1.3862943611198906,1.3862943611198906,0.0,0.0,1.0986122886681098,0,0,1,0,0.0,15.24642857142857,0.0
44,35,51,1,0.0,0.0,0.0,0.0,0.0,5.235622858458578,0.0,0.0,0.0,2.8021041809622584,0.0,0.17934092865581683,0.17934092865581683,0.6931471805599453,0.6931471805599453,5.896172224287078,5.896172224287078,0.0,0.0,0.0,1.3862943611198906,1.3862943611198906,0.0,0.0,0.0,0,0,1,0,0.0,4.464285714285714,0.0
507,49,150,1,1.0,1.3862943611198906,0.0,1.0,0.0,5.982490471705207,8.406471504932822,0.0,0.0,2.8445355598030915,0.0,7.225237369379506,7.2239092247633305,2.0794415416798357,1.3862943611198906,6.943708296390889,6.942329223598629,4.649870364905998,4.256119167160018,6.7543126817385595,2.70805020110221,2.5649493574615367,0.6931471805599453,1.9459101490553132,1.3862943611198906,1,1,0,0,1.7980357142857142,0.0,0.0
1428,50,151,1,0.0,0.0,0.0,0.0,0.0,9.093325340436268,0.0,0.0,0.0,2.8021041809622584,0.0,0.04879016416943199,0.014184634991956433,1.9459101490553132,0.6931471805599453,0.6573349376807706,0.6386532809738348,0.0,0.0,0.0,1.9459101490553132,0.6931471805599453,0.0,0.0,0.0,0,0,0,0,0.0,0.0,0.0
452,74,0,2,0.0,0.0,0.0,0.0,0.0,8.406393944381293,0.0,0.0,0.0,2.8021041809622584,0.0,0.018751655050204707,0.018751655050204707,0.6931471805599453,0.6931471805599453,4.157207573333515,4.157207573333515,0.0,0.0,4.078747365408432,1.0986122886681098,1.0986122886681098,0.0,0.0,0.6931471805599453,0,0,1,0,0.0,1.9642857142857142,0.0
212,23,68,1,0.0,0.0,1.0,0.0,0.0,5.428530760698613,0.0,0.0,5.9601047132679765,2.8021041809622584,0.0,5.917674793548121,5.917674793548121,1.0986122886681098,1.0986122886681098,5.56456829889618,5.56456829889618,5.371966049571182,3.276268338288831,2.9368917735310576,2.1972245773362196,2.1972245773362196,1.3862943611198906,1.0986122886681098,0.6931471805599453,0,0,0,0,0.0,0.0,0.0
47,45,229,1,1.0,1.791759469228055,0.0,0.0,0.0,6.434911620668975,7.338273445745866,0.0,0.0,2.8021041809622584,0.0,2.822780964263015,0.09563480243337263,1.0986122886681098,0.6931471805599453,6.967255571498207,6.967255571498207,0.0,1.9564159933939689,6.9607034533002325,3.1354942159291497,3.1354942159291497,0.0,1.0986122886681098,2.995732273553991,1,0,0,1,0.0,0.0,4.496071428571429
1502,17,34,1,0.0,0.0,1.0,1.0,0.0,6.568152647784473,0.0,0.0,6.326743469972646,6.051731962276575,0.0,7.155479102081953,6.804620855170843,2.302585092994046,1.3862943611198906,7.201830887014331,7.005367676777616,5.371966049571182,5.674280099394053,6.080014917810464,3.5553480614894135,2.833213344056216,1.3862943611198906,2.995732273553991,1.791759469228055,1,1,0,1,34.01660714285715,0.0,5.3689285714285715
1273,47,161,1,0.0,0.0,0.0,0.0,0.0,5.117694366389664,0.0,0.0,0.0,2.8021041809622584,0.0,7.1382366993069875,7.1382366993069875,1.6094379124341003,1.6094379124341003,6.82734363421206,6.82734363421206,4.062903036387282,5.275615182454215,6.503823993965688,3.1780538303479458,3.1780538303479458,1.0986122886681098,2.6390573296152584,2.0794415416798357,1,1,1,0,0.7771428571428572,5.785714285714286,0.0
53,64,125,1,1.0,2.302585092994046,1.0,1.0,0.0,0.0,8.925808855117475,11.330734273964,6.276874397159437,6.027861910225,0.0,8.392426703117705,8.391777835706888,1.6094379124341003,1.3862943611198906,8.61456663084616,8.61456663084616,7.054573015932394,7.008495494616085,8.084128002589873,4.23410650459726,4.23410650459726,2.1972245773362196,3.091042453358316,3.5553480614894135,1,0,0,0,0.0,0.0,0.0
671,19,128,1,1.0,0.0,0.0,0.0,0.0,6.756880062297127,9.360195123215895,0.0,0.0,2.8021041809622584,0.0,6.465196707804722,6.465196707804722,1.0986122886681098,1.0986122886681098,5.850044981634453,5.850044981634453,0.0,0.0,5.841886729125858,1.791759469228055,1.791759469228055,0.0,0.0,1.6094379124341003,1,0,0,0,0.0,0.0,0.0
758,33,31,1,1.0,0.0,0.0,0.0,0.0,9.085643472694654,9.119374367563312,0.0,0.0,2.8021041809622584,0.0,6.6545224811942845,6.556791546006121,1.6094379124341003,1.0986122886681098,6.896822158206266,6.896822158206266,6.16541785423142,6.086493843312358,4.28260085453587,3.1780538303479458,3.1780538303479458,1.791759469228055,2.6390573296152584,0.6931471805599453,1,0,0,0,0.0,0.0,0.0
1547,48,39,1,0.0,0.0,0.0,0.0,0.0,5.025765491293006,0.0,0.0,0.0,2.8021041809622584,0.0,0.0007140307336570204,0.0007140307336570204,0.6931471805599453,0.6931471805599453,0.0,0.0,0.0,0.0,0.0,0.0,0.0,0.0,0.0,0.0,1,0,0,0,0.0,0.0,0.0
984,29,55,1,0.0,0.0,0.0,0.0,0.0,6.956568912263922,0.0,0.0,0.0,2.8021041809622584,0.0,11.500029417250113,11.500029417250113,2.1972245773362196,2.1972245773362196,10.7095880370507,10.7095880370507,10.067833027169947,6.246951508253673,9.924721228223076,4.1588830833596715,4.1588830833596715,2.302585092994046,3.1354942159291497,3.1780538303479458,1,0,0,0,0.0,0.0,0.0
1103,51,233,1,0.0,0.0,0.0,1.0,1.0,10.363519587867817,0.0,0.0,0.0,4.857542387962431,7.743113574157915,6.831088266044053,6.671138784516304,2.1972245773362196,1.6094379124341003,7.132965835425743,7.11236266355748,6.349887961580832,5.863390684019977,5.004185970416349,3.295836866004329,3.091042453358316,1.0986122886681098,2.3978952727983707,1.6094379124341003,1,0,1,0,0.0,6.464285714285714,0.0
319,40,150,2,1.0,0.6931471805599453,1.0,0.0,0.0,8.826046596916132,10.276207324530166,6.548026697843582,4.920275460133726,2.8021041809622584,0.0,7.902723303258039,7.899402193467034,2.5649493574615367,2.302585092994046,7.360706980892519,7.360706980892519,6.028966751503563,5.283303433702018,6.1693865591297845,3.4965075614664802,3.4965075614664802,1.6094379124341003,2.772588722239781,2.4849066497880004,1,1,0,0,5.415,0.0,0.0
704,63,138,1,0.0,0.0,0.0,0.0,0.0,6.002508692540541,0.0,0.0,0.0,2.8021041809622584,0.0,5.367753473125134,5.367753473125134,1.3862943611198906,1.3862943611198906,5.941204553267962,5.941204553267962,0.0,0.0,5.5936486802457175,1.791759469228055,1.791759469228055,0.0,0.0,1.3862943611198906,0,0,1,0,0.0,7.1075,0.0
321,44,51,1,1.0,0.0,1.0,0.0,0.0,5.122504581666908,7.898138789017035,0.0,0.0,2.8021041809622584,0.0,7.787795396874154,7.625518065683213,1.791759469228055,1.3862943611198906,7.609906444590034,7.609906444590034,6.6587443181309185,5.198201012713168,6.964000577646586,3.6375861597263857,3.6375861597263857,1.6094379124341003,2.1972245773362196,3.2188758248682006,0,0,0,0,0.0,0.0,0.0
1011,38,50,1,0.0,0.0,0.0,0.0,0.0,5.8856723906876365,0.0,0.0,0.0,2.8021041809622584,0.0,5.829160930563163,5.829160930563163,1.0986122886681098,1.0986122886681098,5.725956238165557,5.725956238165557,5.371966049571182,3.309421425316565,4.140864577856994,2.302585092994046,2.302585092994046,1.0986122886681098,1.3862943611198906,1.0986122886681098,0,1,0,0,2.0053571428571426,0.0,0.0
1427,4,179,1,1.0,0.0,0.0,0.0,0.0,2.0218313451291765,9.896573706892015,0.0,0.0,2.8021041809622584,0.0,1.6581600470786924,0.00035707909681323224,1.0986122886681098,0.6931471805599453,0.6380874033769179,0.6380874033769179,0.0,0.0,0.0,0.6931471805599453,0.6931471805599453,0.0,0.0,0.0,0,0,0,1,0.0,0.0,10.357142857142858
184,30,115,1,0.0,0.0,0.0,0.0,0.0,5.086998714011615,0.0,0.0,0.0,2.8021041809622584,0.0,0.009596661530295052,0.009596661530295052,0.6931471805599453,0.6931471805599453,4.889403461026107,4.889403461026107,0.0,4.87017108137747,0.0,1.6094379124341003,1.6094379124341003,0.0,1.0986122886681098,0.0,0,0,1,0,0.0,5.785714285714286,0.0
502,69,192,1,0.0,0.0,1.0,0.0,0.0,6.858010784584437,0.0,0.0,0.0,2.8021041809622584,0.0,7.011513762070784,6.910451284348648,2.5649493574615367,2.3978952727983707,7.221086039939067,7.066427964012991,5.5254529391317835,5.1339774523324335,6.4665145736309455,3.58351893845611,3.367295829986474,1.0986122886681098,2.5649493574615367,2.4849066497880004,0,1,0,0,6.042321428571428,0.0,0.0
449,18,20,1,0.0,0.0,1.0,0.0,0.0,9.687234492879043,0.0,0.0,0.0,2.8021041809622584,0.0,8.329845539225195,7.917698713908518,3.4339872044851463,3.332204510175204,8.274738936434435,7.906461461786398,6.630871833772582,2.109780206185246,5.404124211157704,4.02535169073515,3.4657359027997265,2.302585092994046,1.0986122886681098,2.1972245773362196,1,0,1,0,0.0,0.8939285714285715,0.0
472,58,51,1,0.0,0.0,0.0,0.0,0.0,9.400632667151843,0.0,0.0,0.0,2.8021041809622584,0.0,3.5008379984150064,3.5008379984150064,1.0986122886681098,1.0986122886681098,3.1103356562929947,3.1103356562929947,3.1103356562929947,0.0,0.0,1.0986122886681098,1.0986122886681098,1.0986122886681098,0.0,0.0,1,0,0,0,0.0,0.0,0.0
961,8,154,1,0.0,0.0,0.0,0.0,0.0,5.530761815814448,0.0,0.0,0.0,2.8021041809622584,0.0,4.836284741414581,4.836284741414581,1.0986122886681098,1.0986122886681098,4.867424554307332,4.867424554307332,0.0,0.0,0.0,1.3862943611198906,1.3862943611198906,0.0,0.0,0.0,0,0,1,1,0.0,12.858928571428573,10.56
764,51,36,1,2.0,0.0,0.0,0.0,0.0,9.505779601169225,2.273229841463221,0.0,0.0,2.8021041809622584,0.0,7.961651468197445,7.957930965970231,1.3862943611198906,1.0986122886681098,7.7816847370151505,7.7816847370151505,0.0,6.165690926187577,7.560638345092085,3.6888794541139363,3.6888794541139363,0.0,3.332204510175204,2.4849066497880004,0,0,0,0,0.0,0.0,0.0
578,49,92,1,0.0,0.0,0.0,0.0,0.0,8.47261646324532,0.0,0.0,0.0,2.8021041809622584,0.0,7.044573140247608,7.044573140247608,1.0986122886681098,1.0986122886681098,7.37766247500691,7.37766247500691,6.343629335568829,6.405209567651711,6.059123195581797,2.995732273553991,2.995732273553991,1.0986122886681098,2.5649493574615367,1.791759469228055,0,1,0,1,10.883571428571429,0.0,9.992500000000001
856,5,62,1,0.0,0.6931471805599453,0.0,0.0,0.0,6.493922401395418,0.0,9.600923094237878,0.0,2.8021041809622584,0.0,0.00035707909681323224,0.00035707909681323224,0.6931471805599453,0.6931471805599453,0.0,0.0,0.0,0.0,0.0,0.0,0.0,0.0,0.0,0.0,0,0,0,0,0.0,0.0,0.0
512,38,181,1,0.0,0.0,0.0,0.0,0.0,6.717140715785259,0.0,0.0,0.0,2.8021041809622584,0.0,6.111152909333484,6.111152909333484,1.6094379124341003,1.6094379124341003,6.349875483339764,6.349875483339764,5.338224657139891,5.257272132826051,5.149983072042218,3.258096538021482,3.258096538021482,1.791759469228055,2.772588722239781,1.0986122886681098,1,1,0,0,0.7430357142857142,0.0,0.0
606,62,151,1,1.0,0.0,0.0,0.0,0.0,4.402126836737917,5.750900038996028,0.0,0.0,2.8021041809622584,0.0,5.714258362806621,5.711412813248404,1.3862943611198906,1.0986122886681098,5.648871114131833,5.648871114131833,3.6031659358399066,3.4535865039823266,5.372795168265558,2.0794415416798357,2.0794415416798357,0.6931471805599453,1.6094379124341003,0.6931471805599453,1,0,0,0,0.0,0.0,0.0
71,43,15,1,0.0,0.0,1.0,0.0,0.0,3.999961928304534,0.0,0.0,0.0,2.8021041809622584,0.0,5.607383011321735,5.607383011321735,1.0986122886681098,1.0986122886681098,5.7120812774708964,5.7120812774708964,5.190573059534934,0.0,4.79844345798538,1.9459101490553132,1.9459101490553132,1.0986122886681098,0.0,1.3862943611198906,0,0,0,0,0.0,0.0,0.0
1016,76,57,1,0.0,0.0,1.0,0.0,1.0,6.8545134709328766,0.0,0.0,0.0,2.8021041809622584,5.955610659830319,6.682296549710488,6.622880215572628,1.3862943611198906,1.0986122886681098,6.636298949531648,6.6298122939510895,6.2166061010848646,0.0,5.279483983668408,2.5649493574615367,2.3978952727983707,1.0986122886681098,0.0,1.9459101490553132,1,0,0,0,0.0,0.0,0.0
1531,31,104,1,0.0,1.0986122886681098,1.0,0.0,0.0,0.0,0.0,7.7546259563029105,0.0,2.8021041809622584,0.0,6.702496813875239,6.702496813875239,1.0986122886681098,1.0986122886681098,6.442921122102847,6.442921122102847,5.190573059534934,3.8430556438198966,5.9929812534700195,2.70805020110221,2.70805020110221,0.6931471805599453,1.0986122886681098,2.3978952727983707,0,0,0,0,0.0,0.0,0.0
1467,40,115,2,1.0,0.0,1.0,0.0,0.0,8.520144047640107,8.700267024703074,0.0,7.358754234803234,2.8021041809622584,0.0,7.7765555517042575,7.774903484614636,2.0794415416798357,1.9459101490553132,8.245737049376242,7.7141931977005305,6.14265165622092,6.795730543163366,6.782880189774762,3.5263605246161616,3.4657359027997265,1.3862943611198906,2.995732273553991,2.302585092994046,0,0,0,1,0.0,0.0,5.071428571428571
1283,63,174,1,0.0,0.0,0.0,0.0,0.0,6.4251954350868274,0.0,0.0,0.0,2.8021041809622584,0.0,7.400849846836948,7.400849846836948,1.9459101490553132,1.9459101490553132,8.33316818457473,8.33316818457473,4.178773241838892,5.43311358394436,8.225732560624373,2.9444389791664403,2.9444389791664403,0.6931471805599453,1.6094379124341003,2.3978952727983707,1,0,0,0,0.0,0.0,0.0
95,35,151,1,0.0,0.0,1.0,0.0,1.0,8.206097236069718,0.0,0.0,0.0,2.8021041809622584,7.9420305500190045,7.501064168297559,7.241505446786403,2.9444389791664403,2.6390573296152584,7.736429671693163,7.547604148933429,7.102734483920571,0.0,4.117293495207646,3.295836866004329,2.8903717578961645,1.9459101490553132,0.0,1.0986122886681098,1,0,0,1,0.0,0.0,6.071428571428571
190,50,62,1,1.0,0.0,1.0,0.0,0.0,8.225205864642568,8.728803229591021,0.0,5.068443628966902,2.8021041809622584,0.0,5.882567029659425,5.88094690710838,1.3862943611198906,1.0986122886681098,5.525296410091769,5.525296410091769,0.0,3.9040628357469696,5.29813877917369,1.791759469228055,1.791759469228055,0.0,1.0986122886681098,1.0986122886681098,1,0,0,0,0.0,0.0,0.0
171,22,151,1,0.0,0.0,0.0,0.0,0.0,8.322086133039594,0.0,0.0,0.0,2.8021041809622584,0.0,6.751777931813471,6.751777931813471,1.3862943611198906,1.3862943611198906,6.875866847403015,6.875866847403015,6.0792791728355215,5.8543768382806824,5.188183572137553,4.0943445622221,4.0943445622221,2.5649493574615367,3.332204510175204,2.302585092994046,0,1,1,0,6.762142857142857,9.0,0.0
15,26,174,1,0.0,0.0,0.0,0.0,0.0,0.9342709713385754,0.0,0.0,0.0,2.8021041809622584,0.0,3.8802743071135657,3.8802743071135657,1.0986122886681098,1.0986122886681098,3.0820737833755554,3.0820737833755554,0.0,2.9129327932818105,0.0,1.0986122886681098,1.0986122886681098,0.0,0.6931471805599453,0.0,1,0,0,0,0.0,0.0,0.0
898,19,89,1,1.0,1.0986122886681098,0.0,0.0,0.0,7.916770643219517,7.468257816496057,6.335711330407249,0.0,2.8021041809622584,0.0,1.1483090712133317,0.003920874743236587,1.0986122886681098,0.6931471805599453,1.086636097621394,1.086636097621394,0.0,0.0,0.0,0.6931471805599453,0.6931471805599453,0.0,0.0,0.0,0,0,1,0,0.0,11.535714285714286,0.0
192,61,57,1,2.0,1.6094379124341003,0.0,0.0,0.0,1.8398124002566583,9.455993862899284,5.910409422351274,0.0,2.8021041809622584,0.0,3.077312260546414,0.023646769720074547,1.3862943611198906,0.6931471805599453,0.0,0.0,0.0,0.0,0.0,0.0,0.0,0.0,0.0,0.0,0,0,0,1,0.0,0.0,6.857142857142857
598,28,123,2,0.0,0.0,1.0,0.0,0.0,6.3336379754962735,0.0,0.0,0.0,2.8021041809622584,0.0,6.729502718298154,6.540837752305141,2.70805020110221,2.3978952727983707,6.313389519219592,6.186550276289046,4.3212334718694985,5.145326430624432,4.566577846795106,3.6635616461296463,3.4965075614664802,1.6094379124341003,2.9444389791664403,0.6931471805599453,1,1,0,0,0.16357142857142856,0.0,0.0
1560,62,176,1,0.0,1.791759469228055,0.0,0.0,0.0,8.167279015365,0.0,0.0,0.0,2.8021041809622584,0.0,6.7779113649582285,6.777906485014998,1.9459101490553132,1.0986122886681098,1.631758375722621,1.6306401200847034,0.0,0.0,0.0,1.791759469228055,0.6931471805599453,0.0,0.0,0.0,1,0,0,0,0.0,0.0,0.0
610,29,212,1,1.0,0.6931471805599453,0.0,1.0,0.0,6.988894747630778,0.5875882325173029,9.567085313465029,0.0,5.775037230597185,0.0,9.718622800274622,9.142107874596862,2.772588722239781,2.0794415416798357,9.068295742323102,9.064521056416961,4.917893242397641,3.5094109663023882,7.115814198592086,2.8903717578961645,2.772588722239781,1.0986122886681098,0.6931471805599453,2.1972245773362196,1,0,0,0,0.0,0.0,0.0
903,33,181,1,0.0,0.0,0.0,0.0,0.0,6.030034292933495,0.0,0.0,0.0,2.8021041809622584,0.0,5.880939926733704,5.880939926733704,1.0986122886681098,1.0986122886681098,4.896506288618483,4.896506288618483,0.0,4.896506288618483,0.0,0.6931471805599453,0.6931471805599453,0.0,0.6931471805599453,0.0,1,1,0,0,4.637857142857143,0.0,0.0
142,27,183,1,0.0,0.0,0.0,0.0,0.0,7.321640788178687,0.0,0.0,0.0,2.8021041809622584,0.0,6.572682063274631,6.572682063274631,0.6931471805599453,0.6931471805599453,6.591820693578472,6.591820693578472,0.0,0.0,6.588828221576673,1.0986122886681098,1.0986122886681098,0.0,0.0,0.6931471805599453,0,0,0,0,0.0,0.0,0.0
679,39,71,1,2.0,0.0,0.0,0.0,0.0,0.0,3.3897391287514798,0.0,0.0,2.8021041809622584,0.0,7.8720767030263925,7.86680578381346,1.6094379124341003,1.3862943611198906,7.954799799507995,7.954799799507995,6.572682063274631,6.73586908390971,7.163448993066756,2.833213344056216,2.833213344056216,1.3862943611198906,1.3862943611198906,2.1972245773362196,0,0,1,1,0.0,3.392857142857143,6.9675
896,23,99,1,0.0,0.0,0.0,0.0,0.0,7.464360007612774,0.0,0.0,0.0,2.8021041809622584,0.0,6.0368159824915875,6.034612976236605,1.3862943611198906,1.0986122886681098,6.463438332535154,6.461747155292617,6.285465896518655,0.0,4.634035266384264,1.9459101490553132,1.791759469228055,0.6931471805599453,0.0,1.0986122886681098,1,0,0,0,0.0,0.0,0.0
1108,43,142,1,0.0,0.0,0.0,0.0,0.0,8.128302501337556,0.0,0.0,0.0,2.8021041809622584,0.0,2.936910712745649,2.936910712745649,1.0986122886681098,1.0986122886681098,2.005333569526114,2.005333569526114,0.0,1.940795048388543,0.0,1.0986122886681098,1.0986122886681098,0.0,0.6931471805599453,0.0,1,0,1,0,0.0,5.785714285714286,0.0
31,59,97,1,0.0,0.0,0.0,1.0,1.0,7.756987288105335,0.0,0.0,0.0,6.445848495913655,6.522828871739337,7.111400830882096,6.963279183135454,1.9459101490553132,1.0986122886681098,7.943674707311802,7.900444459904731,4.062903036387282,7.186368676450824,6.739132887246002,3.8501476017100584,3.7376696182833684,0.6931471805599453,3.1354942159291497,2.6390573296152584,0,0,0,0,0.0,0.0,0.0
1164,69,168,1,0.0,0.0,0.0,0.0,0.0,1.363263313793668,0.0,0.0,0.0,2.8021041809622584,0.0,6.455541047363221,6.455541047363221,1.0986122886681098,1.0986122886681098,7.029748487030742,7.029748487030742,5.8402262887277585,3.5754507638065998,6.619358665592487,2.70805020110221,2.70805020110221,1.0986122886681098,1.0986122886681098,2.302585092994046,0,0,0,0,0.0,0.0,0.0
1233,38,25,1,0.0,0.0,0.0,0.0,0.0,5.300869464317225,0.0,0.0,0.0,2.8021041809622584,0.0,6.834725187245006,6.834725187245006,1.0986122886681098,1.0986122886681098,6.7336994666052155,6.7336994666052155,6.720909216316737,2.097141118779237,0.0,2.0794415416798357,2.0794415416798357,1.3862943611198906,0.6931471805599453,0.0,0,0,0,0,0.0,0.0,0.0
730,59,38,1,0.0,0.0,1.0,0.0,0.0,5.80733027691281,0.0,0.0,0.0,2.8021041809622584,0.0,6.485151460056608,6.485151460056608,1.3862943611198906,1.3862943611198906,5.781150179125333,5.781150179125333,4.178773241838892,0.0,5.551669994066734,1.6094379124341003,1.6094379124341003,0.6931471805599453,0.0,1.0986122886681098,1,0,1,1,0.0,7.535714285714286,2.4285714285714284
234,54,150,1,0.0,0.0,1.0,0.0,0.0,6.7538399881153905,0.0,0.0,6.039748630859367,2.8021041809622584,0.0,7.436284479839529,7.161377320452286,1.9459101490553132,1.6094379124341003,7.363826135648568,7.066376156652251,5.880931949102981,0.0,6.008813185442595,2.302585092994046,2.0794415416798357,0.6931471805599453,0.0,1.6094379124341003,0,0,1,0,0.0,0.21428571428571427,0.0
22,54,0,1,0.0,0.0,0.0,0.0,0.0,7.821300960937576,0.0,0.0,0.0,2.8021041809622584,0.0,7.793343916734155,7.793343916734155,2.0794415416798357,2.0794415416798357,8.185372021794416,8.185372021794416,7.239704547283921,6.148126357121359,7.150000932169833,3.4011973816621555,3.4011973816621555,1.6094379124341003,2.5649493574615367,2.302585092994046,1,0,1,1,0.0,1.1071428571428572,30.560357142857146
560,58,25,1,0.0,0.0,0.0,0.0,0.0,8.79288712094265,0.0,0.0,0.0,2.8021041809622584,0.0,3.3245348673910198,3.3245348673910198,1.0986122886681098,1.0986122886681098,3.7768576255119686,3.7768576255119686,3.6031659358399066,2.074967261284915,0.0,1.791759469228055,1.791759469228055,1.6094379124341003,0.6931471805599453,0.0,1,0,0,0,0.0,0.0,0.0
1118,55,123,1,0.0,1.3862943611198906,1.0,0.0,0.0,6.044534654884431,0.0,12.659451867521083,0.0,2.8021041809622584,0.0,6.819240564754924,6.819240564754924,1.791759469228055,1.791759469228055,6.482368218601708,6.482368218601708,4.462412689990276,6.071560550064596,4.8680837501123495,2.772588722239781,2.772588722239781,1.0986122886681098,2.0794415416798357,1.6094379124341003,0,0,0,0,0.0,0.0,0.0
823,49,9,1,1.0,0.0,0.0,0.0,0.0,9.48631567792657,6.5884193731476,0.0,0.0,2.8021041809622584,0.0,8.075680943325798,8.075680943325798,1.0986122886681098,1.0986122886681098,8.155514627775988,8.155514627775988,0.0,7.496497241410494,5.4459673708582645,3.970291913552122,3.970291913552122,0.0,3.8066624897703196,1.791759469228055,0,0,0,0,0.0,0.0,0.0
327,73,177,1,2.0,0.0,1.0,0.0,0.0,8.66782085638142,7.494335661062036,0.0,0.0,2.8021041809622584,0.0,10.299244125437154,9.795876132476774,2.1972245773362196,1.791759469228055,10.327328044422629,9.697117733192291,8.148486977461303,3.847865364127592,6.92376079038324,3.044522437723423,2.9444389791664403,1.3862943611198906,1.3862943611198906,2.0794415416798357,1,0,0,1,0.0,0.0,13.0
1534,38,126,2,2.0,0.0,0.0,0.0,0.0,8.748609117805142,10.19276832852299,0.0,0.0,2.8021041809622584,0.0,5.16347082377827,5.109130871321491,1.791759469228055,1.6094379124341003,5.0689042022202315,5.0689042022202315,0.0,0.0,4.97476135519337,1.9459101490553132,1.9459101490553132,0.0,0.0,1.791759469228055,1,0,1,1,0.0,2.607142857142857,21.892857142857142
775,40,151,2,2.0,0.6931471805599453,1.0,0.0,1.0,4.763656351957803,8.236222925267615,13.269204736870687,0.0,2.8021041809622584,5.627931959514897,9.00296361007742,8.260823537599087,3.6888794541139363,3.2188758248682006,8.98963968265775,8.270699309283987,5.8402262887277585,5.321676337620523,7.06223233411461,4.060443010546419,3.332204510175204,1.0986122886681098,1.791759469228055,2.3978952727983707,1,1,0,1,1.9960714285714285,0.0,19.035714285714285
934,78,55,1,0.0,0.0,1.0,1.0,1.0,7.386994919305364,0.0,0.0,0.0,6.585809520326364,8.090309695659604,6.85826599548573,6.811491752029654,1.791759469228055,1.3862943611198906,6.81673314236559,6.8083267374990895,6.285465896518655,3.808985187044727,5.480936498109847,3.4011973816621555,3.258096538021482,2.1972245773362196,1.6094379124341003,1.791759469228055,1,0,0,0,0.0,0.0,0.0
609,67,14,1,1.0,0.0,0.0,0.0,0.0,4.881645951679072,10.12400578929727,0.0,0.0,2.8021041809622584,0.0,7.207704568368287,7.0653406656894875,1.791759469228055,1.3862943611198906,6.893483201391678,6.893483201391678,4.747413519214636,5.937368456373368,5.741857843508351,3.258096538021482,3.258096538021482,1.0986122886681098,2.995732273553991,1.0986122886681098,0,0,0,0,0.0,0.0,0.0
1079,37,68,1,0.0,0.0,0.0,0.0,0.0,8.370058011984407,0.0,0.0,0.0,2.8021041809622584,0.0,5.64478539671902,5.64478539671902,1.0986122886681098,1.0986122886681098,0.0,0.0,0.0,0.0,0.0,0.0,0.0,0.0,0.0,0.0,1,0,0,1,0.0,0.0,4.089285714285714
298,48,221,1,2.0,1.3862943611198906,1.0,1.0,0.0,2.982628941498347,4.286783416913264,0.0,0.0,2.8021041809622584,0.0,8.098883262099339,7.829479650434302,2.70805020110221,1.9459101490553132,8.2174531896375,7.842415959697566,5.775881627762223,6.607320810700178,7.233880289671219,3.2188758248682006,2.995732273553991,0.6931471805599453,1.3862943611198906,2.3978952727983707,1,0,0,1,0.0,0.0,22.96642857142857
1040,65,14,1,1.0,1.6094379124341003,0.0,0.0,0.0,8.05084037554828,9.664222263898413,8.210551564753699,0.0,2.8021041809622584,0.0,7.942275803844613,7.937799095888908,2.1972245773362196,1.9459101490553132,6.691058314418068,6.691058314418068,0.0,0.0,5.266544704812695,1.9459101490553132,1.9459101490553132,0.0,0.0,1.3862943611198906,1,1,1,0,1.4324999999999999,5.428571428571429,0.0
279,22,135,3,0.0,0.0,1.0,0.0,0.0,6.843973804545719,0.0,0.0,0.0,2.8021041809622584,0.0,0.0035650661644961576,0.0035650661644961576,0.6931471805599453,0.6931471805599453,5.3029494788745986,5.3029494788745986,0.0,0.0,0.0,1.3862943611198906,1.3862943611198906,0.0,0.0,0.0,1,0,0,1,0.0,0.0,4.214285714285714
1580,31,139,1,1.0,0.0,0.0,1.0,1.0,7.481047524519518,8.320283746906304,0.0,0.0,6.586846796353482,7.946796245086008,6.978115215609583,6.82786369084185,2.3978952727983707,1.3862943611198906,6.996042478668527,6.624871201530853,6.318195614673642,0.0,5.606327138505488,3.295836866004329,2.833213344056216,1.9459101490553132,0.0,2.1972245773362196,0,0,0,0,0.0,0.0,0.0
1044,2,70,1,2.0,0.6931471805599453,0.0,0.0,0.0,4.444347296392769,11.146249142957073,10.729822332255395,0.0,2.8021041809622584,0.0,7.455922722765794,7.4547003145812925,1.6094379124341003,1.3862943611198906,7.265829243834577,7.265829243834577,6.597340576680214,5.523031113031764,6.099517862495528,2.9444389791664403,2.9444389791664403,1.6094379124341003,2.3978952727983707,1.3862943611198906,0,0,0,0,0.0,0.0,0.0
1144,48,18,1,1.0,1.0986122886681098,1.0,0.0,0.0,7.193383905269997,0.007117467768863981,8.711562006742891,0.0,2.8021041809622584,0.0,6.862362213134738,6.716360398080722,2.6390573296152584,2.3978952727983707,6.790622969057833,6.633155356074237,5.190573059534934,4.750846282246,4.552372000421121,3.1354942159291497,2.9444389791664403,1.3862943611198906,1.9459101490553132,1.0986122886681098,1,0,1,0,0.0,4.357142857142857,0.0
872,26,152,1,0.0,0.0,0.0,0.0,0.0,9.530716254577369,0.0,0.0,0.0,2.8021041809622584,0.0,7.585230652931871,7.585230652931871,1.0986122886681098,1.0986122886681098,7.4095125521217415,7.4095125521217415,5.8085713984150695,5.166904137194222,7.024934958052363,3.4011973816621555,3.4011973816621555,1.3862943611198906,2.4849066497880004,2.3978952727983707,0,1,0,0,3.3466071428571427,0.0,0.0
1382,23,99,1,0.0,0.0,1.0,0.0,0.0,6.063365685484107,0.0,0.0,0.0,2.8021041809622584,0.0,7.252869150519762,6.915599787357456,3.332204510175204,3.044522437723423,7.262052648730037,6.880109121468964,5.248526702045021,5.3757412635128405,5.085610237260755,3.4965075614664802,3.044522437723423,0.6931471805599453,2.1972245773362196,1.3862943611198906,0,0,0,0,0.0,0.0,0.0
1179,68,177,1,0.0,0.0,1.0,0.0,1.0,0.00035707909681323224,0.0,0.0,0.0,2.8021041809622584,7.6923830756591425,8.047584912580657,7.762984865205762,3.6375861597263857,3.4965075614664802,8.067587866357707,7.762984865205762,6.062788033933216,5.095348397155831,6.878988306018171,4.204692619390966,3.6375861597263857,1.9459101490553132,2.0794415416798357,2.8903717578961645,1,0,0,1,0.0,0.0,15.785714285714286
1470,33,175,2,1.0,0.0,1.0,0.0,0.0,0.0,8.086949800083792,0.0,0.0,2.8021041809622584,0.0,7.167333798731504,7.167293576140784,2.1972245773362196,2.0794415416798357,7.168329480704413,7.168329480704413,0.0,5.05338913568348,7.037292455334713,2.9444389791664403,2.9444389791664403,0.0,1.791759469228055,2.5649493574615367,1,1,0,1,2.794107142857143,0.0,4.25
450,76,29,1,0.0,0.0,0.0,0.0,0.0,1.350111884989541,0.0,0.0,0.0,2.8021041809622584,0.0,5.414198594914824,5.414198594914824,1.6094379124341003,1.6094379124341003,6.163824448579885,6.163824448579885,4.963705897624307,5.189544288685963,5.036140584504618,2.772588722239781,2.772588722239781,2.1972245773362196,1.0986122886681098,0.6931471805599453,0,0,1,1,0.0,5.179642857142857,15.184285714285716
163,60,51,1,1.0,1.0986122886681098,0.0,0.0,0.0,7.17459385941166,8.038217317406577,7.431655273737721,0.0,2.8021041809622584,0.0,10.132356297891242,9.249377586151699,1.9459101490553132,1.6094379124341003,9.663753770703291,9.663753770703291,6.285465896518655,6.513017604230928,5.331493059613989,2.302585092994046,2.302585092994046,0.6931471805599453,1.0986122886681098,1.6094379124341003,0,0,0,0,0.0,0.0,0.0
1388,69,27,1,1.0,0.0,1.0,0.0,0.0,6.140704720722213,8.58886420680552,0.0,0.0,2.8021041809622584,0.0,6.804331774994226,6.804070342883486,1.6094379124341003,1.3862943611198906,6.838711768457949,6.838711768457949,6.6678651402071685,0.0,4.972045429535199,2.8903717578961645,2.8903717578961645,1.9459101490553132,0.0,1.9459101490553132,1,0,0,0,0.0,0.0,0.0
824,57,1,1,1.0,0.6931471805599453,0.0,0.0,0.0,5.825062035839046,7.448503369784879,6.268676823450735,0.0,2.8021041809622584,0.0,6.690798798212487,6.690786818915374,1.6094379124341003,1.3862943611198906,2.364385493899493,2.364385493899493,0.0,0.0,0.0,1.3862943611198906,1.3862943611198906,0.0,0.0,0.0,0,0,0,0,0.0,0.0,0.0
1113,58,15,1,0.0,0.0,1.0,0.0,0.0,2.3960754360813845,0.0,0.0,5.684199109034709,2.8021041809622584,0.0,5.53966422771612,5.53966422771612,1.0986122886681098,1.0986122886681098,6.5702094662843,6.5702094662843,4.502979245091544,5.302689935775654,6.04466673268861,2.9444389791664403,2.9444389791664403,1.0986122886681098,1.9459101490553132,2.1972245773362196,0,0,0,1,0.0,0.0,15.863214285714287
1188,67,28,1,1.0,0.6931471805599453,1.0,0.0,0.0,3.3957899305728567,7.712905010819881,10.577014381686634,0.0,2.8021041809622584,0.0,7.37071001591378,7.3701100875813745,2.302585092994046,2.0794415416798357,7.8661993701455994,7.8056106912259455,5.5254529391317835,5.379321150701124,7.493516083690708,3.58351893845611,3.4657359027997265,1.3862943611198906,2.3978952727983707,2.5649493574615367,1,0,0,0,0.0,0.0,0.0
1163,36,152,1,0.0,0.0,0.0,0.0,0.0,8.329427298224916,0.0,0.0,0.0,2.8021041809622584,0.0,6.4894502334117234,6.4894502334117234,1.3862943611198906,1.3862943611198906,6.593020072003711,6.593020072003711,5.775881627762223,3.3043979983063627,5.912247391429747,2.302585092994046,2.302585092994046,1.0986122886681098,1.3862943611198906,1.0986122886681098,1,0,1,1,0.0,7.642857142857143,7.635
979,35,156,1,1.0,0.0,0.0,0.0,0.0,9.846775014068896,6.93343625315646,0.0,0.0,2.8021041809622584,0.0,5.888805735701146,5.888782979544739,1.791759469228055,1.6094379124341003,5.679806866861207,5.679806866861207,5.670865659643059,0.0,0.0,2.8903717578961645,2.8903717578961645,2.1972245773362196,0.0,0.0,1,0,0,0,0.0,0.0,0.0
1178,69,152,1,1.0,0.0,0.0,0.0,0.0,3.6647148271146386,10.606622598605487,0.0,0.0,2.8021041809622584,0.0,6.54231601998313,6.45069833568695,2.3978952727983707,2.0794415416798357,5.973476041155313,5.973476041155313,0.0,0.0,5.958701509640546,2.9444389791664403,2.9444389791664403,0.0,0.0,2.772588722239781,1,0,1,0,0.0,3.0714285714285716,0.0
1115,31,6,1,0.0,0.0,0.0,0.0,0.0,8.311627806322655,0.0,0.0,0.0,2.8021041809622584,0.0,0.00035707909681323224,0.00035707909681323224,0.6931471805599453,0.6931471805599453,1.086636097621394,1.086636097621394,0.0,0.0,0.0,0.6931471805599453,0.6931471805599453,0.0,0.0,0.0,1,0,0,1,0.0,0.0,12.862142857142857
1415,67,28,1,1.0,0.6931471805599453,0.0,0.0,0.0,8.781566754571742,9.835123035888838,6.218756624234238,0.0,2.8021041809622584,0.0,6.0283654355584435,6.0246799705944,1.6094379124341003,1.3862943611198906,5.717027701406222,5.717027701406222,4.683453104382135,0.0,5.271349846889077,1.6094379124341003,1.6094379124341003,0.6931471805599453,0.0,1.0986122886681098,1,1,1,0,0.49821428571428567,0.32142857142857145,0.0
29,60,150,1,0.0,0.0,1.0,0.0,0.0,5.92520263702651,0.0,0.0,0.0,2.8021041809622584,0.0,5.300782183532212,5.265906698027444,1.791759469228055,1.6094379124341003,5.956468184522826,5.265906698027444,4.5417738694292975,0.0,4.502979245091544,2.1972245773362196,1.6094379124341003,0.6931471805599453,0.0,0.6931471805599453,0,0,1,0,0.0,4.286785714285714,0.0
351,42,172,1,1.0,0.0,0.0,0.0,0.0,8.473225704422198,8.660709691516937,0.0,0.0,2.8021041809622584,0.0,0.029212001475106893,0.029212001475106893,1.0986122886681098,1.0986122886681098,4.536049755345409,4.536049755345409,0.0,0.0,0.0,1.3862943611198906,1.3862943611198906,0.0,0.0,0.0,0,0,1,0,0.0,3.607142857142857,0.0
843,36,151,1,0.0,0.0,0.0,0.0,0.0,4.405847787514112,0.0,0.0,0.0,2.8021041809622584,0.0,7.6492877798685415,7.6492877798685415,1.6094379124341003,1.6094379124341003,7.667215075684919,7.667215075684919,5.880931949102981,6.468607806997551,7.03101535174203,3.1780538303479458,3.1780538303479458,0.6931471805599453,2.1972245773362196,2.4849066497880004,1,0,0,0,0.0,0.0,0.0
1402,34,151,1,0.0,0.0,0.0,0.0,0.0,1.98895009027559,0.0,0.0,0.0,2.8021041809622584,0.0,5.190573059534934,5.190573059534934,0.6931471805599453,0.6931471805599453,5.247869579280234,5.247869579280234,5.190573059534934,2.103698519325396,0.0,1.791759469228055,1.791759469228055,0.6931471805599453,1.3862943611198906,0.0,1,0,0,0,0.0,0.0,0.0
90,20,81,1,0.0,0.0,0.0,0.0,0.0,6.477851097568371,0.0,0.0,0.0,2.8021041809622584,0.0,4.68345640688659,4.68345640688659,1.0986122886681098,1.0986122886681098,4.381446109058632,4.381446109058632,3.6031659358399066,1.4775378415416618,3.606079973841756,1.6094379124341003,1.6094379124341003,0.6931471805599453,0.6931471805599453,0.6931471805599453,0,0,0,0,0.0,0.0,0.0
1316,63,158,1,1.0,0.0,1.0,1.0,0.0,7.671738298387595,8.676246913296648,0.0,0.0,4.0910176054624126,0.0,7.906361211383964,7.888349236456897,1.6094379124341003,1.0986122886681098,8.001831820493338,7.96407499831708,5.993961427306569,6.232087300363578,7.61591421716252,3.7376696182833684,3.6888794541139363,1.6094379124341003,3.295836866004329,2.3978952727983707,0,0,0,1,0.0,0.0,3.3175
1592,70,73,3,0.0,0.0,0.0,0.0,0.0,4.28521577584241,0.0,0.0,0.0,2.8021041809622584,0.0,0.0,0.0,0.0,0.0,1.6306401200847034,1.6306401200847034,0.0,0.0,0.0,0.6931471805599453,0.6931471805599453,0.0,0.0,0.0,0,0,0,1,0.0,0.0,12.5
80,9,81,1,0.0,0.0,0.0,0.0,0.0,7.922198252071433,0.0,0.0,0.0,2.8021041809622584,0.0,3.258110274190877,3.258110274190877,1.0986122886681098,1.0986122886681098,2.9766222634859694,2.9766222634859694,0.0,2.9766222634859694,0.0,1.9459101490553132,1.9459101490553132,0.0,1.9459101490553132,0.0,1,0,0,0,0.0,0.0,0.0
864,31,26,1,0.0,0.0,1.0,0.0,0.0,3.1985127548390415,0.0,0.0,0.0,2.8021041809622584,0.0,6.999699084616098,6.999699084616098,1.0986122886681098,1.0986122886681098,6.670630515861623,6.670630515861623,6.6678651402071685,0.0,0.0,1.791759469228055,1.791759469228055,1.3862943611198906,0.0,0.0,1,1,0,0,30.697321428571428,0.0,0.0
822,69,225,1,1.0,0.6931471805599453,1.0,0.0,0.0,5.70968289006046,11.086196540119783,0.0,4.907750547171115,2.8021041809622584,0.0,6.518218706921386,6.400977997229369,1.791759469228055,1.3862943611198906,6.538220449006101,6.538220449006101,0.0,5.68643768155229,5.355912193082619,3.1354942159291497,3.1354942159291497,0.0,2.772588722239781,1.6094379124341003,0,0,0,0,0.0,0.0,0.0
300,5,87,1,0.0,0.0,0.0,0.0,0.0,0.0,0.0,0.0,0.0,2.8021041809622584,0.0,0.012775191488722826,0.012775191488722826,0.6931471805599453,0.6931471805599453,4.452684785479894,4.452684785479894,0.0,0.0,4.450185825412255,1.0986122886681098,1.0986122886681098,0.0,0.0,0.6931471805599453,0,0,0,1,0.0,0.0,12.035714285714286
1292,47,151,1,0.0,0.0,0.0,0.0,0.0,5.504585032048263,0.0,0.0,0.0,2.8021041809622584,0.0,3.2588517472846594,3.2588517472846594,1.0986122886681098,1.0986122886681098,7.686783584942722,7.686783584942722,2.7269186854065928,3.051133191521475,7.670361888840676,1.9459101490553132,1.9459101490553132,1.0986122886681098,1.0986122886681098,0.6931471805599453,0,1,0,1,1.0275,0.0,17.676785714285714
1383,39,26,1,1.0,1.9459101490553132,0.0,0.0,0.0,5.302414319705315,7.856834266857779,0.0,0.0,2.8021041809622584,0.0,6.3147972656775275,6.308991225269058,1.3862943611198906,1.0986122886681098,6.626102612125031,6.626102612125031,6.572682063274631,0.0,3.6031659358399066,1.791759469228055,1.791759469228055,0.6931471805599453,0.0,1.0986122886681098,1,1,1,0,10.90982142857143,4.642857142857143,0.0
462,23,26,1,0.0,0.0,1.0,0.0,0.0,6.34798822960728,0.0,0.0,4.654069187771911,2.8021041809622584,0.0,7.092447832264933,6.748692554793858,1.791759469228055,1.3862943611198906,7.087118595447047,6.742895797402032,6.046020370797164,0.0,4.288500576663059,2.3978952727983707,2.302585092994046,1.3862943611198906,0.0,1.3862943611198906,0,0,0,0,0.0,0.0,0.0
686,57,51,1,0.0,0.0,0.0,0.0,0.0,7.045671730666565,0.0,0.0,0.0,2.8021041809622584,0.0,6.242922020712974,6.242922020712974,1.3862943611198906,1.3862943611198906,6.21007785233566,6.21007785233566,0.0,0.0,4.789311514563965,2.0794415416798357,2.0794415416798357,0.0,0.0,1.791759469228055,1,1,1,1,0.6292857142857143,8.392857142857142,18.785714285714285
481,32,26,1,1.0,0.0,0.0,1.0,0.0,4.240226455790965,5.540240613178274,0.0,0.0,2.8021041809622584,0.0,7.603899214782321,7.603181111441828,2.302585092994046,1.9459101490553132,7.208996526782258,7.207938968833294,0.0,5.823890846948583,6.915687662843618,3.1780538303479458,3.091042453358316,0.0,1.6094379124341003,2.772588722239781,0,0,0,0,0.0,0.0,0.0
950,26,152,1,0.0,0.0,0.0,0.0,0.0,3.748570867517577,0.0,0.0,0.0,2.8021041809622584,0.0,5.390409712335508,5.390409712335508,1.0986122886681098,1.0986122886681098,5.692077331210115,5.692077331210115,0.0,0.0,5.680568678791459,1.791759469228055,1.791759469228055,0.0,0.0,1.6094379124341003,0,1,0,0,0.6014285714285714,0.0,0.0
884,32,149,1,0.0,0.0,1.0,0.0,0.0,7.719266754805793,0.0,0.0,0.0,2.8021041809622584,0.0,5.319201341749883,5.31665358305482,2.1972245773362196,2.0794415416798357,6.938668918911065,6.719856053014633,0.0,0.0,6.714083840992595,3.1354942159291497,2.833213344056216,0.0,0.0,2.70805020110221,0,0,0,1,0.0,0.0,9.029642857142857
634,31,81,1,2.0,0.0,0.0,0.0,0.0,3.757980653066589,10.77171243036493,0.0,0.0,2.8021041809622584,0.0,6.231099226342676,3.8209331930457755,1.6094379124341003,1.0986122886681098,4.5417738694292975,4.5417738694292975,4.5417738694292975,0.0,0.0,0.6931471805599453,0.6931471805599453,0.6931471805599453,0.0,0.0,0,0,1,0,0.0,6.857142857142857,0.0
1456,61,149,1,1.0,0.0,0.0,0.0,0.0,0.0,0.0,0.0,0.0,2.8021041809622584,0.0,5.902010579030501,5.901957851606857,1.6094379124341003,1.3862943611198906,6.654126746655208,6.654126746655208,2.7269186854065928,6.21149181929283,5.559169499309432,3.367295829986474,3.367295829986474,0.6931471805599453,3.044522437723423,1.791759469228055,0,0,1,0,0.0,3.607142857142857,0.0
1255,42,136,1,0.0,0.0,0.0,0.0,0.0,8.910776128154083,0.0,0.0,0.0,2.8021041809622584,0.0,4.683463011862779,4.683463011862779,1.0986122886681098,1.0986122886681098,4.732303026469117,4.732303026469117,0.0,0.0,0.0,1.791759469228055,1.791759469228055,0.0,0.0,0.0,0,0,1,0,0.0,4.714285714285714,0.0
465,27,43,1,0.0,0.0,0.0,1.0,0.0,0.9964213477715624,0.0,0.0,0.0,2.8711808482245074,0.0,7.996890420066311,7.971427545916655,2.0794415416798357,1.3862943611198906,7.996122046804228,7.988559221880647,6.68586094706836,6.432802853189052,5.956484828211956,4.442651256490317,4.382026634673881,3.258096538021482,3.044522437723423,2.0794415416798357,0,0,1,0,0.0,8.0,0.0
1268,23,179,1,0.0,0.0,0.0,0.0,0.0,6.199272536061228,0.0,0.0,0.0,2.8021041809622584,0.0,0.014888612493750654,0.014888612493750654,0.6931471805599453,0.6931471805599453,1.086636097621394,1.086636097621394,0.0,0.0,0.0,0.6931471805599453,0.6931471805599453,0.0,0.0,0.0,0,0,0,1,0.0,0.0,20.34357142857143
619,40,174,1,1.0,1.0986122886681098,0.0,0.0,0.0,8.233646366554115,8.963609931355663,5.139759070770401,0.0,2.8021041809622584,0.0,6.203021229170272,6.1853822978722865,1.6094379124341003,1.0986122886681098,5.202480798225582,5.202480798225582,0.0,0.0,5.202480798225582,1.0986122886681098,1.0986122886681098,0.0,0.0,1.0986122886681098,1,0,0,0,0.0,0.0,0.0
1418,64,83,1,0.0,0.0,0.0,0.0,0.0,7.289609790100339,0.0,0.0,0.0,2.8021041809622584,0.0,7.608169206948329,7.608169206948329,1.0986122886681098,1.0986122886681098,6.952506344583437,6.952506344583437,5.190573059534934,6.1667307674936955,5.964586915171979,3.1780538303479458,3.1780538303479458,1.0986122886681098,2.833213344056216,1.6094379124341003,1,0,0,0,0.0,0.0,0.0
1378,76,146,1,0.0,0.0,1.0,0.0,0.0,5.514723989923814,0.0,0.0,6.927560357255706,2.8021041809622584,0.0,3.999634797370733,3.999634797370733,1.0986122886681098,1.0986122886681098,7.204721088168243,7.204721088168243,5.371966049571182,7.029547410321197,0.0,3.4011973816621555,3.4011973816621555,1.0986122886681098,3.295836866004329,0.0,1,0,0,0,0.0,0.0,0.0
1315,40,88,1,0.0,0.0,1.0,1.0,1.0,7.981898239653824,0.0,0.0,5.672063268994266,2.8445355598030915,7.814719799485749,7.71170371890337,7.353040050873467,2.5649493574615367,1.6094379124341003,7.865884448623042,7.6118998022002,6.285465896518655,6.363617215694106,7.261166904083212,3.784189633918261,2.8903717578961645,1.3862943611198906,3.1780538303479458,2.4849066497880004,0,1,0,0,2.7246428571428574,0.0,0.0
466,55,185,1,1.0,0.0,0.0,0.0,0.0,5.190573059534934,7.92735991935598,0.0,0.0,2.8021041809622584,0.0,4.326976291408619,4.326976291408619,1.0986122886681098,1.0986122886681098,2.715167668871074,2.715167668871074,0.0,2.46080909820894,0.0,1.3862943611198906,1.3862943611198906,0.0,1.0986122886681098,0.0,0,0,0,0,0.0,0.0,0.0
632,26,173,2,0.0,0.0,1.0,0.0,0.0,6.385342545094136,0.0,0.0,0.0,2.8021041809622584,0.0,8.166986872574638,7.761744832618519,3.091042453358316,2.833213344056216,8.171599177596457,7.761744832618519,4.968820743663249,0.0,6.864996887044424,3.295836866004329,2.772588722239781,1.0986122886681098,0.0,1.3862943611198906,1,1,0,1,10.284642857142858,0.0,13.5475
1224,90,151,1,0.0,0.0,0.0,0.0,0.0,4.765002653031985,0.0,0.0,0.0,2.8021041809622584,0.0,6.350035816883787,6.350035816883787,1.0986122886681098,1.0986122886681098,8.962214258674265,8.962214258674265,8.093287670633261,8.099786566358999,5.1439583316830415,3.713572066704308,3.713572066704308,2.302585092994046,2.8903717578961645,1.9459101490553132,1,0,1,0,0.0,0.21428571428571427,0.0
1479,66,61,1,0.0,0.0,0.0,0.0,0.0,6.1598690245253485,0.0,0.0,0.0,2.8021041809622584,0.0,6.980588765855023,6.980588765855023,1.0986122886681098,1.0986122886681098,6.758464023006464,6.758464023006464,6.567676546766813,5.004164402965944,0.0,2.5649493574615367,2.5649493574615367,1.6094379124341003,1.9459101490553132,0.0,1,0,1,0,0.0,5.142857142857143,0.0
588,64,39,1,0.0,0.0,1.0,0.0,0.0,5.268767171412308,0.0,0.0,6.567743786577623,2.8021041809622584,0.0,6.525988561166113,6.506414333384014,1.9459101490553132,1.3862943611198906,6.398017158907685,6.375752226170116,5.880931949102981,0.0,5.378250178073323,2.4849066497880004,2.302585092994046,1.3862943611198906,0.0,1.3862943611198906,0,0,0,0,0.0,0.0,0.0
534,38,71,1,0.0,0.0,0.0,0.0,0.0,0.0,0.0,0.0,0.0,2.8021041809622584,0.0,7.709277569597921,7.709277569597921,2.8903717578961645,2.8903717578961645,7.656468594473772,7.656468594473772,0.0,6.140034633328055,7.408548532101216,3.2188758248682006,3.2188758248682006,0.0,1.6094379124341003,2.995732273553991,0,0,0,0,0.0,0.0,0.0
147,25,176,1,0.0,0.0,0.0,0.0,0.0,4.8407362573008585,0.0,0.0,0.0,2.8021041809622584,0.0,6.298835007137558,6.298835007137558,1.6094379124341003,1.6094379124341003,5.33133757757617,5.33133757757617,2.9368917735310576,1.1451323043030026,5.229579564568908,1.9459101490553132,1.9459101490553132,0.6931471805599453,0.6931471805599453,1.6094379124341003,1,0,0,1,0.0,0.0,15.613214285714287
1190,26,64,1,0.0,0.0,0.0,0.0,0.0,3.996101514333138,0.0,0.0,0.0,2.8021041809622584,0.0,6.3561082807353815,6.3561082807353815,2.302585092994046,2.302585092994046,6.3561076606958915,6.3561076606958915,6.3561076606958915,0.0,0.0,2.1972245773362196,2.1972245773362196,2.1972245773362196,0.0,0.0,0,0,0,1,0.0,0.0,4.512142857142857
1334,69,163,1,1.0,0.0,0.0,1.0,0.0,2.5000884400375227,5.325060140928158,0.0,0.0,2.910835542241222,0.0,6.783026660656248,6.221123966826725,2.3978952727983707,1.3862943611198906,7.441660926617327,7.278955715307301,6.14265165622092,5.528436531598672,6.519831840769845,3.5553480614894135,2.4849066497880004,1.3862943611198906,3.044522437723423,1.9459101490553132,0,0,0,0,0.0,0.0,0.0
683,55,101,1,0.0,0.0,0.0,0.0,0.0,7.627233972304027,0.0,0.0,0.0,2.8021041809622584,0.0,6.062788865326286,6.062788865326286,1.3862943611198906,1.3862943611198906,6.083311757228738,6.083311757228738,5.880931949102981,4.371439538628783,0.0,2.0794415416798357,2.0794415416798357,1.3862943611198906,1.0986122886681098,0.0,0,1,0,0,0.19232142857142856,0.0,0.0
648,7,152,1,1.0,0.0,0.0,1.0,0.0,7.6804679104896,2.7296952011486795,0.0,0.0,6.213516073808869,0.0,7.801711586980527,7.495930558839872,2.9444389791664403,1.6094379124341003,7.8482150020603525,7.564916409221679,0.0,6.55039234332933,7.148399650802859,3.6109179126442243,2.772588722239781,0.0,2.6390573296152584,2.302585092994046,0,1,1,0,0.7751785714285714,8.214285714285714,0.0
1593,34,150,1,1.0,0.0,0.0,0.0,0.0,7.930628779258819,7.883020465172255,0.0,0.0,2.8021041809622584,0.0,6.098133670450875,6.094957069151593,1.3862943611198906,1.0986122886681098,5.830904831550329,5.830904831550329,0.0,4.152276486349627,5.619296477637162,2.4849066497880004,2.4849066497880004,0.0,1.9459101490553132,1.6094379124341003,0,0,0,0,0.0,0.0,0.0
604,47,44,1,0.0,0.0,0.0,1.0,0.0,8.638722787244534,0.0,0.0,0.0,6.966611615614364,0.0,8.081469297563801,8.08124774157942,1.9459101490553132,1.6094379124341003,7.778378964672838,7.777780656669971,0.0,0.0,7.6656697491530075,2.6390573296152584,2.4849066497880004,0.0,0.0,2.1972245773362196,1,1,0,0,3.0798214285714285,0.0,0.0
927,41,217,1,1.0,0.6931471805599453,0.0,0.0,0.0,7.54899638345721,8.040957037417915,8.270231165431042,0.0,2.8021041809622584,0.0,8.152040164987728,8.14849162486654,2.1972245773362196,1.9459101490553132,7.089958376379102,7.089958376379102,0.0,0.0,7.089958376379102,2.1972245773362196,2.1972245773362196,0.0,0.0,2.1972245773362196,0,1,1,0,9.385714285714286,3.5692857142857144,0.0
1615,7,180,2,1.0,0.0,1.0,0.0,0.0,4.786982684662516,5.752722287491658,0.0,0.0,2.8021041809622584,0.0,7.312119781646269,7.312108578784247,1.791759469228055,1.6094379124341003,7.538205479821014,7.538205479821014,5.190573059534934,1.5860961727182559,7.43590146066041,2.833213344056216,2.833213344056216,0.6931471805599453,0.6931471805599453,2.6390573296152584,1,0,0,0,0.0,0.0,0.0
1396,56,16,1,1.0,1.3862943611198906,1.0,0.0,0.0,1.7412803796266614,10.176236568225276,9.14164235497456,0.0,2.8021041809622584,0.0,6.0203712643888885,6.0203712643888885,1.0986122886681098,1.0986122886681098,6.546759790428227,6.546759790428227,6.127181050637842,0.0,5.465721664604608,2.302585092994046,2.302585092994046,1.3862943611198906,0.0,1.791759469228055,1,1,1,0,3.0664285714285713,0.21428571428571427,0.0
694,34,40,1,1.0,0.0,0.0,0.0,1.0,0.0021405644991109567,11.64797595006431,0.0,0.0,2.8021041809622584,4.776211092922997,6.936600234262546,6.833177965935977,1.791759469228055,1.3862943611198906,6.6277531638264575,6.6277531638264575,5.451651386468739,5.209486152841421,2.8883856599245354,2.5649493574615367,2.5649493574615367,1.6094379124341003,1.3862943611198906,0.6931471805599453,0,0,1,0,0.0,5.5725,0.0
922,26,209,1,0.0,0.0,0.0,0.0,0.0,7.583146465034923,0.0,0.0,0.0,2.8021041809622584,0.0,0.018751655050204707,0.018751655050204707,0.6931471805599453,0.6931471805599453,1.665683211098549,1.665683211098549,0.0,1.0257855466704364,0.0,1.3862943611198906,1.3862943611198906,0.0,0.6931471805599453,0.0,0,0,0,1,0.0,0.0,4.214285714285714
1214,41,19,2,0.0,1.0986122886681098,0.0,0.0,0.0,7.651196933846318,0.0,9.168023473441119,0.0,2.8021041809622584,0.0,6.129305390695587,6.129305390695587,1.0986122886681098,1.0986122886681098,6.467088513343067,6.467088513343067,4.968820743663249,3.7027999697223968,5.567662701048382,2.833213344056216,2.833213344056216,0.6931471805599453,1.0986122886681098,2.3978952727983707,0,0,1,0,0.0,1.7857142857142858,0.0
241,30,12,1,0.0,0.0,0.0,0.0,0.0,5.146661488779218,0.0,0.0,0.0,2.8021041809622584,0.0,5.658643138098203,5.658643138098203,1.0986122886681098,1.0986122886681098,0.0,0.0,0.0,0.0,0.0,0.0,0.0,0.0,0.0,0.0,0,0,0,1,0.0,0.0,23.714285714285715
582,57,65,1,0.0,0.0,0.0,0.0,0.0,6.10182326520083,0.0,0.0,0.0,2.8021041809622584,0.0,0.005342844410495465,0.005342844410495465,0.6931471805599453,0.6931471805599453,0.004987541511039074,0.004987541511039074,0.0,0.0,0.004987541511039074,0.6931471805599453,0.6931471805599453,0.0,0.0,0.6931471805599453,1,0,0,1,0.0,0.0,9.589285714285714
408,35,181,1,1.0,0.0,1.0,0.0,0.0,8.327098012447518,0.0017841217935013985,0.0,0.0,2.8021041809622584,0.0,9.454799774832933,9.446517586309001,3.4339872044851463,3.332204510175204,9.712912010851712,9.712912010851712,6.572682063274631,8.112655474576396,9.431423888589487,4.007333185232471,4.007333185232471,1.0986122886681098,2.995732273553991,3.4657359027997265,1,0,1,1,0.0,7.0,13.25
284,66,23,1,0.0,0.0,0.0,0.0,0.0,7.826667999010526,0.0,0.0,0.0,2.8021041809622584,0.0,7.409525093833746,7.409525093833746,1.0986122886681098,1.0986122886681098,7.416238661842269,7.416238661842269,5.170483995038151,6.308066564863042,6.39454586386087,3.044522437723423,3.044522437723423,0.6931471805599453,2.302585092994046,2.0794415416798357,1,0,1,1,0.0,0.8932142857142857,14.988214285714287
1367,38,18,1,1.0,0.0,0.0,0.0,0.0,0.0,10.588226635692871,0.0,0.0,2.8021041809622584,0.0,7.57435110717187,7.574340471293016,1.791759469228055,1.6094379124341003,7.513806663404841,7.513806663404841,6.977681048517689,3.593390686935264,6.582964547134762,2.9444389791664403,2.9444389791664403,1.791759469228055,0.6931471805599453,2.4849066497880004,0,0,1,0,0.0,5.177142857142857,0.0
963,71,104,1,1.0,0.6931471805599453,0.0,0.0,0.0,9.269441278906621,11.384325878726559,8.515674753458313,0.0,2.8021041809622584,0.0,8.460912744991257,8.460415108602618,1.791759469228055,1.3862943611198906,6.1766094953309585,6.1766094953309585,0.0,0.0,6.0859627090032955,2.0794415416798357,2.0794415416798357,0.0,0.0,1.9459101490553132,0,0,1,0,0.0,0.8939285714285715,0.0
245,26,183,1,0.0,0.0,0.0,0.0,0.0,5.653851660192498,0.0,0.0,0.0,2.8021041809622584,0.0,6.255204238867907,6.255204238867907,1.3862943611198906,1.3862943611198906,6.871339485503955,6.871339485503955,6.754770585794848,4.653177731065908,0.0,2.70805020110221,2.70805020110221,1.3862943611198906,2.302585092994046,0.0,1,0,0,1,0.0,0.0,5.685357142857143
162,51,123,1,0.0,0.0,0.0,0.0,0.0,1.0867565722917403,0.0,0.0,0.0,2.8021041809622584,0.0,6.216681661389509,6.216681661389509,1.0986122886681098,1.0986122886681098,5.944859493843887,5.944859493843887,5.190573059534934,0.0,5.3142610169451725,1.9459101490553132,1.9459101490553132,1.3862943611198906,0.0,1.3862943611198906,0,0,0,0,0.0,0.0,0.0
1376,20,36,1,0.0,0.0,0.0,0.0,1.0,4.82817086995439,0.0,0.0,0.0,2.8021041809622584,7.9911904760504,5.099831584011585,4.541777674597095,1.3862943611198906,1.0986122886681098,4.5684321028428005,4.5497329790968655,0.0,0.0,0.0,1.3862943611198906,1.0986122886681098,0.0,0.0,0.0,0,0,0,1,0.0,0.0,3.5714285714285716
193,64,181,1,1.0,0.0,0.0,0.0,0.0,4.969488345990652,4.6742563864530915,0.0,0.0,2.8021041809622584,0.0,6.8062721571428195,6.801928384745456,1.9459101490553132,1.791759469228055,7.296897413058371,7.296897413058371,0.0,0.0,7.295201881587623,1.9459101490553132,1.9459101490553132,0.0,0.0,1.791759469228055,0,0,0,0,0.0,0.0,0.0
1025,55,35,1,0.0,0.0,1.0,0.0,2.0,8.623259022566318,0.0,0.0,6.562999326932414,2.8021041809622584,9.222513054771552,7.409394695592359,7.383151706985656,1.9459101490553132,1.791759469228055,7.698234457729838,7.698234457729838,6.318195614673642,5.831062073814858,6.303665000944885,3.1354942159291497,3.1354942159291497,1.6094379124341003,2.302585092994046,1.791759469228055,1,0,0,1,0.0,0.0,12.964285714285714
600,50,150,1,1.0,1.6094379124341003,0.0,0.0,0.0,7.081979557792793,9.079403732515125,10.240170749046596,0.0,2.8021041809622584,0.0,7.274051291652422,6.247096032363347,2.8903717578961645,2.1972245773362196,7.26031325984643,7.239581535651479,5.371966049571182,4.672127654112972,3.6031659358399066,3.091042453358316,2.5649493574615367,1.0986122886681098,1.6094379124341003,0.6931471805599453,1,0,0,1,0.0,0.0,10.928571428571429
1239,27,26,1,0.0,0.0,0.0,0.0,0.0,7.259862305855177,0.0,0.0,0.0,2.8021041809622584,0.0,5.311348167114918,5.311348167114918,1.6094379124341003,1.6094379124341003,4.854426943159531,4.854426943159531,0.0,4.313958080771743,3.999510459551262,1.9459101490553132,1.9459101490553132,0.0,1.791759469228055,0.6931471805599453,0,0,0,0,0.0,0.0,0.0
1500,33,15,1,0.0,0.0,1.0,0.0,0.0,4.515827522231382,0.0,0.0,0.0,2.8021041809622584,0.0,0.0007140307336570204,0.0007140307336570204,0.6931471805599453,0.6931471805599453,0.0,0.0,0.0,0.0,0.0,0.0,0.0,0.0,0.0,0.0,0,1,1,1,21.025000000000002,2.3528571428571428,6.571428571428571
172,56,188,1,3.0,0.0,0.0,1.0,0.0,0.04059339696525347,8.340998654612834,0.0,0.0,3.816628536357295,0.0,4.709295295989361,4.683489431331287,1.9459101490553132,1.0986122886681098,2.9444389791664403,2.866274206317104,0.0,0.0,2.8247744754103516,1.791759469228055,1.3862943611198906,0.0,0.0,1.0986122886681098,0,0,0,0,0.0,0.0,0.0
809,30,157,1,0.0,0.0,0.0,0.0,1.0,2.8692575565769727,0.0,0.0,0.0,2.8021041809622584,8.100709746625373,7.053645917998546,6.960857899836636,1.6094379124341003,1.3862943611198906,7.275926635201682,7.269330944742791,6.754770585794848,5.922297234386635,3.820847124762276,3.4339872044851463,3.367295829986474,1.3862943611198906,3.044522437723423,1.0986122886681098,1,0,1,1,0.0,6.964285714285714,8.262142857142857
1012,23,99,1,0.0,0.0,0.0,0.0,0.0,1.318416938716805,0.0,0.0,0.0,2.8021041809622584,0.0,6.510579292413941,6.510579292413941,1.0986122886681098,1.0986122886681098,6.511214515894805,6.511214515894805,6.10351690805538,0.0,5.4054085266336465,1.791759469228055,1.791759469228055,0.6931471805599453,0.0,1.3862943611198906,0,0,0,1,0.0,0.0,2.107142857142857
424,40,31,1,1.0,0.6931471805599453,0.0,0.0,0.0,9.754749241049472,9.810976626163615,7.583601514712973,0.0,2.8021041809622584,0.0,11.587149470187772,10.89913237262227,2.0794415416798357,1.791759469228055,10.993764069997887,10.993764069997887,5.880931949102981,5.078249437796926,8.142167219162776,3.58351893845611,3.58351893845611,0.6931471805599453,1.0986122886681098,3.091042453358316,0,0,0,0,0.0,0.0,0.0
1171,27,119,1,0.0,0.0,0.0,0.0,0.0,1.8919818070297576,0.0,0.0,0.0,2.8021041809622584,0.0,6.2476324559517495,6.2476324559517495,1.6094379124341003,1.6094379124341003,6.046949935236432,6.046949935236432,4.122515439188797,5.4801923950916605,4.810440675767591,2.3978952727983707,2.3978952727983707,1.0986122886681098,1.3862943611198906,1.6094379124341003,0,0,0,0,0.0,0.0,0.0
195,65,162,1,0.0,0.0,0.0,0.0,0.0,8.670425980723097,0.0,0.0,0.0,2.8021041809622584,0.0,8.117018883735529,8.117018883735529,2.1972245773362196,2.1972245773362196,8.364874166417948,8.364874166417948,0.0,3.9982007016691985,8.35073373512138,2.9444389791664403,2.9444389791664403,0.0,0.6931471805599453,2.772588722239781,1,0,0,0,0.0,0.0,0.0
1282,23,68,1,0.0,1.3862943611198906,0.0,1.0,0.0,9.406382312821812,0.0,7.55530307441861,0.0,2.4861558691884325,0.0,9.848528355200438,9.828124523897632,2.4849066497880004,1.791759469228055,9.48690592893503,9.455463451126986,0.0,6.0008975942637255,0.0,3.58351893845611,1.6094379124341003,0.0,3.367295829986474,0.0,1,1,0,0,1.4230357142857142,0.0,0.0
573,56,77,1,0.0,0.0,0.0,0.0,0.0,7.126493713428856,0.0,0.0,0.0,2.8021041809622584,0.0,6.635902497723233,6.635902497723233,1.3862943611198906,1.3862943611198906,6.571680463378729,6.571680463378729,5.880931949102981,4.75326686297939,5.434813111136574,2.70805020110221,2.70805020110221,1.3862943611198906,1.6094379124341003,1.6094379124341003,0,0,0,0,0.0,0.0,0.0
621,37,152,1,1.0,0.0,0.0,0.0,0.0,7.131466383493271,0.0014275519911854174,0.0,0.0,2.8021041809622584,0.0,2.1279765712643908,0.002496880198587199,1.3862943611198906,0.6931471805599453,0.2538113084794933,0.0,0.0,0.0,0.0,0.6931471805599453,0.0,0.0,0.0,0.0,0,0,0,0,0.0,0.0,0.0
1276,28,145,1,0.0,0.0,0.0,0.0,2.0,9.54086102997534,0.0,0.0,0.0,2.8021041809622584,7.476239786570176,6.416557780826541,6.244774898874416,1.6094379124341003,1.3862943611198906,5.117566004923599,5.0505425846881105,3.6031659358399066,0.0,0.0,1.9459101490553132,1.6094379124341003,0.6931471805599453,0.0,0.0,1,0,0,0,0.0,0.0,0.0
384,23,160,1,0.0,0.0,0.0,0.0,0.0,7.791471902860423,0.0,0.0,0.0,2.8021041809622584,0.0,4.483006587518251,4.483006587518251,1.0986122886681098,1.0986122886681098,4.49361193254131,4.49361193254131,3.9318256327243257,3.647341057205426,0.7282385003712154,2.1972245773362196,2.1972245773362196,1.0986122886681098,1.791759469228055,0.6931471805599453,1,0,1,1,0.0,6.107142857142857,12.50607142857143
977,46,59,1,0.0,0.0,0.0,0.0,0.0,7.878651072426946,0.0,0.0,0.0,2.8021041809622584,0.0,4.28260085453587,4.28260085453587,0.6931471805599453,0.6931471805599453,4.3451496015272095,4.3451496015272095,4.330733340286331,0.7265128744037456,0.035091319811270096,1.6094379124341003,1.6094379124341003,1.0986122886681098,0.6931471805599453,0.6931471805599453,1,1,0,0,1.4296428571428572,0.0,0.0
629,61,173,1,0.0,1.0986122886681098,0.0,0.0,0.0,4.139426043662647,0.0,10.445479915355897,0.0,2.8021041809622584,0.0,6.970908465987336,6.970908465987336,1.3862943611198906,1.3862943611198906,6.707427143887102,6.707427143887102,6.4948338701975175,3.7460864778835146,4.755128416298148,2.8903717578961645,2.8903717578961645,1.3862943611198906,1.791759469228055,2.1972245773362196,0,0,1,0,0.0,49.080714285714286,0.0
