Client,Age,Tenure,Count_CA,Count_SA,Count_MF,Count_OVD,Count_CC,Count_CL,ActBal_CA,ActBal_SA,ActBal_MF,ActBal_OVD,ActBal_CC,ActBal_CL,VolumeCred,VolumeCred_CA,TransactionsCred,TransactionsCred_CA,VolumeDeb,VolumeDeb_CA,VolumeDebCash_Card,VolumeDebCashless_Card,VolumeDeb_PaymentOrder,TransactionsDeb,TransactionsDeb_CA,TransactionsDebCash_Card,TransactionsDebCashless_Card,TransactionsDeb_PaymentOrder,Sex_M
10,29.0,48.0,1.0,1.0,0.0,0.0,0.0,0.0,5.539139442108459,4.768217904223884,0.0,0.0,2.8021041809622584,0.0,0.02434411981806949,0.0,0.6931471805599453,0.0,0.6380874033769179,0.6380874033769179,0.0,0.0,0.0,0.6931471805599453,0.6931471805599453,0.0,0.0,0.0,0.0
100,39.0,86.0,1.0,0.0,0.0,0.0,1.0,1.0,0.0,0.0,0.0,0.0,5.5758449310539255,6.68935936833683,7.294908990214283,6.860814528592285,2.4849066497880004,1.3862943611198906,7.209708426351808,6.816148945747449,3.6031659358399066,6.026852374680619,5.793884309353388,3.6109179126442243,2.6390573296152584,0.6931471805599453,2.8903717578961645,2.1972245773362196,0.0
1002,73.0,48.0,1.0,0.0,0.0,1.0,1.0,0.0,4.753787216030655,0.0,0.0,0.0,2.8021041809622584,0.0,6.9430117575677395,6.54048718027627,3.044522437723423,2.70805020110221,7.032409574007597,6.54048718027627,4.715944591489998,4.515714265092645,5.647338091549909,3.7612001156935624,2.8903717578961645,1.6094379124341003,2.302585092994046,2.0794415416798357,0.0
1004,70.0,145.0,1.0,0.0,0.0,0.0,0.0,0.0,7.6538917880645645,0.0,0.0,0.0,2.8021041809622584,0.0,4.683466314334514,4.683466314334514,1.0986122886681098,1.0986122886681098,5.722335488644308,5.722335488644308,0.0,0.0,0.0,1.6094379124341003,1.6094379124341003,0.0,0.0,0.0,1.0
1007,42.0,152.0,1.0,1.0,1.6094379124341003,0.0,0.0,0.0,3.8533112849915536,0.0007140307336570204,0.0,0.0,2.8021041809622584,0.0,8.75635490704731,8.754161031115222,1.9459101490553132,1.6094379124341003,5.943455327921622,5.943455327921622,5.190573059534934,0.0,5.294739545200152,1.9459101490553132,1.9459101490553132,1.0986122886681098,0.0,1.3862943611198906,0.0
1008,37.0,103.0,1.0,2.0,1.6094379124341003,0.0,0.0,0.0,5.311094321081749,8.601772756804559,0.0,0.0,2.8021041809622584,0.0,9.181134134719157,9.179077048935522,2.5649493574615367,2.3978952727983707,7.772284486565476,7.772284486565476,0.0,0.0,7.770688482139116,2.4849066497880004,2.4849066497880004,0.0,0.0,2.302585092994046,0.0
1009,41.0,152.0,1.0,1.0,0.0,0.0,0.0,0.0,4.31704992230646,0.32104776629558124,0.0,0.0,2.8021041809622584,0.0,5.610086467564328,5.607383011321735,1.791759469228055,1.6094379124341003,5.523316338361707,5.523316338361707,4.28260085453587,0.0,5.1729161000067645,2.0794415416798357,2.0794415416798357,0.6931471805599453,0.0,1.791759469228055,1.0
101,63.0,139.0,1.0,1.0,1.0986122886681098,0.0,0.0,0.0,6.161965021307211,6.116514763517959,9.577068215765129,0.0,2.8021041809622584,0.0,5.430948353929395,5.267090191202883,1.6094379124341003,1.3862943611198906,5.978610862742856,5.978610862742856,5.880931949102981,0.0,2.469913865201859,1.791759469228055,1.791759469228055,0.6931471805599453,0.0,0.6931471805599453,1.0
1010,59.0,32.0,1.0,0.0,0.0,0.0,0.0,0.0,8.455561223110937,0.0,0.0,0.0,2.8021041809622584,0.0,7.224352222401762,7.224352222401762,1.3862943611198906,1.3862943611198906,7.183310998511063,7.183310998511063,6.6678651402071685,5.878670718739502,5.127783207470254,3.2188758248682006,3.2188758248682006,2.1972245773362196,2.302585092994046,1.3862943611198906,0.0
1013,25.0,150.0,1.0,0.0,0.0,0.0,0.0,0.0,6.096152693919385,0.0,0.0,0.0,2.8021041809622584,0.0,0.0,0.0,0.0,0.0,2.847812143477369,2.847812143477369,2.7269186854065928,0.0,0.0,1.0986122886681098,1.0986122886681098,0.6931471805599453,0.0,0.0,0.0
1021,29.0,8.0,1.0,0.0,0.0,0.0,0.0,0.0,7.83925814595818,0.0,0.0,0.0,2.8021041809622584,0.0,0.012069724087330456,0.012069724087330456,0.6931471805599453,0.6931471805599453,0.0,0.0,0.0,0.0,0.0,0.0,0.0,0.0,0.0,0.0,1.0
1024,65.0,13.0,1.0,0.0,0.0,0.0,0.0,0.0,5.268064323377016,0.0,0.0,0.0,2.8021041809622584,0.0,5.190618802323243,5.190618802323243,1.0986122886681098,1.0986122886681098,4.701453917710946,4.701453917710946,4.683453104382135,0.0,0.0,1.3862943611198906,1.3862943611198906,1.0986122886681098,0.0,0.0,1.0
1028,29.0,39.0,1.0,0.0,0.0,0.0,0.0,0.0,5.732809466533407,0.0,0.0,0.0,2.8021041809622584,0.0,5.9762847359700215,5.9762847359700215,1.0986122886681098,1.0986122886681098,5.941974137824157,5.941974137824157,5.6584861997410245,4.115080460701279,3.488902962081261,1.9459101490553132,1.9459101490553132,0.6931471805599453,1.3862943611198906,0.6931471805599453,0.0
1031,40.0,172.0,1.0,0.0,0.0,0.0,0.0,1.0,5.160570980858838,0.0,0.0,0.0,2.8021041809622584,7.836199288263109,6.370911968674352,6.229924487105464,1.3862943611198906,1.0986122886681098,6.5136539295242875,6.5000555330725565,6.285465896518655,2.7269186854065928,0.0,2.4849066497880004,2.302585092994046,1.3862943611198906,0.6931471805599453,0.0,1.0
1037,59.0,181.0,1.0,0.0,0.0,1.0,1.0,0.0,8.072297753901125,0.0,0.0,0.0,2.8445355598030915,0.0,6.965137001220243,6.683051582703008,2.4849066497880004,2.1972245773362196,6.977759638742304,6.691299138436527,0.0,4.282452914599214,6.1526567039749365,3.258096538021482,2.8903717578961645,0.0,0.6931471805599453,2.5649493574615367,0.0
1039,56.0,46.0,1.0,0.0,0.0,1.0,0.0,0.0,1.134278156038994,0.0,0.0,0.0,2.8021041809622584,0.0,5.93006680284868,5.93006680284868,1.6094379124341003,1.6094379124341003,5.809535770308722,5.809535770308722,4.28260085453587,0.0,5.555448180150383,1.791759469228055,1.791759469228055,0.6931471805599453,0.0,1.3862943611198906,0.0
104,10.0,65.0,1.0,1.0,0.6931471805599453,0.0,0.0,0.0,6.219177642136562,10.63302711994554,0.0,0.0,2.8021041809622584,0.0,6.2717112329564895,6.2706001577318915,1.6094379124341003,1.3862943611198906,6.322758219510194,6.322758219510194,0.0,3.9889840465642745,6.208303264662567,2.3978952727983707,2.3978952727983707,0.0,0.6931471805599453,2.1972245773362196,1.0
1047,41.0,14.0,1.0,1.0,1.0986122886681098,0.0,0.0,0.0,2.454355390938565,8.097760452830158,9.006188632641559,0.0,2.8021041809622584,0.0,1.6087233714962317,0.012775191488722826,1.0986122886681098,0.6931471805599453,5.139154144897234,5.139154144897234,0.0,0.0,5.123751371769844,1.6094379124341003,1.6094379124341003,0.0,0.0,1.3862943611198906,0.0
1049,39.0,197.0,1.0,0.0,0.0,0.0,0.0,0.0,5.799277702273188,0.0,0.0,0.0,2.8021041809622584,0.0,0.007826436249464021,0.007826436249464021,0.6931471805599453,0.6931471805599453,5.250795148195457,5.250795148195457,0.0,0.0,0.0,1.3862943611198906,1.3862943611198906,0.0,0.0,0.0,1.0
105,49.0,150.0,1.0,0.0,0.0,0.0,0.0,0.0,6.509209746723097,0.0,0.0,0.0,2.8021041809622584,0.0,6.954124828752155,6.954124828752155,1.6094379124341003,1.6094379124341003,6.529016254629426,6.529016254629426,5.718905636230422,5.929045682671958,0.0,2.6390573296152584,2.6390573296152584,1.3862943611198906,1.9459101490553132,0.0,1.0
1050,44.0,151.0,1.0,0.0,1.791759469228055,0.0,0.0,0.0,4.743275477371354,0.0,7.9661936765576495,0.0,2.8021041809622584,0.0,6.011621628384649,6.011621628384649,1.0986122886681098,1.0986122886681098,6.197010595194708,6.197010595194708,5.929589143389895,0.0,4.732365925682583,2.5649493574615367,2.5649493574615367,1.6094379124341003,0.0,1.791759469228055,1.0
1051,34.0,102.0,1.0,0.0,0.0,1.0,1.0,1.0,0.0,0.0,0.0,0.0,5.152705130240833,5.740438087564181,9.279418806469183,7.3679166585872915,2.833213344056216,1.6094379124341003,9.282599569872936,7.108026089306078,5.775881627762223,2.0927455073061987,5.455931429688516,3.4011973816621555,2.8903717578961645,0.6931471805599453,0.6931471805599453,2.302585092994046,1.0
1054,10.0,20.0,1.0,0.0,0.0,0.0,0.0,0.0,7.002177727207019,0.0,0.0,0.0,2.8021041809622584,0.0,7.388517125170854,7.388517125170854,1.0986122886681098,1.0986122886681098,7.546744728223515,7.546744728223515,5.190573059534934,5.019130063540586,7.346931444432613,3.091042453358316,3.091042453358316,0.6931471805599453,2.3978952727983707,2.1972245773362196,1.0
1057,51.0,34.0,1.0,1.0,1.6094379124341003,0.0,0.0,0.0,7.303675214625578,5.453510869792836,7.102440565098833,0.0,2.8021041809622584,0.0,1.5654860249049176,1.552111417242382,1.3862943611198906,1.0986122886681098,0.0,0.0,0.0,0.0,0.0,0.0,0.0,0.0,0.0,0.0,0.0
1063,5.0,230.0,1.0,0.0,0.0,1.0,0.0,1.0,5.677258811715843,0.0,0.0,0.0,2.8021041809622584,8.322955663449061,6.268573961172407,5.726383470446136,2.0794415416798357,1.3862943611198906,5.682690158926444,5.6558269620682085,0.0,0.0,0.0,2.0794415416798357,1.791759469228055,0.0,0.0,0.0,1.0
1064,39.0,98.0,1.0,0.0,0.6931471805599453,0.0,1.0,0.0,3.2131164141141557,0.0,10.861589005978816,0.0,2.8021041809622584,0.0,7.181710351506978,6.975015650557441,2.4849066497880004,1.791759469228055,7.104665731766563,7.022351655327169,3.999510459551262,4.673829668573805,6.7116534952082,3.044522437723423,2.70805020110221,1.0986122886681098,1.9459101490553132,2.0794415416798357,1.0
1069,58.0,142.0,1.0,0.0,0.0,0.0,0.0,0.0,9.404160241691537,0.0,0.0,0.0,2.8021041809622584,0.0,6.5899374616989626,6.5899374616989626,1.0986122886681098,1.0986122886681098,7.8283652409662325,7.8283652409662325,7.265129978035143,0.0,6.9849808353955645,2.3978952727983707,2.3978952727983707,1.0986122886681098,0.0,1.791759469228055,1.0
1071,54.0,8.0,1.0,0.0,0.0,1.0,1.0,2.0,3.996239408686583,0.0,0.0,0.0,3.1636952856767544,8.59694695625091,8.775663786480784,8.491459839229956,3.4965075614664802,3.2188758248682006,8.803506291538563,8.491459839229956,0.0,4.95758607300644,8.021115424284803,3.912023005428146,3.4011973816621555,0.0,1.3862943611198906,2.995732273553991,0.0
1072,50.0,103.0,2.0,2.0,0.0,0.0,0.0,0.0,7.641372735073608,8.583840380606956,0.0,0.0,2.8021041809622584,0.0,5.9987149847593635,5.996724794857023,1.3862943611198906,1.0986122886681098,5.731933675503398,5.731933675503398,0.0,4.71280988804049,5.276038891153522,2.1972245773362196,2.1972245773362196,0.0,1.6094379124341003,1.3862943611198906,1.0
1073,4.0,9.0,1.0,0.0,1.3862943611198906,0.0,1.0,0.0,0.0,0.0,8.036633932732531,0.0,2.9010879434511154,0.0,7.4269263396584355,7.426498475879227,2.0794415416798357,1.791759469228055,7.425117563583422,7.271820596709909,0.0,7.008431232047604,6.340737161279952,3.5553480614894135,3.4657359027997265,0.0,2.8903717578961645,2.70805020110221,0.0
1074,21.0,49.0,1.0,0.0,0.0,0.0,0.0,0.0,7.105894819226501,0.0,0.0,0.0,2.8021041809622584,0.0,3.1103356562929947,3.1103356562929947,0.6931471805599453,0.6931471805599453,3.1039458581942236,3.1039458581942236,0.0,0.0,2.9387839216830955,1.0986122886681098,1.0986122886681098,0.0,0.0,0.6931471805599453,1.0
1076,22.0,61.0,1.0,1.0,0.0,0.0,0.0,0.0,4.968820743663249,10.947367431814175,0.0,0.0,2.8021041809622584,0.0,6.229405925655043,6.226273365286653,1.9459101490553132,1.791759469228055,6.52276746548895,6.52276746548895,6.349887961580832,0.0,4.689659038849141,1.791759469228055,1.791759469228055,0.6931471805599453,0.0,1.3862943611198906,0.0
1077,26.0,25.0,2.0,1.0,1.3862943611198906,0.0,0.0,0.0,6.8850227709168665,7.578983265326195,0.0,0.0,2.8021041809622584,0.0,11.408959638978875,11.137046622318724,2.1972245773362196,1.9459101490553132,11.694475923949424,11.204754011460876,5.371966049571182,6.484695757249802,11.188299730629364,4.02535169073515,4.007333185232471,1.3862943611198906,3.2188758248682006,3.091042453358316,1.0
1080,48.0,122.0,1.0,0.0,0.0,0.0,0.0,0.0,8.299170079675829,0.0,0.0,0.0,2.8021041809622584,0.0,0.0,0.0,0.0,0.0,0.6386532809738348,0.6386532809738348,0.0,0.0,0.0,0.6931471805599453,0.6931471805599453,0.0,0.0,0.0,0.0
1082,1.0,150.0,1.0,0.0,0.0,0.0,0.0,0.0,7.910632404696232,0.0,0.0,0.0,2.8021041809622584,0.0,7.728161723426575,7.728161723426575,2.302585092994046,2.302585092994046,7.5734635391196194,7.5734635391196194,6.33747659387846,4.595841090699573,7.150449324969432,3.4339872044851463,3.4339872044851463,2.0794415416798357,1.9459101490553132,2.3978952727983707,1.0
1086,45.0,11.0,1.0,0.0,0.0,0.0,0.0,0.0,7.806603339529287,0.0,0.0,0.0,2.8021041809622584,0.0,5.967157217429474,5.967157217429474,1.0986122886681098,1.0986122886681098,5.981143611875208,5.981143611875208,5.880931949102981,3.6051095710484775,0.0,1.6094379124341003,1.6094379124341003,0.6931471805599453,1.0986122886681098,0.0,0.0
1088,41.0,10.0,1.0,0.0,0.0,0.0,0.0,0.0,7.658976267772778,0.0,0.0,0.0,2.8021041809622584,0.0,7.452275868800754,7.452275868800754,1.6094379124341003,1.6094379124341003,6.227895147605913,6.227895147605913,3.6031659358399066,4.28040910529489,5.982198535626322,2.1972245773362196,2.1972245773362196,0.6931471805599453,1.0986122886681098,1.6094379124341003,1.0
1089,44.0,110.0,1.0,0.0,0.0,0.0,0.0,0.0,8.852034149245807,0.0,0.0,0.0,2.8021041809622584,0.0,6.715778113614422,6.715778113614422,1.0986122886681098,1.0986122886681098,7.338841256289759,7.338841256289759,6.285465896518655,0.0,6.9069327979802075,2.70805020110221,2.70805020110221,0.6931471805599453,0.0,2.5649493574615367,1.0
109,64.0,151.0,1.0,0.0,0.0,0.0,0.0,0.0,7.016177816149244,0.0,0.0,0.0,2.8021041809622584,0.0,7.451387891322404,7.451387891322404,1.791759469228055,1.791759469228055,7.591290159050214,7.591290159050214,6.380606681184216,6.157209739831417,6.814120979819334,4.110873864173311,4.110873864173311,2.4849066497880004,3.4965075614664802,2.3978952727983707,1.0
1090,31.0,33.0,1.0,0.0,0.0,1.0,0.0,0.0,5.251134035730166,0.0,0.0,0.0,2.8021041809622584,0.0,6.682289390271573,6.682289390271573,1.6094379124341003,1.6094379124341003,6.64592658535669,6.64592658535669,5.190573059534934,0.0,6.376058600211446,2.772588722239781,2.772588722239781,0.6931471805599453,0.0,2.6390573296152584,0.0
1092,31.0,115.0,1.0,0.0,0.0,0.0,0.0,0.0,0.12914679430669854,0.0,0.0,0.0,2.8021041809622584,0.0,0.001070855001492987,0.001070855001492987,0.6931471805599453,0.6931471805599453,0.0,0.0,0.0,0.0,0.0,0.0,0.0,0.0,0.0,0.0,0.0
1093,22.0,181.0,1.0,0.0,0.0,0.0,0.0,0.0,9.43903943425094,0.0,0.0,0.0,2.8021041809622584,0.0,8.755226481191192,8.755225073732252,1.791759469228055,1.6094379124341003,0.008888947417246025,0.0,0.0,0.0,0.0,0.6931471805599453,0.0,0.0,0.0,0.0,1.0
1095,26.0,144.0,1.0,0.0,2.4849066497880004,0.0,0.0,0.0,7.074398317639006,0.0,8.786002411696954,0.0,2.8021041809622584,0.0,8.853248198152023,8.853248198152023,1.9459101490553132,1.9459101490553132,7.320543507470083,7.320543507470083,6.2166061010848646,4.689609806464068,6.803782688599159,2.772588722239781,2.772588722239781,0.6931471805599453,1.0986122886681098,2.4849066497880004,0.0
1096,39.0,266.0,1.0,0.0,1.6094379124341003,0.0,0.0,0.0,5.8348671264501375,0.0,0.0,0.0,2.8021041809622584,0.0,6.572692049244345,6.572692049244345,1.0986122886681098,1.0986122886681098,6.22749611852437,6.22749611852437,0.0,0.0,0.0,1.3862943611198906,1.3862943611198906,0.0,0.0,0.0,0.0
1097,37.0,169.0,1.0,1.0,1.0986122886681098,0.0,0.0,0.0,6.819729751552112,8.255951703541998,9.567085313465029,0.0,2.8021041809622584,0.0,7.445706024770346,7.434977315307873,1.6094379124341003,1.3862943611198906,6.685071443411022,6.685071443411022,5.190573059534934,4.488355431396257,6.28006137961061,2.302585092994046,2.302585092994046,0.6931471805599453,1.9459101490553132,1.0986122886681098,1.0
1098,64.0,118.0,2.0,0.0,1.0986122886681098,1.0,1.0,1.0,4.970943612912083,0.0,0.0,6.087581219791297,7.782984553143206,9.27139159186235,9.222151911713514,8.814914841092218,2.995732273553991,2.5649493574615367,9.066838046653622,8.94409544461001,6.644905182231538,5.545562415011754,8.342048675084744,3.871201010907891,3.4011973816621555,1.0986122886681098,2.5649493574615367,3.2188758248682006,1.0
11,30.0,40.0,1.0,1.0,0.0,0.0,0.0,0.0,6.566535289598265,1.8856075417131828,0.0,0.0,2.8021041809622584,0.0,6.115556212873927,6.11012735438196,1.3862943611198906,1.0986122886681098,6.025607141159187,6.025607141159187,6.020329627504154,0.0,0.0,1.791759469228055,1.791759469228055,1.3862943611198906,0.0,0.0,1.0
110,55.0,76.0,1.0,1.0,0.6931471805599453,0.0,0.0,0.0,4.150572980257914,7.045337207100461,0.0,0.0,2.8021041809622584,0.0,10.403545191225112,9.80893153292436,2.1972245773362196,1.9459101490553132,9.812116034581168,5.9824958771252215,0.0,0.0,5.9824958771252215,2.1972245773362196,2.0794415416798357,0.0,0.0,2.0794415416798357,1.0
1101,24.0,60.0,1.0,1.0,1.0986122886681098,0.0,0.0,0.0,0.8914123877510359,8.586410504380982,9.425462782638277,0.0,2.8021041809622584,0.0,3.240567423237139,0.001070855001492987,1.3862943611198906,0.6931471805599453,0.0,0.0,0.0,0.0,0.0,0.0,0.0,0.0,0.0,0.0,1.0
1102,59.0,8.0,2.0,0.0,0.0,0.0,0.0,0.0,5.259223788169931,0.0,0.0,0.0,2.8021041809622584,0.0,6.851599807405564,6.851599807405564,1.0986122886681098,1.0986122886681098,5.306618530635032,5.306618530635032,3.258096538021482,5.174267413292215,0.0,2.302585092994046,2.302585092994046,0.6931471805599453,2.1972245773362196,0.0,1.0
1105,61.0,152.0,1.0,0.0,0.0,0.0,0.0,0.0,8.91544155948127,0.0,0.0,0.0,2.8021041809622584,0.0,6.151955036783449,6.151955036783449,1.0986122886681098,1.0986122886681098,5.8923345812007915,5.8923345812007915,0.0,0.0,0.0,1.0986122886681098,1.0986122886681098,0.0,0.0,0.0,0.0
1107,13.0,151.0,1.0,1.0,0.0,1.0,0.0,0.0,4.624797727929714,7.657575924464104,0.0,0.0,2.8021041809622584,0.0,0.0021405644991109567,0.0021405644991109567,0.6931471805599453,0.6931471805599453,2.590927661555953,2.590927661555953,0.0,2.431669110691288,0.0,1.0986122886681098,1.0986122886681098,0.0,0.6931471805599453,0.0,0.0
111,34.0,94.0,1.0,0.0,0.0,1.0,0.0,0.0,0.0,0.0,0.0,3.4830077568597213,2.8021041809622584,0.0,7.193575261677524,7.193575261677524,1.6094379124341003,1.6094379124341003,7.544793452864969,7.544793452864969,7.1316985104669115,5.594103122425771,5.9149498349236955,2.772588722239781,2.772588722239781,1.0986122886681098,1.9459101490553132,1.9459101490553132,0.0
1110,42.0,155.0,1.0,0.0,0.0,1.0,0.0,0.0,3.23394739036465,0.0,0.0,4.013405619716749,2.8021041809622584,0.0,7.150949326030271,7.150949326030271,1.0986122886681098,1.0986122886681098,7.4033983720646575,7.4033983720646575,6.14265165622092,5.661344591958233,6.2622629244615755,3.332204510175204,3.332204510175204,1.6094379124341003,2.1972245773362196,2.5649493574615367,0.0
1112,45.0,134.0,1.0,2.0,0.0,0.0,0.0,0.0,3.7627354812668754,10.259227171694983,0.0,0.0,2.8021041809622584,0.0,6.660337331184436,6.660337331184436,1.0986122886681098,1.0986122886681098,5.979590760456311,5.979590760456311,0.0,0.0,0.0,1.3862943611198906,1.3862943611198906,0.0,0.0,0.0,0.0
1114,33.0,13.0,1.0,0.0,0.0,1.0,0.0,1.0,8.319532967869305,0.0,0.0,0.0,2.8021041809622584,8.552307752336741,6.5072014834668686,6.41837076206699,1.3862943611198906,1.0986122886681098,6.571682962382251,6.565566735364815,6.062788033933216,0.0,5.341821475267822,2.1972245773362196,1.9459101490553132,1.0986122886681098,0.0,1.0986122886681098,1.0
1119,22.0,177.0,1.0,0.0,2.0794415416798357,1.0,0.0,0.0,8.11785591261012,0.0,0.0,0.0,2.8021041809622584,0.0,7.894669552078375,7.653214984337808,3.091042453358316,2.9444389791664403,7.995214892842619,7.761698459219752,3.999510459551262,6.427443849284303,7.001781518004029,4.204692619390966,3.970291913552122,0.6931471805599453,3.4965075614664802,2.772588722239781,0.0
1120,37.0,178.0,1.0,0.0,0.0,0.0,0.0,0.0,9.277045996373324,0.0,0.0,0.0,2.8021041809622584,0.0,3.6031659358399066,3.6031659358399066,0.6931471805599453,0.6931471805599453,3.573468602602609,3.573468602602609,2.46080909820894,3.21589997283806,0.0,1.0986122886681098,1.0986122886681098,0.6931471805599453,0.6931471805599453,0.0,1.0
1122,19.0,142.0,1.0,0.0,0.0,0.0,0.0,0.0,8.229062923301688,0.0,0.0,0.0,2.8021041809622584,0.0,6.6225035841020645,6.6225035841020645,2.1972245773362196,2.1972245773362196,6.458414970955048,6.458414970955048,4.376655090871971,5.7169536855092185,5.547128664610824,2.995732273553991,2.995732273553991,1.3862943611198906,2.6390573296152584,1.3862943611198906,0.0
1123,36.0,192.0,1.0,0.0,0.0,1.0,0.0,0.0,5.000717224627445,0.0,0.0,0.0,2.8021041809622584,0.0,6.35246138818011,6.065208613770418,2.1972245773362196,1.9459101490553132,6.220753462645797,6.065208613770418,0.0,0.0,3.6031659358399066,2.4849066497880004,1.9459101490553132,0.0,0.0,0.6931471805599453,0.0
1124,55.0,152.0,1.0,0.0,0.0,0.0,0.0,0.0,8.427516733784417,0.0,0.0,0.0,2.8021041809622584,0.0,5.974389233024035,5.974389233024035,1.3862943611198906,1.3862943611198906,6.543603473254182,6.543603473254182,6.285465896518655,0.0,5.069353337642109,1.9459101490553132,1.9459101490553132,1.0986122886681098,0.0,1.6094379124341003,1.0
1126,46.0,117.0,1.0,0.0,0.0,0.0,0.0,0.0,7.585991484298288,0.0,0.0,0.0,2.8021041809622584,0.0,5.649342631060796,5.649342631060796,1.0986122886681098,1.0986122886681098,3.720516539057119,3.720516539057119,0.0,0.0,3.6959969218828004,1.0986122886681098,1.0986122886681098,0.0,0.0,0.6931471805599453,1.0
1127,70.0,191.0,1.0,0.0,0.0,1.0,0.0,0.0,7.406963538881504,0.0,0.0,0.0,2.8021041809622584,0.0,4.987483636481829,4.987483636481829,1.3862943611198906,1.3862943611198906,4.795170518709047,4.795170518709047,2.46080909820894,2.678817536148309,4.566577846795106,1.9459101490553132,1.9459101490553132,0.6931471805599453,1.0986122886681098,0.6931471805599453,1.0
1129,42.0,45.0,1.0,0.0,0.0,0.0,0.0,0.0,10.340801557063875,0.0,0.0,0.0,2.8021041809622584,0.0,5.3371963317516995,5.3371963317516995,1.3862943611198906,1.3862943611198906,4.752416473012041,4.752416473012041,0.0,4.480250584803953,3.227410727318038,3.2188758248682006,3.2188758248682006,0.0,3.1354942159291497,0.6931471805599453,0.0
1132,93.0,94.0,1.0,0.0,1.6094379124341003,1.0,0.0,0.0,0.0,0.0,9.83770845267508,0.0,2.8021041809622584,0.0,7.519339266158646,7.519339266158646,1.3862943611198906,1.3862943611198906,7.9121427034397325,7.9121427034397325,7.1316985104669115,6.263028126072342,6.8608882643745535,3.8501476017100584,3.8501476017100584,2.1972245773362196,2.9444389791664403,2.833213344056216,1.0
1133,44.0,89.0,1.0,1.0,0.6931471805599453,1.0,0.0,0.0,1.0156188031571793,3.605827759691205,10.494137030358619,0.0,2.8021041809622584,0.0,8.011699399566712,0.003209130940948376,1.791759469228055,0.6931471805599453,4.874433672915854,4.874433672915854,0.0,4.874433672915854,0.0,1.3862943611198906,1.3862943611198906,0.0,1.3862943611198906,0.0,0.0
1134,35.0,96.0,1.0,0.0,0.0,1.0,0.0,1.0,7.838336837392825,0.0,0.0,0.0,2.8021041809622584,8.35472552110889,7.952864439894807,7.712084390689784,3.4657359027997265,3.367295829986474,8.024628040050043,7.704063236118384,5.900679826235874,5.261542231956809,6.52508202346021,4.204692619390966,3.713572066704308,1.9459101490553132,2.5649493574615367,2.4849066497880004,0.0
1136,69.0,152.0,1.0,0.0,0.0,0.0,0.0,0.0,9.452723366818278,0.0,0.0,0.0,2.8021041809622584,0.0,7.060724649092845,7.060724649092845,1.791759469228055,1.791759469228055,7.01779411990509,7.01779411990509,5.553513141536915,3.858471524157004,6.699280400424279,2.9444389791664403,2.9444389791664403,1.791759469228055,1.6094379124341003,1.791759469228055,0.0
1138,54.0,150.0,1.0,0.0,0.0,1.0,0.0,0.0,6.048823337696565,0.0,0.0,0.0,2.8021041809622584,0.0,5.64595787257558,5.64595787257558,1.0986122886681098,1.0986122886681098,5.857729052023316,5.857729052023316,5.371966049571182,0.0,4.8914226656302775,2.0794415416798357,2.0794415416798357,1.0986122886681098,0.0,1.6094379124341003,0.0
1145,61.0,45.0,1.0,0.0,0.0,0.0,0.0,0.0,5.786007414911871,0.0,0.0,0.0,2.8021041809622584,0.0,4.891543366500141,4.891543366500141,1.3862943611198906,1.3862943611198906,1.4799798451972135,1.4799798451972135,0.0,0.0,0.0,0.6931471805599453,0.6931471805599453,0.0,0.0,0.0,1.0
1146,57.0,11.0,1.0,0.0,0.0,1.0,0.0,0.0,5.6619443390394055,0.0,0.0,0.0,2.8021041809622584,0.0,6.068078305726295,6.068078305726295,1.0986122886681098,1.0986122886681098,6.067846717026788,6.067846717026788,6.062788033933216,0.0,0.0,1.0986122886681098,1.0986122886681098,0.6931471805599453,0.0,0.0,0.0
1147,38.0,164.0,1.0,0.0,0.0,0.0,0.0,0.0,3.3391573240651473,0.0,0.0,0.0,2.8021041809622584,0.0,6.514449693328745,6.514449693328745,1.9459101490553132,1.9459101490553132,6.476036760515081,6.476036760515081,2.46080909820894,0.0,6.453567629418074,2.8903717578961645,2.8903717578961645,0.6931471805599453,0.0,2.772588722239781,0.0
1148,70.0,152.0,1.0,1.0,0.0,0.0,1.0,0.0,4.441486713126617,6.346354148270325,0.0,0.0,6.714882828175914,0.0,8.916344360880341,8.914321597975686,1.6094379124341003,1.3862943611198906,7.205953293161893,7.205953293161893,0.0,0.0,7.192611935130397,1.6094379124341003,1.6094379124341003,0.0,0.0,1.3862943611198906,0.0
115,57.0,144.0,1.0,0.0,0.0,0.0,0.0,0.0,6.032841244894787,0.0,0.0,0.0,2.8021041809622584,0.0,8.92213444805246,8.92213444805246,1.6094379124341003,1.6094379124341003,8.320071421221217,8.320071421221217,6.2166061010848646,2.561922804043821,0.0,1.9459101490553132,1.9459101490553132,1.0986122886681098,0.6931471805599453,0.0,0.0
1150,31.0,23.0,1.0,0.0,0.0,1.0,0.0,0.0,2.011707443931225,0.0,0.0,0.0,2.8021041809622584,0.0,5.925582266386911,5.498236156023094,2.0794415416798357,1.791759469228055,5.8930835858481,5.498236156023094,0.0,0.0,0.0,2.302585092994046,1.791759469228055,0.0,0.0,0.0,0.0
1153,40.0,46.0,1.0,0.0,0.6931471805599453,0.0,0.0,0.0,5.201430766274205,0.0,2.930050241714341,0.0,2.8021041809622584,0.0,5.398329138862152,5.398329138862152,1.3862943611198906,1.3862943611198906,5.373557350795455,5.373557350795455,0.0,2.2460147415056513,5.321964136268111,1.9459101490553132,1.9459101490553132,0.0,0.6931471805599453,1.6094379124341003,1.0
1156,82.0,25.0,1.0,0.0,0.0,0.0,0.0,0.0,3.8751959965061786,0.0,0.0,0.0,2.8021041809622584,0.0,7.012827717435424,7.012827717435424,1.0986122886681098,1.0986122886681098,6.074689000841658,6.074689000841658,5.6584861997410245,0.0,5.003946305945459,1.9459101490553132,1.9459101490553132,1.0986122886681098,0.0,1.6094379124341003,1.0
1162,30.0,9.0,1.0,0.0,0.0,0.0,0.0,0.0,4.284989518143765,0.0,0.0,0.0,2.8021041809622584,0.0,6.374539182334154,6.374539182334154,1.791759469228055,1.791759469228055,5.930111423391321,5.930111423391321,5.436214216682199,3.9180760771412233,4.549355406881695,3.1780538303479458,3.1780538303479458,2.1972245773362196,2.302585092994046,1.3862943611198906,0.0
117,43.0,153.0,4.0,0.0,0.0,1.0,0.0,0.0,0.0,0.0,0.0,0.0,2.8021041809622584,0.0,6.999797462360656,6.999797462360656,2.1972245773362196,2.1972245773362196,7.117522623540248,7.117522623540248,0.0,6.259659308617585,6.5603641476011365,3.4657359027997265,3.4657359027997265,0.0,2.995732273553991,2.4849066497880004,0.0
1172,11.0,49.0,1.0,1.0,0.6931471805599453,0.0,0.0,0.0,7.685354388341563,4.417389469345793,9.928090352731118,0.0,2.8021041809622584,0.0,5.846152813447928,5.826743615149393,1.6094379124341003,1.0986122886681098,5.992089351876824,5.992089351876824,0.0,3.7636887109223274,5.880931949102981,1.3862943611198906,1.3862943611198906,0.0,0.6931471805599453,1.0986122886681098,0.0
1173,35.0,65.0,1.0,0.0,0.0,0.0,0.0,0.0,7.825115866927568,0.0,0.0,0.0,2.8021041809622584,0.0,6.326022324770527,6.326022324770527,1.6094379124341003,1.6094379124341003,6.333469917062278,6.333469917062278,6.324614945999757,0.0,0.0,1.9459101490553132,1.9459101490553132,1.3862943611198906,0.0,0.0,0.0
1174,59.0,35.0,1.0,0.0,0.0,0.0,0.0,0.0,0.9251088803250364,0.0,0.0,0.0,2.8021041809622584,0.0,7.657689643770559,7.657689643770559,1.791759469228055,1.791759469228055,7.716365345413885,7.716365345413885,0.0,0.0,7.714358687735554,2.5649493574615367,2.5649493574615367,0.0,0.0,2.3978952727983707,0.0
1176,14.0,19.0,1.0,0.0,0.0,0.0,0.0,0.0,9.14056366020342,0.0,0.0,0.0,2.8021041809622584,0.0,4.443915163305837,4.443915163305837,1.0986122886681098,1.0986122886681098,4.900767280418234,4.900767280418234,0.0,0.0,0.0,1.6094379124341003,1.6094379124341003,0.0,0.0,0.0,1.0
1181,66.0,32.0,1.0,0.0,2.1972245773362196,0.0,0.0,0.0,7.193306332424963,0.0,0.0,0.0,2.8021041809622584,0.0,4.097411283592885,4.097411283592885,1.0986122886681098,1.0986122886681098,2.4546928711915035,2.4546928711915035,0.0,2.4546928711915035,0.0,0.6931471805599453,0.6931471805599453,0.0,0.6931471805599453,0.0,0.0
1183,58.0,235.0,1.0,1.0,1.791759469228055,0.0,0.0,0.0,6.436901002324173,4.446835766514502,5.345185616996694,0.0,2.8021041809622584,0.0,6.234637590738859,6.185878616485194,1.9459101490553132,1.3862943611198906,5.014409116642813,5.014409116642813,0.0,0.0,4.8989053301529495,1.9459101490553132,1.9459101490553132,0.0,0.0,1.3862943611198906,1.0
1185,33.0,84.0,2.0,0.0,0.0,0.0,0.0,0.0,0.0,0.0,0.0,0.0,2.8021041809622584,0.0,6.572719010864479,6.572719010864479,1.0986122886681098,1.0986122886681098,6.181686362137098,6.181686362137098,5.190573059534934,3.3790491484391447,5.613779614652695,2.1972245773362196,2.1972245773362196,0.6931471805599453,0.6931471805599453,1.791759469228055,1.0
1186,45.0,173.0,1.0,0.0,0.0,0.0,0.0,0.0,8.104223746072009,0.0,0.0,0.0,2.8021041809622584,0.0,7.159874938532864,7.159874938532864,1.6094379124341003,1.6094379124341003,7.615400953725794,7.615400953725794,6.54120108329671,7.184890138910894,0.0,3.1780538303479458,3.1780538303479458,1.791759469228055,2.6390573296152584,0.0,0.0
1187,57.0,52.0,1.0,0.0,0.0,0.0,0.0,0.0,2.4655539212721855,0.0,0.0,0.0,2.8021041809622584,0.0,5.932625941022649,5.932625941022649,1.3862943611198906,1.3862943611198906,7.225319783687196,7.225319783687196,4.917893242397641,6.649251908803809,6.138498123597797,3.9889840465642745,3.9889840465642745,1.0986122886681098,3.6888794541139363,2.4849066497880004,1.0
119,25.0,152.0,1.0,1.0,1.3862943611198906,0.0,0.0,0.0,5.277905089167289,8.181472372410083,9.022671041295297,0.0,2.8021041809622584,0.0,5.393598325146205,5.389568996895847,1.3862943611198906,1.0986122886681098,4.510663254921676,4.510663254921676,0.0,4.006358684586893,3.5450915613222245,1.9459101490553132,1.9459101490553132,0.0,1.3862943611198906,1.0986122886681098,0.0
1192,25.0,109.0,1.0,1.0,2.0794415416798357,0.0,0.0,0.0,7.9339196271376675,9.26556543396831,9.32120428753844,0.0,2.8021041809622584,0.0,8.3062255688529,8.302933631754781,2.302585092994046,1.9459101490553132,8.31009047382592,8.31009047382592,7.698288405530252,4.276204703056273,7.48865299167039,3.258096538021482,3.258096538021482,1.791759469228055,1.9459101490553132,2.5649493574615367,1.0
1194,32.0,149.0,1.0,0.0,0.0,0.0,0.0,0.0,1.7352521039142164,0.0,0.0,0.0,2.8021041809622584,0.0,5.085837735127563,5.085837735127563,1.0986122886681098,1.0986122886681098,4.968820743663249,4.968820743663249,4.968820743663249,0.0,0.0,0.6931471805599453,0.6931471805599453,0.6931471805599453,0.0,0.0,0.0
12,45.0,155.0,1.0,0.0,0.0,0.0,0.0,0.0,6.981447093125554,0.0,0.0,0.0,2.8021041809622584,0.0,6.148041617601812,6.148041617601812,1.3862943611198906,1.3862943611198906,6.648013964429098,6.648013964429098,5.6584861997410245,5.977893410112129,4.483406021859986,2.995732273553991,2.995732273553991,0.6931471805599453,2.6390573296152584,1.6094379124341003,1.0
1200,50.0,81.0,1.0,1.0,1.0986122886681098,1.0,1.0,0.0,7.6680457883456326,8.83088135145141,11.176467228251017,0.0,2.9357926849058913,0.0,7.871827094646752,7.535326257342553,3.5263605246161616,3.1780538303479458,8.021057708655324,7.535326257342553,5.975988261968483,5.756030372788389,3.989645203613152,3.9512437185814275,3.367295829986474,1.9459101490553132,2.302585092994046,1.791759469228055,0.0
1201,61.0,132.0,2.0,0.0,0.0,1.0,0.0,0.0,4.757584665614115,0.0,0.0,0.0,2.8021041809622584,0.0,6.863098933797396,6.863098933797396,1.791759469228055,1.791759469228055,6.8630149033379855,6.8630149033379855,5.085831109707815,5.7766655472668225,5.582824762184707,3.1354942159291497,3.1354942159291497,0.6931471805599453,2.5649493574615367,1.9459101490553132,0.0
1204,27.0,65.0,1.0,0.0,0.0,0.0,0.0,0.0,4.9993576541865945,0.0,0.0,0.0,2.8021041809622584,0.0,7.768716612423061,7.768716612423061,2.302585092994046,2.302585092994046,7.9117869668765,7.9117869668765,6.386638790197324,6.223615268939307,6.98120487118603,3.9512437185814275,3.9512437185814275,2.3978952727983707,2.9444389791664403,2.772588722239781,0.0
1207,31.0,71.0,1.0,1.0,1.0986122886681098,0.0,1.0,0.0,7.206980384267894,8.55530814234084,7.27665173506438,0.0,5.814092151557636,0.0,9.893844727433935,9.224925595735828,2.5649493574615367,1.3862943611198906,9.42187887300098,9.379650412802862,6.703538621481395,6.400753288186612,6.946117106915566,3.970291913552122,3.4965075614664802,1.6094379124341003,2.995732273553991,3.044522437723423,0.0
121,25.0,31.0,1.0,1.0,0.6931471805599453,1.0,1.0,0.0,3.6589723769460054,6.296026123649088,5.800932951416842,4.596540197385056,2.9357926849058913,0.0,7.967263095359782,7.825431764541701,2.302585092994046,1.791759469228055,7.8323738097086855,7.046180925184426,4.28260085453587,7.225075380772696,6.590497261284728,3.828641396489095,2.995732273553991,0.6931471805599453,3.295836866004329,2.8903717578961645,0.0
1210,17.0,171.0,1.0,1.0,0.0,0.0,0.0,0.0,7.878544342192787,4.221438612882618,0.0,0.0,2.8021041809622584,0.0,7.56649751764,7.471654126407022,1.9459101490553132,1.6094379124341003,6.794363791703131,6.794363791703131,0.0,6.268651785580956,5.098122748219372,2.4849066497880004,2.4849066497880004,0.0,2.0794415416798357,0.6931471805599453,0.0
1211,6.0,61.0,1.0,0.0,0.0,1.0,1.0,0.0,5.5295367914617115,0.0,0.0,0.0,2.9357926849058913,0.0,7.6837377478466165,7.256435852928466,3.295836866004329,3.044522437723423,7.7044263789748015,7.246235701928374,5.190573059534934,4.647065889590675,6.094209681349801,3.828641396489095,2.9444389791664403,1.791759469228055,1.6094379124341003,1.9459101490553132,1.0
1218,36.0,49.0,1.0,1.0,0.0,0.0,0.0,0.0,4.02220260491201,7.368745417420854,0.0,0.0,2.8021041809622584,0.0,5.528034975599272,5.4923792589125915,1.3862943611198906,1.0986122886681098,8.077613343884869,1.9809522065694727,0.0,0.0,8.075671501863283,1.791759469228055,1.0986122886681098,0.0,0.0,1.3862943611198906,0.0
1222,21.0,39.0,1.0,0.0,0.0,0.0,0.0,0.0,9.988371407538319,0.0,0.0,0.0,2.8021041809622584,0.0,6.008052980800338,6.008052980800338,1.791759469228055,1.791759469228055,6.085409347153509,6.085409347153509,4.28260085453587,5.637744417077216,4.439701532176669,2.772588722239781,2.772588722239781,0.6931471805599453,2.0794415416798357,1.9459101490553132,0.0
1225,45.0,220.0,1.0,0.0,0.0,0.0,0.0,0.0,8.229547118316471,0.0,0.0,0.0,2.8021041809622584,0.0,7.145981934783115,7.145981934783115,2.0794415416798357,2.0794415416798357,7.252570928655916,7.252570928655916,5.753479257201423,6.313447109506132,6.2429171602853595,3.8918202981106265,3.8918202981106265,2.3978952727983707,3.2188758248682006,1.6094379124341003,1.0
1226,82.0,211.0,1.0,0.0,1.6094379124341003,1.0,1.0,0.0,3.6031659358399066,0.0,9.654399508816722,0.0,2.8711808482245074,0.0,7.664458243487318,7.422318623046187,2.833213344056216,2.1972245773362196,7.7151925766580245,7.4263160520528935,5.371966049571182,5.811363380564968,6.9144825997315635,4.356708826689592,3.1354942159291497,1.9459101490553132,3.871201010907891,2.3978952727983707,0.0
1227,39.0,122.0,1.0,2.0,0.0,0.0,0.0,0.0,4.679750750534067,10.489793776888622,0.0,0.0,2.8021041809622584,0.0,6.855475407862204,6.83472979764684,1.3862943611198906,1.0986122886681098,7.492362290966876,7.492362290966876,7.265129978035143,3.938804028105788,5.698291234881917,2.6390573296152584,2.6390573296152584,1.0986122886681098,0.6931471805599453,2.1972245773362196,0.0
1228,19.0,7.0,1.0,0.0,0.0,0.0,0.0,0.0,6.927452508567311,0.0,0.0,0.0,2.8021041809622584,0.0,6.334621660476982,6.334621660476982,1.0986122886681098,1.0986122886681098,6.4529380363287645,6.4529380363287645,4.917893242397641,5.516848870130308,5.5254529391317835,2.9444389791664403,2.9444389791664403,1.0986122886681098,2.772588722239781,0.6931471805599453,0.0
1229,64.0,175.0,1.0,0.0,0.0,0.0,0.0,0.0,5.783873532809186,0.0,0.0,0.0,2.8021041809622584,0.0,7.253118991462406,7.253118991462406,2.0794415416798357,2.0794415416798357,7.275055078706185,7.275055078706185,6.349887961580832,6.582235840872473,5.018934096910951,3.871201010907891,3.871201010907891,1.0986122886681098,3.6888794541139363,1.9459101490553132,0.0
1234,52.0,114.0,1.0,0.0,0.0,0.0,0.0,0.0,0.019102101873486436,0.0,0.0,0.0,2.8021041809622584,0.0,2.0971849774665534,2.0971849774665534,1.0986122886681098,1.0986122886681098,3.1103356562929947,3.1103356562929947,3.1103356562929947,0.0,0.0,1.0986122886681098,1.0986122886681098,1.0986122886681098,0.0,0.0,0.0
1237,43.0,134.0,1.0,1.0,0.0,0.0,0.0,1.0,6.936810487035031,6.59228837748655,0.0,0.0,2.8021041809622584,9.216391597752164,7.035724669812403,6.739591032863171,2.1972245773362196,1.791759469228055,6.754275207580109,6.699108813841929,4.5417738694292975,1.786387925426144,6.326788165135679,3.1354942159291497,2.995732273553991,1.6094379124341003,1.0986122886681098,2.302585092994046,0.0
124,68.0,47.0,1.0,0.0,0.0,1.0,0.0,0.0,4.799873109670451,0.0,0.0,0.0,2.8021041809622584,0.0,6.459307920573362,6.459307920573362,1.791759469228055,1.791759469228055,6.126584521018833,6.126584521018833,0.0,0.0,5.810301247846147,2.1972245773362196,2.1972245773362196,0.0,0.0,1.791759469228055,1.0
1240,47.0,150.0,1.0,0.0,0.0,1.0,0.0,2.0,1.9232053553615562,0.0,0.0,0.0,2.8021041809622584,5.277113794100584,8.578836185272102,8.10802466267508,3.4339872044851463,3.2188758248682006,8.482140534122868,8.10802466267508,5.929589143389895,2.7269186854065928,6.759420984476319,3.871201010907891,3.295836866004329,2.0794415416798357,0.6931471805599453,2.302585092994046,1.0
1241,2.0,170.0,1.0,0.0,0.0,1.0,0.0,0.0,10.040649160448448,0.0,0.0,0.0,2.8021041809622584,0.0,5.234418640697805,5.20542444139963,1.791759469228055,1.3862943611198906,5.220058483579425,5.20542444139963,0.0,0.0,0.0,2.0794415416798357,1.791759469228055,0.0,0.0,0.0,0.0
1242,23.0,63.0,1.0,0.0,1.0986122886681098,1.0,0.0,0.0,5.644205592459343,0.0,9.428477181880751,3.377404661666007,2.8021041809622584,0.0,8.232497607346193,8.14046182267134,1.791759469228055,1.6094379124341003,8.210023996177208,8.210023996177208,6.343629335568829,6.505826766882308,7.651736452038095,3.5263605246161616,3.5263605246161616,1.9459101490553132,2.5649493574615367,2.5649493574615367,0.0
1243,78.0,51.0,2.0,0.0,1.3862943611198906,0.0,0.0,0.0,0.8291754533830551,0.0,9.076441564924469,0.0,2.8021041809622584,0.0,7.10167920766975,7.10167920766975,1.0986122886681098,1.0986122886681098,7.141838770334681,7.141838770334681,5.880931949102981,0.0,6.76124202628409,2.8903717578961645,2.8903717578961645,1.3862943611198906,0.0,2.302585092994046,1.0
1248,28.0,33.0,2.0,0.0,0.6931471805599453,0.0,0.0,0.0,2.618594280206763,0.0,9.251851694569526,0.0,2.8021041809622584,0.0,6.011767749375714,6.011767749375714,1.0986122886681098,1.0986122886681098,3.4829967871963254,3.4829967871963254,0.0,3.4829967871963254,0.0,1.0986122886681098,1.0986122886681098,0.0,1.0986122886681098,0.0,0.0
1249,66.0,71.0,1.0,0.0,0.0,0.0,0.0,0.0,8.89474538112027,0.0,0.0,0.0,2.8021041809622584,0.0,5.944675192483511,5.944675192483511,1.6094379124341003,1.6094379124341003,5.839602912084195,5.839602912084195,4.8914226656302775,2.381528295334165,5.281389175527349,2.833213344056216,2.833213344056216,2.302585092994046,0.6931471805599453,1.6094379124341003,1.0
125,38.0,175.0,1.0,0.0,0.0,1.0,1.0,0.0,0.0,0.0,0.0,0.0,4.825108606353353,0.0,7.470271753813834,6.79547044866889,2.6390573296152584,1.9459101490553132,7.635829972834349,7.4762418093650505,5.975988261968483,5.707572900953071,6.259479027788734,3.367295829986474,2.8903717578961645,0.6931471805599453,2.1972245773362196,2.6390573296152584,1.0
1250,40.0,15.0,1.0,0.0,0.0,1.0,0.0,0.0,6.717602567152075,0.0,0.0,0.0,2.8021041809622584,0.0,6.567291085091385,6.129424400857873,2.0794415416798357,1.791759469228055,6.503305012890428,6.129424400857873,0.0,0.0,0.0,2.302585092994046,1.791759469228055,0.0,0.0,0.0,0.0
1251,53.0,74.0,1.0,0.0,0.0,1.0,0.0,0.0,6.6974023456949245,0.0,0.0,0.0,2.8021041809622584,0.0,6.369779277770804,6.369779277770804,1.0986122886681098,1.0986122886681098,6.413634585771853,6.413634585771853,6.410409816772839,0.0,0.0,1.0986122886681098,1.0986122886681098,0.6931471805599453,0.0,0.0,1.0
1252,44.0,152.0,1.0,2.0,1.0986122886681098,0.0,0.0,0.0,4.570353190791281,9.447955559347124,0.0,0.0,2.8021041809622584,0.0,4.907027210286356,4.906385272722456,1.6094379124341003,1.3862943611198906,6.282934080921439,6.282934080921439,5.880931949102981,0.0,5.181783550292085,1.3862943611198906,1.3862943611198906,0.6931471805599453,0.0,0.6931471805599453,1.0
1257,23.0,8.0,1.0,0.0,0.0,0.0,0.0,0.0,7.435070695722148,0.0,0.0,0.0,2.8021041809622584,0.0,6.767182007568566,6.767182007568566,1.3862943611198906,1.3862943611198906,5.841631615707894,5.841631615707894,5.303304908059076,4.228552809062452,4.340199671055589,2.9444389791664403,2.9444389791664403,1.9459101490553132,2.302585092994046,1.3862943611198906,0.0
126,33.0,173.0,1.0,0.0,0.0,1.0,0.0,0.0,4.273879501907307,0.0,0.0,0.0,2.8021041809622584,0.0,6.649837720390363,6.649837720390363,2.1972245773362196,2.1972245773362196,6.907826705002667,6.907826705002667,0.0,0.0,6.903460354699257,3.1780538303479458,3.1780538303479458,0.0,0.0,3.1354942159291497,0.0
1260,61.0,171.0,1.0,2.0,0.0,0.0,0.0,0.0,7.941787394851606,8.185269892670863,0.0,0.0,2.8021041809622584,0.0,5.829310046996071,5.816966591690586,1.3862943611198906,1.0986122886681098,6.946709473105893,6.946709473105893,6.754770585794848,3.430802414920097,4.28260085453587,2.4849066497880004,2.4849066497880004,1.6094379124341003,0.6931471805599453,0.6931471805599453,1.0
1262,34.0,67.0,1.0,1.0,0.6931471805599453,0.0,0.0,0.0,1.906256689219467,10.470447104821861,7.208655057833453,0.0,2.8021041809622584,0.0,6.25193209636547,6.251930720130299,1.6094379124341003,1.3862943611198906,6.925482925863016,6.925482925863016,5.190573059534934,4.978898884492652,6.535604049903906,2.6390573296152584,2.6390573296152584,0.6931471805599453,2.0794415416798357,1.6094379124341003,1.0
1263,69.0,103.0,1.0,0.0,0.0,1.0,1.0,1.0,0.0,0.0,0.0,7.100539470551282,2.9357926849058913,8.350934588974475,7.161169168517808,6.992627077037646,2.9444389791664403,2.4849066497880004,7.08101206507971,6.9706180665049295,0.0,3.4890556221838396,6.158037746933798,3.4339872044851463,3.091042453358316,0.0,1.0986122886681098,2.3978952727983707,1.0
1270,38.0,43.0,1.0,0.0,0.0,0.0,0.0,0.0,1.538632174206988,0.0,0.0,0.0,2.8021041809622584,0.0,0.01769957709940092,0.01769957709940092,0.6931471805599453,0.6931471805599453,5.619624166648978,5.619624166648978,5.190573059534934,4.576917673036207,0.0,1.6094379124341003,1.6094379124341003,1.0986122886681098,1.0986122886681098,0.0,0.0
1271,42.0,94.0,2.0,1.0,0.6931471805599453,1.0,0.0,0.0,8.410289660525638,7.596644837289441,0.0,0.0,2.8021041809622584,0.0,6.764707318558506,6.7646920719958334,1.791759469228055,1.6094379124341003,7.0438861026564545,7.0438861026564545,4.836281906951478,5.99807390708854,6.422900196552235,3.4339872044851463,3.4339872044851463,0.6931471805599453,2.772588722239781,2.6390573296152584,1.0
1278,60.0,59.0,1.0,1.0,0.0,1.0,0.0,0.0,8.285264286649099,11.385015454971741,0.0,0.0,2.8021041809622584,0.0,7.246015457099259,7.244268841280045,1.791759469228055,1.6094379124341003,7.347722567876009,7.347722567876009,6.398594934535208,5.585157120063092,6.520778910187156,3.258096538021482,3.258096538021482,1.0986122886681098,1.9459101490553132,2.70805020110221,0.0
128,70.0,6.0,1.0,0.0,0.0,1.0,0.0,0.0,3.474846064685301,0.0,0.0,0.0,2.8021041809622584,0.0,6.4527382166161384,6.4527382166161384,1.3862943611198906,1.3862943611198906,6.419808777737074,6.419808777737074,0.0,2.4810300980420767,6.396161503119996,2.6390573296152584,2.6390573296152584,0.0,0.6931471805599453,2.4849066497880004,1.0
1280,48.0,33.0,1.0,0.0,0.0,0.0,0.0,0.0,10.134307564289854,0.0,0.0,0.0,2.8021041809622584,0.0,4.968823226281816,4.968823226281816,1.3862943611198906,1.3862943611198906,5.158817175627263,5.158817175627263,0.0,5.139120643498548,0.0,1.791759469228055,1.791759469228055,0.0,1.6094379124341003,0.0,0.0
1281,40.0,15.0,1.0,0.0,0.0,0.0,0.0,0.0,8.887671873871412,0.0,0.0,0.0,2.8021041809622584,0.0,6.621406602876484,6.621406602876484,1.3862943611198906,1.3862943611198906,6.648558848768081,6.648558848768081,0.0,0.0,6.3557975927885355,2.4849066497880004,2.4849066497880004,0.0,0.0,2.1972245773362196,0.0
1288,41.0,3.0,1.0,1.0,0.0,1.0,1.0,0.0,5.622217279221049,6.292665760272191,0.0,0.0,3.257299517188041,0.0,6.953057052861785,6.951656299860491,2.0794415416798357,1.3862943611198906,6.496880565306429,6.060537415395104,0.0,5.596965872964421,5.972077833307792,2.4849066497880004,2.1972245773362196,0.0,1.0986122886681098,1.9459101490553132,1.0
1289,12.0,20.0,1.0,3.0,1.6094379124341003,0.0,0.0,0.0,7.552723670944513,8.977922563451651,0.0,0.0,2.8021041809622584,0.0,8.10141039570196,7.65061634660799,2.0794415416798357,1.791759469228055,10.556796136949549,7.806141971529383,0.0,6.322172113163211,7.54953397435785,3.2188758248682006,3.1354942159291497,0.0,2.70805020110221,2.1972245773362196,0.0
1295,32.0,162.0,1.0,0.0,0.0,1.0,1.0,1.0,7.409828425610226,0.0,0.0,6.805297292938538,5.453081123711096,5.712261898702174,6.793099713759202,6.605254424931705,1.9459101490553132,1.0986122886681098,6.837569604551785,6.766643390124815,5.190573059534934,5.342265896928727,2.863220768830214,3.091042453358316,2.772588722239781,1.0986122886681098,2.1972245773362196,1.3862943611198906,1.0
1296,49.0,151.0,1.0,0.0,0.0,0.0,0.0,1.0,4.429566016941661,0.0,0.0,0.0,2.8021041809622584,8.082859362905277,7.696778388371152,7.6744026577529185,1.6094379124341003,1.3862943611198906,7.707455210633286,7.705784378547943,7.232113621444326,6.322016872109467,5.306675199497633,3.828641396489095,3.8066624897703196,2.5649493574615367,2.8903717578961645,1.9459101490553132,0.0
1297,78.0,159.0,1.0,0.0,0.0,0.0,0.0,0.0,2.750219858545286,0.0,0.0,0.0,2.8021041809622584,0.0,6.023462293648549,6.023462293648549,1.0986122886681098,1.0986122886681098,6.330185528915613,6.330185528915613,5.3552376568007185,5.341872764771436,4.950278493555358,3.4657359027997265,3.4657359027997265,2.0794415416798357,2.9444389791664403,1.791759469228055,0.0
1300,41.0,150.0,1.0,0.0,0.0,1.0,0.0,0.0,0.0,0.0,0.0,0.0,2.8021041809622584,0.0,5.063546208003026,5.063546208003026,1.0986122886681098,1.0986122886681098,5.7951889409800525,5.7951889409800525,4.8075277695424665,0.0,5.333063799306397,2.1972245773362196,2.1972245773362196,1.6094379124341003,0.0,1.3862943611198906,1.0
1304,65.0,80.0,1.0,0.0,0.0,1.0,0.0,0.0,8.509991535920014,0.0,0.0,0.0,2.8021041809622584,0.0,6.2872629234321025,6.2872629234321025,1.0986122886681098,1.0986122886681098,6.299407387691721,6.299407387691721,5.6584861997410245,0.0,5.5448955967285025,2.302585092994046,2.302585092994046,0.6931471805599453,0.0,2.0794415416798357,0.0
1310,36.0,104.0,1.0,0.0,0.0,0.0,0.0,0.0,8.298839845157012,0.0,0.0,0.0,2.8021041809622584,0.0,6.238071384271414,6.238071384271414,1.3862943611198906,1.3862943611198906,6.911419984310601,6.911419984310601,0.0,0.0,6.900687503856124,2.833213344056216,2.833213344056216,0.0,0.0,2.70805020110221,1.0
1313,76.0,74.0,1.0,0.0,0.0,0.0,0.0,0.0,6.94932385188624,0.0,0.0,0.0,2.8021041809622584,0.0,5.972109694545731,5.972109694545731,1.0986122886681098,1.0986122886681098,6.3815748715815115,6.3815748715815115,0.0,0.0,6.376788291983998,2.302585092994046,2.302585092994046,0.0,0.0,2.1972245773362196,1.0
1314,34.0,138.0,1.0,0.0,0.0,1.0,0.0,0.0,8.133192669121927,0.0,0.0,0.0,2.8021041809622584,0.0,6.464233323023778,6.1537519319442175,2.4849066497880004,2.1972245773362196,6.227078589051445,6.071585273715984,4.993343796986195,3.534812104147982,4.3644625713512575,3.1354942159291497,2.9444389791664403,1.6094379124341003,1.791759469228055,1.3862943611198906,1.0
1319,22.0,79.0,1.0,0.0,0.0,0.0,0.0,0.0,5.454446190598093,0.0,0.0,0.0,2.8021041809622584,0.0,6.605920190086147,6.605920190086147,1.0986122886681098,1.0986122886681098,6.878903762269488,6.878903762269488,0.0,0.0,5.351858133476067,2.1972245773362196,2.1972245773362196,0.0,0.0,1.3862943611198906,0.0
1320,60.0,191.0,1.0,0.0,0.0,1.0,0.0,0.0,5.9820786729905615,0.0,0.0,6.3526412180515806,2.8021041809622584,0.0,7.119572644817702,7.119572644817702,1.6094379124341003,1.6094379124341003,6.019666673586407,6.019666673586407,3.6031659358399066,2.2240828648390885,5.365308235364315,2.4849066497880004,2.4849066497880004,0.6931471805599453,0.6931471805599453,1.9459101490553132,1.0
1321,44.0,180.0,1.0,0.0,0.0,0.0,0.0,0.0,3.2655821867759123,0.0,0.0,0.0,2.8021041809622584,0.0,5.873744232698866,5.873744232698866,1.3862943611198906,1.3862943611198906,6.330675377295072,6.330675377295072,6.324614945999757,0.0,0.0,1.6094379124341003,1.6094379124341003,1.3862943611198906,0.0,0.0,1.0
1324,48.0,225.0,1.0,1.0,1.0986122886681098,0.0,0.0,0.0,9.698222465828767,0.0,9.34181987967391,0.0,2.8021041809622584,0.0,5.884781729022081,5.880937932331989,1.3862943611198906,1.0986122886681098,3.169085160365185,3.169085160365185,0.0,0.0,3.1119267465252367,1.3862943611198906,1.3862943611198906,0.0,0.0,1.0986122886681098,1.0
1326,50.0,191.0,1.0,0.0,0.0,0.0,0.0,0.0,7.685008056338666,0.0,0.0,0.0,2.8021041809622584,0.0,6.943123801748428,6.943123801748428,1.6094379124341003,1.6094379124341003,6.988317631836507,6.988317631836507,6.654152520183219,4.468818493523548,5.393789870839367,2.6390573296152584,2.6390573296152584,1.0986122886681098,1.3862943611198906,2.0794415416798357,1.0
133,46.0,6.0,1.0,0.0,0.0,0.0,0.0,0.0,4.953482762591947,0.0,0.0,0.0,2.8021041809622584,0.0,0.018751655050204707,0.018751655050204707,0.6931471805599453,0.6931471805599453,0.8873031950009028,0.8873031950009028,0.0,0.0,0.0,0.6931471805599453,0.6931471805599453,0.0,0.0,0.0,1.0
1331,79.0,47.0,1.0,0.0,0.0,0.0,0.0,0.0,6.996404688663403,0.0,0.0,0.0,2.8021041809622584,0.0,0.27274970900097106,0.27274970900097106,0.6931471805599453,0.6931471805599453,4.132878226224344,4.132878226224344,0.0,0.0,4.1259816471652835,1.3862943611198906,1.3862943611198906,0.0,0.0,1.0986122886681098,0.0
1332,37.0,209.0,1.0,0.0,0.0,1.0,0.0,0.0,0.0,0.0,0.0,6.248589146937916,2.8021041809622584,0.0,7.182130094188618,7.182130094188618,1.6094379124341003,1.6094379124341003,6.291106069394917,6.291106069394917,0.0,4.921283518170701,5.9946736780489305,2.3978952727983707,2.3978952727983707,0.0,1.6094379124341003,1.791759469228055,1.0
1336,61.0,171.0,1.0,0.0,0.0,0.0,0.0,0.0,7.1828952774140635,0.0,0.0,0.0,2.8021041809622584,0.0,5.89082698769705,5.89082698769705,1.0986122886681098,1.0986122886681098,5.360789021044723,5.360789021044723,5.190573059534934,0.0,3.4567672328169663,1.791759469228055,1.791759469228055,0.6931471805599453,0.0,1.3862943611198906,1.0
1339,80.0,86.0,1.0,0.0,0.0,0.0,0.0,0.0,9.050154894331378,0.0,0.0,0.0,2.8021041809622584,0.0,5.794107304505527,5.794107304505527,1.0986122886681098,1.0986122886681098,6.110698910031642,6.110698910031642,3.999510459551262,5.662749644419595,4.66141548465254,3.1354942159291497,3.1354942159291497,1.0986122886681098,2.5649493574615367,1.791759469228055,1.0
1341,32.0,180.0,1.0,0.0,0.0,0.0,0.0,0.0,8.59679874860837,0.0,0.0,0.0,2.8021041809622584,0.0,9.013751852923924,9.013751852923924,1.0986122886681098,1.0986122886681098,9.014968312329422,9.014968312329422,0.0,0.0,9.013751809450957,1.6094379124341003,1.6094379124341003,0.0,0.0,0.6931471805599453,1.0
1343,37.0,152.0,1.0,0.0,0.0,1.0,0.0,1.0,4.368706166998096,0.0,0.0,0.0,2.8021041809622584,8.211336286091777,8.1236721820031,7.803041524473877,3.332204510175204,3.1780538303479458,8.253478916094027,7.803041524473877,6.29209810016309,5.39559638613549,5.873525249243295,3.9318256327243257,3.367295829986474,1.6094379124341003,2.302585092994046,1.6094379124341003,1.0
1349,50.0,229.0,1.0,0.0,0.0,1.0,0.0,0.0,5.154585142309895,0.0,0.0,0.0,2.8021041809622584,0.0,4.968828191500459,4.968828191500459,1.0986122886681098,1.0986122886681098,5.286244785313768,5.286244785313768,5.085831109707815,3.607824329357229,0.0,2.995732273553991,2.995732273553991,2.4849066497880004,2.1972245773362196,0.0,1.0
135,24.0,82.0,1.0,0.0,0.0,0.0,0.0,0.0,5.2209290198441725,0.0,0.0,0.0,2.8021041809622584,0.0,0.0017841217935013985,0.0017841217935013985,0.6931471805599453,0.6931471805599453,5.138959402318038,5.138959402318038,4.28260085453587,4.570678558774245,0.0,2.3978952727983707,2.3978952727983707,1.6094379124341003,1.6094379124341003,0.0,1.0
1354,17.0,142.0,1.0,0.0,0.0,0.0,0.0,0.0,9.972374951794412,0.0,0.0,0.0,2.8021041809622584,0.0,5.3719677084948225,5.3719677084948225,1.0986122886681098,1.0986122886681098,5.27709373009641,5.27709373009641,0.0,3.2749860705241387,0.0,2.1972245773362196,2.1972245773362196,0.0,1.791759469228055,0.0,1.0
1356,38.0,183.0,1.0,0.0,0.0,0.0,0.0,0.0,5.465191352576835,0.0,0.0,0.0,2.8021041809622584,0.0,7.525409875409306,7.525409875409306,1.3862943611198906,1.3862943611198906,7.5161896077494825,7.5161896077494825,0.0,4.161368830614207,0.0,1.3862943611198906,1.3862943611198906,0.0,0.6931471805599453,0.0,0.0
1357,56.0,14.0,1.0,0.0,0.0,0.0,0.0,0.0,1.2320395092002416,0.0,0.0,0.0,2.8021041809622584,0.0,2.7269186854065928,2.7269186854065928,0.6931471805599453,0.6931471805599453,2.7269186854065928,2.7269186854065928,2.7269186854065928,0.0,0.0,0.6931471805599453,0.6931471805599453,0.6931471805599453,0.0,0.0,0.0
1358,25.0,182.0,1.0,1.0,0.0,0.0,0.0,0.0,2.223580536730996,8.585467404730254,0.0,0.0,2.8021041809622584,0.0,4.543180794010671,4.28274384234024,1.6094379124341003,1.3862943611198906,0.0,0.0,0.0,0.0,0.0,0.0,0.0,0.0,0.0,0.0,0.0
1359,40.0,60.0,1.0,1.0,0.0,0.0,0.0,0.0,8.732846014288077,7.146840512325992,0.0,0.0,2.8021041809622584,0.0,0.18618313889835497,0.0028530689824064464,1.0986122886681098,0.6931471805599453,5.3146897475226895,5.3146897475226895,3.500827222610997,3.98130916723462,4.773706687811305,2.0794415416798357,2.0794415416798357,0.6931471805599453,1.6094379124341003,0.6931471805599453,1.0
1360,28.0,212.0,1.0,0.0,0.0,0.0,1.0,0.0,6.478343949307363,0.0,0.0,0.0,4.012139796762919,0.0,0.9063846857546894,0.035091319811270096,1.6094379124341003,0.6931471805599453,4.7427558489406545,4.7302282814079915,0.0,0.0,4.6913478822291435,2.0794415416798357,1.791759469228055,0.0,0.0,1.3862943611198906,1.0
1363,38.0,8.0,1.0,0.0,0.0,0.0,0.0,0.0,8.78490751436849,0.0,0.0,0.0,2.8021041809622584,0.0,3.8961839413984,3.8961839413984,0.6931471805599453,0.6931471805599453,2.9368917735310576,2.9368917735310576,2.9368917735310576,0.0,0.0,0.6931471805599453,0.6931471805599453,0.6931471805599453,0.0,0.0,1.0
1365,39.0,227.0,1.0,1.0,0.0,0.0,0.0,0.0,8.543199157208477,8.235640107805223,0.0,0.0,2.8021041809622584,0.0,7.370145400678657,7.370073873492223,2.302585092994046,2.1972245773362196,7.4597317574736515,7.41773268597111,6.062788033933216,2.288558608760905,7.108594791362742,3.713572066704308,3.6635616461296463,2.772588722239781,0.6931471805599453,2.1972245773362196,0.0
1366,32.0,33.0,1.0,0.0,0.0,1.0,0.0,0.0,3.8745510480241,0.0,0.0,0.0,2.8021041809622584,0.0,6.394069616821699,6.394069616821699,1.3862943611198906,1.3862943611198906,6.450301145800141,6.450301145800141,4.968820743663249,3.0991265717582746,6.127648668135256,2.9444389791664403,2.9444389791664403,0.6931471805599453,0.6931471805599453,2.70805020110221,0.0
1370,27.0,8.0,1.0,0.0,0.0,0.0,1.0,0.0,5.8343866705509235,0.0,0.0,0.0,6.591365532452643,0.0,5.9310584282037615,5.9310584282037615,1.791759469228055,1.791759469228055,5.694609579616719,5.694609579616719,3.6959969218828004,4.642087424002558,5.0420416719211,2.5649493574615367,2.5649493574615367,1.3862943611198906,1.9459101490553132,0.6931471805599453,1.0
1373,25.0,26.0,1.0,0.0,0.0,0.0,0.0,0.0,7.059067955894253,0.0,0.0,0.0,2.8021041809622584,0.0,10.41661932224511,10.41661932224511,3.6109179126442243,3.6109179126442243,10.693742930238257,10.693742930238257,7.1316985104669115,5.511459642854304,8.271252553527285,3.8066624897703196,3.8066624897703196,1.6094379124341003,1.9459101490553132,3.091042453358316,0.0
1374,61.0,150.0,1.0,0.0,0.0,1.0,0.0,0.0,0.6043159668533294,0.0,0.0,0.0,2.8021041809622584,0.0,7.411386873375029,7.410950364095191,2.302585092994046,2.1972245773362196,7.567947134929188,7.332689625485243,6.6678651402071685,2.807680042051051,6.583582097947941,3.4657359027997265,3.332204510175204,1.6094379124341003,0.6931471805599453,3.044522437723423,0.0
1377,53.0,171.0,3.0,0.0,0.0,0.0,0.0,0.0,5.6719108809254655,0.0,0.0,0.0,2.8021041809622584,0.0,6.0675505361855375,6.0675505361855375,1.0986122886681098,1.0986122886681098,5.882227479704232,5.882227479704232,5.371966049571182,0.0,4.961345004885142,1.9459101490553132,1.9459101490553132,1.0986122886681098,0.0,0.6931471805599453,0.0
138,47.0,79.0,1.0,0.0,0.0,0.0,0.0,0.0,4.750061806183249,0.0,0.0,0.0,2.8021041809622584,0.0,5.210354238085328,5.210354238085328,1.0986122886681098,1.0986122886681098,4.82516593101157,4.82516593101157,0.0,0.0,4.8075277695424665,1.0986122886681098,1.0986122886681098,0.0,0.0,0.6931471805599453,1.0
1380,32.0,165.0,1.0,0.0,0.0,0.0,0.0,0.0,8.181286794677439,0.0,0.0,0.0,2.8021041809622584,0.0,0.00035707909681323224,0.00035707909681323224,0.6931471805599453,0.6931471805599453,4.194513051177502,4.194513051177502,3.1103356562929947,0.0,3.8042786984150436,1.6094379124341003,1.6094379124341003,1.0986122886681098,0.0,1.0986122886681098,0.0
1385,38.0,152.0,1.0,1.0,0.0,1.0,0.0,0.0,5.411028833353659,9.120653601128078,0.0,6.524812311225816,2.8021041809622584,0.0,4.736640080184127,4.710440340420608,1.9459101490553132,1.791759469228055,6.801081599915219,6.801081599915219,0.0,4.457055419993902,6.696081412911212,2.995732273553991,2.995732273553991,0.0,1.0986122886681098,2.833213344056216,1.0
1389,50.0,9.0,1.0,0.0,0.0,0.0,0.0,0.0,9.3007143954752,0.0,0.0,0.0,2.8021041809622584,0.0,6.9845192107464,6.9845192107464,3.091042453358316,3.091042453358316,7.492083589712907,7.492083589712907,0.0,0.0,7.060874815118523,2.4849066497880004,2.4849066497880004,0.0,0.0,2.1972245773362196,1.0
1390,59.0,170.0,1.0,0.0,0.0,0.0,0.0,0.0,2.6770753968027794,0.0,0.0,0.0,2.8021041809622584,0.0,0.001070855001492987,0.001070855001492987,0.6931471805599453,0.6931471805599453,5.363670288114393,5.363670288114393,5.190573059534934,0.0,0.0,1.791759469228055,1.791759469228055,0.6931471805599453,0.0,0.0,0.0
1393,74.0,195.0,1.0,0.0,0.0,0.0,0.0,0.0,4.968860464820729,0.0,0.0,0.0,2.8021041809622584,0.0,8.77734484502953,8.77734484502953,1.9459101490553132,1.9459101490553132,8.66649624249523,8.66649624249523,0.0,7.196046183914947,8.004489614924148,4.0943445622221,4.0943445622221,0.0,3.6888794541139363,2.833213344056216,0.0
1395,41.0,64.0,1.0,0.0,0.0,0.0,0.0,0.0,6.83217930676647,0.0,0.0,0.0,2.8021041809622584,0.0,6.2701840306395935,6.2701840306395935,1.0986122886681098,1.0986122886681098,6.043022984913338,6.043022984913338,5.7305634973338435,4.682990646077722,0.0,2.995732273553991,2.995732273553991,1.9459101490553132,2.1972245773362196,0.0,0.0
1398,42.0,151.0,1.0,0.0,1.3862943611198906,0.0,0.0,0.0,0.0,0.0,0.0,0.0,2.8021041809622584,0.0,0.0014275519911854174,0.0014275519911854174,0.6931471805599453,0.6931471805599453,1.086636097621394,1.086636097621394,0.0,0.0,0.0,0.6931471805599453,0.6931471805599453,0.0,0.0,0.0,1.0
140,25.0,125.0,1.0,0.0,0.0,1.0,0.0,0.0,8.900933589066447,0.0,0.0,0.0,2.8021041809622584,0.0,8.270059979044039,8.113840600371805,2.4849066497880004,2.302585092994046,8.147097364484504,7.968609080161857,0.0,0.0,7.749599519873074,2.0794415416798357,1.9459101490553132,0.0,0.0,1.3862943611198906,1.0
1405,24.0,103.0,1.0,0.0,0.0,0.0,0.0,0.0,9.216098369985353,0.0,0.0,0.0,2.8021041809622584,0.0,5.602676124703092,5.602676124703092,1.0986122886681098,1.0986122886681098,5.4201145569164835,5.4201145569164835,0.0,0.6367657756946923,5.400972261025965,2.0794415416798357,2.0794415416798357,0.0,0.6931471805599453,1.791759469228055,1.0
1407,43.0,16.0,1.0,0.0,0.0,0.0,0.0,0.0,5.816565730631421,0.0,0.0,0.0,2.8021041809622584,0.0,6.553558384589863,6.553558384589863,1.0986122886681098,1.0986122886681098,5.321964136268111,5.321964136268111,0.0,2.4996779671083127,5.255074288807721,1.791759469228055,1.791759469228055,0.0,0.6931471805599453,1.3862943611198906,1.0
141,20.0,24.0,1.0,1.0,1.6094379124341003,0.0,0.0,0.0,3.6270515416693363,8.358351023749726,0.0,0.0,2.8021041809622584,0.0,6.306365220338715,6.306365220338715,1.3862943611198906,1.3862943611198906,7.114565013998476,7.114565013998476,5.085831109707815,6.911710304689715,4.122515439188797,2.6390573296152584,2.6390573296152584,1.6094379124341003,1.6094379124341003,0.6931471805599453,0.0
1410,41.0,85.0,2.0,1.0,0.0,0.0,0.0,0.0,10.774131409925667,9.934794565710579,0.0,0.0,2.8021041809622584,0.0,0.9473740302878864,0.001070855001492987,1.0986122886681098,0.6931471805599453,0.0,0.0,0.0,0.0,0.0,0.0,0.0,0.0,0.0,0.0,0.0
1414,71.0,49.0,1.0,1.0,0.0,0.0,0.0,0.0,12.052786781225482,8.897021564009256,0.0,0.0,2.8021041809622584,0.0,7.899879432341296,5.711660882151404,1.791759469228055,1.3862943611198906,7.8238888556509165,7.8238888556509165,4.649870364905998,0.0,7.780661211345411,1.6094379124341003,1.6094379124341003,0.6931471805599453,0.0,0.6931471805599453,0.0
1416,61.0,132.0,1.0,0.0,0.0,1.0,1.0,0.0,6.735443174348815,0.0,0.0,5.712908562095122,2.8445355598030915,0.0,6.671974173390442,6.487525819409501,1.9459101490553132,1.6094379124341003,6.552277067652788,6.018172549039007,4.462618642004185,5.67336131259405,5.2700648535961525,3.58351893845611,2.3978952727983707,1.9459101490553132,3.258096538021482,1.0986122886681098,1.0
1419,35.0,59.0,1.0,1.0,0.0,1.0,0.0,0.0,8.160695272623956,10.485370874566268,0.0,5.805779124570634,2.8021041809622584,0.0,6.667673547494551,6.666869093200245,1.3862943611198906,1.0986122886681098,6.400376090382223,6.400376090382223,6.062788033933216,0.0,5.156177599386914,1.791759469228055,1.791759469228055,1.3862943611198906,0.0,1.0986122886681098,1.0
1420,46.0,86.0,1.0,0.0,0.0,0.0,0.0,0.0,5.610891509049144,0.0,0.0,0.0,2.8021041809622584,0.0,6.981027315103978,6.981027315103978,1.0986122886681098,1.0986122886681098,6.4319341896524795,6.4319341896524795,0.0,0.0,6.426458984069125,2.0794415416798357,2.0794415416798357,0.0,0.0,1.9459101490553132,1.0
1421,43.0,79.0,1.0,0.0,0.0,1.0,0.0,0.0,8.92013573959133,0.0,0.0,6.063352390782959,2.8021041809622584,0.0,6.516748712012188,6.516748712012188,1.791759469228055,1.791759469228055,6.591989182934654,6.591989182934654,5.975988261968483,0.0,5.808082428116706,2.5649493574615367,2.5649493574615367,0.6931471805599453,0.0,2.3978952727983707,0.0
1422,34.0,163.0,1.0,1.0,0.0,0.0,0.0,0.0,7.868443548354489,6.781122485191618,0.0,0.0,2.8021041809622584,0.0,2.447643543081799,0.9682052618263551,2.0794415416798357,1.0986122886681098,1.451613827240533,0.9582549309731873,0.0,0.0,0.0,1.9459101490553132,0.6931471805599453,0.0,0.0,0.0,1.0
1424,34.0,151.0,1.0,0.0,1.9459101490553132,0.0,0.0,0.0,6.406387172530312,0.0,7.532126401284138,0.0,2.8021041809622584,0.0,0.010657294473988017,0.010657294473988017,0.6931471805599453,0.6931471805599453,6.721296604678409,6.721296604678409,0.0,0.0,6.71564309286776,1.6094379124341003,1.6094379124341003,0.0,0.0,1.3862943611198906,1.0
1426,71.0,25.0,1.0,0.0,0.0,0.0,0.0,0.0,4.132883953584804,0.0,0.0,0.0,2.8021041809622584,0.0,7.337272608843795,7.337272608843795,1.3862943611198906,1.3862943611198906,7.402194519155031,7.402194519155031,7.289805529252098,5.166458044621598,0.0,2.302585092994046,2.302585092994046,1.3862943611198906,1.9459101490553132,0.0,0.0
1430,62.0,87.0,1.0,0.0,0.0,1.0,0.0,0.0,8.01216110977079,0.0,0.0,6.5700823217844055,2.8021041809622584,0.0,6.896918197939349,6.896918197939349,2.5649493574615367,2.5649493574615367,7.219828960539132,7.219828960539132,0.0,4.817440552178665,7.123039454728879,2.833213344056216,2.833213344056216,0.0,2.0794415416798357,2.1972245773362196,0.0
1433,61.0,3.0,1.0,0.0,0.0,0.0,0.0,0.0,4.315514739141788,0.0,0.0,0.0,2.8021041809622584,0.0,6.213951454307197,6.213951454307197,1.3862943611198906,1.3862943611198906,6.081125684190045,6.081125684190045,5.6584861997410245,4.996391473679407,0.0,2.5649493574615367,2.5649493574615367,1.0986122886681098,2.0794415416798357,0.0,0.0
1435,44.0,148.0,1.0,0.0,0.0,1.0,0.0,0.0,6.774363060345935,0.0,0.0,0.0,2.8021041809622584,0.0,5.48301407662141,5.48301407662141,1.3862943611198906,1.3862943611198906,5.5790233770490065,5.5790233770490065,5.190573059534934,4.454662861075632,0.0,3.6109179126442243,3.6109179126442243,1.0986122886681098,3.5263605246161616,0.0,0.0
144,67.0,104.0,1.0,0.0,0.0,0.0,0.0,0.0,7.1031511127646585,0.0,0.0,0.0,2.8021041809622584,0.0,5.190584992637959,5.190584992637959,1.0986122886681098,1.0986122886681098,3.7711175523509084,3.7711175523509084,2.7269186854065928,3.372209844788903,0.0,1.3862943611198906,1.3862943611198906,0.6931471805599453,1.0986122886681098,0.0,1.0
1440,29.0,96.0,1.0,0.0,0.0,1.0,0.0,0.0,7.231045606576611,0.0,0.0,5.032250004068664,2.8021041809622584,0.0,6.527484748051373,6.4018591519248735,2.5649493574615367,2.3978952727983707,6.638814579952755,6.527451314801375,4.747413519214636,5.358669682385,5.607376456545106,3.7376696182833684,3.5553480614894135,1.791759469228055,3.044522437723423,1.3862943611198906,1.0
1441,49.0,97.0,1.0,0.0,0.0,0.0,0.0,0.0,4.764628185616168,0.0,0.0,0.0,2.8021041809622584,0.0,6.236518446890282,6.236518446890282,1.0986122886681098,1.0986122886681098,6.7149070824437995,6.7149070824437995,6.621405651764134,0.0,4.28260085453587,2.4849066497880004,2.4849066497880004,1.6094379124341003,0.0,1.0986122886681098,0.0
1443,40.0,152.0,1.0,0.0,0.0,1.0,0.0,1.0,7.678166199569273,0.0,0.0,0.0,2.8021041809622584,9.116924111858918,6.634734253841536,6.301009884887361,1.3862943611198906,1.0986122886681098,7.5618200225424985,7.560352005532318,6.950677922735904,6.442176132973097,2.681510645867598,3.828641396489095,3.8066624897703196,2.833213344056216,2.4849066497880004,0.6931471805599453,0.0
1444,39.0,139.0,1.0,0.0,0.0,0.0,0.0,0.0,7.880932832262799,0.0,0.0,0.0,2.8021041809622584,0.0,5.803201086401173,5.803201086401173,1.0986122886681098,1.0986122886681098,5.6584861997410245,5.6584861997410245,5.6584861997410245,0.0,0.0,0.6931471805599453,0.6931471805599453,0.6931471805599453,0.0,0.0,1.0
1445,27.0,28.0,1.0,1.0,0.0,1.0,0.0,0.0,8.713089514171239,8.772526477702632,0.0,0.0,2.8021041809622584,0.0,3.577019689414608,0.0,0.6931471805599453,0.0,0.0,0.0,0.0,0.0,0.0,0.0,0.0,0.0,0.0,0.0,0.0
1447,52.0,20.0,1.0,0.0,0.0,1.0,0.0,1.0,2.658759911891096,0.0,0.0,0.0,2.8021041809622584,8.533853913302899,6.250815347077332,5.7138483103895785,2.4849066497880004,2.1972245773362196,6.142111135588127,5.7138483103895785,0.0,0.0,3.91984944167761,2.833213344056216,2.1972245773362196,0.0,0.0,1.6094379124341003,1.0
1448,24.0,147.0,1.0,0.0,0.0,0.0,0.0,0.0,6.3770688476560995,0.0,0.0,0.0,2.8021041809622584,0.0,0.009950330853168083,0.009950330853168083,0.6931471805599453,0.6931471805599453,0.6380874033769179,0.6380874033769179,0.0,0.0,0.0,0.6931471805599453,0.6931471805599453,0.0,0.0,0.0,0.0
1449,94.0,149.0,1.0,1.0,0.0,0.0,0.0,0.0,7.627550823907787,8.274239894923372,0.0,0.0,2.8021041809622584,0.0,7.224254894267165,7.191403781086944,2.302585092994046,2.0794415416798357,7.41388202314166,7.149241007901354,6.433628877062129,4.396607317988909,6.341618274056449,3.367295829986474,3.258096538021482,2.0794415416798357,2.0794415416798357,2.1972245773362196,1.0
145,14.0,52.0,1.0,1.0,0.0,0.0,0.0,0.0,4.376066946674389,10.954422301588483,0.0,0.0,2.8021041809622584,0.0,7.132527788537455,7.132527788537455,1.6094379124341003,1.6094379124341003,7.125917874477907,7.125917874477907,6.374537964901245,4.762509653773609,6.292692846587362,3.091042453358316,3.091042453358316,1.9459101490553132,1.9459101490553132,2.1972245773362196,1.0
1455,39.0,151.0,1.0,1.0,0.6931471805599453,1.0,0.0,0.0,3.780937598531884,0.0,0.0,0.0,2.8021041809622584,0.0,6.832356859174264,6.832154269726094,1.6094379124341003,1.3862943611198906,10.24673499978135,10.24673499978135,4.28260085453587,6.893177030820394,10.208403304100012,3.4965075614664802,3.4965075614664802,0.6931471805599453,3.1780538303479458,1.9459101490553132,1.0
1457,41.0,30.0,1.0,0.0,0.0,0.0,0.0,0.0,7.9826946819854125,0.0,0.0,0.0,2.8021041809622584,0.0,0.0,0.0,0.0,0.0,1.5385555017898522,1.5385555017898522,0.0,1.5385555017898522,0.0,0.6931471805599453,0.6931471805599453,0.0,0.6931471805599453,0.0,1.0
1458,38.0,152.0,1.0,0.0,0.0,0.0,0.0,1.0,6.577223860702475,0.0,0.0,0.0,2.8021041809622584,8.815221078741866,7.245650227558367,7.19542922640091,3.2188758248682006,3.1780538303479458,7.225431045226796,7.2185187363802985,0.0,5.954533781450998,6.472953308287715,3.5263605246161616,3.4657359027997265,0.0,2.3978952727983707,2.70805020110221,1.0
146,37.0,89.0,1.0,0.0,0.0,0.0,0.0,0.0,0.22969348217794236,0.0,0.0,0.0,2.8021041809622584,0.0,6.104746196870056,6.104746196870056,1.3862943611198906,1.3862943611198906,5.848954188437399,5.848954188437399,3.6031659358399066,5.7402980670658685,0.0,2.772588722239781,2.772588722239781,0.6931471805599453,2.70805020110221,0.0,1.0
1460,72.0,2.0,1.0,0.0,0.0,0.0,0.0,1.0,7.9699381931790345,0.0,0.0,0.0,2.8021041809622584,6.782563707052603,6.78835298660835,6.765575988602765,2.4849066497880004,2.3978952727983707,6.877995385094452,6.875785358042954,0.0,0.0,6.815326657782875,3.1780538303479458,3.1354942159291497,0.0,0.0,2.9444389791664403,1.0
1465,41.0,14.0,1.0,0.0,0.0,0.0,0.0,0.0,2.8935017749130214,0.0,0.0,0.0,2.8021041809622584,0.0,6.285467227366852,6.285467227366852,1.0986122886681098,1.0986122886681098,6.297576193304661,6.297576193304661,0.0,0.0,0.0,1.3862943611198906,1.3862943611198906,0.0,0.0,0.0,1.0
1466,63.0,97.0,1.0,0.0,0.0,1.0,0.0,0.0,3.1191659807191887,0.0,0.0,0.0,2.8021041809622584,0.0,6.611499413528373,6.611499413528373,1.6094379124341003,1.6094379124341003,6.438437129027495,6.438437129027495,4.28260085453587,3.1869427777651915,6.26794573029857,1.9459101490553132,1.9459101490553132,0.6931471805599453,0.6931471805599453,1.3862943611198906,1.0
1468,36.0,152.0,1.0,0.0,0.0,1.0,0.0,0.0,5.190573059534934,0.0,0.0,0.0,2.8021041809622584,0.0,0.00035707909681323224,0.00035707909681323224,0.6931471805599453,0.6931471805599453,1.4799798451972135,1.4799798451972135,0.0,0.0,0.0,0.6931471805599453,0.6931471805599453,0.0,0.0,0.0,1.0
1474,25.0,240.0,1.0,1.0,0.6931471805599453,0.0,0.0,0.0,8.445883914643101,8.70950332679961,0.0,0.0,2.8021041809622584,0.0,5.576675300440183,5.575084281243686,1.6094379124341003,1.3862943611198906,5.837834565027453,5.837834565027453,0.0,0.0,5.827894645364232,2.1972245773362196,2.1972245773362196,0.0,0.0,2.0794415416798357,0.0
1475,59.0,20.0,1.0,0.0,0.0,0.0,0.0,0.0,5.965702501270528,0.0,0.0,0.0,2.8021041809622584,0.0,6.679332639196917,6.679332639196917,1.6094379124341003,1.6094379124341003,6.753396244117142,6.753396244117142,6.0116172531754595,0.0,6.101279413115188,2.3978952727983707,2.3978952727983707,1.3862943611198906,0.0,1.9459101490553132,0.0
1478,54.0,11.0,1.0,0.0,1.791759469228055,0.0,0.0,0.0,6.242580344551978,0.0,8.235980622712853,0.0,2.8021041809622584,0.0,5.702164499773823,5.702164499773823,1.0986122886681098,1.0986122886681098,4.259440228603957,4.259440228603957,2.46080909820894,3.7423948314170117,2.9368917735310576,1.791759469228055,1.791759469228055,0.6931471805599453,1.3862943611198906,0.6931471805599453,0.0
1480,24.0,89.0,1.0,0.0,0.0,0.0,0.0,0.0,5.4652004201027005,0.0,0.0,0.0,2.8021041809622584,0.0,6.669314062773649,6.669314062773649,2.302585092994046,2.302585092994046,7.153215661278746,7.153215661278746,5.594180171090011,5.807533123745365,6.519650216654928,4.189654742026425,4.189654742026425,1.9459101490553132,3.8501476017100584,2.5649493574615367,1.0
1482,25.0,81.0,1.0,0.0,0.0,0.0,0.0,0.0,2.7396872860453927,0.0,0.0,0.0,2.8021041809622584,0.0,6.664502857055478,6.664502857055478,1.3862943611198906,1.3862943611198906,6.933078006597182,6.933078006597182,5.8402262887277585,5.4277921045643325,6.115892125483034,3.6109179126442243,3.6109179126442243,1.9459101490553132,3.044522437723423,1.791759469228055,1.0
1485,54.0,23.0,1.0,1.0,0.6931471805599453,0.0,0.0,0.0,5.202753940393848,8.574725372698019,0.0,0.0,2.8021041809622584,0.0,6.998066948059417,6.995236843035551,1.6094379124341003,1.3862943611198906,6.940049587353048,6.940049587353048,0.0,0.0,4.916324614625014,1.6094379124341003,1.6094379124341003,0.0,0.0,1.0986122886681098,0.0
1487,52.0,68.0,1.0,1.0,0.0,0.0,0.0,0.0,9.011182606854359,10.970080285934726,0.0,0.0,2.8021041809622584,0.0,7.018292763837443,7.018292763837443,1.3862943611198906,1.3862943611198906,6.469084190040676,6.469084190040676,5.5254529391317835,0.0,5.972536537222463,2.302585092994046,2.302585092994046,1.0986122886681098,0.0,1.9459101490553132,1.0
1489,80.0,66.0,1.0,0.0,0.0,0.0,0.0,0.0,8.7274475760121,0.0,0.0,0.0,2.8021041809622584,0.0,3.743612806852832,3.743612806852832,1.3862943611198906,1.3862943611198906,3.6870026941010763,3.6870026941010763,3.386808644210056,2.429532357741553,0.0,2.302585092994046,2.302585092994046,1.791759469228055,1.6094379124341003,0.0,1.0
1491,19.0,151.0,1.0,0.0,0.0,1.0,0.0,0.0,9.673313834010873,0.0,0.0,0.0,2.8021041809622584,0.0,7.144541346537498,7.144208434673332,1.6094379124341003,1.3862943611198906,7.160618507252893,7.160290905740999,6.209451971272821,0.0,6.667055842412727,2.4849066497880004,2.3978952727983707,1.3862943611198906,0.0,1.3862943611198906,1.0
1493,2.0,183.0,1.0,0.0,0.0,0.0,0.0,0.0,9.158457693409579,0.0,0.0,0.0,2.8021041809622584,0.0,6.898210947842787,6.898210947842787,1.6094379124341003,1.6094379124341003,6.985032077140077,6.985032077140077,6.062788033933216,5.501556999722037,5.655617115255612,3.295836866004329,3.295836866004329,1.6094379124341003,2.4849066497880004,2.1972245773362196,1.0
1494,74.0,186.0,1.0,0.0,0.0,1.0,1.0,0.0,4.4916614844791445,0.0,0.0,0.0,7.105949892000205,0.0,7.572484062148814,7.530050335205033,2.0794415416798357,1.0986122886681098,7.704679937141799,7.175205489172447,5.900679826235874,6.845439808844161,6.405464557665984,3.6635616461296463,2.995732273553991,1.3862943611198906,2.8903717578961645,2.302585092994046,1.0
1497,32.0,150.0,1.0,0.0,0.0,1.0,0.0,0.0,1.4205232401705021,0.0,0.0,0.0,2.8021041809622584,0.0,0.023646769720074547,0.023646769720074547,0.6931471805599453,0.6931471805599453,6.170626355245065,6.170626355245065,0.0,2.648451838216175,0.0,1.791759469228055,1.791759469228055,0.0,0.6931471805599453,0.0,0.0
1498,30.0,107.0,1.0,0.0,2.3978952727983707,0.0,0.0,0.0,5.497943685670191,0.0,0.0,0.0,2.8021041809622584,0.0,0.014888612493750654,0.014888612493750654,0.6931471805599453,0.6931471805599453,5.211825335194593,5.211825335194593,5.190573059534934,0.0,0.0,1.0986122886681098,1.0986122886681098,0.6931471805599453,0.0,0.0,1.0
150,27.0,3.0,1.0,0.0,0.0,1.0,0.0,0.0,2.533243196349291,0.0,0.0,0.0,2.8021041809622584,0.0,7.339622107429295,7.339622107429295,1.6094379124341003,1.6094379124341003,7.27382198196026,7.27382198196026,6.095502760337734,6.573352898729483,3.0647251450409425,4.0943445622221,4.0943445622221,1.6094379124341003,3.8918202981106265,0.6931471805599453,0.0
1501,44.0,10.0,1.0,0.0,0.0,1.0,0.0,0.0,7.148182040025128,0.0,0.0,0.0,2.8021041809622584,0.0,5.7029678572312195,5.404618867911343,2.0794415416798357,1.791759469228055,5.920060608066963,5.404618867911343,3.500827222610997,0.0,4.727071713130445,2.302585092994046,1.791759469228055,1.0986122886681098,0.0,0.6931471805599453,1.0
1503,52.0,144.0,1.0,0.0,0.0,1.0,1.0,0.0,4.549476245501865,0.0,0.0,0.0,6.724840260410287,0.0,6.595121631840766,6.487441001352337,2.4849066497880004,1.6094379124341003,6.649871000090997,6.470209989053377,5.880931949102981,3.9810358767151,4.420560298676125,3.091042453358316,2.4849066497880004,1.0986122886681098,1.6094379124341003,1.3862943611198906,1.0
1504,37.0,151.0,1.0,0.0,0.6931471805599453,1.0,0.0,0.0,5.522246323636082,0.0,0.0,0.0,2.8021041809622584,0.0,2.0435367533376363,1.8184825393688087,1.3862943611198906,1.0986122886681098,2.4270126713690976,1.8184825393688087,0.0,0.0,0.0,1.6094379124341003,1.0986122886681098,0.0,0.0,0.0,1.0
1507,43.0,98.0,1.0,1.0,0.0,0.0,0.0,0.0,8.43922230627353,3.413561110984897,0.0,0.0,2.8021041809622584,0.0,6.138948153350508,6.0985982219323756,1.3862943611198906,1.0986122886681098,5.505476705417992,5.505476705417992,0.0,0.0,5.505476705417992,1.791759469228055,1.791759469228055,0.0,0.0,1.791759469228055,0.0
1508,68.0,132.0,1.0,1.0,0.6931471805599453,0.0,0.0,0.0,7.908696722714879,7.8933292401853254,7.245072566610415,0.0,2.8021041809622584,0.0,9.686555983808171,0.0,1.6094379124341003,0.0,0.0,0.0,0.0,0.0,0.0,0.0,0.0,0.0,0.0,0.0,1.0
1509,34.0,13.0,1.0,1.0,0.6931471805599453,0.0,0.0,0.0,6.934453892144598,8.942713182583121,5.7361920408590095,0.0,2.8021041809622584,0.0,7.061334673207867,7.060956324375844,1.6094379124341003,1.3862943611198906,7.048687343950173,7.048687343950173,5.6584861997410245,3.24245283282467,6.730463906713236,2.772588722239781,2.772588722239781,1.0986122886681098,1.0986122886681098,2.3978952727983707,0.0
151,58.0,265.0,1.0,1.0,0.0,0.0,0.0,0.0,8.024454321249141,10.65154900623089,0.0,0.0,2.8021041809622584,0.0,7.431946681441997,7.429274521650715,1.9459101490553132,1.791759469228055,7.59418135198764,7.59418135198764,5.775881627762223,5.690103630098042,7.219354402029778,2.9444389791664403,2.9444389791664403,1.0986122886681098,1.9459101490553132,2.1972245773362196,1.0
1510,19.0,44.0,1.0,0.0,0.0,1.0,1.0,0.0,0.0,0.0,0.0,0.0,7.256577974552561,0.0,9.984398915786176,9.98428934016743,2.0794415416798357,1.3862943611198906,9.538453791226761,9.53828399621524,0.0,0.0,9.53791600808964,2.9444389791664403,2.70805020110221,0.0,0.0,2.5649493574615367,1.0
1511,49.0,147.0,1.0,0.0,0.0,1.0,1.0,1.0,0.0,0.0,0.0,0.0,6.342727371915353,6.880367564651265,6.941821245712351,6.774311229481868,2.3978952727983707,1.791759469228055,7.222967919279809,7.193643421875484,5.9390427967045,3.249543582033484,6.614657137500228,3.332204510175204,2.8903717578961645,1.6094379124341003,1.0986122886681098,2.302585092994046,1.0
1512,34.0,58.0,2.0,0.0,0.0,0.0,0.0,0.0,6.297334235443597,0.0,0.0,0.0,2.8021041809622584,0.0,4.2826057854901824,4.2826057854901824,1.0986122886681098,1.0986122886681098,3.4106761256166993,3.4106761256166993,0.0,3.3436187114596443,0.0,1.0986122886681098,1.0986122886681098,0.0,0.6931471805599453,0.0,0.0
1516,40.0,192.0,1.0,0.0,0.0,0.0,1.0,0.0,7.294743594772079,0.0,0.0,0.0,2.8021041809622584,0.0,7.23033994654125,6.857241380035157,2.4849066497880004,1.6094379124341003,7.572940683161314,7.361145778358439,5.085831109707815,5.902433274358884,7.251012607979525,3.7376696182833684,2.6390573296152584,1.0986122886681098,3.1780538303479458,2.3978952727983707,0.0
1518,69.0,169.0,2.0,0.0,0.0,0.0,0.0,0.0,3.2736210117565636,0.0,0.0,0.0,2.8021041809622584,0.0,0.014536685690892642,0.014536685690892642,0.6931471805599453,0.6931471805599453,1.086636097621394,1.086636097621394,0.0,0.0,0.0,0.6931471805599453,0.6931471805599453,0.0,0.0,0.0,1.0
152,50.0,64.0,1.0,0.0,0.0,1.0,0.0,0.0,8.35023298546321,0.0,0.0,0.0,2.8021041809622584,0.0,5.264187956402271,5.264187956402271,1.0986122886681098,1.0986122886681098,5.650946637778019,5.650946637778019,4.836281906951478,0.0,2.46080909820894,1.9459101490553132,1.9459101490553132,1.0986122886681098,0.0,0.6931471805599453,1.0
1520,51.0,120.0,1.0,0.0,0.0,0.0,0.0,0.0,2.948472188216692,0.0,0.0,0.0,2.8021041809622584,0.0,6.216633902238187,6.216633902238187,1.0986122886681098,1.0986122886681098,5.889590011846095,5.889590011846095,0.0,0.0,0.0,1.3862943611198906,1.3862943611198906,0.0,0.0,0.0,1.0
1521,27.0,56.0,2.0,0.0,0.0,0.0,0.0,0.0,6.312259042991351,0.0,0.0,0.0,2.8021041809622584,0.0,6.8396706683707595,6.8396706683707595,1.0986122886681098,1.0986122886681098,6.946151476491621,6.946151476491621,6.943811650222823,0.0,0.0,1.3862943611198906,1.3862943611198906,1.0986122886681098,0.0,0.0,1.0
1525,45.0,2.0,1.0,1.0,0.0,0.0,0.0,0.0,7.933614190438904,7.595527325069452,0.0,0.0,2.8021041809622584,0.0,7.472680213729087,7.464953657540675,1.6094379124341003,1.0986122886681098,6.906780160851805,6.906780160851805,0.0,0.0,6.902947669496646,2.302585092994046,2.302585092994046,0.0,0.0,2.1972245773362196,1.0
1526,39.0,146.0,1.0,0.0,0.0,0.0,0.0,0.0,9.260999027523098,0.0,0.0,0.0,2.8021041809622584,0.0,0.007117467768863981,0.007117467768863981,0.6931471805599453,0.6931471805599453,3.500827222610997,3.500827222610997,0.0,3.500827222610997,0.0,1.0986122886681098,1.0986122886681098,0.0,1.0986122886681098,0.0,0.0
153,67.0,92.0,1.0,1.0,0.0,1.0,0.0,0.0,6.84284449808831,7.8301139919363925,0.0,0.0,2.8021041809622584,0.0,8.175912211298668,7.6755607521804805,4.04305126783455,3.6375861597263857,8.248274457554306,7.672240745060608,5.580807412297393,6.037902457099571,7.243615083206949,4.532599493153256,4.060443010546419,2.5649493574615367,2.772588722239781,2.9444389791664403,0.0
1530,22.0,153.0,1.0,0.0,0.0,0.0,0.0,0.0,9.575383951002024,0.0,0.0,0.0,2.8021041809622584,0.0,6.934556120656706,6.934556120656706,1.3862943611198906,1.3862943611198906,7.422354488096254,7.422354488096254,7.325713451337768,0.0,2.6692103677859462,2.3978952727983707,2.3978952727983707,1.6094379124341003,0.0,0.6931471805599453,0.0
154,28.0,151.0,1.0,0.0,0.0,0.0,0.0,0.0,6.668134760656744,0.0,0.0,0.0,2.8021041809622584,0.0,6.103525688348889,6.103525688348889,1.791759469228055,1.791759469228055,7.299441849901577,7.299441849901577,0.0,7.299441849901577,0.0,3.6635616461296463,3.6635616461296463,0.0,3.6635616461296463,0.0,1.0
1540,64.0,63.0,1.0,0.0,0.0,1.0,0.0,0.0,6.640369642788515,0.0,0.0,0.0,2.8021041809622584,0.0,5.880933943516627,5.880933943516627,1.3862943611198906,1.3862943611198906,5.882210548976305,5.882210548976305,0.0,1.1767851173389183,5.371966049571182,1.9459101490553132,1.9459101490553132,0.0,0.6931471805599453,0.6931471805599453,1.0
1541,67.0,152.0,1.0,0.0,0.0,0.0,0.0,0.0,6.308798820698857,0.0,0.0,0.0,2.8021041809622584,0.0,0.00035707909681323224,0.00035707909681323224,0.6931471805599453,0.6931471805599453,4.199401460364222,4.199401460364222,3.6031659358399066,3.4213500877296332,0.0,1.3862943611198906,1.3862943611198906,0.6931471805599453,0.6931471805599453,0.0,1.0
1543,27.0,152.0,1.0,1.0,1.6094379124341003,0.0,0.0,0.0,0.3280182346889279,8.451157931676455,0.0,0.0,2.8021041809622584,0.0,8.510135631036563,7.838704618012736,2.8903717578961645,2.3978952727983707,7.857616588718564,7.840472497217712,0.0,4.566726313872803,3.6031659358399066,3.044522437723423,2.3978952727983707,0.0,1.9459101490553132,0.6931471805599453,1.0
1546,37.0,82.0,1.0,0.0,0.0,0.0,0.0,0.0,9.516011427013977,0.0,0.0,0.0,2.8021041809622584,0.0,0.00035707909681323224,0.00035707909681323224,0.6931471805599453,0.6931471805599453,4.4793639791699755,4.4793639791699755,0.0,3.80348283685294,3.711828387099481,2.4849066497880004,2.4849066497880004,0.0,2.1972245773362196,1.0986122886681098,0.0
155,27.0,97.0,1.0,0.0,0.0,0.0,0.0,0.0,0.0,0.0,0.0,0.0,2.8021041809622584,0.0,6.589587489121361,6.589587489121361,1.0986122886681098,1.0986122886681098,6.465936415495537,6.465936415495537,5.775881627762223,4.858219220081206,5.2574953720277815,2.70805020110221,2.70805020110221,1.3862943611198906,2.1972245773362196,1.0986122886681098,1.0
1550,47.0,16.0,1.0,0.0,0.0,1.0,0.0,0.0,8.737890094984476,0.0,0.0,0.0,2.8021041809622584,0.0,7.013588468626297,6.513304821983171,2.772588722239781,2.6390573296152584,6.822773788430268,6.513304821983171,2.9368917735310576,0.0,5.379732758033545,3.258096538021482,2.6390573296152584,0.6931471805599453,0.0,2.302585092994046,1.0
1551,3.0,15.0,1.0,0.0,0.0,1.0,0.0,0.0,0.0,0.0,0.0,3.820408844067786,2.8021041809622584,0.0,4.226812889993359,4.2261818122638,1.791759469228055,1.6094379124341003,6.158839390762043,6.0049367805148535,4.683453104382135,4.140125668567115,5.4511917220156905,2.6390573296152584,2.3978952727983707,0.6931471805599453,1.791759469228055,1.0986122886681098,0.0
1553,35.0,87.0,1.0,0.0,0.0,0.0,0.0,0.0,4.698335209446028,0.0,0.0,0.0,2.8021041809622584,0.0,7.35906358282518,7.35906358282518,1.9459101490553132,1.9459101490553132,7.817900594981665,7.817900594981665,6.3985652217096645,6.995925745872217,6.618012036158359,4.07753744390572,4.07753744390572,2.1972245773362196,3.332204510175204,2.833213344056216,0.0
1559,34.0,11.0,1.0,0.0,0.0,0.0,0.0,0.0,2.8165415249471164,0.0,0.0,0.0,2.8021041809622584,0.0,6.701347682737979,6.701347682737979,1.0986122886681098,1.0986122886681098,6.803766837472936,6.803766837472936,0.0,0.0,5.6584861997410245,1.791759469228055,1.791759469228055,0.0,0.0,1.0986122886681098,0.0
1562,52.0,119.0,1.0,0.0,0.0,0.0,0.0,0.0,5.604866755079219,0.0,0.0,0.0,2.8021041809622584,0.0,6.137496388793279,6.137496388793279,1.3862943611198906,1.3862943611198906,6.3311840566473006,6.3311840566473006,6.0792791728355215,0.0,4.809858772928942,1.9459101490553132,1.9459101490553132,1.3862943611198906,0.0,1.0986122886681098,1.0
1566,4.0,33.0,1.0,0.0,0.0,1.0,0.0,0.0,8.300352059497131,0.0,0.0,0.0,2.8021041809622584,0.0,6.444589929599779,6.444589929599779,1.3862943611198906,1.3862943611198906,6.02845922679385,6.02845922679385,0.0,5.135609343542959,5.490117667296535,2.5649493574615367,2.5649493574615367,0.0,2.0794415416798357,1.6094379124341003,1.0
1569,3.0,152.0,1.0,3.0,3.4965075614664802,0.0,0.0,0.0,9.571017147893299,3.9694897050764744,10.684350065376027,0.0,2.8021041809622584,0.0,6.05936015014937,6.059274218890153,1.3862943611198906,1.0986122886681098,6.393160656694235,6.393160656694235,0.0,6.048199260088286,5.147494476813453,3.044522437723423,3.044522437723423,0.0,2.6390573296152584,1.9459101490553132,0.0
1578,30.0,131.0,1.0,0.0,0.0,0.0,0.0,0.0,4.83666165343276,0.0,0.0,0.0,2.8021041809622584,0.0,6.155928191564092,6.155928191564092,1.0986122886681098,1.0986122886681098,6.376566585186987,6.376566585186987,4.502979245091544,5.084584750285625,5.813277289452483,3.1354942159291497,3.1354942159291497,1.0986122886681098,2.5649493574615367,2.0794415416798357,1.0
1586,2.0,30.0,1.0,0.0,0.0,0.0,0.0,0.0,0.0,0.0,0.0,0.0,2.8021041809622584,0.0,5.352874881138732,5.352874881138732,1.3862943611198906,1.3862943611198906,5.353768967468321,5.353768967468321,4.5417738694292975,3.332587090043417,0.0,1.791759469228055,1.791759469228055,1.0986122886681098,0.6931471805599453,0.0,0.0
1587,40.0,13.0,1.0,0.0,0.0,0.0,0.0,0.0,8.889133770362859,0.0,0.0,0.0,2.8021041809622584,0.0,5.017632187220403,5.017632187220403,1.3862943611198906,1.3862943611198906,8.056319301833906,8.056319301833906,4.28260085453587,4.717385368928312,7.996004532598796,2.302585092994046,2.302585092994046,0.6931471805599453,1.0986122886681098,1.791759469228055,0.0
1588,61.0,37.0,1.0,0.0,0.0,1.0,0.0,0.0,10.234842047461441,0.0,0.0,4.603944435062273,2.8021041809622584,0.0,6.2791263068534615,6.2791263068534615,1.0986122886681098,1.0986122886681098,6.1940408931965,6.1940408931965,5.880931949102981,4.22631223287044,4.120197941048435,2.0794415416798357,2.0794415416798357,0.6931471805599453,0.6931471805599453,1.3862943611198906,1.0
1589,20.0,22.0,1.0,0.0,0.6931471805599453,0.0,0.0,0.0,1.8374268487447876,0.0,8.828282730454417,0.0,2.8021041809622584,0.0,0.0295588022415444,0.0295588022415444,0.6931471805599453,0.6931471805599453,0.0,0.0,0.0,0.0,0.0,0.0,0.0,0.0,0.0,0.0,0.0
1594,22.0,110.0,1.0,0.0,0.0,1.0,0.0,0.0,9.129108198239717,0.0,0.0,5.5193973616224135,2.8021041809622584,0.0,6.7834101347093005,6.7834101347093005,1.0986122886681098,1.0986122886681098,6.714560103807662,6.714560103807662,6.572682063274631,0.0,4.665455254364462,2.1972245773362196,2.1972245773362196,1.0986122886681098,0.0,1.791759469228055,1.0
1597,19.0,181.0,1.0,0.0,0.0,1.0,0.0,0.0,8.67350543134747,0.0,0.0,0.0,2.8021041809622584,0.0,7.462556023793124,7.125733225790176,2.5649493574615367,2.302585092994046,7.089429900368024,6.93996763095346,5.420534999272286,5.398427695492306,4.45477494566225,3.1780538303479458,2.8903717578961645,1.3862943611198906,1.9459101490553132,1.6094379124341003,1.0
1598,23.0,80.0,1.0,1.0,0.0,0.0,0.0,0.0,7.4882157681129025,9.929026897140083,0.0,0.0,2.8021041809622584,0.0,2.2353381454740475,2.220987605848496,1.791759469228055,1.6094379124341003,1.826850789039325,1.826850789039325,0.0,0.0,1.826850789039325,0.6931471805599453,0.6931471805599453,0.0,0.0,0.6931471805599453,1.0
1599,25.0,220.0,1.0,0.0,0.0,0.0,0.0,0.0,8.898697665400988,0.0,0.0,0.0,2.8021041809622584,0.0,3.820847124762276,3.820847124762276,1.0986122886681098,1.0986122886681098,4.232033964995287,4.232033964995287,4.232033964995287,0.0,0.0,1.0986122886681098,1.0986122886681098,1.0986122886681098,0.0,0.0,1.0
16,46.0,149.0,1.0,1.0,1.0986122886681098,0.0,0.0,0.0,9.212031405658154,3.4861073458805665,11.13089366466578,0.0,2.8021041809622584,0.0,5.98068793748051,5.957791417617829,1.3862943611198906,1.0986122886681098,6.291331015971053,6.291331015971053,0.0,4.098739651556323,6.175050185566337,2.4849066497880004,2.4849066497880004,0.0,0.6931471805599453,2.3978952727983707,1.0
1603,52.0,150.0,4.0,0.0,0.0,0.0,0.0,0.0,4.015062973554152,0.0,0.0,0.0,2.8021041809622584,0.0,5.975990982312988,5.975990982312988,1.6094379124341003,1.6094379124341003,5.891940142777376,5.891940142777376,4.917893242397641,5.422271796108962,0.0,3.367295829986474,3.367295829986474,2.0794415416798357,3.091042453358316,0.0,1.0
1604,60.0,19.0,1.0,0.0,0.0,0.0,1.0,0.0,2.5966396749511107,0.0,0.0,0.0,5.112422289472217,0.0,7.973520509062337,7.704443767873825,2.6390573296152584,2.0794415416798357,8.038955411551523,7.825090750639868,3.500827222610997,7.406325757134554,5.146039931102459,3.8501476017100584,3.258096538021482,0.6931471805599453,3.4657359027997265,1.0986122886681098,0.0
1606,47.0,78.0,1.0,0.0,0.0,0.0,0.0,1.0,7.769622257782137,0.0,0.0,0.0,2.8021041809622584,5.602844703910037,7.231912971280312,7.190627588762141,1.9459101490553132,1.791759469228055,6.38124599759109,6.3655845620779825,0.0,4.869979261665488,5.396545363303323,2.995732273553991,2.8903717578961645,0.0,2.0794415416798357,1.791759469228055,1.0
1609,31.0,111.0,1.0,0.0,0.0,0.0,0.0,0.0,5.336923192894968,0.0,0.0,0.0,2.8021041809622584,0.0,4.330733340286331,4.330733340286331,0.6931471805599453,0.6931471805599453,4.542534614996606,4.542534614996606,0.0,0.0,4.542534614996606,1.0986122886681098,1.0986122886681098,0.0,0.0,1.0986122886681098,1.0
161,46.0,103.0,1.0,1.0,1.0986122886681098,0.0,0.0,0.0,5.049402607776232,4.477056742794261,10.382240727890279,0.0,2.8021041809622584,0.0,2.7429575959543446,1.1464950117589385,3.1780538303479458,1.0986122886681098,1.088080836615768,0.0,0.0,0.0,0.0,3.044522437723423,0.0,0.0,0.0,0.0,0.0
1610,48.0,92.0,1.0,0.0,0.0,1.0,0.0,0.0,5.285962790669797,0.0,0.0,6.13356614166554,2.8021041809622584,0.0,9.150209077114708,9.144179125407772,2.0794415416798357,1.791759469228055,7.926704063863478,7.913140419209872,5.285376855272302,3.804199140755588,5.13768740812302,3.044522437723423,2.9444389791664403,1.3862943611198906,1.0986122886681098,2.0794415416798357,0.0
1611,41.0,181.0,1.0,0.0,0.0,1.0,0.0,0.0,0.0,0.0,0.0,0.0,2.8021041809622584,0.0,6.938205500712188,6.938205500712188,1.3862943611198906,1.3862943611198906,7.008220977401325,7.008220977401325,5.190573059534934,3.500827222610997,6.79299356738325,2.4849066497880004,2.4849066497880004,0.6931471805599453,1.3862943611198906,1.9459101490553132,0.0
1614,48.0,65.0,1.0,0.0,0.0,0.0,0.0,0.0,0.010303875138271894,0.0,0.0,0.0,2.8021041809622584,0.0,6.383872156875792,6.383872156875792,1.3862943611198906,1.3862943611198906,6.270847995316481,6.270847995316481,4.836281906951478,5.126918793311225,5.273914890435435,2.772588722239781,2.772588722239781,0.6931471805599453,2.1972245773362196,1.3862943611198906,1.0
164,40.0,151.0,1.0,1.0,2.302585092994046,0.0,0.0,0.0,7.897839208984072,7.855925696127421,7.955818106825595,0.0,2.8021041809622584,0.0,2.811229768792463,0.07927318089450787,1.0986122886681098,0.6931471805599453,8.19559991206975,8.19559991206975,4.683453104382135,6.390361704802308,7.979852461994492,2.772588722239781,2.772588722239781,0.6931471805599453,2.1972245773362196,1.791759469228055,0.0
165,42.0,103.0,1.0,0.0,0.0,0.0,0.0,0.0,2.9374976505565593,0.0,0.0,0.0,2.8021041809622584,0.0,7.232923043825271,7.232923043825271,1.3862943611198906,1.3862943611198906,6.9725342845938565,6.9725342845938565,4.968820743663249,0.0,6.6593049086342475,2.8903717578961645,2.8903717578961645,0.6931471805599453,0.0,2.5649493574615367,0.0
166,48.0,51.0,1.0,0.0,0.0,1.0,0.0,1.0,2.8212088039187955,0.0,0.0,6.627910982191078,2.8021041809622584,7.704127339209061,7.2348363625647965,7.074438223352693,2.772588722239781,2.5649493574615367,7.283172238948103,7.083452263096116,6.79554596694305,0.0,4.28260085453587,3.1780538303479458,2.70805020110221,1.791759469228055,0.0,1.0986122886681098,1.0
168,26.0,168.0,1.0,1.0,0.0,1.0,0.0,0.0,4.28260085453587,9.793801544616667,0.0,0.0,2.8021041809622584,0.0,5.719147164283438,5.719147164283438,1.3862943611198906,1.3862943611198906,5.755968227826771,5.755968227826771,0.0,0.0,5.745175734544748,2.0794415416798357,2.0794415416798357,0.0,0.0,1.9459101490553132,0.0
169,75.0,76.0,1.0,0.0,0.0,0.0,0.0,0.0,7.0097934245326,0.0,0.0,0.0,2.8021041809622584,0.0,6.920684548868157,6.920684548868157,1.3862943611198906,1.3862943611198906,6.769028372201356,6.769028372201356,5.388419201245223,5.51212749668117,6.002657916949163,3.091042453358316,3.091042453358316,1.791759469228055,2.302585092994046,1.9459101490553132,1.0
170,41.0,151.0,1.0,0.0,0.0,0.0,0.0,0.0,0.0,0.0,0.0,0.0,2.8021041809622584,0.0,5.775882735426651,5.775882735426651,1.0986122886681098,1.0986122886681098,5.747395997803755,5.747395997803755,0.0,0.0,1.5119825762833874,1.791759469228055,1.791759469228055,0.0,0.0,0.6931471805599453,0.0
174,22.0,109.0,1.0,0.0,0.0,1.0,0.0,1.0,4.273456608965057,0.0,0.0,6.279707399793132,2.8021041809622584,9.563433433626885,7.188035021667156,7.157580265261473,1.9459101490553132,1.791759469228055,7.1332817032838545,7.12876799023975,6.258488269094068,4.75103150173162,5.4700172362272514,2.995732273553991,2.8903717578961645,1.0986122886681098,1.791759469228055,1.9459101490553132,1.0
175,41.0,61.0,1.0,0.0,0.0,0.0,0.0,2.0,0.06832598249924772,0.0,0.0,0.0,2.8021041809622584,9.940315725213797,6.518179689753301,6.309855938621106,1.791759469228055,1.6094379124341003,6.346732877229181,6.341776162950174,5.371966049571182,0.0,5.269055895099311,2.1972245773362196,2.0794415416798357,1.0986122886681098,0.0,1.3862943611198906,0.0
176,56.0,188.0,1.0,0.0,0.0,0.0,0.0,0.0,5.843372559614616,0.0,0.0,0.0,2.8021041809622584,0.0,5.742439842347033,5.742439842347033,1.0986122886681098,1.0986122886681098,5.925413454038602,5.925413454038602,4.836281906951478,4.3448114091852,5.140192131965367,2.9444389791664403,2.9444389791664403,1.6094379124341003,2.1972245773362196,1.3862943611198906,0.0
18,25.0,41.0,1.0,0.0,0.0,0.0,1.0,0.0,6.842644022434377,0.0,0.0,0.0,6.940001520912077,0.0,7.8580056560826055,7.779846294441235,2.1972245773362196,1.0986122886681098,7.533949215783279,7.150818817652344,6.5575897152289215,6.570333091300255,5.588852507982224,3.8066624897703196,3.2188758248682006,1.9459101490553132,3.1354942159291497,2.0794415416798357,1.0
180,56.0,174.0,1.0,0.0,0.0,0.0,0.0,0.0,6.8062622748508,0.0,0.0,0.0,2.8021041809622584,0.0,6.216992396580061,6.216992396580061,1.0986122886681098,1.0986122886681098,6.162938793501916,6.162938793501916,6.14265165622092,0.0,2.1484344131667874,2.3978952727983707,2.3978952727983707,1.6094379124341003,0.0,0.6931471805599453,0.0
183,32.0,179.0,1.0,0.0,0.0,0.0,0.0,0.0,8.461177334693279,0.0,0.0,0.0,2.8021041809622584,0.0,5.938197501643385,5.938197501643385,1.6094379124341003,1.6094379124341003,5.789276232390094,5.789276232390094,4.462618642004185,4.442008192626207,5.032832344721782,3.1354942159291497,3.1354942159291497,1.6094379124341003,2.1972245773362196,1.9459101490553132,1.0
188,30.0,53.0,1.0,0.0,0.0,1.0,0.0,0.0,6.619653594696099,0.0,0.0,0.0,2.8021041809622584,0.0,7.97514591936049,7.561879441131622,3.4011973816621555,3.295836866004329,7.962111981722963,7.561879441131622,5.229579564568908,5.479552023356336,6.23342985266278,4.04305126783455,3.5263605246161616,1.6094379124341003,2.70805020110221,2.1972245773362196,0.0
19,46.0,94.0,1.0,1.0,0.0,0.0,0.0,0.0,10.170422071746936,11.179724172972197,0.0,0.0,2.8021041809622584,0.0,6.701333634020539,6.701310804433745,1.3862943611198906,1.0986122886681098,5.006940381066646,5.006940381066646,0.0,0.0,4.977597900947721,1.791759469228055,1.791759469228055,0.0,0.0,1.6094379124341003,0.0
196,63.0,75.0,1.0,1.0,0.0,0.0,0.0,0.0,4.049975858972308,0.04470017891790689,0.0,0.0,2.8021041809622584,0.0,9.817484147891127,7.211242503664176,2.3978952727983707,1.6094379124341003,7.004065607821283,7.004065607821283,5.929589143389895,4.569217270620151,5.9373477214328245,3.091042453358316,3.091042453358316,0.6931471805599453,1.3862943611198906,2.70805020110221,1.0
197,70.0,58.0,1.0,1.0,1.6094379124341003,0.0,0.0,0.0,6.532782309959287,12.16312437981985,0.0,0.0,2.8021041809622584,0.0,10.281231833410429,10.28121376790999,2.3978952727983707,2.302585092994046,10.338898581658132,10.338898581658132,0.0,0.0,7.715282887492209,2.4849066497880004,2.4849066497880004,0.0,0.0,1.3862943611198906,1.0
199,47.0,151.0,1.0,0.0,0.0,0.0,0.0,1.0,5.029291138972048,0.0,0.0,0.0,2.8021041809622584,8.40340536071812,7.300873765997063,7.287200256833376,1.6094379124341003,1.3862943611198906,7.066691835150341,7.063029205282833,5.371966049571182,4.879870139930985,6.191412578914241,3.784189633918261,3.7376696182833684,1.6094379124341003,2.5649493574615367,1.3862943611198906,0.0
200,24.0,129.0,2.0,0.0,1.0986122886681098,0.0,1.0,0.0,0.0,0.0,0.0,0.0,6.200901736794396,0.0,9.912608119145277,9.713020381550646,2.3978952727983707,1.6094379124341003,8.943644959470744,8.859536932479608,6.505570498995543,7.8125140584703665,6.794980040495185,4.143134726391533,3.6635616461296463,1.6094379124341003,3.6888794541139363,2.3978952727983707,0.0
201,68.0,34.0,2.0,0.0,0.0,0.0,0.0,0.0,8.539709081262956,0.0,0.0,0.0,2.8021041809622584,0.0,6.166172371432481,6.166172371432481,1.0986122886681098,1.0986122886681098,6.731022362320939,6.731022362320939,6.14265165622092,0.0,0.0,1.9459101490553132,1.9459101490553132,1.3862943611198906,0.0,0.0,1.0
206,83.0,205.0,1.0,1.0,0.0,0.0,0.0,0.0,9.335745019379086,10.038666087875978,0.0,0.0,2.8021041809622584,0.0,5.920068279573072,0.0,1.3862943611198906,0.0,6.628749742009252,0.0,0.0,0.0,3.7436043538031827,1.3862943611198906,0.0,0.0,0.0,1.0986122886681098,1.0
207,41.0,25.0,1.0,0.0,0.0,0.0,0.0,0.0,5.179823363928813,0.0,0.0,0.0,2.8021041809622584,0.0,4.000105832020115,4.000105832020115,1.3862943611198906,1.3862943611198906,2.847750029747109,2.847750029747109,0.0,0.0,0.0,1.3862943611198906,1.3862943611198906,0.0,0.0,0.0,0.0
211,44.0,71.0,1.0,1.0,2.772588722239781,1.0,0.0,0.0,8.707580170783212,7.385033278580499,5.717827428531702,5.612906496850131,2.8021041809622584,0.0,6.177033058976244,6.172521912291208,1.3862943611198906,1.0986122886681098,3.6608106127577567,3.6608106127577567,0.0,0.0,3.6031659358399066,1.0986122886681098,1.0986122886681098,0.0,0.0,0.6931471805599453,0.0
214,39.0,9.0,1.0,0.0,0.0,1.0,1.0,0.0,6.3400065078165255,0.0,0.0,0.0,8.171518340332272,0.0,6.1985709015578845,6.197118180465226,1.3862943611198906,1.0986122886681098,6.697073929418836,6.695308774001976,5.371966049571182,4.94670611108402,6.111942361283441,2.995732273553991,2.8903717578961645,1.0986122886681098,2.302585092994046,1.791759469228055,1.0
216,61.0,71.0,1.0,0.0,0.0,1.0,0.0,0.0,5.263160100684822,0.0,0.0,5.511482729478204,2.8021041809622584,0.0,4.917908916255997,4.917908916255997,1.0986122886681098,1.0986122886681098,1.4799798451972135,1.4799798451972135,0.0,0.0,0.0,0.6931471805599453,0.6931471805599453,0.0,0.0,0.0,0.0
217,17.0,152.0,1.0,1.0,0.0,0.0,0.0,0.0,9.003975447501047,0.0,0.0,0.0,2.8021041809622584,0.0,9.34625342619181,0.0426488961473495,1.3862943611198906,0.6931471805599453,9.3441154848985,9.3441154848985,0.0,0.0,9.343959260772804,1.0986122886681098,1.0986122886681098,0.0,0.0,0.6931471805599453,1.0
223,30.0,76.0,1.0,0.0,0.0,0.0,0.0,0.0,7.549784525717819,0.0,0.0,0.0,2.8021041809622584,0.0,0.4366407255766141,0.4366407255766141,0.6931471805599453,0.6931471805599453,4.417759989715727,4.417759989715727,0.0,0.0,4.28260085453587,1.791759469228055,1.791759469228055,0.0,0.0,0.6931471805599453,1.0
224,83.0,175.0,1.0,0.0,0.6931471805599453,0.0,0.0,0.0,5.377463518589502,0.0,0.0,0.0,2.8021041809622584,0.0,7.223320947556091,7.223320947556091,1.0986122886681098,1.0986122886681098,0.6380874033769179,0.6380874033769179,0.0,0.0,0.0,0.6931471805599453,0.6931471805599453,0.0,0.0,0.0,0.0
226,57.0,107.0,1.0,0.0,0.0,0.0,0.0,0.0,9.662687657403508,0.0,0.0,0.0,2.8021041809622584,0.0,7.636499168863936,7.636499168863936,1.0986122886681098,1.0986122886681098,7.16253591523953,7.16253591523953,0.0,0.0,7.15984718272843,1.3862943611198906,1.3862943611198906,0.0,0.0,1.0986122886681098,0.0
227,36.0,151.0,1.0,1.0,2.1972245773362196,0.0,0.0,0.0,8.457808225016565,8.88126406789502,0.0,0.0,2.8021041809622584,0.0,3.9782320055384814,0.003209130940948376,1.0986122886681098,0.6931471805599453,0.0,0.0,0.0,0.0,0.0,0.0,0.0,0.0,0.0,0.0,0.0
228,38.0,158.0,1.0,1.0,0.0,0.0,0.0,0.0,9.224222566871546,0.7463493661405727,0.0,0.0,2.8021041809622584,0.0,7.265145966715157,7.265145966715157,1.0986122886681098,1.0986122886681098,6.804495729351918,6.804495729351918,5.880931949102981,5.346937448227051,5.80491979946972,2.5649493574615367,2.5649493574615367,0.6931471805599453,1.0986122886681098,2.0794415416798357,0.0
229,74.0,141.0,2.0,0.0,0.0,0.0,0.0,0.0,5.583329807273402,0.0,0.0,0.0,2.8021041809622584,0.0,5.190859414712761,5.190859414712761,1.0986122886681098,1.0986122886681098,3.0359826761752884,3.0359826761752884,0.0,0.0,2.9368917735310576,1.0986122886681098,1.0986122886681098,0.0,0.0,0.6931471805599453,1.0
231,27.0,216.0,2.0,0.0,0.0,1.0,0.0,0.0,4.743026587264384,0.0,0.0,0.0,2.8021041809622584,0.0,6.802744305401964,6.755108467777386,2.1972245773362196,1.9459101490553132,6.788209708831133,6.739885082169247,5.975988261968483,4.825538461212316,5.653114298124972,3.2188758248682006,3.1354942159291497,1.0986122886681098,2.302585092994046,2.0794415416798357,1.0
232,38.0,4.0,1.0,0.0,0.0,0.0,0.0,0.0,3.536726776949351,0.0,0.0,0.0,2.8021041809622584,0.0,6.298891472077768,6.298891472077768,1.0986122886681098,1.0986122886681098,6.174424293073042,6.174424293073042,0.0,4.157531724256551,6.02724528438882,2.302585092994046,2.302585092994046,0.0,1.3862943611198906,1.791759469228055,1.0
233,32.0,85.0,1.0,0.0,0.0,0.0,0.0,0.0,2.832162371810241,0.0,0.0,0.0,2.8021041809622584,0.0,6.712265978150585,6.712265978150585,1.3862943611198906,1.3862943611198906,1.9810014688665833,1.9810014688665833,0.0,0.0,0.0,1.0986122886681098,1.0986122886681098,0.0,0.0,0.0,1.0
235,26.0,146.0,1.0,0.0,0.0,0.0,0.0,1.0,5.54060506510269,0.0,0.0,0.0,2.8021041809622584,7.430544057995592,6.945686355967004,6.904226201965942,1.791759469228055,1.6094379124341003,7.0241309755949795,7.018679928951254,5.880931949102981,3.3530320222615653,6.229918859659283,3.2188758248682006,3.1354942159291497,0.6931471805599453,1.0986122886681098,2.772588722239781,0.0
237,40.0,173.0,1.0,0.0,0.0,0.0,0.0,0.0,4.836423620265681,0.0,0.0,0.0,2.8021041809622584,0.0,0.050489399922391785,0.050489399922391785,0.6931471805599453,0.6931471805599453,1.086636097621394,1.086636097621394,0.0,0.0,0.0,0.6931471805599453,0.6931471805599453,0.0,0.0,0.0,1.0
239,24.0,150.0,1.0,1.0,2.3978952727983707,0.0,0.0,0.0,0.0,1.3722678768867498,12.33375366429211,0.0,2.8021041809622584,0.0,2.519681827677656,0.00035707909681323224,1.3862943611198906,0.6931471805599453,2.5649493574615367,2.5649493574615367,0.0,0.0,2.5483284762254965,1.0986122886681098,1.0986122886681098,0.0,0.0,0.6931471805599453,0.0
24,29.0,23.0,1.0,0.0,0.0,0.0,0.0,0.0,5.430709047447818,0.0,0.0,0.0,2.8021041809622584,0.0,7.040617385184461,7.040617385184461,1.3862943611198906,1.3862943611198906,6.805797696931245,6.805797696931245,0.0,5.558467643491342,6.462304879791179,3.1354942159291497,3.1354942159291497,0.0,1.9459101490553132,2.772588722239781,0.0
240,43.0,162.0,1.0,0.0,0.6931471805599453,0.0,0.0,0.0,5.705345538150024,0.0,8.720087212159301,0.0,2.8021041809622584,0.0,7.164869246267495,7.164869246267495,1.3862943611198906,1.3862943611198906,7.6767458128057,7.6767458128057,0.0,0.0,7.675404129696779,1.3862943611198906,1.3862943611198906,0.0,0.0,1.0986122886681098,1.0
243,20.0,6.0,1.0,1.0,2.4849066497880004,0.0,0.0,0.0,6.283442957425828,11.330011831504898,0.0,0.0,2.8021041809622584,0.0,9.171517939498623,9.170172441783023,2.4849066497880004,2.1972245773362196,9.684175224134384,9.27839840663932,9.181455770981321,6.463874876141322,5.845974174992583,3.4965075614664802,3.4657359027997265,1.9459101490553132,2.833213344056216,2.0794415416798357,1.0
246,62.0,0.0,2.0,0.0,0.0,0.0,0.0,1.0,7.859161744162654,0.0,0.0,0.0,2.8021041809622584,5.439637101145772,7.082681102254087,7.029248882277266,1.791759469228055,1.6094379124341003,7.029963429992661,7.027463444513286,5.764743174445888,5.141183073503559,6.246729495133239,3.6375861597263857,3.6109179126442243,1.6094379124341003,2.833213344056216,2.70805020110221,1.0
25,97.0,181.0,1.0,0.0,0.0,0.0,0.0,0.0,4.386778718474036,0.0,0.0,0.0,2.8021041809622584,0.0,6.702783123268033,6.702783123268033,1.6094379124341003,1.6094379124341003,5.787565431615788,5.787565431615788,4.8075277695424665,5.31585903644391,0.0,2.995732273553991,2.995732273553991,1.791759469228055,2.6390573296152584,0.0,0.0
255,73.0,152.0,2.0,0.0,0.0,0.0,0.0,0.0,0.18855210654459068,0.0,0.0,0.0,2.8021041809622584,0.0,7.057049901511071,7.057049901511071,1.0986122886681098,1.0986122886681098,6.945222739052091,6.945222739052091,6.2166061010848646,4.311757438827326,6.029395796017708,2.772588722239781,2.772588722239781,1.791759469228055,1.0986122886681098,1.6094379124341003,1.0
257,45.0,38.0,1.0,0.0,0.0,0.0,0.0,1.0,5.585391665056933,0.0,0.0,0.0,2.8021041809622584,9.182406140476127,7.432363978252624,7.411623613986657,2.0794415416798357,1.9459101490553132,6.9487553147949574,6.946730769763178,0.0,0.0,6.413341854292348,2.3978952727983707,2.302585092994046,0.0,0.0,1.6094379124341003,1.0
258,73.0,182.0,1.0,0.0,0.0,0.0,0.0,0.0,0.0,0.0,0.0,0.0,2.8021041809622584,0.0,7.278469213504377,7.278469213504377,1.0986122886681098,1.0986122886681098,7.590256708368817,7.590256708368817,7.313886831633462,0.0,6.1637658301266285,2.302585092994046,2.302585092994046,1.3862943611198906,0.0,1.791759469228055,1.0
260,40.0,153.0,1.0,0.0,0.0,0.0,0.0,0.0,7.564508703919195,0.0,0.0,0.0,2.8021041809622584,0.0,6.648446840718195,6.648446840718195,1.791759469228055,1.791759469228055,5.851689211785995,5.851689211785995,0.0,4.335889198907202,5.594844137650491,2.70805020110221,2.70805020110221,0.0,1.0986122886681098,2.4849066497880004,1.0
261,18.0,152.0,1.0,0.0,0.0,0.0,0.0,0.0,5.276557324765473,0.0,0.0,0.0,2.8021041809622584,0.0,4.836774982648586,4.836774982648586,1.3862943611198906,1.3862943611198906,4.953276019749051,4.953276019749051,0.0,0.0,4.910551835539273,2.0794415416798357,2.0794415416798357,0.0,0.0,1.6094379124341003,0.0
263,67.0,10.0,1.0,0.0,0.0,0.0,0.0,0.0,3.7332038793851736,0.0,0.0,0.0,2.8021041809622584,0.0,4.353976158621969,4.353976158621969,1.3862943611198906,1.3862943611198906,5.549353978463772,5.549353978463772,4.917893242397641,1.252762968495368,4.777922291765895,1.791759469228055,1.791759469228055,1.0986122886681098,0.6931471805599453,1.0986122886681098,0.0
265,26.0,179.0,1.0,0.0,0.0,0.0,0.0,0.0,2.9336288803224337,0.0,0.0,0.0,2.8021041809622584,0.0,7.575009577809669,7.575009577809669,2.1972245773362196,2.1972245773362196,1.4799798451972135,1.4799798451972135,0.0,0.0,0.0,0.6931471805599453,0.6931471805599453,0.0,0.0,0.0,0.0
266,42.0,34.0,1.0,0.0,0.0,0.0,0.0,0.0,6.941265349277076,0.0,0.0,0.0,2.8021041809622584,0.0,5.8883960456348525,5.8883960456348525,1.0986122886681098,1.0986122886681098,6.0529551803828445,6.0529551803828445,5.829785600859932,3.389582571092781,3.9856783241293416,2.4849066497880004,2.4849066497880004,1.791759469228055,1.3862943611198906,1.0986122886681098,1.0
267,73.0,36.0,1.0,0.0,0.0,0.0,0.0,0.0,0.0,0.0,0.0,0.0,2.8021041809622584,0.0,6.476633294423456,6.476633294423456,1.0986122886681098,1.0986122886681098,5.302362744390672,5.302362744390672,3.6031659358399066,4.88163782537463,3.481240089335692,2.5649493574615367,2.5649493574615367,0.6931471805599453,2.0794415416798357,1.0986122886681098,0.0
270,31.0,63.0,1.0,0.0,0.0,0.0,0.0,0.0,4.62817147362405,0.0,0.0,0.0,2.8021041809622584,0.0,6.12633722730402,6.12633722730402,1.3862943611198906,1.3862943611198906,6.191486411995222,6.191486411995222,0.0,4.987634701613117,5.830049000256266,2.772588722239781,2.772588722239781,0.0,2.302585092994046,1.791759469228055,0.0
273,40.0,67.0,1.0,0.0,0.0,0.0,0.0,0.0,6.6290013272216175,0.0,0.0,0.0,2.8021041809622584,0.0,0.007472014838700995,0.007472014838700995,0.6931471805599453,0.6931471805599453,4.869269208628417,4.869269208628417,4.502979245091544,3.1250673740471044,2.8141247474936937,2.302585092994046,2.302585092994046,1.6094379124341003,1.0986122886681098,0.6931471805599453,1.0
274,66.0,169.0,1.0,0.0,0.0,0.0,0.0,0.0,3.4482172723386992,0.0,0.0,0.0,2.8021041809622584,0.0,8.181021009774026,8.181021009774026,1.9459101490553132,1.9459101490553132,8.310897802218959,8.310897802218959,0.0,0.0,8.306101721126169,2.3978952727983707,2.3978952727983707,0.0,0.0,1.9459101490553132,1.0
276,68.0,38.0,1.0,0.0,2.302585092994046,0.0,0.0,0.0,2.9951428141426373,0.0,11.099063987948666,0.0,2.8021041809622584,0.0,5.969945375964452,5.969945375964452,1.0986122886681098,1.0986122886681098,6.250767812813903,6.250767812813903,0.0,2.838451700717805,4.952552083015231,1.791759469228055,1.791759469228055,0.0,0.6931471805599453,1.0986122886681098,0.0
28,18.0,28.0,1.0,0.0,0.0,0.0,0.0,0.0,2.7477058013633653,0.0,0.0,0.0,2.8021041809622584,0.0,6.8328023345552555,6.8328023345552555,1.0986122886681098,1.0986122886681098,6.888084500136426,6.888084500136426,0.0,3.005682604407159,6.339161812014363,2.302585092994046,2.302585092994046,0.0,0.6931471805599453,1.9459101490553132,0.0
283,27.0,104.0,1.0,0.0,0.0,0.0,0.0,0.0,6.350413154314306,0.0,0.0,0.0,2.8021041809622584,0.0,0.001070855001492987,0.001070855001492987,0.6931471805599453,0.6931471805599453,2.8471908324912434,2.8471908324912434,2.46080909820894,1.6629786793621302,0.0,1.791759469228055,1.791759469228055,1.0986122886681098,1.0986122886681098,0.0,1.0
286,4.0,20.0,1.0,0.0,1.0986122886681098,0.0,0.0,0.0,3.154367779456716,0.0,8.924482681945342,0.0,2.8021041809622584,0.0,0.0035650661644961576,0.0035650661644961576,0.6931471805599453,0.6931471805599453,0.0,0.0,0.0,0.0,0.0,0.0,0.0,0.0,0.0,0.0,0.0
289,44.0,150.0,1.0,1.0,1.0986122886681098,1.0,0.0,0.0,5.035797018471562,8.794572623461127,0.0,0.0,2.8021041809622584,0.0,5.707333305843935,5.703077464290024,1.3862943611198906,1.0986122886681098,5.786460169238996,5.786460169238996,5.190573059534934,0.0,4.97599701790373,1.791759469228055,1.791759469228055,1.0986122886681098,0.0,1.0986122886681098,0.0
293,21.0,76.0,1.0,0.0,0.0,0.0,0.0,0.0,5.219173659414297,0.0,0.0,0.0,2.8021041809622584,0.0,6.288788159814157,6.288788159814157,2.1972245773362196,2.1972245773362196,5.686454639676626,5.686454639676626,5.594180171090011,3.190917170278702,0.0,2.4849066497880004,2.4849066497880004,2.0794415416798357,1.0986122886681098,0.0,0.0
296,16.0,36.0,1.0,0.0,0.0,0.0,0.0,0.0,5.642250223807219,0.0,0.0,0.0,2.8021041809622584,0.0,0.0014275519911854174,0.0014275519911854174,0.6931471805599453,0.6931471805599453,1.4799798451972135,1.4799798451972135,0.0,0.0,0.0,0.6931471805599453,0.6931471805599453,0.0,0.0,0.0,1.0
299,28.0,137.0,1.0,0.0,2.1972245773362196,0.0,0.0,0.0,4.925025531788287,0.0,0.0,0.0,2.8021041809622584,0.0,0.008888947417246025,0.008888947417246025,0.6931471805599453,0.6931471805599453,0.0,0.0,0.0,0.0,0.0,0.0,0.0,0.0,0.0,0.0,0.0
3,17.0,140.0,1.0,0.0,0.6931471805599453,0.0,0.0,0.0,6.181371104204403,0.0,4.684459862952411,0.0,2.8021041809622584,0.0,7.382839506887284,7.382839506887284,1.6094379124341003,1.6094379124341003,4.826311734631628,4.826311734631628,0.0,4.734944529734902,2.4577556607220497,1.3862943611198906,1.3862943611198906,0.0,0.6931471805599453,0.6931471805599453,1.0
30,54.0,2.0,1.0,1.0,1.0986122886681098,1.0,1.0,0.0,5.096705950969656,0.28060350698743697,0.0,6.237894147352639,3.758005650046122,0.0,8.499522043759654,8.484837267302728,2.3978952727983707,1.791759469228055,8.045675387815463,7.9455973027879025,6.272068054095419,5.938948701197491,7.663706721023915,3.8066624897703196,2.995732273553991,1.6094379124341003,3.295836866004329,2.302585092994046,1.0
301,37.0,58.0,1.0,0.0,0.0,0.0,1.0,0.0,7.116752961899895,0.0,0.0,0.0,6.259125200473262,0.0,5.246147748451377,1.519825753744413,1.791759469228055,0.6931471805599453,5.469240878389622,1.4799798451972135,5.285376855272302,0.0,0.0,2.5649493574615367,0.6931471805599453,1.3862943611198906,0.0,0.0,1.0
307,32.0,151.0,1.0,2.0,1.3862943611198906,0.0,0.0,0.0,6.928016834568063,9.106978928270449,9.391108937789362,0.0,2.8021041809622584,0.0,2.5301189926095486,0.00035707909681323224,1.0986122886681098,0.6931471805599453,0.0,0.0,0.0,0.0,0.0,0.0,0.0,0.0,0.0,0.0,1.0
309,62.0,134.0,1.0,0.0,0.0,0.0,0.0,0.0,8.044901918937477,0.0,0.0,0.0,2.8021041809622584,0.0,0.05826890812397577,0.05826890812397577,0.6931471805599453,0.6931471805599453,1.4799798451972135,1.4799798451972135,0.0,0.0,0.0,0.6931471805599453,0.6931471805599453,0.0,0.0,0.0,0.0
311,20.0,181.0,1.0,0.0,1.3862943611198906,0.0,0.0,0.0,8.662363772624,0.0,10.021111099284356,0.0,2.8021041809622584,0.0,7.094953319236974,7.094953319236974,1.3862943611198906,1.3862943611198906,6.5870422117706084,6.5870422117706084,0.0,0.0,6.582553293814719,2.4849066497880004,2.4849066497880004,0.0,0.0,2.3978952727983707,1.0
312,71.0,57.0,2.0,0.0,0.0,1.0,0.0,0.0,5.728981346996499,0.0,0.0,0.0,2.8021041809622584,0.0,6.653109542745225,6.653109542745225,1.0986122886681098,1.0986122886681098,6.485574271157339,6.485574271157339,4.968820743663249,4.999677861047776,5.892630307951431,2.772588722239781,2.772588722239781,0.6931471805599453,1.6094379124341003,2.302585092994046,0.0
313,47.0,61.0,2.0,0.0,0.0,1.0,0.0,0.0,0.0,0.0,0.0,0.0,2.8021041809622584,0.0,0.002496880198587199,0.002496880198587199,0.6931471805599453,0.6931471805599453,0.0,0.0,0.0,0.0,0.0,0.0,0.0,0.0,0.0,0.0,1.0
314,42.0,150.0,1.0,1.0,1.6094379124341003,0.0,0.0,0.0,8.28122842344702,1.4610207644546025,13.479039721342081,0.0,2.8021041809622584,0.0,6.711564849582934,6.706448349419956,1.3862943611198906,1.0986122886681098,7.703813549232494,7.703813549232494,0.0,0.0,5.979789515527479,2.1972245773362196,2.1972245773362196,0.0,0.0,1.9459101490553132,1.0
318,17.0,77.0,1.0,0.0,0.0,0.0,0.0,0.0,8.566978166719396,0.0,0.0,0.0,2.8021041809622584,0.0,0.0028530689824064464,0.0028530689824064464,0.6931471805599453,0.6931471805599453,0.0,0.0,0.0,0.0,0.0,0.0,0.0,0.0,0.0,0.0,0.0
32,29.0,15.0,2.0,0.0,0.0,1.0,0.0,1.0,9.41705031390336,0.0,0.0,0.0,2.8021041809622584,9.596253678471633,7.784640572070853,7.373115555245023,2.4849066497880004,2.1972245773362196,7.742726250002111,7.373115555245023,5.957686140558988,0.0,5.639370929583812,2.9444389791664403,2.3978952727983707,1.6094379124341003,0.0,1.0986122886681098,1.0
325,33.0,167.0,1.0,0.0,0.0,0.0,0.0,2.0,3.686421077638357,0.0,0.0,0.0,2.8021041809622584,8.572936676144515,7.355343021126441,7.308094893207128,2.1972245773362196,2.0794415416798357,7.3377294752917415,7.337032240265088,0.0,0.0,7.078973757431427,2.9444389791664403,2.8903717578961645,0.0,0.0,2.6390573296152584,1.0
326,33.0,129.0,1.0,0.0,0.6931471805599453,0.0,0.0,0.0,3.447603754476311,0.0,0.0,0.0,2.8021041809622584,0.0,0.02259983191724094,0.02259983191724094,0.6931471805599453,0.6931471805599453,6.630777614146564,6.630777614146564,0.0,0.0,6.625345000459455,1.3862943611198906,1.3862943611198906,0.0,0.0,1.0986122886681098,1.0
329,18.0,149.0,1.0,1.0,0.0,0.0,0.0,0.0,0.0,8.966815434845959,0.0,0.0,2.8021041809622584,0.0,5.581038941765936,5.267121510779556,1.791759469228055,1.3862943611198906,5.706815964208941,5.266664516174458,4.747413519214636,0.0,2.097141118779237,1.791759469228055,1.6094379124341003,1.0986122886681098,0.0,0.6931471805599453,0.0
330,34.0,2.0,1.0,0.0,0.6931471805599453,0.0,0.0,0.0,5.942927788328692,0.0,0.0,0.0,2.8021041809622584,0.0,9.835971498181003,9.835971498181003,1.3862943611198906,1.3862943611198906,9.79531753837526,9.79531753837526,0.0,0.0,9.79520212858082,1.6094379124341003,1.6094379124341003,0.0,0.0,1.3862943611198906,1.0
331,43.0,160.0,1.0,0.0,0.0,0.0,0.0,0.0,0.0,0.0,0.0,0.0,2.8021041809622584,0.0,6.2854765432546325,6.2854765432546325,1.0986122886681098,1.0986122886681098,6.593304774249646,6.593304774249646,6.157886563926479,5.521506631103095,0.0,3.6109179126442243,3.6109179126442243,2.6390573296152584,2.833213344056216,0.0,0.0
332,73.0,37.0,1.0,0.0,0.0,0.0,0.0,0.0,4.398497386901723,0.0,0.0,0.0,2.8021041809622584,0.0,4.554699861138872,4.554699861138872,1.0986122886681098,1.0986122886681098,5.693568585265009,5.693568585265009,0.0,4.761758708187977,5.190573059534934,1.6094379124341003,1.6094379124341003,0.0,1.0986122886681098,0.6931471805599453,1.0
333,33.0,203.0,1.0,0.0,0.0,0.0,0.0,0.0,4.589356520764966,0.0,0.0,0.0,2.8021041809622584,0.0,6.06195879097117,6.06195879097117,1.0986122886681098,1.0986122886681098,6.006471906949298,6.006471906949298,5.451651386468739,4.961432544825295,3.337293579682675,2.5649493574615367,2.5649493574615367,1.0986122886681098,1.791759469228055,1.0986122886681098,1.0
336,69.0,186.0,1.0,1.0,0.0,1.0,1.0,0.0,3.394256683982824,6.898348675282565,0.0,0.0,6.30672487304318,0.0,6.217019474431021,6.104736630047795,2.6390573296152584,2.302585092994046,6.324202780190628,6.194280747768501,5.285376855272302,4.88002208839904,4.675162557808126,3.332204510175204,2.995732273553991,1.6094379124341003,1.791759469228055,1.791759469228055,1.0
338,27.0,152.0,1.0,0.0,0.0,0.0,0.0,0.0,7.544549771438125,0.0,0.0,0.0,2.8021041809622584,0.0,6.412971133282599,6.412971133282599,1.6094379124341003,1.6094379124341003,6.7698469747007435,6.7698469747007435,0.0,6.021370029886887,6.117152762271479,2.4849066497880004,2.4849066497880004,0.0,1.0986122886681098,1.9459101490553132,0.0
340,76.0,80.0,1.0,1.0,0.0,0.0,0.0,0.0,7.77529504591856,10.820615769336149,0.0,0.0,2.8021041809622584,0.0,8.396080932541153,8.396078433159447,1.3862943611198906,1.0986122886681098,3.982348322148876,3.982348322148876,0.0,3.9240927295154764,0.0,1.3862943611198906,1.3862943611198906,0.0,1.0986122886681098,0.0,0.0
342,26.0,203.0,1.0,0.0,1.791759469228055,0.0,0.0,1.0,8.600964455858293,0.0,9.15910722615561,0.0,2.8021041809622584,9.583111770102686,7.219736158269985,7.17651170733268,1.6094379124341003,1.3862943611198906,6.602030458309583,6.597657167246024,5.567253396178763,5.724576673674676,4.56211355366642,3.1354942159291497,3.091042453358316,1.3862943611198906,2.5649493574615367,1.3862943611198906,0.0
345,56.0,111.0,1.0,0.0,0.0,1.0,0.0,0.0,9.320758224150685,0.0,0.0,0.0,2.8021041809622584,0.0,7.655007386868393,7.655007386868393,1.6094379124341003,1.6094379124341003,7.658313520035606,7.658313520035606,3.386808644210056,2.9349960383661586,7.294183181070217,2.1972245773362196,2.1972245773362196,0.6931471805599453,0.6931471805599453,1.0986122886681098,1.0
347,46.0,80.0,1.0,0.0,0.0,0.0,0.0,0.0,8.77106157779017,0.0,0.0,0.0,2.8021041809622584,0.0,9.854120765901913,9.854120765901913,1.9459101490553132,1.9459101490553132,9.53759731875987,9.53759731875987,7.1736298585943725,4.590129061865033,9.431121134101204,2.995732273553991,2.995732273553991,1.791759469228055,1.3862943611198906,2.4849066497880004,0.0
350,4.0,218.0,1.0,0.0,0.0,1.0,0.0,0.0,0.0,0.0,0.0,0.0,2.8021041809622584,0.0,7.811214321445061,7.417875511160827,3.367295829986474,3.1354942159291497,7.75763923132461,7.339856753965046,5.929589143389895,0.0,5.882625767073831,3.6109179126442243,3.044522437723423,1.6094379124341003,0.0,2.0794415416798357,0.0
352,38.0,194.0,1.0,1.0,0.0,0.0,0.0,0.0,7.514439049274379,12.298513469160087,0.0,0.0,2.8021041809622584,0.0,6.046813934773314,6.025892716048828,1.6094379124341003,1.0986122886681098,6.052620960271439,6.052620960271439,4.968820743663249,5.286701953786502,4.410197511640578,2.70805020110221,2.70805020110221,0.6931471805599453,2.1972245773362196,1.6094379124341003,1.0
353,61.0,150.0,1.0,1.0,0.6931471805599453,0.0,0.0,0.0,6.894426848770804,7.271110609368005,10.571511777921613,0.0,2.8021041809622584,0.0,8.249133804768682,7.847066145495421,2.833213344056216,2.302585092994046,7.956387070315304,7.822685514371938,5.303304908059076,6.570627327426868,7.348932204008591,4.276666119016055,4.248495242049359,1.9459101490553132,3.5263605246161616,3.295836866004329,1.0
354,43.0,68.0,1.0,1.0,0.6931471805599453,0.0,0.0,0.0,5.919896615548875,10.20814051560716,0.0,0.0,2.8021041809622584,0.0,7.349249657692766,7.348899580047299,2.302585092994046,2.1972245773362196,7.205848855986724,7.205848855986724,5.764743174445888,6.869684704166115,4.165002713028113,3.8066624897703196,3.8066624897703196,1.6094379124341003,3.6375861597263857,1.0986122886681098,1.0
356,48.0,33.0,1.0,0.0,0.0,0.0,0.0,0.0,5.789195352504331,0.0,0.0,0.0,2.8021041809622584,0.0,5.8806377295183,5.8806377295183,1.3862943611198906,1.3862943611198906,6.078338265813621,6.078338265813621,5.7305634973338435,4.060135081367696,4.279143207228417,2.833213344056216,2.833213344056216,2.3978952727983707,1.3862943611198906,1.3862943611198906,1.0
357,5.0,39.0,1.0,0.0,0.0,0.0,0.0,0.0,5.695069627803769,0.0,0.0,0.0,2.8021041809622584,0.0,0.0028530689824064464,0.0028530689824064464,0.6931471805599453,0.6931471805599453,5.860307883601367,5.860307883601367,0.0,0.0,0.0,1.3862943611198906,1.3862943611198906,0.0,0.0,0.0,1.0
358,38.0,181.0,1.0,0.0,0.0,0.0,0.0,0.0,0.21712547898864676,0.0,0.0,0.0,2.8021041809622584,0.0,0.003209130940948376,0.003209130940948376,0.6931471805599453,0.6931471805599453,1.4799798451972135,1.4799798451972135,0.0,0.0,0.0,0.6931471805599453,0.6931471805599453,0.0,0.0,0.0,0.0
359,30.0,12.0,1.0,1.0,0.0,1.0,0.0,0.0,6.200432381757814,9.279901681871406,0.0,0.0,2.8021041809622584,0.0,6.828024219169932,6.747503944613328,1.9459101490553132,1.3862943611198906,6.78992688515423,6.748916962667832,3.6031659358399066,4.28260085453587,6.61471411028712,2.70805020110221,2.6390573296152584,0.6931471805599453,0.6931471805599453,2.4849066497880004,1.0
362,46.0,99.0,3.0,1.0,0.0,1.0,0.0,0.0,6.520468054619141,8.142580777652386,0.0,0.0,2.8021041809622584,0.0,7.659275304312975,7.3724107034713775,3.091042453358316,2.9444389791664403,7.70035760850903,7.422626422871152,5.371966049571182,5.478926147855322,6.09614626100344,3.8501476017100584,3.4339872044851463,1.6094379124341003,2.772588722239781,1.791759469228055,0.0
364,37.0,96.0,1.0,0.0,0.0,0.0,0.0,0.0,6.429252202984534,0.0,0.0,0.0,2.8021041809622584,0.0,6.855907319518154,6.855907319518154,1.6094379124341003,1.6094379124341003,7.284330884627206,7.284330884627206,6.562645848965261,5.767539440458952,6.063702148759822,2.3978952727983707,2.3978952727983707,1.6094379124341003,1.0986122886681098,1.3862943611198906,1.0
367,42.0,3.0,1.0,0.0,0.0,0.0,0.0,0.0,6.523023037632138,0.0,0.0,0.0,2.8021041809622584,0.0,0.008888947417246025,0.008888947417246025,0.6931471805599453,0.6931471805599453,2.6158304790054423,2.6158304790054423,0.0,0.0,2.46080909820894,1.0986122886681098,1.0986122886681098,0.0,0.0,0.6931471805599453,0.0
368,73.0,11.0,1.0,0.0,0.0,0.0,0.0,0.0,2.9401440548835596,0.0,0.0,0.0,2.8021041809622584,0.0,0.004987541511039074,0.004987541511039074,0.6931471805599453,0.6931471805599453,0.0,0.0,0.0,0.0,0.0,0.0,0.0,0.0,0.0,0.0,1.0
369,59.0,39.0,1.0,0.0,0.0,0.0,0.0,1.0,5.951315689075757,0.0,0.0,0.0,2.8021041809622584,6.910381826584017,7.105681823092294,6.926446995327536,1.6094379124341003,1.3862943611198906,6.647966267131881,6.62719067429922,0.0,0.0,6.128116067068748,2.1972245773362196,1.9459101490553132,0.0,0.0,1.6094379124341003,1.0
373,39.0,7.0,1.0,0.0,0.0,0.0,0.0,0.0,0.0,0.0,0.0,0.0,2.8021041809622584,0.0,6.534622688688136,6.534622688688136,1.0986122886681098,1.0986122886681098,6.517407469391606,6.517407469391606,6.127181050637842,0.0,5.356586274672012,3.091042453358316,3.091042453358316,2.5649493574615367,0.0,1.3862943611198906,1.0
375,64.0,149.0,1.0,0.0,0.0,1.0,0.0,0.0,6.779338539294172,0.0,0.0,0.0,2.8021041809622584,0.0,2.7804151584892454,2.3385725628670126,1.3862943611198906,1.0986122886681098,2.982285121656555,2.3385725628670126,0.0,0.0,0.0,1.6094379124341003,1.0986122886681098,0.0,0.0,0.0,1.0
379,69.0,150.0,1.0,1.0,1.9459101490553132,0.0,0.0,0.0,2.1826345313781554,6.408824111063221,10.052566207691909,0.0,2.8021041809622584,0.0,1.5653367377507998,0.015943650397136005,1.0986122886681098,0.6931471805599453,1.086636097621394,1.086636097621394,0.0,0.0,0.0,0.6931471805599453,0.6931471805599453,0.0,0.0,0.0,1.0
381,81.0,19.0,1.0,0.0,0.0,0.0,0.0,0.0,2.444797446806408,0.0,0.0,0.0,2.8021041809622584,0.0,9.07262284193668,9.07262284193668,2.0794415416798357,2.0794415416798357,8.351800051296006,8.351800051296006,6.2318163267593825,4.5417738694292975,8.191536159062089,3.367295829986474,3.367295829986474,1.0986122886681098,0.6931471805599453,3.091042453358316,1.0
382,29.0,150.0,1.0,1.0,0.0,0.0,0.0,0.0,4.513822146528786,10.738269811360677,0.0,0.0,2.8021041809622584,0.0,0.19032515665447644,0.00035707909681323224,1.0986122886681098,0.6931471805599453,2.9368917735310576,2.9368917735310576,2.9368917735310576,0.0,0.0,0.6931471805599453,0.6931471805599453,0.6931471805599453,0.0,0.0,1.0
383,31.0,3.0,1.0,0.0,0.0,1.0,0.0,2.0,6.54606779321986,0.0,0.0,3.719824257963358,2.8021041809622584,5.8695390145754605,7.729012935512123,7.70210724495936,3.367295829986474,3.332204510175204,7.856223295885893,7.855406794656051,7.265129978035143,5.773763746403531,6.406997848053068,3.4657359027997265,3.4339872044851463,1.0986122886681098,2.3978952727983707,2.5649493574615367,0.0
386,60.0,11.0,1.0,1.0,0.0,0.0,0.0,0.0,8.863888049559128,2.4631539079682065,0.0,0.0,2.8021041809622584,0.0,6.499880484195349,6.497973366868232,1.791759469228055,1.6094379124341003,6.354150762099149,6.354150762099149,4.968820743663249,5.27253608121134,5.466552072684637,3.091042453358316,3.091042453358316,1.0986122886681098,2.6390573296152584,1.6094379124341003,1.0
389,43.0,158.0,1.0,1.0,3.367295829986474,0.0,0.0,0.0,3.2664271267264233,11.519311839314275,0.0,0.0,2.8021041809622584,0.0,6.745934425100604,6.741804416714126,1.6094379124341003,1.3862943611198906,6.509992573917817,6.509992573917817,6.467476873635335,0.0,3.311585222972468,1.9459101490553132,1.9459101490553132,1.0986122886681098,0.0,0.6931471805599453,1.0
39,78.0,51.0,1.0,0.0,0.0,0.0,0.0,1.0,7.345518153389464,0.0,0.0,0.0,2.8021041809622584,5.6620001977838275,6.509168780331227,6.42413420896143,1.6094379124341003,1.3862943611198906,6.630135270886507,6.618327397778411,5.285376855272302,5.822662263156603,4.28260085453587,3.58351893845611,3.5263605246161616,0.6931471805599453,3.367295829986474,0.6931471805599453,1.0
392,27.0,80.0,1.0,1.0,0.6931471805599453,0.0,1.0,0.0,8.121581910212099,9.299639175452803,0.0,0.0,6.286013391013315,0.0,9.432817701413875,9.07348529877435,2.5649493574615367,2.302585092994046,8.775840225866606,7.974000798184706,0.0,5.799927803461994,7.853674158820967,2.995732273553991,2.9444389791664403,0.0,1.0986122886681098,2.833213344056216,1.0
394,7.0,150.0,1.0,0.0,0.0,1.0,0.0,1.0,8.235191052794308,0.0,0.0,0.0,2.8021041809622584,7.847001505774932,7.558607095920255,7.278573976795514,3.4011973816621555,3.2188758248682006,7.548926225237228,7.229836966555406,0.0,5.859554288714588,6.265606706536865,3.9889840465642745,3.5263605246161616,0.0,2.9444389791664403,2.302585092994046,1.0
396,26.0,96.0,1.0,0.0,0.0,0.0,0.0,0.0,8.64311791404271,0.0,0.0,0.0,2.8021041809622584,0.0,6.062788865326286,6.062788865326286,1.0986122886681098,1.0986122886681098,6.137464754955718,6.137464754955718,2.9368917735310576,2.996803128555484,6.054439346269371,1.9459101490553132,1.9459101490553132,0.6931471805599453,1.3862943611198906,1.0986122886681098,0.0
4,24.0,153.0,1.0,1.0,0.0,0.0,1.0,0.0,7.378284216657808,4.349466547364428,0.0,0.0,7.027191233529397,0.0,7.535554849275397,7.508562168819507,2.302585092994046,1.6094379124341003,8.193053890534118,8.188675334666582,6.572682063274631,6.2672717035050445,7.582822679434881,3.7376696182833684,3.6109179126442243,1.9459101490553132,2.5649493574615367,2.6390573296152584,1.0
400,80.0,33.0,1.0,0.0,0.0,0.0,0.0,0.0,5.9997267494890165,0.0,0.0,0.0,2.8021041809622584,0.0,6.0419607381787905,6.0419607381787905,1.0986122886681098,1.0986122886681098,7.906244634629948,7.906244634629948,0.0,0.0,5.333063799306397,2.0794415416798357,2.0794415416798357,0.0,0.0,1.6094379124341003,0.0
401,38.0,37.0,1.0,0.0,0.0,0.0,1.0,0.0,7.272623565629388,0.0,0.0,0.0,6.291246336140151,0.0,6.474283035602914,6.470588844709204,1.9459101490553132,1.0986122886681098,7.905179815374809,7.866733509954637,7.480105959387558,4.983337505264921,6.667012225280273,3.7376696182833684,3.58351893845611,2.6390573296152584,1.6094379124341003,2.3978952727983707,0.0
403,19.0,63.0,1.0,0.0,0.0,0.0,0.0,0.0,7.442302312166023,0.0,0.0,0.0,2.8021041809622584,0.0,6.525973389179876,6.525973389179876,2.1972245773362196,2.1972245773362196,6.5330124776735925,6.5330124776735925,5.5254529391317835,4.750052537039764,5.774995102881466,3.1354942159291497,3.1354942159291497,2.1972245773362196,2.302585092994046,1.6094379124341003,0.0
406,31.0,32.0,1.0,0.0,0.0,0.0,0.0,0.0,8.15546929846882,0.0,0.0,0.0,2.8021041809622584,0.0,6.721706642389982,6.721706642389982,1.0986122886681098,1.0986122886681098,6.250664469662879,6.250664469662879,6.020329627504154,2.837406222316252,4.433788569232471,2.4849066497880004,2.4849066497880004,1.3862943611198906,0.6931471805599453,1.6094379124341003,0.0
409,31.0,91.0,1.0,0.0,0.0,1.0,0.0,0.0,5.856225574950029,0.0,0.0,0.0,2.8021041809622584,0.0,6.153114840522074,6.153114840522074,1.3862943611198906,1.3862943611198906,6.14438487853022,6.14438487853022,5.190573059534934,2.5188478832160333,5.6084246746704345,2.5649493574615367,2.5649493574615367,0.6931471805599453,0.6931471805599453,2.302585092994046,1.0
41,20.0,198.0,1.0,0.0,0.0,1.0,0.0,0.0,5.277888686178664,0.0,0.0,7.225730973781593,2.8021041809622584,0.0,7.40222501433135,7.40222501433135,1.6094379124341003,1.6094379124341003,6.856367995215317,6.856367995215317,5.7420870173377025,6.263228180101206,4.683453104382135,2.9444389791664403,2.9444389791664403,1.9459101490553132,2.0794415416798357,0.6931471805599453,1.0
410,17.0,27.0,1.0,1.0,0.6931471805599453,0.0,0.0,0.0,5.061622589289875,8.737523417611303,9.290883152394697,0.0,2.8021041809622584,0.0,2.5787276260408576,0.02085249615901651,1.0986122886681098,0.6931471805599453,2.295416603515433,2.295416603515433,0.0,0.0,0.0,0.6931471805599453,0.6931471805599453,0.0,0.0,0.0,1.0
411,74.0,33.0,1.0,0.0,1.6094379124341003,0.0,1.0,1.0,10.524305255406157,0.0,0.0,0.0,2.9357926849058913,8.832579104706985,7.060996463711434,6.9700957388305715,1.9459101490553132,1.0986122886681098,7.416051778636854,7.402574553319122,5.451651386468739,5.723176521762836,6.185105723160044,3.7376696182833684,3.6109179126442243,1.791759469228055,2.5649493574615367,2.5649493574615367,1.0
419,33.0,82.0,1.0,0.0,0.0,1.0,0.0,0.0,5.868681308030041,0.0,0.0,0.0,2.8021041809622584,0.0,7.249563762681755,6.840957827428921,2.0794415416798357,1.791759469228055,7.248136701504577,6.840957827428921,0.0,0.0,0.0,2.302585092994046,1.791759469228055,0.0,0.0,0.0,0.0
423,52.0,151.0,1.0,0.0,0.0,0.0,0.0,0.0,2.6844403354630764,0.0,0.0,0.0,2.8021041809622584,0.0,5.703631272749578,5.703631272749578,0.6931471805599453,0.6931471805599453,5.6823374994447,5.6823374994447,0.0,0.0,0.0,1.3862943611198906,1.3862943611198906,0.0,0.0,0.0,0.0
426,42.0,10.0,1.0,0.0,0.0,0.0,0.0,0.0,6.247587534603839,0.0,0.0,0.0,2.8021041809622584,0.0,7.6798991257995155,7.6798991257995155,1.3862943611198906,1.3862943611198906,6.16218634801871,6.16218634801871,5.190573059534934,0.0,5.678952947931613,2.772588722239781,2.772588722239781,1.791759469228055,0.0,1.9459101490553132,1.0
427,25.0,20.0,1.0,0.0,0.0,0.0,0.0,0.0,7.085954959647205,0.0,0.0,0.0,2.8021041809622584,0.0,0.004276556767260232,0.004276556767260232,0.6931471805599453,0.6931471805599453,3.53535357905552,3.53535357905552,0.0,3.5259402682535987,0.0,1.791759469228055,1.791759469228055,0.0,1.6094379124341003,0.0,1.0
429,59.0,69.0,1.0,0.0,0.6931471805599453,0.0,0.0,1.0,7.451445745798505,0.0,0.0,0.0,2.8021041809622584,6.805188080600758,6.290446154749491,5.276296316084084,1.9459101490553132,1.791759469228055,6.162796624690129,6.162796624690129,0.0,3.999510459551262,4.349406589104584,1.791759469228055,1.791759469228055,0.0,0.6931471805599453,1.3862943611198906,0.0
430,52.0,134.0,1.0,0.0,0.0,0.0,0.0,0.0,1.237545730581627,0.0,0.0,0.0,2.8021041809622584,0.0,2.097141118779237,2.097141118779237,0.6931471805599453,0.6931471805599453,2.097141118779237,2.097141118779237,2.097141118779237,0.0,0.0,0.6931471805599453,0.6931471805599453,0.6931471805599453,0.0,0.0,1.0
431,21.0,208.0,1.0,0.0,0.0,0.0,0.0,0.0,3.677592784328933,0.0,0.0,0.0,2.8021041809622584,0.0,0.00035707909681323224,0.00035707909681323224,0.6931471805599453,0.6931471805599453,1.086636097621394,1.086636097621394,0.0,0.0,0.0,0.6931471805599453,0.6931471805599453,0.0,0.0,0.0,1.0
432,53.0,13.0,1.0,1.0,0.6931471805599453,1.0,0.0,0.0,2.4966822821754198,7.190055484418938,0.0,5.655688318217185,2.8021041809622584,0.0,5.90650269178985,5.880963859244026,1.9459101490553132,1.3862943611198906,5.9511520953678,5.95089642660899,0.0,5.435705375358907,5.047564005329361,2.9444389791664403,2.8903717578961645,0.0,2.70805020110221,1.3862943611198906,1.0
435,40.0,93.0,1.0,0.0,0.0,0.0,0.0,0.0,0.0,0.0,0.0,0.0,2.8021041809622584,0.0,6.346700956852367,6.346700956852367,1.0986122886681098,1.0986122886681098,7.091639602115658,7.091639602115658,5.880931949102981,5.694280329067297,6.300522981625025,3.2188758248682006,3.2188758248682006,1.6094379124341003,1.9459101490553132,2.6390573296152584,1.0
439,67.0,104.0,1.0,0.0,0.0,0.0,0.0,0.0,3.311455006161294,0.0,0.0,0.0,2.8021041809622584,0.0,0.017348638334613,0.017348638334613,0.6931471805599453,0.6931471805599453,0.6380874033769179,0.6380874033769179,0.0,0.0,0.0,0.6931471805599453,0.6931471805599453,0.0,0.0,0.0,0.0
440,21.0,86.0,2.0,0.0,0.0,0.0,0.0,0.0,8.7209547480988,0.0,0.0,0.0,2.8021041809622584,0.0,8.216493807827002,8.216493807827002,1.6094379124341003,1.6094379124341003,8.068526026542534,8.068526026542534,0.0,5.418320158942733,5.633002292595154,2.1972245773362196,2.1972245773362196,0.0,1.0986122886681098,1.6094379124341003,0.0
454,76.0,136.0,1.0,0.0,0.0,0.0,0.0,0.0,0.0,0.0,0.0,0.0,2.8021041809622584,0.0,6.343946337051347,6.343946337051347,1.0986122886681098,1.0986122886681098,6.478224326109319,6.478224326109319,6.467476873635335,1.5024888340911362,0.0,2.9444389791664403,2.9444389791664403,2.302585092994046,0.6931471805599453,0.0,1.0
456,66.0,18.0,1.0,0.0,1.6094379124341003,0.0,0.0,0.0,0.0,0.0,11.368948519257593,0.0,2.8021041809622584,0.0,7.577968803544436,7.577968803544436,1.791759469228055,1.791759469228055,7.773243723724496,7.773243723724496,4.28260085453587,7.2320015515415115,6.827358341910108,3.044522437723423,3.044522437723423,0.6931471805599453,2.4849066497880004,2.1972245773362196,1.0
458,29.0,149.0,1.0,0.0,0.0,0.0,0.0,0.0,7.464524979834978,0.0,0.0,0.0,2.8021041809622584,0.0,2.5483843405868414,2.5483843405868414,1.0986122886681098,1.0986122886681098,3.500827222610997,3.500827222610997,3.500827222610997,0.0,0.0,1.0986122886681098,1.0986122886681098,1.0986122886681098,0.0,0.0,0.0
459,41.0,154.0,1.0,0.0,0.0,0.0,0.0,0.0,2.302370784317296,0.0,0.0,0.0,2.8021041809622584,0.0,6.664367565409531,6.664367565409531,1.0986122886681098,1.0986122886681098,6.369607397661955,6.369607397661955,3.999510459551262,0.0,6.260141263643991,2.8903717578961645,2.8903717578961645,0.6931471805599453,0.0,2.6390573296152584,0.0
460,20.0,150.0,1.0,0.0,1.6094379124341003,0.0,0.0,0.0,5.622993258255617,0.0,0.0,0.0,2.8021041809622584,0.0,6.762178570718751,6.762178570718751,1.0986122886681098,1.0986122886681098,7.081012365408825,7.081012365408825,6.621405651764134,4.7775646557063585,5.765750731206188,2.70805020110221,2.70805020110221,0.6931471805599453,1.6094379124341003,2.0794415416798357,0.0
463,48.0,59.0,1.0,0.0,0.0,1.0,0.0,0.0,5.213620840689494,0.0,0.0,0.0,2.8021041809622584,0.0,0.00035707909681323224,0.00035707909681323224,0.6931471805599453,0.6931471805599453,1.086636097621394,1.086636097621394,0.0,0.0,0.0,0.6931471805599453,0.6931471805599453,0.0,0.0,0.0,0.0
464,68.0,153.0,2.0,0.0,0.0,1.0,0.0,0.0,7.718707558447134,0.0,0.0,5.473518394343952,2.8021041809622584,0.0,6.699910178756093,6.699910178756093,1.3862943611198906,1.3862943611198906,6.360240971863386,6.360240971863386,5.085831109707815,4.1960197238688925,5.8546625056153365,2.5649493574615367,2.5649493574615367,1.0986122886681098,1.3862943611198906,1.9459101490553132,1.0
467,83.0,3.0,1.0,0.0,0.0,0.0,0.0,0.0,5.87657063747625,0.0,0.0,0.0,2.8021041809622584,0.0,5.411746493239207,5.411746493239207,1.9459101490553132,1.9459101490553132,5.430910819444583,5.430910819444583,0.0,0.0,5.422271796108962,1.3862943611198906,1.3862943611198906,0.0,0.0,1.0986122886681098,0.0
468,61.0,37.0,1.0,1.0,1.3862943611198906,0.0,0.0,0.0,3.088994904013681,6.615410447985905,0.0,0.0,2.8021041809622584,0.0,6.184284375131692,6.183122591276229,1.3862943611198906,1.0986122886681098,6.57183289116636,6.57183289116636,6.349887961580832,0.0,4.944698971091853,2.1972245773362196,2.1972245773362196,1.3862943611198906,0.0,1.3862943611198906,0.0
471,29.0,38.0,1.0,0.0,0.0,0.0,0.0,0.0,7.562307336380856,0.0,0.0,0.0,2.8021041809622584,0.0,6.14267391572141,6.14267391572141,1.3862943611198906,1.3862943611198906,5.758178213387278,5.758178213387278,5.48182869147758,4.3500843692392985,0.0,2.70805020110221,2.70805020110221,2.0794415416798357,2.0794415416798357,0.0,0.0
473,61.0,69.0,1.0,0.0,0.0,1.0,0.0,1.0,8.752566058881158,0.0,0.0,0.0,2.8021041809622584,0.0,7.083143030987089,6.977685710821993,1.3862943611198906,1.0986122886681098,6.970649592007219,6.968668934654514,5.880931949102981,6.268595617268193,0.0,3.044522437723423,2.995732273553991,1.6094379124341003,2.6390573296152584,0.0,1.0
474,19.0,75.0,1.0,0.0,0.0,1.0,0.0,0.0,3.6395672787203495,0.0,0.0,0.0,2.8021041809622584,0.0,6.585047870936638,6.585047870936638,1.0986122886681098,1.0986122886681098,6.637117598282471,6.637117598282471,6.251628590665871,0.0,5.488051855731117,2.5649493574615367,2.5649493574615367,1.791759469228055,0.0,1.3862943611198906,0.0
476,42.0,37.0,1.0,0.0,0.6931471805599453,1.0,0.0,0.0,7.448261472887727,0.0,0.0,0.0,2.8021041809622584,0.0,4.822013935153773,4.822013935153773,1.6094379124341003,1.6094379124341003,5.328319898343703,5.328319898343703,2.7269186854065928,4.796985227193987,3.5820396702750577,2.833213344056216,2.833213344056216,0.6931471805599453,2.4849066497880004,1.3862943611198906,1.0
484,71.0,90.0,1.0,0.0,0.0,0.0,0.0,0.0,5.375075013985196,0.0,0.0,0.0,2.8021041809622584,0.0,6.635437427227604,6.635437427227604,2.302585092994046,2.302585092994046,6.361672505329299,6.361672505329299,3.999510459551262,4.9467314921167755,5.941298436758619,3.4011973816621555,3.4011973816621555,0.6931471805599453,2.772588722239781,2.4849066497880004,0.0
485,10.0,181.0,1.0,0.0,0.0,0.0,0.0,0.0,7.46708837390243,0.0,0.0,0.0,2.8021041809622584,0.0,6.349896072354028,6.349896072354028,1.0986122886681098,1.0986122886681098,6.33628829218815,6.33628829218815,0.0,0.0,0.0,1.3862943611198906,1.3862943611198906,0.0,0.0,0.0,1.0
487,35.0,60.0,1.0,0.0,0.0,1.0,0.0,1.0,8.25430686212519,0.0,0.0,3.7670302633856534,2.8021041809622584,8.172226276964738,5.936700009356372,5.390294074425364,2.0794415416798357,1.6094379124341003,5.824101973308493,5.390294074425364,0.0,0.0,0.0,2.302585092994046,1.6094379124341003,0.0,0.0,0.0,1.0
488,59.0,6.0,1.0,2.0,0.0,1.0,0.0,0.0,3.1025346064364894,8.565787213902167,0.0,0.0,2.8021041809622584,0.0,6.765061632645168,6.763839955391053,1.6094379124341003,1.3862943611198906,6.546171879690688,6.546171879690688,5.594180171090011,5.098783524622949,5.577571163518185,3.1354942159291497,3.1354942159291497,1.6094379124341003,2.1972245773362196,2.1972245773362196,0.0
490,7.0,177.0,1.0,0.0,0.0,0.0,0.0,0.0,6.693893075961984,0.0,0.0,0.0,2.8021041809622584,0.0,0.04810966057052732,0.04810966057052732,0.6931471805599453,0.6931471805599453,5.589439942246534,5.589439942246534,0.0,5.1650512448585175,4.5014353323524094,1.791759469228055,1.791759469228055,0.0,1.0986122886681098,1.0986122886681098,1.0
496,35.0,149.0,1.0,0.0,0.0,0.0,0.0,0.0,0.0,0.0,0.0,0.0,2.8021041809622584,0.0,8.911236894314596,8.911236894314596,1.6094379124341003,1.6094379124341003,9.104490728778474,9.104490728778474,8.415107070975202,5.420433856357261,8.353397480793673,4.1588830833596715,4.1588830833596715,2.8903717578961645,2.772588722239781,2.6390573296152584,1.0
498,21.0,176.0,1.0,0.0,0.0,0.0,0.0,0.0,6.7855606067085805,0.0,0.0,0.0,2.8021041809622584,0.0,6.800446040399752,6.800446040399752,1.3862943611198906,1.3862943611198906,6.8060389090033,6.8060389090033,6.7122616356204965,3.2456568475458427,3.999510459551262,2.302585092994046,2.302585092994046,1.6094379124341003,0.6931471805599453,0.6931471805599453,0.0
5,58.0,200.0,1.0,1.0,0.0,0.0,0.0,0.0,8.585689606355695,8.997235726093004,0.0,0.0,2.8021041809622584,0.0,8.383381514617817,7.994730234847242,3.1780538303479458,2.70805020110221,8.677518037100116,8.30224719812222,5.063498783653324,6.725243704135896,7.484689619055216,3.8066624897703196,3.7376696182833684,1.6094379124341003,2.8903717578961645,2.6390573296152584,0.0
504,20.0,55.0,1.0,0.0,0.0,0.0,0.0,0.0,3.08876713952118,0.0,0.0,0.0,2.8021041809622584,0.0,7.0035039989772905,7.0035039989772905,1.0986122886681098,1.0986122886681098,8.648106785594356,8.648106785594356,7.970345542758493,7.682033036809321,6.085800226266729,3.4011973816621555,3.4011973816621555,1.9459101490553132,2.4849066497880004,2.0794415416798357,1.0
505,38.0,157.0,1.0,2.0,0.0,0.0,0.0,0.0,9.113742856768235,1.6452875653277976,0.0,0.0,2.8021041809622584,0.0,0.8387924035679793,0.004276556767260232,1.0986122886681098,0.6931471805599453,1.086636097621394,1.086636097621394,0.0,0.0,0.0,0.6931471805599453,0.6931471805599453,0.0,0.0,0.0,1.0
506,20.0,78.0,1.0,1.0,0.0,1.0,0.0,0.0,7.250168252795771,3.0109375143112183,0.0,5.829848571169452,2.8021041809622584,0.0,10.752730820410894,10.75182684493451,3.044522437723423,2.8903717578961645,8.440628049044708,8.440628049044708,4.683453104382135,5.714788353832735,8.347217961242007,3.1780538303479458,3.1780538303479458,0.6931471805599453,2.302585092994046,2.4849066497880004,0.0
51,67.0,85.0,1.0,1.0,0.0,1.0,0.0,0.0,7.527104439348289,1.9309518912792434,0.0,0.0,2.8021041809622584,0.0,3.578057624018114,0.007472014838700995,1.0986122886681098,0.6931471805599453,0.0,0.0,0.0,0.0,0.0,0.0,0.0,0.0,0.0,0.0,0.0
511,26.0,137.0,1.0,0.0,0.0,1.0,0.0,1.0,5.417050744137235,0.0,0.0,0.0,2.8021041809622584,6.820090831645626,7.164866484549109,7.08965204318354,1.6094379124341003,1.3862943611198906,6.982754410058215,6.976239020884615,5.880931949102981,4.877302521201311,6.16105661715105,3.4339872044851463,3.367295829986474,1.6094379124341003,2.302585092994046,2.5649493574615367,1.0
513,40.0,152.0,1.0,0.0,0.0,0.0,0.0,0.0,3.4172581898123395,0.0,0.0,0.0,2.8021041809622584,0.0,4.68345640688659,4.68345640688659,1.0986122886681098,1.0986122886681098,4.9173732535173444,4.9173732535173444,0.0,2.618438042412523,4.760343811815395,1.6094379124341003,1.6094379124341003,0.0,0.6931471805599453,1.0986122886681098,1.0
516,63.0,176.0,1.0,1.0,0.0,0.0,0.0,0.0,4.563160730762975,8.479903640938822,0.0,0.0,2.8021041809622584,0.0,5.6937357462998,5.6937357462998,1.6094379124341003,1.6094379124341003,5.626149064673649,5.626149064673649,5.388419201245223,4.064468150024044,0.0,3.4011973816621555,3.4011973816621555,2.5649493574615367,2.3978952727983707,0.0,0.0
517,41.0,28.0,1.0,0.0,0.0,0.0,0.0,0.0,2.8932050419408437,0.0,0.0,0.0,2.8021041809622584,0.0,6.347665628791728,6.347665628791728,1.0986122886681098,1.0986122886681098,6.325964176152227,6.325964176152227,4.28260085453587,5.416750984180858,5.530137453341143,2.8903717578961645,2.8903717578961645,1.0986122886681098,2.3978952727983707,1.3862943611198906,0.0
521,23.0,149.0,1.0,0.0,0.0,1.0,0.0,0.0,4.397807705950652,0.0,0.0,0.0,2.8021041809622584,0.0,7.334389727067901,7.334389727067901,1.3862943611198906,1.3862943611198906,7.264862629419703,7.264862629419703,5.6584861997410245,6.579861145010764,6.049817683490589,3.713572066704308,3.713572066704308,1.6094379124341003,3.332204510175204,2.302585092994046,1.0
523,38.0,0.0,1.0,0.0,0.0,0.0,0.0,0.0,8.859768551746042,0.0,0.0,0.0,2.8021041809622584,0.0,4.891425348030114,4.891425348030114,1.3862943611198906,1.3862943611198906,5.104017209065909,5.104017209065909,4.122515439188797,4.199401460364222,3.6460092324554947,2.4849066497880004,2.4849066497880004,1.791759469228055,1.6094379124341003,1.0986122886681098,0.0
524,23.0,153.0,1.0,0.0,2.302585092994046,0.0,0.0,0.0,4.070935797764962,0.0,8.18100091560234,0.0,2.8021041809622584,0.0,5.982186820363091,5.982186820363091,1.0986122886681098,1.0986122886681098,7.134122201078949,7.134122201078949,0.0,0.0,0.0,1.0986122886681098,1.0986122886681098,0.0,0.0,0.0,1.0
528,19.0,70.0,1.0,0.0,0.0,1.0,0.0,0.0,0.0,0.0,0.0,0.0,2.8021041809622584,0.0,6.079205568556626,6.079205568556626,1.0986122886681098,1.0986122886681098,5.968851868169443,5.968851868169443,4.836281906951478,4.274471251738721,5.256564879730256,2.3978952727983707,2.3978952727983707,1.6094379124341003,1.3862943611198906,1.0986122886681098,0.0
530,35.0,180.0,1.0,2.0,1.0986122886681098,0.0,0.0,0.0,5.858175982141294,9.391154394201179,10.260197495862375,0.0,2.8021041809622584,0.0,2.477528306157253,0.010657294473988017,1.0986122886681098,0.6931471805599453,0.0,0.0,0.0,0.0,0.0,0.0,0.0,0.0,0.0,0.0,1.0
531,30.0,211.0,1.0,0.0,0.0,0.0,0.0,0.0,5.826007481984527,0.0,0.0,0.0,2.8021041809622584,0.0,0.0021405644991109567,0.0021405644991109567,0.6931471805599453,0.6931471805599453,4.69121681204087,4.69121681204087,4.28260085453587,3.6258635826805223,0.0,2.3978952727983707,2.3978952727983707,0.6931471805599453,2.302585092994046,0.0,1.0
532,65.0,125.0,1.0,3.0,0.0,0.0,0.0,0.0,7.7284412448085575,9.704233503949434,0.0,0.0,2.8021041809622584,0.0,9.279623901218077,9.279426705762065,1.3862943611198906,1.0986122886681098,9.973897752471753,9.282165894383342,0.0,0.0,9.282032929362918,1.9459101490553132,1.791759469228055,0.0,0.0,1.6094379124341003,1.0
535,39.0,151.0,1.0,1.0,0.0,0.0,0.0,0.0,2.364284766986855,11.560268177324625,0.0,0.0,2.8021041809622584,0.0,7.559391239465213,7.557346634784791,2.1972245773362196,2.0794415416798357,8.071218539969863,8.071218539969863,7.957927342245103,0.0,5.8131705829486195,2.3978952727983707,2.3978952727983707,1.0986122886681098,0.0,2.0794415416798357,1.0
538,48.0,119.0,1.0,1.0,0.0,0.0,0.0,0.0,1.6626400980147278,8.272357668403938,0.0,0.0,2.8021041809622584,0.0,7.457229611678841,7.4540666275301515,1.9459101490553132,1.791759469228055,7.200712698006983,7.200712698006983,6.6678651402071685,4.717078858451875,5.636911075743925,2.9444389791664403,2.9444389791664403,1.3862943611198906,1.6094379124341003,2.302585092994046,0.0
539,12.0,34.0,1.0,0.0,0.0,0.0,0.0,0.0,3.526097885087403,0.0,0.0,0.0,2.8021041809622584,0.0,6.253005670690148,6.253005670690148,1.3862943611198906,1.3862943611198906,5.876534580434005,5.876534580434005,5.190573059534934,5.146039931102459,0.0,2.70805020110221,2.70805020110221,1.0986122886681098,1.791759469228055,0.0,1.0
54,38.0,149.0,1.0,0.0,0.0,0.0,0.0,1.0,1.713797927758343,0.0,0.0,0.0,2.8021041809622584,8.969305579788081,6.763331307646695,6.582623495654926,1.3862943611198906,1.0986122886681098,6.498986505490294,6.47510798866097,0.0,0.0,4.683453104382135,1.9459101490553132,1.6094379124341003,0.0,0.0,0.6931471805599453,1.0
540,45.0,150.0,1.0,1.0,0.0,0.0,0.0,0.0,8.009118660872998,8.485421488228752,0.0,0.0,2.8021041809622584,0.0,4.421075629787761,0.014184634991956433,1.3862943611198906,0.6931471805599453,6.285465896518655,6.285465896518655,6.285465896518655,0.0,0.0,0.6931471805599453,0.6931471805599453,0.6931471805599453,0.0,0.0,1.0
541,81.0,273.0,1.0,0.0,0.0,0.0,0.0,0.0,1.7753154810978342,0.0,0.0,0.0,2.8021041809622584,0.0,0.00035707909681323224,0.00035707909681323224,0.6931471805599453,0.6931471805599453,1.086636097621394,1.086636097621394,0.0,0.0,0.0,0.6931471805599453,0.6931471805599453,0.0,0.0,0.0,0.0
543,72.0,96.0,1.0,0.0,1.3862943611198906,0.0,0.0,0.0,1.360426951582882,0.0,13.00848765049735,0.0,2.8021041809622584,0.0,0.0007140307336570204,0.0007140307336570204,0.6931471805599453,0.6931471805599453,1.086636097621394,1.086636097621394,0.0,0.0,0.0,0.6931471805599453,0.6931471805599453,0.0,0.0,0.0,0.0
545,20.0,151.0,1.0,1.0,0.0,0.0,0.0,0.0,8.256621341042983,10.519941730320168,0.0,0.0,2.8021041809622584,0.0,7.813073749438485,7.813073749438485,2.70805020110221,2.70805020110221,7.692230695948166,7.692230695948166,5.718905636230422,5.193413096000929,7.11511781973386,3.1780538303479458,3.1780538303479458,1.3862943611198906,1.791759469228055,2.5649493574615367,1.0
55,51.0,137.0,1.0,0.0,0.0,0.0,0.0,0.0,6.601446030977155,0.0,0.0,0.0,2.8021041809622584,0.0,7.025579266180947,7.025579266180947,1.791759469228055,1.791759469228055,7.007762203998258,7.007762203998258,0.0,0.0,7.002610809994816,2.6390573296152584,2.6390573296152584,0.0,0.0,1.9459101490553132,0.0
555,29.0,22.0,1.0,0.0,0.0,0.0,0.0,0.0,2.8380336405110476,0.0,0.0,0.0,2.8021041809622584,0.0,0.00035707909681323224,0.00035707909681323224,0.6931471805599453,0.6931471805599453,1.086636097621394,1.086636097621394,0.0,0.0,0.0,0.6931471805599453,0.6931471805599453,0.0,0.0,0.0,0.0
559,25.0,76.0,1.0,1.0,1.6094379124341003,1.0,0.0,0.0,6.143342237487575,6.591733988864547,0.0,6.782981750594708,2.8021041809622584,0.0,8.316771147577391,8.310756795088908,1.9459101490553132,1.6094379124341003,7.310741125784119,7.310741125784119,6.572682063274631,5.446891300705327,6.311669989836735,2.302585092994046,2.302585092994046,1.0986122886681098,0.6931471805599453,1.9459101490553132,1.0
562,22.0,179.0,2.0,0.0,0.0,1.0,0.0,0.0,7.604403822609964,0.0,0.0,0.0,2.8021041809622584,0.0,7.6644491943793165,7.6644491943793165,2.4849066497880004,2.4849066497880004,7.51695955179998,7.51695955179998,0.0,0.0,7.1672607907776,3.044522437723423,3.044522437723423,0.0,0.0,2.9444389791664403,1.0
565,11.0,39.0,1.0,0.0,0.0,1.0,0.0,0.0,2.081760279898795,0.0,0.0,0.0,2.8021041809622584,0.0,6.428123735472847,6.428067769096508,2.302585092994046,2.1972245773362196,6.088336007479259,5.921384030778333,4.683453104382135,5.053968418802629,4.683453104382135,2.6390573296152584,2.3978952727983707,0.6931471805599453,1.9459101490553132,0.6931471805599453,1.0
566,40.0,161.0,2.0,1.0,0.0,0.0,1.0,3.0,6.361057567249357,9.999687628473202,0.0,0.0,6.196145130524371,7.7858384528593785,9.699395186417252,9.336788896456481,2.9444389791664403,2.1972245773362196,9.596076882905013,9.187602748933527,4.747413519214636,6.248919113875186,8.600693650435195,3.871201010907891,3.1354942159291497,1.3862943611198906,2.9444389791664403,2.833213344056216,1.0
567,59.0,29.0,1.0,0.0,0.0,0.0,0.0,0.0,8.826029603240086,0.0,0.0,0.0,2.8021041809622584,0.0,8.225662675577597,8.225662675577597,1.6094379124341003,1.6094379124341003,8.410943391573527,8.410943391573527,5.880931949102981,0.0,8.327467146075058,2.6390573296152584,2.6390573296152584,1.0986122886681098,0.0,2.3978952727983707,0.0
57,28.0,157.0,1.0,0.0,0.0,0.0,0.0,0.0,7.052945937437884,0.0,0.0,0.0,2.8021041809622584,0.0,4.907919426420214,4.907919426420214,3.044522437723423,3.044522437723423,5.218922365733784,5.218922365733784,4.683453104382135,3.576130600671942,3.6262438831224513,1.9459101490553132,1.9459101490553132,0.6931471805599453,1.0986122886681098,0.6931471805599453,1.0
570,51.0,3.0,1.0,0.0,0.0,0.0,0.0,0.0,6.356410814145002,0.0,0.0,0.0,2.8021041809622584,0.0,0.0,0.0,0.0,0.0,2.9740707767728116,2.9740707767728116,0.0,0.0,2.9740707767728116,0.6931471805599453,0.6931471805599453,0.0,0.0,0.6931471805599453,0.0
571,73.0,219.0,1.0,0.0,0.0,1.0,1.0,0.0,0.26071455279282124,0.0,0.0,0.0,7.122619508244282,0.0,6.455190701673999,6.452907080958807,1.9459101490553132,1.3862943611198906,6.814778089923031,6.813209092974501,6.410409816772839,0.0,5.700443573390687,2.772588722239781,2.6390573296152584,1.3862943611198906,0.0,2.0794415416798357,0.0
577,67.0,64.0,1.0,0.0,0.0,0.0,0.0,0.0,5.7624140753101605,0.0,0.0,0.0,2.8021041809622584,0.0,5.829791898069324,5.829791898069324,1.0986122886681098,1.0986122886681098,5.541277550662589,5.541277550662589,0.0,0.0,0.0,1.3862943611198906,1.3862943611198906,0.0,0.0,0.0,0.0
579,55.0,26.0,1.0,0.0,1.6094379124341003,0.0,0.0,0.0,2.48186631837512,0.0,0.0,0.0,2.8021041809622584,0.0,0.19062035960864973,0.19062035960864973,1.0986122886681098,1.0986122886681098,0.9701022813654424,0.9701022813654424,0.0,0.0,0.0,0.6931471805599453,0.6931471805599453,0.0,0.0,0.0,1.0
583,34.0,149.0,1.0,1.0,1.791759469228055,0.0,0.0,0.0,5.60636782009268,2.3932742225627575,9.47759089350792,0.0,2.8021041809622584,0.0,8.083024329693954,8.082335832196119,3.4657359027997265,3.4339872044851463,6.975854417875734,6.975854417875734,0.0,5.595932089357224,6.6812578955694955,2.8903717578961645,2.8903717578961645,0.0,1.791759469228055,2.4849066497880004,0.0
586,33.0,84.0,1.0,0.0,0.0,0.0,0.0,0.0,7.619294603779033,0.0,0.0,0.0,2.8021041809622584,0.0,2.726965413286791,2.726965413286791,1.0986122886681098,1.0986122886681098,2.7269186854065928,2.7269186854065928,2.7269186854065928,0.0,0.0,1.0986122886681098,1.0986122886681098,1.0986122886681098,0.0,0.0,1.0
587,53.0,83.0,1.0,1.0,0.6931471805599453,0.0,0.0,0.0,0.0,11.479049229476553,5.945763668677701,0.0,2.8021041809622584,0.0,7.269229189438832,7.265144217965732,1.6094379124341003,1.3862943611198906,6.411525003975721,6.411525003975721,0.0,0.0,6.411525003975721,1.791759469228055,1.791759469228055,0.0,0.0,1.791759469228055,0.0
59,32.0,149.0,1.0,0.0,0.0,0.0,0.0,0.0,8.644221610467374,0.0,0.0,0.0,2.8021041809622584,0.0,6.1109199930301905,6.1109199930301905,1.0986122886681098,1.0986122886681098,4.459483584572962,4.459483584572962,0.0,0.0,0.0,1.0986122886681098,1.0986122886681098,0.0,0.0,0.0,0.0
590,65.0,62.0,1.0,0.0,0.0,0.0,0.0,0.0,5.218349953658825,0.0,0.0,0.0,2.8021041809622584,0.0,0.10403821322975211,0.10403821322975211,0.6931471805599453,0.6931471805599453,1.086636097621394,1.086636097621394,0.0,0.0,0.0,0.6931471805599453,0.6931471805599453,0.0,0.0,0.0,0.0
592,50.0,149.0,1.0,1.0,0.0,0.0,0.0,0.0,5.999148343844022,10.495917873324993,0.0,0.0,2.8021041809622584,0.0,6.148605649121626,6.142659331966715,1.791759469228055,1.0986122886681098,6.7348039696911615,6.7348039696911615,6.521462347376968,0.0,5.0689042022202315,2.4849066497880004,2.4849066497880004,1.0986122886681098,0.0,2.1972245773362196,0.0
594,35.0,33.0,2.0,1.0,0.0,0.0,0.0,0.0,1.5750682709258985,5.4152953163049595,0.0,0.0,2.8021041809622584,0.0,6.92355972812708,6.9233667125141904,1.791759469228055,1.6094379124341003,6.577364512676792,6.577364512676792,0.0,0.0,6.572632131930219,2.3978952727983707,2.3978952727983707,0.0,0.0,2.302585092994046,1.0
595,25.0,75.0,1.0,0.0,0.0,0.0,0.0,0.0,4.851424611799393,0.0,0.0,0.0,2.8021041809622584,0.0,6.215681093985076,6.215681093985076,1.0986122886681098,1.0986122886681098,6.252523014338282,6.252523014338282,6.244721531848226,0.0,0.0,2.5649493574615367,2.5649493574615367,2.1972245773362196,0.0,0.0,1.0
596,53.0,110.0,1.0,0.0,0.0,0.0,0.0,0.0,0.0,0.0,0.0,0.0,2.8021041809622584,0.0,9.288683493313608,9.288683493313608,1.6094379124341003,1.6094379124341003,8.826984944256042,8.826984944256042,6.79554596694305,3.9941755736917446,6.332835479786842,3.2188758248682006,3.2188758248682006,0.6931471805599453,1.3862943611198906,2.6390573296152584,1.0
603,30.0,6.0,1.0,1.0,0.0,0.0,0.0,0.0,7.234889923008156,8.91787980544714,0.0,0.0,2.8021041809622584,0.0,2.569499429725155,0.034056301606055106,1.0986122886681098,0.6931471805599453,0.0,0.0,0.0,0.0,0.0,0.0,0.0,0.0,0.0,0.0,0.0
607,20.0,151.0,1.0,2.0,1.3862943611198906,1.0,1.0,0.0,5.900194765319925,6.980143380148128,0.0,0.0,6.229014539799208,0.0,7.55403862630529,7.512858016656052,1.9459101490553132,1.0986122886681098,7.579113764890575,7.383100864538506,5.880931949102981,5.791491326607578,6.995668035321599,3.5553480614894135,2.772588722239781,1.0986122886681098,2.833213344056216,2.302585092994046,0.0
61,14.0,159.0,1.0,0.0,0.0,0.0,0.0,0.0,5.454617265760076,0.0,0.0,0.0,2.8021041809622584,0.0,0.00035707909681323224,0.00035707909681323224,0.6931471805599453,0.6931471805599453,0.6380874033769179,0.6380874033769179,0.0,0.0,0.0,0.6931471805599453,0.6931471805599453,0.0,0.0,0.0,0.0
616,67.0,79.0,1.0,0.0,0.0,0.0,0.0,0.0,6.989068936897899,0.0,0.0,0.0,2.8021041809622584,0.0,0.001070855001492987,0.001070855001492987,0.6931471805599453,0.6931471805599453,0.0,0.0,0.0,0.0,0.0,0.0,0.0,0.0,0.0,0.0,1.0
62,51.0,113.0,1.0,0.0,0.0,0.0,0.0,0.0,5.765042188876402,0.0,0.0,0.0,2.8021041809622584,0.0,5.775896027304095,5.775896027304095,1.0986122886681098,1.0986122886681098,5.570251082031678,5.570251082031678,4.943681159299152,0.0,4.722953221644475,1.6094379124341003,1.6094379124341003,1.0986122886681098,0.0,0.6931471805599453,1.0
620,28.0,27.0,1.0,0.0,0.0,0.0,0.0,0.0,1.1495543308976526,0.0,0.0,0.0,2.8021041809622584,0.0,0.0,0.0,0.0,0.0,0.6386532809738348,0.6386532809738348,0.0,0.0,0.0,0.6931471805599453,0.6931471805599453,0.0,0.0,0.0,0.0
622,56.0,112.0,1.0,0.0,0.0,0.0,0.0,0.0,0.0,0.0,0.0,0.0,2.8021041809622584,0.0,5.972811294741585,5.972811294741585,1.0986122886681098,1.0986122886681098,5.963303874170857,5.963303874170857,5.910409422351274,0.0,2.9368917735310576,1.3862943611198906,1.3862943611198906,0.6931471805599453,0.0,0.6931471805599453,1.0
625,60.0,139.0,1.0,0.0,0.0,0.0,0.0,0.0,8.279961853736419,0.0,0.0,0.0,2.8021041809622584,0.0,5.112480352052943,5.112480352052943,1.0986122886681098,1.0986122886681098,5.201452407271699,5.201452407271699,5.190573059534934,0.0,0.0,1.0986122886681098,1.0986122886681098,0.6931471805599453,0.0,0.0,1.0
626,58.0,100.0,1.0,0.0,0.0,0.0,0.0,0.0,2.6717072479845334,0.0,0.0,0.0,2.8021041809622584,0.0,6.674886916026248,6.674886916026248,1.3862943611198906,1.3862943611198906,6.059265041328957,6.059265041328957,4.376655090871971,5.107178479670213,5.1611057407777015,2.6390573296152584,2.6390573296152584,1.0986122886681098,2.0794415416798357,1.0986122886681098,0.0
63,37.0,29.0,1.0,1.0,1.0986122886681098,0.0,0.0,0.0,5.865905373363181,9.753911144756245,8.633588216612583,0.0,2.8021041809622584,0.0,6.437539055711322,5.871217988397548,1.6094379124341003,1.0986122886681098,5.89607990024534,5.89607990024534,0.0,0.0,5.892439081310809,1.6094379124341003,1.6094379124341003,0.0,0.0,1.3862943611198906,1.0
633,47.0,4.0,1.0,1.0,1.0986122886681098,0.0,0.0,0.0,10.493025837218122,9.729774797727663,0.0,0.0,2.8021041809622584,0.0,8.277815450850781,8.276294736217027,1.791759469228055,1.3862943611198906,7.381935442212082,7.381935442212082,0.0,6.52046332003095,0.0,1.6094379124341003,1.6094379124341003,0.0,0.6931471805599453,0.0,0.0
635,35.0,44.0,1.0,0.0,0.0,0.0,0.0,0.0,0.0,0.0,0.0,0.0,2.8021041809622584,0.0,2.0971849774665534,2.0971849774665534,1.6094379124341003,1.6094379124341003,0.0,0.0,0.0,0.0,0.0,0.0,0.0,0.0,0.0,0.0,0.0
637,48.0,61.0,1.0,0.0,1.3862943611198906,0.0,0.0,0.0,0.0,0.0,0.0,0.0,2.8021041809622584,0.0,6.750210512420185,6.750210512420185,1.3862943611198906,1.3862943611198906,6.418772683138599,6.418772683138599,5.190573059534934,0.0,6.071314928595715,1.791759469228055,1.791759469228055,0.6931471805599453,0.0,1.3862943611198906,0.0
64,61.0,38.0,1.0,0.0,0.0,1.0,0.0,0.0,0.5651108663806679,0.0,0.0,0.0,2.8021041809622584,0.0,7.152133205261744,7.152133205261744,1.791759469228055,1.791759469228055,7.2796530160232615,7.2796530160232615,6.285465896518655,6.252150205702412,5.9764406442128974,3.9512437185814275,3.9512437185814275,1.3862943611198906,3.7612001156935624,1.6094379124341003,0.0
640,33.0,132.0,1.0,1.0,0.0,0.0,0.0,0.0,9.727131566289541,8.184704808700532,0.0,0.0,2.8021041809622584,0.0,2.4456954603988916,0.0021405644991109567,1.0986122886681098,0.6931471805599453,0.0,0.0,0.0,0.0,0.0,0.0,0.0,0.0,0.0,0.0,0.0
641,72.0,150.0,1.0,0.0,0.0,0.0,0.0,0.0,0.8649974374866045,0.0,0.0,0.0,2.8021041809622584,0.0,8.433486296658236,8.314258697399387,2.0794415416798357,1.9459101490553132,8.491320944044547,8.37918378744813,7.265129978035143,4.062903036387282,7.758531775769406,3.58351893845611,3.5553480614894135,1.6094379124341003,2.1972245773362196,2.9444389791664403,0.0
647,68.0,28.0,1.0,0.0,0.0,0.0,0.0,0.0,5.895664336543908,0.0,0.0,0.0,2.8021041809622584,0.0,5.525464322106269,5.525464322106269,1.0986122886681098,1.0986122886681098,5.4887606148417625,5.4887606148417625,0.0,0.0,0.0,1.3862943611198906,1.3862943611198906,0.0,0.0,0.0,1.0
650,22.0,89.0,1.0,0.0,0.0,0.0,0.0,0.0,7.859659401261543,0.0,0.0,0.0,2.8021041809622584,0.0,5.82981603700464,5.82981603700464,1.0986122886681098,1.0986122886681098,1.349926716949016,1.349926716949016,0.0,0.0,0.0,1.0986122886681098,1.0986122886681098,0.0,0.0,0.0,1.0
651,58.0,79.0,1.0,0.0,0.0,0.0,0.0,1.0,1.1451323043030026,0.0,0.0,0.0,2.8021041809622584,8.738356211343723,3.956975884655077,3.372479416294377,1.3862943611198906,1.0986122886681098,6.405995578122749,6.405995578122749,0.0,0.0,6.333279628139691,1.791759469228055,1.791759469228055,0.0,0.0,1.3862943611198906,1.0
652,50.0,112.0,1.0,0.0,0.0,0.0,0.0,0.0,8.680363601511578,0.0,0.0,0.0,2.8021041809622584,0.0,6.643850650191001,6.643850650191001,1.0986122886681098,1.0986122886681098,5.717060595602044,5.717060595602044,5.186323789587112,4.178554399513913,4.122515439188797,2.5649493574615367,2.5649493574615367,1.0986122886681098,1.9459101490553132,1.3862943611198906,1.0
654,36.0,148.0,1.0,0.0,0.0,0.0,0.0,0.0,7.413598439438481,0.0,0.0,0.0,2.8021041809622584,0.0,8.018533734981391,8.018533734981391,1.791759469228055,1.791759469228055,8.040390155651531,8.040390155651531,5.093640641781728,5.282180725590645,7.771188184956655,3.295836866004329,3.295836866004329,0.6931471805599453,2.302585092994046,2.5649493574615367,0.0
655,16.0,0.0,2.0,0.0,0.0,0.0,0.0,0.0,5.7936275313931,0.0,0.0,0.0,2.8021041809622584,0.0,6.781181260258441,6.781181260258441,1.3862943611198906,1.3862943611198906,6.753396244117142,6.753396244117142,3.999510459551262,0.0,5.553928107999748,2.0794415416798357,2.0794415416798357,0.6931471805599453,0.0,1.0986122886681098,0.0
656,62.0,45.0,1.0,1.0,0.0,0.0,0.0,0.0,3.3236218660609698,8.719576970660174,0.0,0.0,2.8021041809622584,0.0,6.986327125249412,6.980182911584345,1.3862943611198906,1.0986122886681098,6.876587794218712,6.876587794218712,0.0,6.498943505603163,5.7120187017232285,2.6390573296152584,2.6390573296152584,0.0,2.1972245773362196,1.6094379124341003,1.0
659,40.0,130.0,2.0,0.0,0.0,0.0,0.0,0.0,6.965357522886379,0.0,0.0,0.0,2.8021041809622584,0.0,6.62140850509847,6.62140850509847,1.0986122886681098,1.0986122886681098,6.683745280982815,6.683745280982815,0.0,0.0,5.25189938652366,1.791759469228055,1.791759469228055,0.0,0.0,1.0986122886681098,0.0
660,61.0,145.0,1.0,0.0,0.0,1.0,0.0,0.0,6.417258521241988,0.0,0.0,0.0,2.8021041809622584,0.0,6.215346397241105,6.1833879240087155,1.9459101490553132,1.791759469228055,6.875502490501815,6.1833879240087155,6.14265165622092,0.0,0.0,2.1972245773362196,1.6094379124341003,1.0986122886681098,0.0,0.0,1.0
664,63.0,121.0,2.0,0.0,0.0,0.0,0.0,0.0,7.250381500121004,0.0,0.0,0.0,2.8021041809622584,0.0,6.795192300446867,6.795192300446867,1.3862943611198906,1.3862943611198906,6.384230311191068,6.384230311191068,0.0,0.0,6.380001464195458,2.0794415416798357,2.0794415416798357,0.0,0.0,1.9459101490553132,1.0
665,44.0,153.0,1.0,0.0,0.0,0.0,0.0,0.0,5.917961199824107,0.0,0.0,0.0,2.8021041809622584,0.0,8.394670934441589,8.394670934441589,2.6390573296152584,2.6390573296152584,9.091108094712018,9.091108094712018,0.0,0.0,7.450403437622437,2.772588722239781,2.772588722239781,0.0,0.0,2.4849066497880004,1.0
667,48.0,143.0,1.0,0.0,0.0,0.0,0.0,0.0,4.1115995960823515,0.0,0.0,0.0,2.8021041809622584,0.0,7.028904072686246,7.028904072686246,1.6094379124341003,1.6094379124341003,7.20459794336838,7.20459794336838,6.467476873635335,5.274463687668637,5.522745806325121,3.091042453358316,3.091042453358316,1.3862943611198906,1.6094379124341003,2.1972245773362196,1.0
668,55.0,119.0,1.0,1.0,0.6931471805599453,1.0,0.0,0.0,6.376640695393759,10.685171325816903,0.0,0.0,2.8021041809622584,0.0,8.137711465284559,7.914040137403295,3.6109179126442243,3.4339872044851463,8.218213444661135,7.950523835456033,5.829785600859932,6.461088640053212,7.139886887846269,4.605170185988092,4.290459441148391,2.3978952727983707,3.5263605246161616,3.044522437723423,0.0
669,56.0,58.0,1.0,0.0,0.0,1.0,0.0,0.0,5.16853810952385,0.0,0.0,5.065648684148995,2.8021041809622584,0.0,6.423561733097844,6.423561733097844,1.0986122886681098,1.0986122886681098,6.474606930095463,6.474606930095463,5.775881627762223,0.0,5.77886786014231,2.1972245773362196,2.1972245773362196,1.0986122886681098,0.0,1.6094379124341003,1.0
674,31.0,263.0,1.0,0.0,0.0,1.0,0.0,0.0,9.702838053277908,0.0,0.0,6.6154721617484045,2.8021041809622584,0.0,7.348382279123937,7.348382279123937,2.3978952727983707,2.3978952727983707,7.300764080806708,7.300764080806708,5.670865659643059,6.130689078022721,6.597389289445403,3.6888794541139363,3.6888794541139363,1.3862943611198906,3.1354942159291497,2.6390573296152584,0.0
676,37.0,68.0,1.0,0.0,0.0,1.0,1.0,0.0,7.028208714199676,0.0,0.0,0.0,6.072297052699127,0.0,7.841609438336877,7.825641309119653,2.302585092994046,1.791759469228055,8.150072760381246,8.145982915430011,3.999510459551262,7.472503384220796,7.381435178173412,3.4657359027997265,3.295836866004329,0.6931471805599453,2.772588722239781,2.1972245773362196,0.0
677,25.0,179.0,1.0,0.0,0.0,0.0,0.0,0.0,4.282078035444024,0.0,0.0,0.0,2.8021041809622584,0.0,6.166848403137282,6.166848403137282,1.0986122886681098,1.0986122886681098,5.381262451652992,5.381262451652992,4.649870364905998,4.7337832534560675,0.0,2.6390573296152584,2.6390573296152584,1.6094379124341003,2.302585092994046,0.0,1.0
681,56.0,33.0,1.0,0.0,1.791759469228055,1.0,0.0,1.0,8.51259061579632,0.0,10.748568186283858,0.0,2.8021041809622584,9.202032924778887,7.715855462685412,7.3202028575677724,2.70805020110221,2.4849066497880004,7.707906338424285,7.434896153689011,4.28260085453587,5.378415017767094,5.318994961088768,3.1780538303479458,2.6390573296152584,0.6931471805599453,1.0986122886681098,1.6094379124341003,0.0
685,60.0,158.0,1.0,0.0,0.6931471805599453,1.0,0.0,0.0,5.941176386501927,0.0,5.139759070770401,0.0,2.8021041809622584,0.0,6.546627066599416,6.546592217268955,2.0794415416798357,1.9459101490553132,7.1019092345974455,7.0629496996366665,6.062788033933216,4.954140525541272,6.027503693451802,3.1780538303479458,2.995732273553991,1.6094379124341003,1.3862943611198906,2.1972245773362196,1.0
688,71.0,100.0,1.0,0.0,0.0,0.0,0.0,0.0,6.373461174023497,0.0,0.0,0.0,2.8021041809622584,0.0,7.360388374564273,7.360388374564273,1.0986122886681098,1.0986122886681098,7.057916378353205,7.057916378353205,0.0,0.0,0.0,1.3862943611198906,1.3862943611198906,0.0,0.0,0.0,0.0
690,72.0,105.0,1.0,1.0,0.0,0.0,0.0,0.0,4.466187225841764,8.343896048969665,0.0,0.0,2.8021041809622584,0.0,0.16944134278375714,0.0,0.6931471805599453,0.0,0.6377099736687197,0.6377099736687197,0.0,0.0,0.0,0.6931471805599453,0.6931471805599453,0.0,0.0,0.0,0.0
695,34.0,13.0,1.0,0.0,0.0,0.0,0.0,0.0,0.014888612493750654,0.0,0.0,0.0,2.8021041809622584,0.0,6.710659693129499,6.710659693129499,1.0986122886681098,1.0986122886681098,6.879312814118379,6.879312814118379,6.020329627504154,4.470344078030253,6.155843353105555,3.091042453358316,3.091042453358316,1.3862943611198906,2.1972245773362196,2.302585092994046,0.0
696,44.0,175.0,1.0,0.0,0.0,0.0,0.0,1.0,7.8806547816066574,0.0,0.0,0.0,2.8021041809622584,8.102476995070653,7.327945251718801,7.286758090484857,1.791759469228055,1.6094379124341003,7.372863014302779,7.368659599081558,6.943811650222823,5.333098293364799,5.490265062093766,3.295836866004329,3.2188758248682006,1.6094379124341003,2.4849066497880004,2.0794415416798357,0.0
697,54.0,256.0,1.0,0.0,0.0,1.0,1.0,0.0,7.814327943027979,0.0,0.0,0.0,6.490285545688071,0.0,8.730839846774423,8.3157159882745,3.8066624897703196,3.5263605246161616,8.901228162838725,8.34456484614305,5.880931949102981,6.457633825689231,7.479251439476843,4.564348191467836,3.6888794541139363,0.6931471805599453,3.258096538021482,3.4657359027997265,0.0
699,37.0,175.0,1.0,0.0,1.6094379124341003,1.0,0.0,0.0,7.508818498464357,0.0,9.825117510653065,0.0,2.8021041809622584,0.0,6.941669699622632,6.658485901016769,2.1972245773362196,1.9459101490553132,6.495995220612168,6.340581627210594,4.502979245091544,0.0,5.384003460976649,2.6390573296152584,2.3978952727983707,1.0986122886681098,0.0,1.791759469228055,1.0
7,55.0,227.0,1.0,0.0,0.0,0.0,0.0,0.0,6.780700013759931,0.0,0.0,0.0,2.8021041809622584,0.0,5.9623051204625295,5.9623051204625295,1.0986122886681098,1.0986122886681098,4.605609375244655,4.605609375244655,2.9368917735310576,4.250651079825581,2.46080909820894,2.3978952727983707,2.3978952727983707,0.6931471805599453,1.9459101490553132,0.6931471805599453,0.0
70,38.0,152.0,1.0,0.0,0.0,0.0,0.0,0.0,5.8507225263986316,0.0,0.0,0.0,2.8021041809622584,0.0,7.488136415922555,7.488136415922555,1.3862943611198906,1.3862943611198906,7.457492433494069,7.457492433494069,6.450696079371807,4.878572210733003,6.844394349925052,2.995732273553991,2.995732273553991,1.6094379124341003,1.3862943611198906,2.3978952727983707,1.0
701,39.0,151.0,3.0,1.0,0.0,0.0,0.0,0.0,0.0,10.445682640663021,0.0,0.0,2.8021041809622584,0.0,5.132646415823061,5.132644308348163,1.6094379124341003,1.3862943611198906,5.193274260827806,5.193274260827806,5.040656310351114,2.7581999847876815,2.46080909820894,2.0794415416798357,2.0794415416798357,1.3862943611198906,1.3862943611198906,0.6931471805599453,0.0
706,31.0,220.0,1.0,0.0,0.0,0.0,0.0,0.0,7.248594497056814,0.0,0.0,0.0,2.8021041809622584,0.0,2.936948590098784,2.936948590098784,1.0986122886681098,1.0986122886681098,4.027899462813948,4.027899462813948,3.999510459551262,0.0,0.0,1.6094379124341003,1.6094379124341003,1.0986122886681098,0.0,0.0,0.0
707,88.0,75.0,1.0,0.0,0.0,0.0,0.0,0.0,5.764766695674639,0.0,0.0,0.0,2.8021041809622584,0.0,3.9786330402133037,3.9786330402133037,1.0986122886681098,1.0986122886681098,1.086636097621394,1.086636097621394,0.0,0.0,0.0,0.6931471805599453,0.6931471805599453,0.0,0.0,0.0,1.0
708,49.0,181.0,1.0,0.0,0.0,0.0,0.0,0.0,0.0,0.0,0.0,0.0,2.8021041809622584,0.0,1.1564318595569358,1.1564318595569358,0.6931471805599453,0.6931471805599453,3.1392139970316815,3.1392139970316815,2.7269186854065928,2.174751721484161,0.0,1.3862943611198906,1.3862943611198906,0.6931471805599453,1.0986122886681098,0.0,1.0
710,33.0,179.0,1.0,0.0,0.0,0.0,0.0,0.0,6.9345119620033495,0.0,0.0,0.0,2.8021041809622584,0.0,6.201740666965208,6.201740666965208,1.9459101490553132,1.9459101490553132,6.192187189272828,6.192187189272828,6.071067597706949,4.039033181062403,0.0,3.044522437723423,3.044522437723423,2.3978952727983707,2.3978952727983707,0.0,0.0
715,37.0,63.0,1.0,1.0,0.0,0.0,1.0,0.0,8.447204032983896,3.0701271943299373,0.0,0.0,2.8445355598030915,0.0,9.642162026963975,9.638837899986159,2.3978952727983707,1.6094379124341003,9.615521082504332,9.615363882594526,5.880931949102981,5.6680319239945725,9.567711498523556,3.6635616461296463,3.5553480614894135,1.0986122886681098,2.3978952727983707,2.995732273553991,1.0
717,24.0,147.0,2.0,0.0,0.0,0.0,0.0,0.0,8.051256367211677,0.0,0.0,0.0,2.8021041809622584,0.0,6.011655754359376,6.011655754359376,1.0986122886681098,1.0986122886681098,6.067093683133643,6.067093683133643,0.0,0.0,0.0,1.3862943611198906,1.3862943611198906,0.0,0.0,0.0,1.0
724,39.0,176.0,1.0,0.0,0.0,0.0,0.0,0.0,4.636983725950406,0.0,0.0,0.0,2.8021041809622584,0.0,0.049130242390699734,0.049130242390699734,0.6931471805599453,0.6931471805599453,1.2613990394414218,1.2613990394414218,0.0,0.0,0.0,1.0986122886681098,1.0986122886681098,0.0,0.0,0.0,0.0
726,60.0,67.0,1.0,0.0,0.0,1.0,0.0,0.0,7.994323663467675,0.0,0.0,5.567848197415368,2.8021041809622584,0.0,6.983086686107465,6.932105672743579,2.995732273553991,2.833213344056216,7.120569379014682,6.949383120149319,5.190573059534934,5.408228227947538,6.362288914151134,3.7612001156935624,3.367295829986474,2.0794415416798357,2.3978952727983707,1.0986122886681098,0.0
727,53.0,209.0,1.0,1.0,0.6931471805599453,0.0,0.0,0.0,3.9106935506660867,10.484847738772572,9.580874704357974,0.0,2.8021041809622584,0.0,6.580804568419168,6.579717868981813,2.302585092994046,2.0794415416798357,5.575407831143926,5.575407831143926,0.0,0.0,5.57459537341474,2.302585092994046,2.302585092994046,0.0,0.0,2.1972245773362196,0.0
728,37.0,158.0,1.0,0.0,0.0,0.0,0.0,0.0,7.0865683071289665,0.0,0.0,0.0,2.8021041809622584,0.0,6.0960449371183385,6.0960449371183385,1.0986122886681098,1.0986122886681098,3.346137604479128,3.346137604479128,0.0,0.0,3.258096538021482,1.3862943611198906,1.3862943611198906,0.0,0.0,1.0986122886681098,0.0
731,21.0,181.0,1.0,0.0,0.0,0.0,0.0,0.0,6.864855233952609,0.0,0.0,0.0,2.8021041809622584,0.0,6.788736837669197,6.788736837669197,1.3862943611198906,1.3862943611198906,6.711349286257765,6.711349286257765,6.707909639892749,0.0,0.0,2.4849066497880004,2.4849066497880004,1.9459101490553132,0.0,0.0,0.0
733,17.0,4.0,1.0,1.0,0.0,0.0,0.0,0.0,1.9031198070449111,9.285446353605794,0.0,0.0,2.8021041809622584,0.0,2.812624693639071,0.0,0.6931471805599453,0.0,0.0,0.0,0.0,0.0,0.0,0.0,0.0,0.0,0.0,0.0,1.0
738,49.0,123.0,1.0,0.0,0.0,0.0,0.0,0.0,7.5780358573509385,0.0,0.0,0.0,2.8021041809622584,0.0,0.02085249615901651,0.02085249615901651,0.6931471805599453,0.6931471805599453,6.552395795975773,6.552395795975773,0.0,0.0,0.0,1.3862943611198906,1.3862943611198906,0.0,0.0,0.0,1.0
74,63.0,20.0,1.0,1.0,0.0,0.0,1.0,0.0,6.603626797968791,0.0,0.0,0.0,3.5622223385956007,0.0,6.726575070602209,6.678131400631792,2.1972245773362196,1.3862943611198906,6.564409473417752,6.562393648515007,5.371966049571182,0.0,6.201884640289153,2.0794415416798357,1.791759469228055,1.3862943611198906,0.0,1.0986122886681098,1.0
748,67.0,181.0,1.0,0.0,0.0,1.0,0.0,0.0,7.053125070422367,0.0,0.0,0.0,2.8021041809622584,0.0,2.647566938341732,2.643714833930649,1.791759469228055,1.0986122886681098,4.157414371401528,3.9286202207640573,3.6031659358399066,2.4577556607220497,0.0,2.1972245773362196,1.791759469228055,0.6931471805599453,0.6931471805599453,0.0,0.0
749,30.0,9.0,1.0,0.0,0.0,0.0,0.0,0.0,0.17545278258807873,0.0,0.0,0.0,2.8021041809622584,0.0,5.941130379077823,5.941130379077823,1.0986122886681098,1.0986122886681098,5.944204461770683,5.944204461770683,5.9390427967045,0.0,0.0,1.3862943611198906,1.3862943611198906,1.0986122886681098,0.0,0.0,1.0
750,40.0,173.0,1.0,0.0,0.0,0.0,0.0,1.0,6.567364876364019,0.0,0.0,0.0,2.8021041809622584,7.970404162751321,6.964066071788091,6.910112498555815,1.3862943611198906,1.0986122886681098,7.2281551670561575,7.226624508184971,0.0,3.499749055390651,7.025538314638521,2.8903717578961645,2.833213344056216,0.0,0.6931471805599453,2.6390573296152584,0.0
752,58.0,37.0,1.0,1.0,0.0,0.0,0.0,0.0,4.112739803723649,9.59437441903792,0.0,0.0,2.8021041809622584,0.0,6.944634654441117,6.942562765413076,1.3862943611198906,1.0986122886681098,7.13061307518653,7.13061307518653,0.0,5.213187335599712,6.960957464562765,2.0794415416798357,2.0794415416798357,0.0,1.0986122886681098,1.3862943611198906,1.0
756,29.0,149.0,1.0,0.0,1.3862943611198906,1.0,1.0,1.0,7.486254504381171,0.0,7.750959516816119,5.5289542015282915,6.890709027959587,8.052901219555801,8.634256094823751,8.396333821549499,3.6375861597263857,3.4339872044851463,8.826599625382352,8.398245549297505,6.767178719181997,6.816257750348974,6.725995278771481,4.465908118654584,3.9889840465642745,1.9459101490553132,3.1780538303479458,2.70805020110221,1.0
759,26.0,75.0,1.0,0.0,0.0,1.0,0.0,0.0,0.5790181750821731,0.0,0.0,0.0,2.8021041809622584,0.0,6.438636972008675,6.438636972008675,1.0986122886681098,1.0986122886681098,5.648974238161206,5.648974238161206,3.999510459551262,4.977472385812523,4.417979652082633,3.091042453358316,3.091042453358316,0.6931471805599453,2.70805020110221,1.791759469228055,0.0
760,44.0,92.0,1.0,5.0,0.0,0.0,0.0,0.0,9.993095221419818,8.266434323069044,0.0,0.0,2.8021041809622584,0.0,7.985751023499304,7.979223673360352,2.1972245773362196,2.0794415416798357,7.624208396856824,7.624208396856824,7.15984718272843,6.2958891598981745,5.391189511824932,3.258096538021482,3.258096538021482,1.6094379124341003,2.5649493574615367,2.1972245773362196,0.0
765,44.0,66.0,2.0,0.0,0.0,0.0,0.0,0.0,1.742969305058623,0.0,0.0,0.0,2.8021041809622584,0.0,6.224560550913845,6.224560550913845,1.6094379124341003,1.6094379124341003,6.327872368389265,6.327872368389265,0.0,4.537957616577644,6.140038481265273,2.4849066497880004,2.4849066497880004,0.0,1.791759469228055,1.791759469228055,0.0
766,32.0,95.0,1.0,0.0,0.0,0.0,0.0,0.0,6.212443614759469,0.0,0.0,0.0,2.8021041809622584,0.0,10.139152892290227,10.139152892290227,1.791759469228055,1.791759469228055,5.989945536852985,5.989945536852985,0.0,0.0,5.983936280687191,1.9459101490553132,1.9459101490553132,0.0,0.0,1.791759469228055,1.0
768,19.0,67.0,1.0,0.0,0.0,0.0,1.0,0.0,7.010531672957377,0.0,0.0,0.0,6.916602809612517,0.0,7.64320495757596,7.639283534583634,2.302585092994046,1.9459101490553132,7.461584766687777,7.4607633656971055,5.6584861997410245,5.888708771089195,6.992555880674602,2.772588722239781,2.6390573296152584,1.0986122886681098,1.9459101490553132,1.3862943611198906,1.0
769,31.0,64.0,1.0,1.0,0.0,0.0,0.0,0.0,5.5848219603295295,8.715756538107778,0.0,0.0,2.8021041809622584,0.0,1.2503109852480814,0.006762794950817257,1.0986122886681098,0.6931471805599453,6.763183573935202,6.763183573935202,0.0,0.0,6.760290531745452,2.1972245773362196,2.1972245773362196,0.0,0.0,2.0794415416798357,0.0
77,71.0,2.0,1.0,0.0,0.0,0.0,0.0,0.0,5.130937904279993,0.0,0.0,0.0,2.8021041809622584,0.0,7.46954808325204,7.46954808325204,1.0986122886681098,1.0986122886681098,7.294368079525823,7.294368079525823,5.451651386468739,6.613270117910617,6.201812294476135,2.833213344056216,2.833213344056216,0.6931471805599453,2.3978952727983707,1.6094379124341003,1.0
772,68.0,19.0,1.0,1.0,0.6931471805599453,1.0,0.0,0.0,5.697487704093453,2.3602473481386124,0.0,0.0,2.8021041809622584,0.0,5.026067976244342,5.0189435419667,1.6094379124341003,1.0986122886681098,5.024115455652948,5.024115455652948,0.0,0.0,4.959341999708705,1.9459101490553132,1.9459101490553132,0.0,0.0,1.6094379124341003,1.0
778,50.0,150.0,1.0,0.0,0.0,1.0,0.0,0.0,8.248650781449983,0.0,0.0,0.0,2.8021041809622584,0.0,6.496158553729345,6.159443410075803,2.1972245773362196,1.9459101490553132,6.452536667842623,6.104479088689256,4.28260085453587,4.846322038671285,4.023123444731778,2.70805020110221,2.3978952727983707,0.6931471805599453,1.0986122886681098,1.3862943611198906,1.0
779,44.0,132.0,1.0,0.0,0.0,1.0,0.0,0.0,6.343651309209877,0.0,0.0,0.0,2.8021041809622584,0.0,8.102003992932026,7.762061178658726,3.4011973816621555,3.332204510175204,8.189543719491269,7.690047570406401,6.380606681184216,5.2818703528777196,3.0376964726530233,4.04305126783455,3.4657359027997265,2.0794415416798357,2.3978952727983707,0.6931471805599453,1.0
780,19.0,127.0,1.0,0.0,0.0,1.0,1.0,0.0,5.224722724156507,0.0,0.0,0.0,6.48957123418047,0.0,7.123173351195437,6.672324042328769,3.1780538303479458,2.833213344056216,7.012400646125069,6.6354983862823635,4.968820743663249,0.0,5.110911477844718,3.4965075614664802,2.772588722239781,1.791759469228055,0.0,1.791759469228055,1.0
781,51.0,188.0,1.0,1.0,0.0,0.0,0.0,0.0,5.853401473338008,8.252515989885154,0.0,0.0,2.8021041809622584,0.0,7.531918070162015,7.531916922211909,1.9459101490553132,1.791759469228055,8.007641874423998,8.007641874423998,4.28260085453587,4.258344537287387,7.9589291145077015,2.833213344056216,2.833213344056216,1.0986122886681098,0.6931471805599453,2.5649493574615367,1.0
783,26.0,102.0,1.0,0.0,0.0,0.0,0.0,0.0,8.469362017268848,0.0,0.0,0.0,2.8021041809622584,0.0,6.276458187534153,6.276458187534153,1.0986122886681098,1.0986122886681098,6.400198117492957,6.400198117492957,0.0,0.0,6.39454586386087,1.9459101490553132,1.9459101490553132,0.0,0.0,1.791759469228055,1.0
785,9.0,179.0,1.0,0.0,0.0,1.0,0.0,0.0,8.77639978337152,0.0,0.0,0.0,2.8021041809622584,0.0,9.58796116203638,9.553480025767241,3.2188758248682006,3.044522437723423,7.864825261605903,7.654703856010392,6.349887961580832,5.804388132444336,6.565264970035361,3.6109179126442243,3.4011973816621555,1.3862943611198906,2.4849066497880004,2.1972245773362196,1.0
786,75.0,239.0,1.0,2.0,0.0,0.0,0.0,0.0,6.925175167849623,8.322004261048187,0.0,0.0,2.8021041809622584,0.0,6.414116235257978,6.411881014978872,1.3862943611198906,1.0986122886681098,5.088530642899091,5.088530642899091,0.0,5.083009110409323,0.0,2.8903717578961645,2.8903717578961645,0.0,2.833213344056216,0.0,1.0
787,66.0,129.0,1.0,1.0,0.6931471805599453,0.0,0.0,0.0,7.417013102963496,8.805153118120094,9.595432787474666,0.0,2.8021041809622584,0.0,6.487482323868602,6.481896483221744,1.791759469228055,1.3862943611198906,7.149629174218664,7.149629174218664,0.0,0.0,5.291461777751187,2.0794415416798357,2.0794415416798357,0.0,0.0,1.791759469228055,1.0
788,62.0,94.0,1.0,1.0,1.0986122886681098,0.0,0.0,0.0,3.637369970945741,8.87357484234878,0.0,0.0,2.8021041809622584,0.0,1.4771302605292944,0.0017841217935013985,1.0986122886681098,0.6931471805599453,5.899212187402895,5.899212187402895,0.0,0.0,5.190573059534934,1.3862943611198906,1.3862943611198906,0.0,0.0,0.6931471805599453,0.0
791,16.0,23.0,1.0,1.0,2.0794415416798357,1.0,1.0,0.0,6.814877638154428,8.210965347208628,9.08525970181168,0.0,5.930932275937809,0.0,7.50765342198108,6.142970917502151,2.4849066497880004,1.0986122886681098,7.61793936098011,7.00915854648012,0.0,6.542369032196282,0.0,2.9444389791664403,1.3862943611198906,0.0,2.302585092994046,0.0,0.0
794,39.0,202.0,1.0,1.0,0.6931471805599453,0.0,1.0,1.0,5.649733507187578,9.693950806450294,0.0,0.0,6.3355195687531065,8.352517989252762,6.7959458390372465,6.394965226989846,2.4849066497880004,1.0986122886681098,6.935499328759956,6.47488226807457,4.062903036387282,5.853196443756647,5.307737146500087,3.6109179126442243,2.70805020110221,0.6931471805599453,2.772588722239781,2.1972245773362196,0.0
796,76.0,64.0,3.0,0.0,0.0,0.0,1.0,1.0,5.513443146982949,0.0,0.0,0.0,7.026413487118897,8.441171774409346,8.690431056597683,8.602614704050566,2.5649493574615367,1.791759469228055,8.804371261880352,8.656824442021785,6.919401483616536,6.810797850350963,8.336760991520087,4.248495242049359,3.5553480614894135,2.0794415416798357,3.4657359027997265,3.091042453358316,0.0
797,37.0,151.0,1.0,1.0,1.6094379124341003,0.0,0.0,0.0,7.251915742444077,10.184118156539766,8.013555245720267,0.0,2.8021041809622584,0.0,7.484181226045644,6.968158699864861,2.1972245773362196,1.791759469228055,7.299676461766049,7.299676461766049,6.754770585794848,0.0,6.3029453222787675,2.772588722239781,2.772588722239781,1.0986122886681098,0.0,2.4849066497880004,0.0
798,24.0,102.0,1.0,0.0,0.0,0.0,0.0,0.0,4.908243911171619,0.0,0.0,0.0,2.8021041809622584,0.0,0.0017841217935013985,0.0017841217935013985,0.6931471805599453,0.6931471805599453,1.086636097621394,1.086636097621394,0.0,0.0,0.0,0.6931471805599453,0.6931471805599453,0.0,0.0,0.0,0.0
803,37.0,115.0,1.0,0.0,0.0,0.0,0.0,0.0,0.0,0.0,0.0,0.0,2.8021041809622584,0.0,5.934235437491835,5.934235437491835,1.0986122886681098,1.0986122886681098,6.390113022293983,6.390113022293983,5.870909816709239,4.371647059923017,5.021292588570244,3.6109179126442243,3.6109179126442243,2.1972245773362196,2.0794415416798357,1.791759469228055,1.0
807,42.0,86.0,1.0,0.0,0.0,0.0,0.0,0.0,5.550978110361557,0.0,0.0,0.0,2.8021041809622584,0.0,7.436434783731546,7.436434783731546,1.3862943611198906,1.3862943611198906,7.320063585572296,7.320063585572296,0.0,5.58341574699748,6.841882534831429,3.1354942159291497,3.1354942159291497,0.0,2.302585092994046,2.4849066497880004,1.0
811,28.0,151.0,1.0,0.0,0.0,0.0,0.0,0.0,7.11384887378045,0.0,0.0,0.0,2.8021041809622584,0.0,7.078863907587025,7.078863907587025,1.3862943611198906,1.3862943611198906,7.216630817787575,7.216630817787575,0.0,0.0,5.657239783027248,2.0794415416798357,2.0794415416798357,0.0,0.0,1.791759469228055,1.0
813,57.0,150.0,1.0,1.0,0.0,1.0,0.0,0.0,3.0640082214459583,10.28250533831991,0.0,5.729844648388697,2.8021041809622584,0.0,5.556145258316928,5.5390524189462065,1.3862943611198906,1.0986122886681098,2.7222348360941666,2.7222348360941666,0.0,0.0,2.469913865201859,1.0986122886681098,1.0986122886681098,0.0,0.0,0.6931471805599453,0.0
816,24.0,4.0,1.0,0.0,0.0,0.0,0.0,0.0,5.949896366522042,0.0,0.0,0.0,2.8021041809622584,0.0,7.187226502340467,7.187226502340467,1.0986122886681098,1.0986122886681098,7.287778029225455,7.287778029225455,0.0,0.0,6.81360549708424,2.4849066497880004,2.4849066497880004,0.0,0.0,2.0794415416798357,1.0
817,42.0,152.0,1.0,0.0,1.3862943611198906,0.0,0.0,0.0,4.070009177484928,0.0,8.71352425049642,0.0,2.8021041809622584,0.0,6.882455053260861,6.882455053260861,1.791759469228055,1.791759469228055,6.248388214153398,6.248388214153398,0.0,0.0,6.2435425726631575,1.9459101490553132,1.9459101490553132,0.0,0.0,1.791759469228055,1.0
818,76.0,173.0,1.0,0.0,0.0,0.0,0.0,0.0,7.231748960871611,0.0,0.0,0.0,2.8021041809622584,0.0,6.271809725614144,6.271809725614144,1.0986122886681098,1.0986122886681098,6.172127735521296,6.172127735521296,0.0,4.951163281579963,5.815539985839126,2.70805020110221,2.70805020110221,0.0,1.9459101490553132,2.0794415416798357,1.0
820,66.0,55.0,1.0,0.0,0.0,0.0,0.0,0.0,5.178884086057788,0.0,0.0,0.0,2.8021041809622584,0.0,5.563837360744256,5.563837360744256,1.6094379124341003,1.6094379124341003,5.074950576032096,5.074950576032096,2.9368917735310576,0.0,4.930870325627393,1.6094379124341003,1.6094379124341003,0.6931471805599453,0.0,1.0986122886681098,0.0
828,27.0,221.0,1.0,0.0,0.0,0.0,0.0,0.0,0.0,0.0,0.0,0.0,2.8021041809622584,0.0,4.716014921497603,4.716014921497603,1.0986122886681098,1.0986122886681098,1.086636097621394,1.086636097621394,0.0,0.0,0.0,0.6931471805599453,0.6931471805599453,0.0,0.0,0.0,0.0
829,80.0,71.0,1.0,0.0,0.0,0.0,1.0,5.0,5.218524032540207,0.0,0.0,0.0,2.9351288568698686,7.31820887624363,7.4225265370567755,7.276483785974294,2.5649493574615367,2.1972245773362196,7.201091515052739,7.192236340804388,5.190573059534934,5.286916913346934,6.39382961696383,3.5553480614894135,3.4657359027997265,1.6094379124341003,2.302585092994046,2.70805020110221,0.0
830,23.0,65.0,1.0,0.0,0.0,0.0,0.0,0.0,3.1073854488348376,0.0,0.0,0.0,2.8021041809622584,0.0,6.9069999938260995,6.9069999938260995,1.0986122886681098,1.0986122886681098,6.883282535076018,6.883282535076018,6.062788033933216,5.148756139054585,5.929114106565608,3.2188758248682006,3.2188758248682006,1.9459101490553132,2.772588722239781,1.0986122886681098,1.0
832,37.0,174.0,1.0,0.0,0.0,0.0,0.0,0.0,6.130815690831213,0.0,0.0,0.0,2.8021041809622584,0.0,6.886006552119152,6.886006552119152,1.0986122886681098,1.0986122886681098,6.8085267180539155,6.8085267180539155,6.285465896518655,0.0,5.825578611062303,2.5649493574615367,2.5649493574615367,0.6931471805599453,0.0,1.9459101490553132,0.0
834,28.0,78.0,1.0,0.0,0.0,1.0,0.0,1.0,8.396462539017133,0.0,0.0,0.0,2.8021041809622584,7.609112592546151,8.15753901805907,7.7755177623839495,3.1780538303479458,3.044522437723423,8.154162993523052,7.760408112607576,5.594180171090011,5.053968418802629,6.625087755494743,3.7612001156935624,3.1780538303479458,1.791759469228055,1.9459101490553132,2.1972245773362196,0.0
835,66.0,98.0,1.0,0.0,0.0,0.0,0.0,0.0,6.77136551940199,0.0,0.0,0.0,2.8021041809622584,0.0,5.94859712134498,5.94859712134498,1.3862943611198906,1.3862943611198906,1.8772816426662169,1.8772816426662169,0.0,0.0,0.0,0.6931471805599453,0.6931471805599453,0.0,0.0,0.0,0.0
839,29.0,55.0,1.0,0.0,0.0,0.0,0.0,0.0,6.770510469539558,0.0,0.0,0.0,2.8021041809622584,0.0,0.00035707909681323224,0.00035707909681323224,0.6931471805599453,0.6931471805599453,4.232033964995287,4.232033964995287,4.232033964995287,0.0,0.0,0.6931471805599453,0.6931471805599453,0.6931471805599453,0.0,0.0,1.0
841,63.0,134.0,1.0,1.0,1.0986122886681098,0.0,0.0,0.0,6.9379532666376305,0.0,0.0,0.0,2.8021041809622584,0.0,1.9800650699908369,0.00035707909681323224,1.791759469228055,0.6931471805599453,0.028170876966696325,0.0,0.0,0.0,0.0,1.0986122886681098,0.0,0.0,0.0,0.0,0.0
842,54.0,56.0,1.0,0.0,0.0,0.0,0.0,0.0,3.1413774965620247,0.0,0.0,0.0,2.8021041809622584,0.0,0.0,0.0,0.0,0.0,0.6386532809738348,0.6386532809738348,0.0,0.0,0.0,0.6931471805599453,0.6931471805599453,0.0,0.0,0.0,0.0
844,43.0,129.0,1.0,0.0,0.0,0.0,0.0,0.0,3.105963053057187,0.0,0.0,0.0,2.8021041809622584,0.0,6.062790528110352,6.062790528110352,1.3862943611198906,1.3862943611198906,6.83360884455029,6.83360884455029,6.26530121273771,2.46080909820894,5.340966262695386,2.3978952727983707,2.3978952727983707,1.3862943611198906,0.6931471805599453,1.6094379124341003,1.0
847,19.0,77.0,1.0,0.0,0.0,0.0,0.0,0.0,5.488726664923792,0.0,0.0,0.0,2.8021041809622584,0.0,0.015592094759836205,0.015592094759836205,0.6931471805599453,0.6931471805599453,0.6380874033769179,0.6380874033769179,0.0,0.0,0.0,0.6931471805599453,0.6931471805599453,0.0,0.0,0.0,1.0
851,4.0,80.0,1.0,1.0,0.0,1.0,0.0,0.0,6.598423388513097,11.54568127684619,0.0,0.0,2.8021041809622584,0.0,0.011010588948604308,0.011010588948604308,0.6931471805599453,0.6931471805599453,7.180567248143871,7.180567248143871,6.676661007866501,6.219007691716876,0.0,3.784189633918261,3.784189633918261,1.6094379124341003,3.5553480614894135,0.0,0.0
852,30.0,199.0,1.0,0.0,0.0,0.0,0.0,0.0,5.880939926733704,0.0,0.0,0.0,2.8021041809622584,0.0,6.544575551265483,6.544377821256691,1.791759469228055,1.6094379124341003,6.315900349904064,6.315616299341154,0.0,0.0,6.312836095177478,2.0794415416798357,1.9459101490553132,0.0,0.0,1.791759469228055,1.0
853,47.0,148.0,1.0,1.0,0.0,1.0,0.0,0.0,8.027139962664911,9.855892711183646,0.0,0.0,2.8021041809622584,0.0,6.4621286724638445,6.462107480883593,1.3862943611198906,1.0986122886681098,6.998294354890073,6.998294354890073,6.349887961580832,3.462606009790799,6.19062273567168,2.70805020110221,2.70805020110221,0.6931471805599453,1.0986122886681098,2.302585092994046,1.0
854,26.0,47.0,1.0,1.0,1.6094379124341003,1.0,0.0,0.0,7.528998019366023,6.747658623492529,5.839466756484118,0.0,2.8021041809622584,0.0,6.319962471204008,6.319045974293087,1.3862943611198906,1.0986122886681098,6.640576335383473,6.640576335383473,6.298686607327184,3.1071458609248945,5.282117206852142,2.0794415416798357,2.0794415416798357,1.0986122886681098,0.6931471805599453,1.3862943611198906,0.0
861,46.0,20.0,1.0,0.0,0.0,0.0,0.0,0.0,6.603158576381516,0.0,0.0,0.0,2.8021041809622584,0.0,4.747416617103269,4.747416617103269,1.6094379124341003,1.6094379124341003,4.715944591489998,4.715944591489998,4.715944591489998,0.0,0.0,1.6094379124341003,1.6094379124341003,1.6094379124341003,0.0,0.0,1.0
862,29.0,152.0,1.0,0.0,0.0,0.0,0.0,0.0,1.5224784821471653,0.0,0.0,0.0,2.8021041809622584,0.0,5.539585667720793,5.539585667720793,1.0986122886681098,1.0986122886681098,5.451130417454611,5.451130417454611,4.836281906951478,4.657898165009008,0.0,2.8903717578961645,2.8903717578961645,1.791759469228055,2.1972245773362196,0.0,1.0
866,21.0,83.0,1.0,0.0,0.0,0.0,0.0,0.0,7.46871343084994,0.0,0.0,0.0,2.8021041809622584,0.0,7.7817069435437665,7.7817069435437665,1.791759469228055,1.791759469228055,7.890862783022302,7.890862783022302,6.547400101897592,6.834392029453669,6.691152788211308,4.2626798770413155,4.2626798770413155,2.5649493574615367,3.5553480614894135,2.772588722239781,1.0
868,40.0,151.0,1.0,0.0,1.0986122886681098,0.0,0.0,0.0,0.0,0.0,6.744497841560385,0.0,2.8021041809622584,0.0,6.923001674050979,6.923001674050979,1.0986122886681098,1.0986122886681098,6.3440059597651075,6.3440059597651075,0.0,0.0,6.343629335568829,1.6094379124341003,1.6094379124341003,0.0,0.0,1.3862943611198906,0.0
870,22.0,101.0,1.0,0.0,0.0,1.0,0.0,0.0,4.8130492541780345,0.0,0.0,5.214749404842661,2.8021041809622584,0.0,4.965049988875735,4.292375412721235,1.791759469228055,1.3862943611198906,4.696524499713428,4.292375412721235,0.0,0.0,0.0,1.791759469228055,1.3862943611198906,0.0,0.0,0.0,1.0
871,45.0,157.0,1.0,0.0,0.0,0.0,1.0,2.0,7.956549750626452,0.0,0.0,0.0,4.931566318540894,9.066593096916261,8.639440659346487,8.597220887988097,2.0794415416798357,1.3862943611198906,8.658140704017125,8.650806705668687,6.572682063274631,4.49463758798309,8.374532168622611,3.091042453358316,2.833213344056216,0.6931471805599453,1.0986122886681098,2.1972245773362196,0.0
876,57.0,115.0,1.0,1.0,0.0,1.0,0.0,0.0,8.690979377733035,8.875707891964462,0.0,0.0,2.8021041809622584,0.0,8.017530741212967,7.749521182599367,2.9444389791664403,2.772588722239781,7.829314110022277,7.72984380273887,6.602200144995646,6.216311646559741,5.775660070211742,3.6375861597263857,3.332204510175204,1.3862943611198906,2.70805020110221,1.791759469228055,0.0
878,5.0,173.0,1.0,0.0,3.1354942159291497,0.0,0.0,0.0,7.327089948977761,0.0,6.427836369697518,0.0,2.8021041809622584,0.0,6.977682713628864,6.977682713628864,1.0986122886681098,1.0986122886681098,6.977681048517689,6.977681048517689,0.0,0.0,0.0,1.0986122886681098,1.0986122886681098,0.0,0.0,0.0,0.0
886,36.0,181.0,1.0,1.0,0.0,0.0,0.0,0.0,5.135237355303586,11.653344005402293,0.0,0.0,2.8021041809622584,0.0,8.49342985227466,7.972807952581472,1.9459101490553132,1.6094379124341003,7.898274751227444,7.898274751227444,5.451651386468739,4.688302621028762,5.961281442887648,3.258096538021482,3.258096538021482,1.3862943611198906,2.302585092994046,2.4849066497880004,0.0
887,55.0,151.0,1.0,0.0,0.0,0.0,0.0,0.0,6.000923243691767,0.0,0.0,0.0,2.8021041809622584,0.0,7.466188326939975,7.466188326939975,1.6094379124341003,1.6094379124341003,7.51476998192151,7.51476998192151,6.815326657782875,5.532975795037085,6.190754419542792,3.6888794541139363,3.6888794541139363,1.9459101490553132,2.833213344056216,2.4849066497880004,0.0
889,36.0,236.0,1.0,0.0,0.0,0.0,0.0,0.0,7.848319580956789,0.0,0.0,0.0,2.8021041809622584,0.0,3.258096538021482,3.258096538021482,0.6931471805599453,0.6931471805599453,3.302297433007273,3.302297433007273,2.097141118779237,2.9973381263390872,0.0,1.3862943611198906,1.3862943611198906,0.6931471805599453,1.0986122886681098,0.0,1.0
89,40.0,118.0,1.0,1.0,1.0986122886681098,0.0,0.0,0.0,4.9323236269896515,6.795896313108216,7.288289561605682,0.0,2.8021041809622584,0.0,7.59093076417498,7.571023900826742,1.9459101490553132,1.791759469228055,7.864203784830914,7.5433537384497305,6.994195064072809,4.4240207990773746,6.574287524381223,3.2188758248682006,3.1780538303479458,2.1972245773362196,1.0986122886681098,2.6390573296152584,0.0
891,21.0,11.0,1.0,0.0,0.0,1.0,0.0,0.0,7.032291649925345,0.0,0.0,0.0,2.8021041809622584,0.0,6.886321128618576,6.886321128618576,2.0794415416798357,2.0794415416798357,5.874730068666146,5.874730068666146,0.0,0.0,5.865151934242684,2.1972245773362196,2.1972245773362196,0.0,0.0,2.0794415416798357,1.0
893,48.0,53.0,1.0,0.0,0.0,0.0,0.0,0.0,1.2438457772390352,0.0,0.0,0.0,2.8021041809622584,0.0,6.867466996179108,6.867466996179108,2.302585092994046,2.302585092994046,7.480488734511849,7.480488734511849,0.0,0.0,7.478008169365379,2.8903717578961645,2.8903717578961645,0.0,0.0,2.772588722239781,1.0
894,69.0,21.0,1.0,0.0,0.0,1.0,1.0,2.0,5.874882575599487,0.0,0.0,0.0,2.8445355598030915,7.688637101698107,7.646827127538188,7.617024828590233,2.4849066497880004,1.9459101490553132,7.661443380376696,7.659340153959934,6.754770585794848,5.710391538978253,6.7569456781958,3.7612001156935624,3.6375861597263857,1.3862943611198906,2.4849066497880004,2.995732273553991,1.0
897,51.0,116.0,1.0,1.0,1.3862943611198906,0.0,0.0,0.0,0.5626723364179717,8.93170945207477,8.78153379833507,0.0,2.8021041809622584,0.0,5.931628286328306,5.876758914243653,1.6094379124341003,1.3862943611198906,5.867277118466103,5.867277118466103,0.0,0.0,5.867277118466103,2.0794415416798357,2.0794415416798357,0.0,0.0,2.0794415416798357,0.0
899,59.0,61.0,1.0,0.0,0.0,0.0,0.0,0.0,6.97535451314089,0.0,0.0,0.0,2.8021041809622584,0.0,6.002830071293462,6.002830071293462,1.0986122886681098,1.0986122886681098,5.997542467642605,5.997542467642605,2.9368917735310576,1.328211150038866,0.0,1.6094379124341003,1.6094379124341003,0.6931471805599453,0.6931471805599453,0.0,1.0
9,33.0,182.0,1.0,0.0,0.0,1.0,0.0,0.0,6.236695229098208,0.0,0.0,0.0,2.8021041809622584,0.0,6.269427668186299,5.942250855763576,1.9459101490553132,1.6094379124341003,6.031792133714498,5.931463335841518,3.999510459551262,0.0,5.1458319660398395,2.3978952727983707,2.0794415416798357,0.6931471805599453,0.0,1.3862943611198906,0.0
902,40.0,212.0,1.0,0.0,0.0,0.0,0.0,0.0,9.509202420301428,0.0,0.0,0.0,2.8021041809622584,0.0,5.880985796875341,5.880985796875341,1.0986122886681098,1.0986122886681098,4.573605802483728,4.573605802483728,3.6031659358399066,4.093153376851948,0.0,1.6094379124341003,1.6094379124341003,0.6931471805599453,1.0986122886681098,0.0,0.0
909,21.0,27.0,1.0,0.0,0.0,1.0,0.0,1.0,1.7423441096647048,0.0,0.0,0.0,2.8021041809622584,8.364740236305144,6.672197036879793,6.605609103919534,1.6094379124341003,1.3862943611198906,6.112970801704773,6.109009459177099,5.190573059534934,0.0,5.121409699598162,2.1972245773362196,2.0794415416798357,0.6931471805599453,0.0,1.6094379124341003,1.0
91,35.0,61.0,1.0,0.0,0.0,0.0,0.0,0.0,0.0,0.0,0.0,0.0,2.8021041809622584,0.0,7.105606223459707,7.105606223459707,1.0986122886681098,1.0986122886681098,7.087663211040244,7.087663211040244,6.349887961580832,6.223072176834322,4.8075277695424665,3.4011973816621555,3.4011973816621555,1.6094379124341003,3.1780538303479458,1.0986122886681098,1.0
910,34.0,44.0,1.0,1.0,0.0,0.0,1.0,0.0,8.009281057409371,7.047956565825168,0.0,0.0,6.851125212936866,0.0,7.39671646566793,7.015171430372358,2.5649493574615367,1.6094379124341003,7.559190746422925,6.995177285937456,4.683453104382135,6.814119018820849,5.973264206892556,3.8501476017100584,2.5649493574615367,1.3862943611198906,3.4965075614664802,1.791759469228055,1.0
912,50.0,10.0,1.0,0.0,0.0,0.0,0.0,0.0,1.5033628558384053,0.0,0.0,0.0,2.8021041809622584,0.0,7.353885569316152,7.353885569316152,1.3862943611198906,1.3862943611198906,7.354445957305787,7.354445957305787,0.0,4.22532060939731,7.264980071726305,2.70805020110221,2.70805020110221,0.0,1.791759469228055,1.791759469228055,1.0
916,51.0,151.0,1.0,1.0,1.791759469228055,1.0,1.0,0.0,8.98092806119698,6.320716263092257,7.842570651006319,6.154967278228489,7.094455627715452,0.0,7.001098916018532,6.999776614905071,1.9459101490553132,1.6094379124341003,6.467297137048803,6.467297137048803,0.0,1.300191662066479,6.437580206469415,2.833213344056216,2.833213344056216,0.0,1.3862943611198906,2.3978952727983707,0.0
919,29.0,5.0,1.0,0.0,0.0,1.0,0.0,0.0,5.54130976257778,0.0,0.0,0.0,2.8021041809622584,0.0,6.824402008150875,6.80195974808398,2.302585092994046,2.0794415416798357,6.8337196119066475,6.802271739884222,5.633257818340763,5.066840078773245,6.08615684125508,3.295836866004329,3.1354942159291497,1.6094379124341003,2.0794415416798357,2.1972245773362196,0.0
923,49.0,226.0,1.0,0.0,0.0,0.0,0.0,0.0,4.575631026410772,0.0,0.0,0.0,2.8021041809622584,0.0,7.017637662709971,7.017637662709971,1.0986122886681098,1.0986122886681098,7.004898193885435,7.004898193885435,7.002724491572839,0.0,0.0,1.791759469228055,1.791759469228055,1.0986122886681098,0.0,0.0,0.0
925,28.0,0.0,1.0,0.0,0.0,0.0,0.0,0.0,6.270881080700745,0.0,0.0,0.0,2.8021041809622584,0.0,6.160153421148151,6.160153421148151,1.3862943611198906,1.3862943611198906,6.1549339176506805,6.1549339176506805,5.594180171090011,0.0,5.303304908059076,1.6094379124341003,1.6094379124341003,1.0986122886681098,0.0,0.6931471805599453,1.0
929,87.0,150.0,1.0,0.0,0.0,0.0,0.0,0.0,5.677278371115908,0.0,0.0,0.0,2.8021041809622584,0.0,0.00035707909681323224,0.00035707909681323224,0.6931471805599453,0.6931471805599453,0.0,0.0,0.0,0.0,0.0,0.0,0.0,0.0,0.0,0.0,1.0
931,40.0,63.0,1.0,0.0,0.0,0.0,0.0,0.0,9.24483068363202,0.0,0.0,0.0,2.8021041809622584,0.0,5.8933229519133405,5.8933229519133405,1.6094379124341003,1.6094379124341003,5.8811313707807775,5.8811313707807775,5.567253396178763,4.223177434065069,3.4094961844768505,3.1354942159291497,3.1354942159291497,2.5649493574615367,2.302585092994046,0.6931471805599453,1.0
933,17.0,102.0,1.0,0.0,0.0,1.0,0.0,0.0,7.393794162513603,0.0,0.0,0.0,2.8021041809622584,0.0,7.257610018107852,7.257610018107852,1.791759469228055,1.791759469228055,6.364628423330622,6.364628423330622,3.6031659358399066,5.625436045742005,5.594047324859328,2.995732273553991,2.995732273553991,0.6931471805599453,2.70805020110221,1.6094379124341003,0.0
936,22.0,13.0,1.0,0.0,0.0,0.0,0.0,0.0,7.5879594157016355,0.0,0.0,0.0,2.8021041809622584,0.0,0.0007140307336570204,0.0007140307336570204,0.6931471805599453,0.6931471805599453,1.4799798451972135,1.4799798451972135,0.0,0.0,0.0,0.6931471805599453,0.6931471805599453,0.0,0.0,0.0,1.0
94,22.0,189.0,1.0,1.0,0.0,0.0,0.0,0.0,8.997152411402299,8.938735836681797,0.0,0.0,2.8021041809622584,0.0,6.270322533718806,6.269783953051645,1.6094379124341003,1.3862943611198906,5.908325532964036,5.908325532964036,5.451651386468739,4.382026634673881,4.030757968809912,2.0794415416798357,2.0794415416798357,0.6931471805599453,1.0986122886681098,1.3862943611198906,1.0
940,18.0,9.0,1.0,0.0,0.0,0.0,0.0,0.0,0.0,0.0,0.0,0.0,2.8021041809622584,0.0,6.716471971100406,6.716471971100406,1.3862943611198906,1.3862943611198906,6.768431633398048,6.768431633398048,0.0,6.596341441701701,4.904745537886251,3.713572066704308,3.713572066704308,0.0,3.6109179126442243,1.3862943611198906,1.0
945,31.0,1.0,1.0,0.0,0.0,0.0,0.0,0.0,6.02104328673746,0.0,0.0,0.0,2.8021041809622584,0.0,6.080015735003887,6.080015735003887,1.0986122886681098,1.0986122886681098,6.067350274852104,6.067350274852104,6.062788033933216,0.0,0.0,1.0986122886681098,1.0986122886681098,0.6931471805599453,0.0,0.0,0.0
948,31.0,182.0,1.0,0.0,0.0,0.0,0.0,3.0,7.8539067092701735,0.0,0.0,0.0,2.8021041809622584,9.473733777026462,6.903109504062242,6.818026316596164,1.3862943611198906,1.0986122886681098,6.827009943571154,6.820250273684592,6.690309748782565,0.0,0.0,1.791759469228055,1.3862943611198906,0.6931471805599453,0.0,0.0,1.0
949,55.0,150.0,1.0,1.0,0.0,1.0,1.0,0.0,6.543569032443154,6.248351613801272,0.0,0.0,6.292106032442575,0.0,8.043598436074612,8.000132335596982,2.3978952727983707,1.791759469228055,8.67377407915999,8.626893170824232,6.467476873635335,6.654938293856436,7.451442220711133,3.6635616461296463,3.4657359027997265,1.0986122886681098,2.70805020110221,2.4849066497880004,0.0
951,69.0,178.0,2.0,1.0,0.0,1.0,1.0,0.0,5.827076224324053,11.449950391487373,0.0,0.0,3.8464019938472407,0.0,6.9464810207561944,6.832084547894985,2.833213344056216,2.0794415416798357,7.142000690247412,6.885310263651618,5.975988261968483,5.664828773471099,5.948501124461543,3.6375861597263857,3.1354942159291497,1.6094379124341003,2.3978952727983707,2.4849066497880004,1.0
954,83.0,20.0,1.0,1.0,0.0,0.0,0.0,0.0,3.5133135975311935,7.287423832046291,0.0,0.0,2.8021041809622584,0.0,6.2905375229687746,6.241895251686765,1.6094379124341003,1.3862943611198906,6.7929855558787295,6.7929855558787295,5.6584861997410245,0.0,6.371550795307176,2.5649493574615367,2.5649493574615367,0.6931471805599453,0.0,2.302585092994046,1.0
957,92.0,19.0,1.0,2.0,0.0,1.0,0.0,0.0,4.842661739230843,8.531158365708738,0.0,6.500269201518996,2.8021041809622584,0.0,7.187203546506814,7.18656192034752,1.6094379124341003,1.3862943611198906,6.863945939883278,6.863945939883278,5.850559094030745,5.196881678351039,6.057703630398312,3.044522437723423,3.044522437723423,1.0986122886681098,2.0794415416798357,2.3978952727983707,0.0
958,63.0,68.0,1.0,0.0,0.0,0.0,1.0,0.0,6.476224830809933,0.0,0.0,0.0,6.269883311580896,0.0,8.106651720352527,8.105935553237808,2.302585092994046,1.791759469228055,6.9333436575017755,6.823333533014778,5.371966049571182,5.953549409890847,6.041649995918315,3.4339872044851463,3.1354942159291497,1.0986122886681098,2.5649493574615367,2.3978952727983707,0.0
959,34.0,27.0,1.0,0.0,0.0,0.0,0.0,0.0,5.231637506761395,0.0,0.0,0.0,2.8021041809622584,0.0,0.00035707909681323224,0.00035707909681323224,0.6931471805599453,0.6931471805599453,0.0,0.0,0.0,0.0,0.0,0.0,0.0,0.0,0.0,0.0,0.0
965,62.0,169.0,4.0,0.0,0.0,1.0,1.0,0.0,5.768469422278017,0.0,0.0,0.0,2.8711808482245074,0.0,6.2316751948460976,6.184745178512985,2.3978952727983707,2.0794415416798357,7.069135578343726,7.063867299428889,5.900679826235874,5.8548467638230255,6.075017569926263,3.6888794541139363,3.6109179126442243,2.0794415416798357,2.772588722239781,2.3978952727983707,1.0
967,27.0,152.0,1.0,0.0,0.0,0.0,0.0,0.0,6.788748101512662,0.0,0.0,0.0,2.8021041809622584,0.0,8.438948752792042,8.438948752792042,2.302585092994046,2.302585092994046,8.771399545157928,8.771399545157928,0.0,0.0,8.36682949856021,2.772588722239781,2.772588722239781,0.0,0.0,2.6390573296152584,0.0
968,35.0,116.0,1.0,0.0,0.0,1.0,0.0,0.0,5.069149006035902,0.0,0.0,0.0,2.8021041809622584,0.0,6.0203703969714715,6.0203703969714715,1.0986122886681098,1.0986122886681098,5.680724626300817,5.680724626300817,3.999510459551262,5.215329701741935,2.3995173331702384,3.295836866004329,3.295836866004329,1.0986122886681098,3.044522437723423,0.6931471805599453,1.0
97,71.0,135.0,1.0,1.0,0.0,1.0,0.0,1.0,4.233997803037285,8.713345329922353,0.0,4.963306561515274,2.8021041809622584,6.697608157023074,8.022862208579225,7.848451195383594,3.044522437723423,2.70805020110221,7.880546779923886,7.747546411810814,6.964270628957975,5.72139900737184,6.073488806693626,3.9889840465642745,3.8066624897703196,2.302585092994046,2.772588722239781,2.3978952727983707,0.0
972,26.0,56.0,1.0,1.0,0.0,0.0,0.0,0.0,7.93090573071711,8.13829955691084,0.0,0.0,2.8021041809622584,0.0,6.878480936278142,6.878476890992269,2.0794415416798357,1.9459101490553132,6.841863461599756,6.841863461599756,5.6584861997410245,3.29517527153759,6.431388591206865,2.995732273553991,2.995732273553991,1.3862943611198906,0.6931471805599453,2.70805020110221,0.0
974,61.0,110.0,1.0,0.0,0.0,0.0,0.0,0.0,8.748187671947143,0.0,0.0,0.0,2.8021041809622584,0.0,5.795733121439808,5.795733121439808,1.0986122886681098,1.0986122886681098,5.777320556562162,5.777320556562162,5.775881627762223,0.0,0.0,1.0986122886681098,1.0986122886681098,0.6931471805599453,0.0,0.0,0.0
975,57.0,215.0,2.0,0.0,0.0,0.0,0.0,0.0,4.454874565860328,0.0,0.0,0.0,2.8021041809622584,0.0,7.9510787076259755,7.9510787076259755,1.0986122886681098,1.0986122886681098,8.092976145273134,8.092976145273134,7.265129978035143,6.142149534477329,7.2274549867959745,2.0794415416798357,2.0794415416798357,1.0986122886681098,0.6931471805599453,1.3862943611198906,1.0
976,58.0,175.0,1.0,1.0,1.3862943611198906,0.0,0.0,0.0,2.883802609160695,7.532107272595887,9.149936149977066,0.0,2.8021041809622584,0.0,6.2507478339708085,6.2177538596087905,1.3862943611198906,1.0986122886681098,5.470167623474696,5.470167623474696,0.0,0.0,5.470167623474696,1.6094379124341003,1.6094379124341003,0.0,0.0,1.6094379124341003,0.0
978,35.0,44.0,1.0,1.0,1.3862943611198906,0.0,0.0,0.0,4.947616886841191,10.541916774844788,0.0,0.0,2.8021041809622584,0.0,1.4517810932775546,0.5404537717306653,1.3862943611198906,1.0986122886681098,8.650899568730047,8.650899568730047,0.0,0.0,0.0,1.0986122886681098,1.0986122886681098,0.0,0.0,0.0,1.0
98,51.0,150.0,1.0,0.0,0.0,1.0,0.0,0.0,6.1516036381066295,0.0,0.0,0.0,2.8021041809622584,0.0,5.040660931412525,5.040660931412525,1.791759469228055,1.791759469228055,5.470540486283546,5.470540486283546,0.0,2.0992441689760155,5.425107336761204,2.0794415416798357,2.0794415416798357,0.0,0.6931471805599453,1.791759469228055,1.0
983,56.0,80.0,1.0,1.0,1.0986122886681098,0.0,0.0,0.0,6.138205958214695,6.960385679045336,0.0,0.0,2.8021041809622584,0.0,7.763104061911215,7.763087967389607,1.791759469228055,1.6094379124341003,6.268980611432067,6.268980611432067,5.190573059534934,2.5684870484908666,5.8102851948928045,2.4849066497880004,2.4849066497880004,0.6931471805599453,0.6931471805599453,2.1972245773362196,1.0
986,18.0,128.0,1.0,0.0,0.0,1.0,1.0,0.0,6.153395848629108,0.0,0.0,0.0,5.575378052682145,0.0,6.2057979744289105,5.454258279685645,2.70805020110221,1.791759469228055,6.224572573446901,5.454258279685645,0.0,0.0,0.0,2.995732273553991,1.791759469228055,0.0,0.0,0.0,0.0
987,29.0,34.0,1.0,0.0,0.0,0.0,0.0,0.0,3.096708190893993,0.0,0.0,0.0,2.8021041809622584,0.0,6.878778771459826,6.878778771459826,1.791759469228055,1.791759469228055,7.407408725744877,7.407408725744877,6.7122616356204965,6.51673181508975,4.995279906013061,3.295836866004329,3.295836866004329,1.3862943611198906,2.833213344056216,1.791759469228055,0.0
99,68.0,150.0,1.0,0.0,2.5649493574615367,0.0,0.0,0.0,3.173818684287876,0.0,8.4532028628508,0.0,2.8021041809622584,0.0,7.500171686258963,7.500171686258963,1.791759469228055,1.791759469228055,7.420720469385016,7.420720469385016,0.0,6.859000864173689,6.5506720884568,3.5553480614894135,3.5553480614894135,0.0,2.8903717578961645,2.772588722239781,0.0
991,42.0,68.0,1.0,0.0,0.0,0.0,0.0,0.0,3.6547777592582356,0.0,0.0,0.0,2.8021041809622584,0.0,7.667193016396905,7.667193016396905,1.3862943611198906,1.3862943611198906,7.6840017000474905,7.6840017000474905,5.5254529391317835,5.809790637688041,7.3687677154689535,3.871201010907891,3.871201010907891,1.9459101490553132,3.1780538303479458,2.833213344056216,1.0
994,40.0,31.0,1.0,0.0,0.0,0.0,0.0,2.0,7.747429973056811,0.0,0.0,0.0,2.8021041809622584,6.246990925991453,6.0004499500502355,5.829787699934135,1.6094379124341003,1.3862943611198906,6.010514089786663,5.9995921428236585,0.0,0.0,0.0,1.791759469228055,1.6094379124341003,0.0,0.0,0.0,1.0
996,39.0,1.0,1.0,0.0,0.0,0.0,0.0,0.0,8.646584212017794,0.0,0.0,0.0,2.8021041809622584,0.0,5.32787963618995,5.32787963618995,1.0986122886681098,1.0986122886681098,5.4362919983491,5.4362919983491,5.040656310351114,4.280379454140716,0.0,3.044522437723423,3.044522437723423,2.6390573296152584,1.6094379124341003,0.0,0.0
999,26.0,85.0,1.0,0.0,0.0,0.0,0.0,0.0,3.3070305955531,0.0,0.0,0.0,2.8021041809622584,0.0,4.123677957646735,4.123677957646735,1.0986122886681098,1.0986122886681098,4.058223801153332,4.058223801153332,3.999510459551262,1.1151415906193203,0.0,1.791759469228055,1.791759469228055,1.3862943611198906,0.6931471805599453,0.0,0.0
