Client,Age,Tenure,Count_CA,Count_SA,Count_MF,Count_OVD,Count_CC,Count_CL,ActBal_CA,ActBal_SA,ActBal_MF,ActBal_OVD,ActBal_CC,ActBal_CL,VolumeCred,VolumeCred_CA,TransactionsCred,TransactionsCred_CA,VolumeDeb,VolumeDeb_CA,VolumeDebCash_Card,VolumeDebCashless_Card,VolumeDeb_PaymentOrder,TransactionsDeb,TransactionsDeb_CA,TransactionsDebCash_Card,TransactionsDebCashless_Card,TransactionsDeb_PaymentOrder,Sex_M,has_Count_SA,has_Count_MF,has_Count_CL,avgBal_SA,avgBal_MF,avgBal_CL,has_TransactionsCred,has_TransactionsCred_CA,has_TransactionsCred_nonCA,has_TransactionsDeb,has_TransactionsDeb_nonCA,has_TransactionsDebCash,has_TransactionsDebCashless,has_PaymentOrder,avg_VolumeCred,avg_VolumeCred_CA,avg_VolumeDeb,avg_VolumeDeb_CA,avg_VolumeDebCash,avg_VolumeDebCashless,avg_VolumeDeb_PaymentOrder,VolumeCred_nonCA,VolumeDeb_nonCA
10,29.0,48.0,1.0,1.0,0.0,0.0,0.0,0.0,253.45892857142857,116.70928571428571,0.0,0.0,0.0,0.0,0.02464285714285714,0.0,1.0,0.0,0.8928571428571429,0.8928571428571429,0.0,0.0,0.0,1.0,1.0,0.0,0.0,0.0,0.0,1.0,0.0,0.0,116.70928571428571,0.0,0.0,1.0,0.0,1.0,1.0,0.0,0.0,0.0,0.0,0.02464285714285714,0.0,0.8928571428571429,0.8928571428571429,0.0,0.0,0.0,0.02464285714285714,0.0
100,39.0,86.0,1.0,0.0,0.0,0.0,1.0,1.0,0.0,0.0,0.0,0.0,247.4932142857143,802.8071428571428,1471.782857142857,953.1439285714285,11.0,3.0,1351.4978571428571,911.4642857142857,35.714285714285715,413.40857142857146,327.2857142857143,36.0,13.0,1.0,17.0,8.0,0.0,0.0,0.0,1.0,0.0,0.0,802.8071428571428,1.0,1.0,1.0,1.0,1.0,1.0,1.0,1.0,133.79844155844154,317.71464285714285,37.541607142857146,70.11263736263736,35.714285714285715,24.318151260504205,40.910714285714285,518.6389285714284,440.03357142857146
1002,73.0,48.0,1.0,0.0,0.0,1.0,1.0,0.0,115.02285714285713,0.0,0.0,0.0,0.0,0.0,1034.8853571428572,691.6239285714286,20.0,14.0,1131.7567857142856,691.6239285714286,110.71428571428571,90.44285714285715,282.5357142857143,42.0,17.0,4.0,9.0,7.0,0.0,0.0,0.0,0.0,0.0,0.0,0.0,1.0,1.0,1.0,1.0,1.0,1.0,1.0,1.0,51.74426785714286,49.40170918367347,26.946590136054418,40.68376050420168,27.678571428571427,10.04920634920635,40.36224489795918,343.2614285714286,440.132857142857
1004,70.0,145.0,1.0,0.0,0.0,0.0,0.0,0.0,2107.8367857142857,0.0,0.0,0.0,0.0,0.0,107.14428571428572,107.14428571428572,2.0,2.0,304.61785714285713,304.61785714285713,0.0,0.0,0.0,4.0,4.0,0.0,0.0,0.0,1.0,0.0,0.0,0.0,0.0,0.0,0.0,1.0,1.0,0.0,1.0,0.0,0.0,0.0,0.0,53.57214285714286,53.57214285714286,76.15446428571428,76.15446428571428,0.0,0.0,0.0,0.0,0.0
1007,42.0,152.0,1.0,1.0,4.0,0.0,0.0,0.0,46.14892857142858,0.0007142857142857143,0.0,0.0,0.0,0.0,6349.919642857143,6336.001785714286,6.0,4.0,380.25,380.25,178.57142857142858,0.0,198.28571428571428,6.0,6.0,2.0,0.0,3.0,0.0,1.0,1.0,0.0,0.0007142857142857143,0.0,0.0,1.0,1.0,1.0,1.0,0.0,1.0,0.0,1.0,1058.3199404761906,1584.0004464285714,63.375,63.375,89.28571428571429,0.0,66.09523809523809,13.917857142857429,0.0
1008,37.0,103.0,1.0,2.0,4.0,0.0,0.0,0.0,201.5717857142857,5440.297142857143,0.0,0.0,0.0,0.0,9711.16142857143,9691.203214285715,12.0,10.0,2372.888214285714,2372.888214285714,0.0,0.0,2369.1025,11.0,11.0,0.0,0.0,9.0,0.0,1.0,1.0,0.0,2720.1485714285714,0.0,0.0,1.0,1.0,1.0,1.0,0.0,0.0,0.0,1.0,809.2634523809525,969.1203214285715,215.71711038961038,215.71711038961038,0.0,0.0,263.2336111111111,19.958214285714348,0.0
1009,41.0,152.0,1.0,1.0,0.0,0.0,0.0,0.0,73.96714285714286,0.37857142857142856,0.0,0.0,0.0,0.0,272.16785714285714,271.43035714285713,5.0,4.0,249.46428571428572,249.46428571428572,71.42857142857143,0.0,175.42857142857142,7.0,7.0,1.0,0.0,5.0,1.0,1.0,0.0,0.0,0.37857142857142856,0.0,0.0,1.0,1.0,1.0,1.0,0.0,1.0,0.0,1.0,54.433571428571426,67.85758928571428,35.63775510204082,35.63775510204082,71.42857142857143,0.0,35.08571428571428,0.7375000000000114,0.0
101,63.0,139.0,1.0,1.0,2.0,0.0,0.0,0.0,473.3592857142857,452.28214285714284,14429.051428571429,0.0,0.0,0.0,227.3657142857143,192.85107142857143,4.0,3.0,393.89142857142855,393.89142857142855,357.14285714285717,0.0,10.821428571428571,5.0,5.0,1.0,0.0,1.0,1.0,1.0,1.0,0.0,452.28214285714284,7214.5257142857145,0.0,1.0,1.0,1.0,1.0,0.0,1.0,0.0,1.0,56.84142857142857,64.28369047619047,78.77828571428572,78.77828571428572,357.14285714285717,0.0,10.821428571428571,34.51464285714286,0.0
1010,59.0,32.0,1.0,0.0,0.0,0.0,0.0,0.0,4700.144285714286,0.0,0.0,0.0,0.0,0.0,1371.4492857142857,1371.4492857142857,3.0,3.0,1316.2625,1316.2625,785.7142857142857,356.3339285714286,167.64285714285714,24.0,24.0,8.0,9.0,3.0,0.0,0.0,0.0,0.0,0.0,0.0,0.0,1.0,1.0,0.0,1.0,0.0,1.0,1.0,1.0,457.1497619047619,457.1497619047619,54.84427083333333,54.84427083333333,98.21428571428571,39.59265873015873,55.88095238095238,0.0,0.0
1013,25.0,150.0,1.0,0.0,0.0,0.0,0.0,0.0,443.1457142857143,0.0,0.0,0.0,0.0,0.0,0.0,0.0,0.0,0.0,16.25,16.25,14.285714285714286,0.0,0.0,2.0,2.0,1.0,0.0,0.0,0.0,0.0,0.0,0.0,0.0,0.0,0.0,0.0,0.0,0.0,1.0,0.0,1.0,0.0,0.0,0.0,0.0,8.125,8.125,14.285714285714286,0.0,0.0,0.0,0.0
1021,29.0,8.0,1.0,0.0,0.0,0.0,0.0,0.0,2537.3210714285715,0.0,0.0,0.0,0.0,0.0,0.012142857142857144,0.012142857142857144,1.0,1.0,0.0,0.0,0.0,0.0,0.0,0.0,0.0,0.0,0.0,0.0,1.0,0.0,0.0,0.0,0.0,0.0,0.0,1.0,1.0,0.0,0.0,0.0,0.0,0.0,0.0,0.012142857142857144,0.012142857142857144,0.0,0.0,0.0,0.0,0.0,0.0,0.0
1024,65.0,13.0,1.0,0.0,0.0,0.0,0.0,0.0,193.04,0.0,0.0,0.0,0.0,0.0,178.57964285714283,178.57964285714283,2.0,2.0,109.10714285714286,109.10714285714286,107.14285714285714,0.0,0.0,3.0,3.0,2.0,0.0,0.0,1.0,0.0,0.0,0.0,0.0,0.0,0.0,1.0,1.0,0.0,1.0,0.0,1.0,0.0,0.0,89.28982142857141,89.28982142857141,36.36904761904762,36.36904761904762,53.57142857142857,0.0,0.0,0.0,0.0
1028,29.0,39.0,1.0,0.0,0.0,0.0,0.0,0.0,307.8357142857143,0.0,0.0,0.0,0.0,0.0,392.9739285714286,392.9739285714286,2.0,2.0,379.6857142857143,379.6857142857143,285.7142857142857,60.25714285714286,31.75,6.0,6.0,1.0,3.0,1.0,0.0,0.0,0.0,0.0,0.0,0.0,0.0,1.0,1.0,0.0,1.0,0.0,1.0,1.0,1.0,196.4869642857143,196.4869642857143,63.280952380952385,63.280952380952385,285.7142857142857,20.085714285714285,31.75,0.0,0.0
1031,40.0,172.0,1.0,0.0,0.0,0.0,0.0,1.0,173.26392857142858,0.0,0.0,0.0,0.0,2529.5685714285714,583.5907142857143,506.71714285714285,3.0,2.0,673.2857142857143,664.1785714285714,535.7142857142857,14.285714285714286,0.0,11.0,9.0,3.0,1.0,0.0,1.0,0.0,0.0,1.0,0.0,0.0,2529.5685714285714,1.0,1.0,1.0,1.0,1.0,1.0,1.0,0.0,194.5302380952381,253.35857142857142,61.20779220779221,73.79761904761905,178.57142857142856,14.285714285714286,0.0,76.87357142857144,9.10714285714289
1037,59.0,181.0,1.0,0.0,0.0,1.0,1.0,0.0,3203.4564285714287,0.0,0.0,0.0,0.7142857142857143,0.0,1058.06,797.7528571428572,11.0,8.0,1071.5128571428572,804.3678571428571,0.0,71.41785714285714,468.9642857142857,25.0,17.0,0.0,1.0,12.0,0.0,0.0,0.0,0.0,0.0,0.0,0.0,1.0,1.0,1.0,1.0,1.0,0.0,1.0,1.0,96.18727272727273,99.71910714285715,42.86051428571429,47.31575630252101,0.0,71.41785714285714,39.080357142857146,260.3071428571427,267.1450000000001
1039,56.0,46.0,1.0,0.0,0.0,1.0,0.0,0.0,2.1089285714285713,0.0,0.0,0.0,0.0,0.0,375.1796428571429,375.1796428571429,4.0,4.0,332.4642857142857,332.4642857142857,71.42857142857143,0.0,257.64285714285717,5.0,5.0,1.0,0.0,3.0,0.0,0.0,0.0,0.0,0.0,0.0,0.0,1.0,1.0,0.0,1.0,0.0,1.0,0.0,1.0,93.79491071428572,93.79491071428572,66.49285714285715,66.49285714285715,71.42857142857143,0.0,85.8809523809524,0.0,0.0
104,10.0,65.0,1.0,1.0,1.0,0.0,0.0,0.0,501.29,41481.50785714285,0.0,0.0,0.0,0.0,528.3824999999999,527.7946428571429,4.0,3.0,556.1075,556.1075,0.0,53.0,495.8575,10.0,10.0,0.0,1.0,8.0,1.0,1.0,1.0,0.0,41481.50785714285,0.0,0.0,1.0,1.0,1.0,1.0,0.0,0.0,1.0,1.0,132.09562499999998,175.93154761904762,55.610749999999996,55.610749999999996,0.0,53.0,61.9821875,0.5878571428570467,0.0
1047,41.0,14.0,1.0,1.0,2.0,0.0,0.0,0.0,10.63892857142857,3286.098214285714,8152.386428571429,0.0,0.0,0.0,3.9964285714285714,0.012857142857142857,2.0,1.0,169.57142857142858,169.57142857142858,0.0,0.0,166.96428571428572,4.0,4.0,0.0,0.0,3.0,0.0,1.0,1.0,0.0,3286.098214285714,4076.1932142857145,0.0,1.0,1.0,1.0,1.0,0.0,0.0,0.0,1.0,1.9982142857142857,0.012857142857142857,42.392857142857146,42.392857142857146,0.0,0.0,55.654761904761905,3.9835714285714285,0.0
1049,39.0,197.0,1.0,0.0,0.0,0.0,0.0,0.0,329.0610714285714,0.0,0.0,0.0,0.0,0.0,0.007857142857142858,0.007857142857142858,1.0,1.0,189.71785714285716,189.71785714285716,0.0,0.0,0.0,3.0,3.0,0.0,0.0,0.0,1.0,0.0,0.0,0.0,0.0,0.0,0.0,1.0,1.0,0.0,1.0,0.0,0.0,0.0,0.0,0.007857142857142858,0.007857142857142858,63.23928571428572,63.23928571428572,0.0,0.0,0.0,0.0,0.0
105,49.0,150.0,1.0,0.0,0.0,0.0,0.0,0.0,670.2957142857142,0.0,0.0,0.0,0.0,0.0,1046.4614285714285,1046.4614285714285,4.0,4.0,683.7242857142857,683.7242857142857,303.57142857142856,374.7957142857143,0.0,13.0,13.0,3.0,6.0,0.0,1.0,0.0,0.0,0.0,0.0,0.0,0.0,1.0,1.0,0.0,1.0,0.0,1.0,1.0,0.0,261.61535714285714,261.61535714285714,52.59417582417582,52.59417582417582,101.19047619047619,62.46595238095239,0.0,0.0,0.0
1050,44.0,151.0,1.0,0.0,5.0,0.0,0.0,0.0,113.80964285714286,0.0,2880.867142857143,0.0,0.0,0.0,407.14464285714286,407.14464285714286,2.0,2.0,490.27821428571434,490.27821428571434,375.0,0.0,112.56392857142858,12.0,12.0,4.0,0.0,5.0,1.0,0.0,1.0,0.0,0.0,576.1734285714285,0.0,1.0,1.0,0.0,1.0,0.0,1.0,0.0,1.0,203.57232142857143,203.57232142857143,40.85651785714286,40.85651785714286,93.75,0.0,22.512785714285716,0.0,0.0
1051,34.0,102.0,1.0,0.0,0.0,1.0,1.0,1.0,0.0,0.0,0.0,0.0,156.4192857142857,310.2007142857143,10714.2025,1583.329642857143,16.0,4.0,10748.339285714286,1220.7335714285714,321.42857142857144,7.107142857142857,233.14285714285714,29.0,17.0,1.0,1.0,9.0,1.0,0.0,0.0,1.0,0.0,0.0,310.2007142857143,1.0,1.0,1.0,1.0,1.0,1.0,1.0,1.0,669.63765625,395.83241071428574,370.6323891625616,71.80785714285715,321.42857142857144,7.107142857142857,25.904761904761905,9130.872857142856,9527.605714285715
1054,10.0,20.0,1.0,0.0,0.0,0.0,0.0,0.0,1098.0239285714285,0.0,0.0,0.0,0.0,0.0,1616.3060714285714,1616.3060714285714,2.0,2.0,1893.5653571428572,1893.5653571428572,178.57142857142858,150.27964285714285,1550.4285714285713,21.0,21.0,1.0,10.0,8.0,1.0,0.0,0.0,0.0,0.0,0.0,0.0,1.0,1.0,0.0,1.0,0.0,1.0,1.0,1.0,808.1530357142857,808.1530357142857,90.16977891156463,90.16977891156463,178.57142857142858,15.027964285714285,193.80357142857142,0.0,0.0
1057,51.0,34.0,1.0,1.0,4.0,0.0,0.0,0.0,1484.7503571428572,232.5767857142857,1213.9285714285713,0.0,0.0,0.0,3.785,3.7214285714285715,3.0,2.0,0.0,0.0,0.0,0.0,0.0,0.0,0.0,0.0,0.0,0.0,0.0,1.0,1.0,0.0,232.5767857142857,303.48214285714283,0.0,1.0,1.0,1.0,0.0,0.0,0.0,0.0,0.0,1.2616666666666667,1.8607142857142858,0.0,0.0,0.0,0.0,0.0,0.06357142857142861,0.0
1063,5.0,230.0,1.0,0.0,0.0,1.0,0.0,1.0,291.1475,0.0,0.0,0.0,0.0,4116.311428571428,526.7242857142858,305.8575,7.0,3.0,292.73857142857145,284.95285714285717,0.0,0.0,0.0,7.0,5.0,0.0,0.0,0.0,1.0,0.0,0.0,1.0,0.0,0.0,4116.311428571428,1.0,1.0,1.0,1.0,1.0,0.0,0.0,0.0,75.24632653061225,101.9525,41.81979591836735,56.990571428571435,0.0,0.0,0.0,220.86678571428575,7.785714285714278
1064,39.0,98.0,1.0,0.0,1.0,0.0,1.0,0.0,23.856428571428573,0.0,52133.854999999996,0.0,0.0,0.0,1314.1557142857143,1068.5739285714285,11.0,5.0,1216.635,1120.4207142857142,53.57142857142857,106.10714285714286,820.9285714285714,20.0,14.0,2.0,6.0,7.0,1.0,0.0,1.0,0.0,0.0,52133.854999999996,0.0,1.0,1.0,1.0,1.0,1.0,1.0,1.0,1.0,119.4687012987013,213.7147857142857,60.83175,80.03005102040815,26.785714285714285,17.68452380952381,117.27551020408164,245.58178571428584,96.21428571428578
1069,58.0,142.0,1.0,0.0,0.0,0.0,0.0,0.0,12137.77607142857,0.0,0.0,0.0,0.0,0.0,726.7353571428572,726.7353571428572,2.0,2.0,2509.8214285714284,2509.8214285714284,1428.5714285714287,0.0,1079.2857142857142,10.0,10.0,2.0,0.0,5.0,1.0,0.0,0.0,0.0,0.0,0.0,0.0,1.0,1.0,0.0,1.0,0.0,1.0,0.0,1.0,363.3676785714286,363.3676785714286,250.98214285714283,250.98214285714283,714.2857142857143,0.0,215.85714285714283,0.0,0.0
1071,54.0,8.0,1.0,0.0,0.0,1.0,1.0,2.0,53.393214285714286,0.0,0.0,0.0,7.178571428571429,5414.101785714286,6473.740357142858,4871.974642857143,32.0,24.0,6656.546428571428,4871.974642857143,0.0,141.25,3043.5714285714284,49.0,29.0,0.0,3.0,19.0,0.0,0.0,0.0,1.0,0.0,0.0,2707.050892857143,1.0,1.0,1.0,1.0,1.0,0.0,1.0,1.0,202.3043861607143,202.99894345238098,135.84788629737608,167.99912561576357,0.0,47.083333333333336,160.18796992481202,1601.7657142857142,1784.5717857142845
1072,50.0,103.0,2.0,2.0,0.0,0.0,0.0,0.0,2081.6007142857143,5343.591428571429,0.0,0.0,0.0,0.0,401.9107142857143,401.10964285714283,3.0,2.0,307.5653571428571,307.5653571428571,0.0,110.36464285714285,194.59357142857144,8.0,8.0,0.0,4.0,3.0,1.0,1.0,0.0,0.0,2671.7957142857144,0.0,0.0,1.0,1.0,1.0,1.0,0.0,0.0,1.0,1.0,133.9702380952381,200.55482142857142,38.44566964285714,38.44566964285714,0.0,27.591160714285714,64.86452380952382,0.8010714285714471,0.0
1073,4.0,9.0,1.0,0.0,3.0,0.0,1.0,0.0,0.0,0.0,3091.187142857143,0.0,1.7146428571428571,0.0,1679.6339285714287,1678.9150000000002,7.0,5.0,1676.5967857142857,1438.1682142857142,0.0,1104.9182142857142,566.2142857142857,34.0,31.0,0.0,17.0,14.0,0.0,0.0,1.0,0.0,0.0,1030.3957142857143,0.0,1.0,1.0,1.0,1.0,1.0,0.0,1.0,1.0,239.94770408163268,335.783,49.311670168067224,46.392523041474654,0.0,64.99518907563025,40.44387755102041,0.7189285714284779,238.42857142857156
1074,21.0,49.0,1.0,0.0,0.0,0.0,0.0,0.0,1218.1325,0.0,0.0,0.0,0.0,0.0,21.428571428571427,21.428571428571427,1.0,1.0,21.285714285714285,21.285714285714285,0.0,0.0,17.892857142857142,2.0,2.0,0.0,0.0,1.0,1.0,0.0,0.0,0.0,0.0,0.0,0.0,1.0,1.0,0.0,1.0,0.0,0.0,0.0,1.0,21.428571428571427,21.428571428571427,10.642857142857142,10.642857142857142,0.0,0.0,17.892857142857142,0.0,0.0
1076,22.0,61.0,1.0,1.0,0.0,0.0,0.0,0.0,142.85714285714286,56803.30714285715,0.0,0.0,0.0,0.0,506.45392857142855,504.86678571428575,6.0,5.0,679.4589285714285,679.4589285714285,571.4285714285714,0.0,107.81607142857142,5.0,5.0,1.0,0.0,3.0,0.0,1.0,0.0,0.0,56803.30714285715,0.0,0.0,1.0,1.0,1.0,1.0,0.0,1.0,0.0,1.0,84.40898809523809,100.97335714285715,135.8917857142857,135.8917857142857,571.4285714285714,0.0,35.93869047619047,1.5871428571427941,0.0
1077,26.0,25.0,2.0,1.0,3.0,0.0,0.0,0.0,976.5239285714285,1955.6385714285714,0.0,0.0,0.0,0.0,90124.60964285713,68667.5525,8.0,6.0,119906.50392857143,73477.93250000001,214.28571428571428,654.0396428571429,72278.78214285713,55.0,54.0,3.0,24.0,21.0,1.0,1.0,1.0,0.0,1955.6385714285714,0.0,0.0,1.0,1.0,1.0,1.0,1.0,1.0,1.0,1.0,11265.576205357142,11444.592083333335,2180.1182532467533,1360.702453703704,71.42857142857143,27.251651785714287,3441.8467687074826,21457.057142857127,46428.57142857142
1080,48.0,122.0,1.0,0.0,0.0,0.0,0.0,0.0,4019.534285714286,0.0,0.0,0.0,0.0,0.0,0.0,0.0,0.0,0.0,0.8939285714285715,0.8939285714285715,0.0,0.0,0.0,1.0,1.0,0.0,0.0,0.0,0.0,0.0,0.0,0.0,0.0,0.0,0.0,0.0,0.0,0.0,1.0,0.0,0.0,0.0,0.0,0.0,0.0,0.8939285714285715,0.8939285714285715,0.0,0.0,0.0,0.0,0.0
1082,1.0,150.0,1.0,0.0,0.0,0.0,0.0,0.0,2725.1139285714285,0.0,0.0,0.0,0.0,0.0,2270.422857142857,2270.422857142857,9.0,9.0,1944.8682142857142,1944.8682142857142,564.3678571428571,98.07142857142857,1273.6785714285713,30.0,30.0,7.0,6.0,10.0,1.0,0.0,0.0,0.0,0.0,0.0,0.0,1.0,1.0,0.0,1.0,0.0,1.0,1.0,1.0,252.26920634920634,252.26920634920634,64.82894047619047,64.82894047619047,80.62397959183673,16.345238095238095,127.36785714285713,0.0,0.0
1086,45.0,11.0,1.0,0.0,0.0,0.0,0.0,0.0,2455.7714285714287,0.0,0.0,0.0,0.0,0.0,389.39428571428573,389.39428571428573,2.0,2.0,394.89285714285717,394.89285714285717,357.14285714285717,35.785714285714285,0.0,4.0,4.0,1.0,2.0,0.0,0.0,0.0,0.0,0.0,0.0,0.0,0.0,1.0,1.0,0.0,1.0,0.0,1.0,1.0,0.0,194.69714285714286,194.69714285714286,98.72321428571429,98.72321428571429,357.14285714285717,17.892857142857142,0.0,0.0,0.0
1088,41.0,10.0,1.0,0.0,0.0,0.0,0.0,0.0,2118.5864285714283,0.0,0.0,0.0,0.0,0.0,1722.7817857142857,1722.7817857142857,4.0,4.0,505.6878571428571,505.6878571428571,35.714285714285715,71.27,395.3107142857143,8.0,8.0,1.0,2.0,4.0,1.0,0.0,0.0,0.0,0.0,0.0,0.0,1.0,1.0,0.0,1.0,0.0,1.0,1.0,1.0,430.6954464285714,430.6954464285714,63.21098214285714,63.21098214285714,35.714285714285715,35.635,98.82767857142858,0.0,0.0
1089,44.0,110.0,1.0,0.0,0.0,0.0,0.0,0.0,6987.590357142857,0.0,0.0,0.0,0.0,0.0,824.3257142857143,824.3257142857143,2.0,2.0,1537.9278571428572,1537.9278571428572,535.7142857142857,0.0,998.1778571428571,14.0,14.0,1.0,0.0,12.0,1.0,0.0,0.0,0.0,0.0,0.0,0.0,1.0,1.0,0.0,1.0,0.0,1.0,0.0,1.0,412.16285714285715,412.16285714285715,109.85198979591837,109.85198979591837,535.7142857142857,0.0,83.1814880952381,0.0,0.0
109,64.0,151.0,1.0,0.0,0.0,0.0,0.0,0.0,1113.5185714285715,0.0,0.0,0.0,0.0,0.0,1721.251785714286,1721.251785714286,5.0,5.0,1979.8675,1979.8675,589.2857142857143,471.1089285714285,909.6157142857144,60.0,60.0,11.0,32.0,10.0,1.0,0.0,0.0,0.0,0.0,0.0,0.0,1.0,1.0,0.0,1.0,0.0,1.0,1.0,1.0,344.2503571428572,344.2503571428572,32.997791666666664,32.997791666666664,53.57142857142858,14.722154017857141,90.96157142857143,0.0,0.0
1090,31.0,33.0,1.0,0.0,0.0,1.0,0.0,0.0,189.7825,0.0,0.0,0.0,0.0,0.0,797.1442857142857,797.1442857142857,4.0,4.0,768.6428571428571,768.6428571428571,178.57142857142858,0.0,586.6071428571429,15.0,15.0,1.0,0.0,13.0,0.0,0.0,0.0,0.0,0.0,0.0,0.0,1.0,1.0,0.0,1.0,0.0,1.0,0.0,1.0,199.28607142857143,199.28607142857143,51.24285714285714,51.24285714285714,178.57142857142858,0.0,45.12362637362638,0.0,0.0
1092,31.0,115.0,1.0,0.0,0.0,0.0,0.0,0.0,0.13785714285714284,0.0,0.0,0.0,0.0,0.0,0.0010714285714285715,0.0010714285714285715,1.0,1.0,0.0,0.0,0.0,0.0,0.0,0.0,0.0,0.0,0.0,0.0,0.0,0.0,0.0,0.0,0.0,0.0,0.0,1.0,1.0,0.0,0.0,0.0,0.0,0.0,0.0,0.0010714285714285715,0.0010714285714285715,0.0,0.0,0.0,0.0,0.0,0.0,0.0
1093,22.0,181.0,1.0,0.0,0.0,0.0,0.0,0.0,12568.637142857144,0.0,0.0,0.0,0.0,0.0,6342.757142857144,6342.748214285714,5.0,4.0,0.008928571428571428,0.0,0.0,0.0,0.0,1.0,0.0,0.0,0.0,0.0,1.0,0.0,0.0,0.0,0.0,0.0,0.0,1.0,1.0,1.0,1.0,1.0,0.0,0.0,0.0,1268.5514285714287,1585.6870535714286,0.008928571428571428,0.0,0.0,0.0,0.0,0.008928571429350995,0.008928571428571428
1095,26.0,144.0,1.0,0.0,11.0,0.0,0.0,0.0,1180.3325,0.0,6541.027499999999,0.0,0.0,0.0,6996.08,6996.08,6.0,6.0,1510.0249999999999,1510.0249999999999,500.0,107.81071428571428,900.25,15.0,15.0,1.0,2.0,11.0,0.0,0.0,1.0,0.0,0.0,594.6388636363636,0.0,1.0,1.0,0.0,1.0,0.0,1.0,1.0,1.0,1166.0133333333333,1166.0133333333333,100.66833333333332,100.66833333333332,500.0,53.90535714285714,81.8409090909091,0.0,0.0
1096,39.0,266.0,1.0,0.0,4.0,0.0,0.0,0.0,341.01928571428573,0.0,0.0,0.0,0.0,0.0,714.2928571428572,714.2928571428572,2.0,2.0,505.4857142857143,505.4857142857143,0.0,0.0,0.0,3.0,3.0,0.0,0.0,0.0,0.0,0.0,1.0,0.0,0.0,0.0,0.0,1.0,1.0,0.0,1.0,0.0,0.0,0.0,0.0,357.1464285714286,357.1464285714286,168.4952380952381,168.4952380952381,0.0,0.0,0.0,0.0,0.0
1097,37.0,169.0,1.0,1.0,2.0,0.0,0.0,0.0,914.7375000000001,3849.4746428571425,14285.714285714286,0.0,0.0,0.0,1711.4939285714286,1693.2192857142857,4.0,3.0,799.3678571428571,799.3678571428571,178.57142857142858,87.97500000000001,532.8214285714286,9.0,9.0,1.0,6.0,2.0,1.0,1.0,1.0,0.0,3849.4746428571425,7142.857142857143,0.0,1.0,1.0,1.0,1.0,0.0,1.0,1.0,1.0,427.87348214285714,564.4064285714286,88.81865079365079,88.81865079365079,178.57142857142858,14.662500000000001,266.4107142857143,18.274642857142908,0.0
1098,64.0,118.0,2.0,0.0,2.0,1.0,1.0,1.0,143.16285714285715,0.0,0.0,439.355,2382.9460714285715,10628.533571428572,10117.815714285714,6732.934285714286,19.0,12.0,8662.187857142857,7661.5142857142855,767.8571428571429,255.09857142857143,4195.678571428572,47.0,29.0,2.0,12.0,24.0,1.0,0.0,1.0,1.0,0.0,0.0,10628.533571428572,1.0,1.0,1.0,1.0,1.0,1.0,1.0,1.0,532.5166165413534,561.0778571428572,184.30186930091185,264.19014778325123,383.92857142857144,21.258214285714285,174.81994047619048,3384.881428571429,1000.6735714285714
11,30.0,40.0,1.0,1.0,0.0,0.0,0.0,0.0,709.9025,5.590357142857143,0.0,0.0,0.0,0.0,451.84785714285715,449.3960714285714,3.0,2.0,412.89285714285717,412.89285714285717,410.7142857142857,0.0,0.0,5.0,5.0,3.0,0.0,0.0,1.0,1.0,0.0,0.0,5.590357142857143,0.0,0.0,1.0,1.0,1.0,1.0,0.0,1.0,0.0,0.0,150.6159523809524,224.6980357142857,82.57857142857144,82.57857142857144,136.9047619047619,0.0,0.0,2.4517857142857338,0.0
110,55.0,76.0,1.0,1.0,1.0,0.0,0.0,0.0,62.47035714285715,1146.4957142857143,0.0,0.0,0.0,0.0,32975.32607142857,18194.535357142857,8.0,6.0,18252.571428571428,395.42857142857144,0.0,0.0,395.42857142857144,8.0,7.0,0.0,0.0,7.0,1.0,1.0,1.0,0.0,1146.4957142857143,0.0,0.0,1.0,1.0,1.0,1.0,1.0,0.0,0.0,1.0,4121.915758928571,3032.4225595238095,2281.5714285714284,56.48979591836735,0.0,0.0,56.48979591836735,14780.790714285715,17857.142857142855
1101,24.0,60.0,1.0,1.0,2.0,0.0,0.0,0.0,1.4385714285714286,5357.345357142857,12399.136785714287,0.0,0.0,0.0,24.548214285714288,0.0010714285714285715,3.0,1.0,0.0,0.0,0.0,0.0,0.0,0.0,0.0,0.0,0.0,0.0,1.0,1.0,1.0,0.0,5357.345357142857,6199.568392857143,0.0,1.0,1.0,1.0,0.0,0.0,0.0,0.0,0.0,8.182738095238095,0.0010714285714285715,0.0,0.0,0.0,0.0,0.0,24.54714285714286,0.0
1102,59.0,8.0,2.0,0.0,0.0,0.0,0.0,0.0,191.33214285714286,0.0,0.0,0.0,0.0,0.0,944.3921428571429,944.3921428571429,2.0,2.0,200.66714285714286,200.66714285714286,25.0,175.66714285714286,0.0,9.0,9.0,1.0,8.0,0.0,1.0,0.0,0.0,0.0,0.0,0.0,0.0,1.0,1.0,0.0,1.0,0.0,1.0,1.0,0.0,472.19607142857143,472.19607142857143,22.296349206349205,22.296349206349205,25.0,21.958392857142858,0.0,0.0,0.0
1105,61.0,152.0,1.0,0.0,0.0,0.0,0.0,0.0,7445.069285714286,0.0,0.0,0.0,0.0,0.0,468.63464285714286,468.63464285714286,2.0,2.0,361.25,361.25,0.0,0.0,0.0,2.0,2.0,0.0,0.0,0.0,0.0,0.0,0.0,0.0,0.0,0.0,0.0,1.0,1.0,0.0,1.0,0.0,0.0,0.0,0.0,234.31732142857143,234.31732142857143,180.625,180.625,0.0,0.0,0.0,0.0,0.0
1107,13.0,151.0,1.0,1.0,0.0,1.0,0.0,0.0,100.98214285714286,2115.6203571428573,0.0,0.0,0.0,0.0,0.002142857142857143,0.002142857142857143,1.0,1.0,12.342142857142857,12.342142857142857,0.0,10.377857142857142,0.0,2.0,2.0,0.0,1.0,0.0,0.0,1.0,0.0,0.0,2115.6203571428573,0.0,0.0,1.0,1.0,0.0,1.0,0.0,0.0,1.0,0.0,0.002142857142857143,0.002142857142857143,6.1710714285714285,6.1710714285714285,0.0,10.377857142857142,0.0,0.0,0.0
111,34.0,94.0,1.0,0.0,0.0,1.0,0.0,0.0,0.0,0.0,0.0,31.5575,0.0,0.0,1329.8528571428571,1329.8528571428571,4.0,4.0,1889.8721428571428,1889.8721428571428,1250.0,267.8364285714286,369.5357142857143,15.0,15.0,2.0,6.0,6.0,0.0,0.0,0.0,0.0,0.0,0.0,0.0,1.0,1.0,0.0,1.0,0.0,1.0,1.0,1.0,332.4632142857143,332.4632142857143,125.99147619047618,125.99147619047618,625.0,44.639404761904764,61.589285714285715,0.0,0.0
1110,42.0,155.0,1.0,0.0,0.0,1.0,0.0,0.0,24.37964285714286,0.0,0.0,54.335,0.0,0.0,1274.3160714285714,1274.3160714285714,2.0,2.0,1640.5535714285713,1640.5535714285713,464.2857142857143,286.53499999999997,523.4042857142857,27.0,27.0,4.0,8.0,12.0,0.0,0.0,0.0,0.0,0.0,0.0,0.0,1.0,1.0,0.0,1.0,0.0,1.0,1.0,1.0,637.1580357142857,637.1580357142857,60.761243386243386,60.761243386243386,116.07142857142857,35.816874999999996,43.61702380952381,0.0,0.0
1112,45.0,134.0,1.0,2.0,0.0,0.0,0.0,0.0,42.066071428571426,28543.7175,0.0,0.0,0.0,0.0,779.8142857142857,779.8142857142857,2.0,2.0,394.2785714285714,394.2785714285714,0.0,0.0,0.0,3.0,3.0,0.0,0.0,0.0,0.0,1.0,0.0,0.0,14271.85875,0.0,0.0,1.0,1.0,0.0,1.0,0.0,0.0,0.0,0.0,389.90714285714284,389.90714285714284,131.42619047619047,131.42619047619047,0.0,0.0,0.0,0.0,0.0
1114,33.0,13.0,1.0,0.0,0.0,1.0,0.0,1.0,4102.243214285714,0.0,0.0,0.0,0.0,5177.691785714285,668.9489285714286,612.0035714285714,3.0,2.0,713.5714285714286,709.2142857142857,428.57142857142856,0.0,207.89285714285714,8.0,6.0,2.0,0.0,2.0,1.0,0.0,0.0,1.0,0.0,0.0,5177.691785714285,1.0,1.0,1.0,1.0,1.0,1.0,0.0,1.0,222.9829761904762,306.0017857142857,89.19642857142857,118.20238095238095,214.28571428571428,0.0,103.94642857142857,56.94535714285723,4.35714285714289
1119,22.0,177.0,1.0,0.0,7.0,1.0,0.0,0.0,3352.822142857143,0.0,0.0,0.0,0.0,0.0,2681.942857142857,2106.4100000000003,21.0,18.0,2965.7278571428574,2347.8907142857142,53.57142857142857,617.5907142857143,1097.5885714285714,66.0,52.0,1.0,32.0,15.0,0.0,0.0,1.0,0.0,0.0,0.0,0.0,1.0,1.0,1.0,1.0,1.0,1.0,1.0,1.0,127.71156462585034,117.02277777777779,44.93527056277057,45.151744505494506,53.57142857142857,19.29970982142857,73.17257142857143,575.5328571428568,617.8371428571431
1120,37.0,178.0,1.0,0.0,0.0,0.0,0.0,0.0,10688.807499999999,0.0,0.0,0.0,0.0,0.0,35.714285714285715,35.714285714285715,1.0,1.0,34.64,34.64,10.714285714285714,23.925714285714285,0.0,2.0,2.0,1.0,1.0,0.0,1.0,0.0,0.0,0.0,0.0,0.0,0.0,1.0,1.0,0.0,1.0,0.0,1.0,1.0,0.0,35.714285714285715,35.714285714285715,17.32,17.32,10.714285714285714,23.925714285714285,0.0,0.0,0.0
1122,19.0,142.0,1.0,0.0,0.0,0.0,0.0,0.0,3747.3196428571428,0.0,0.0,0.0,0.0,0.0,750.8249999999999,750.8249999999999,8.0,8.0,637.0489285714285,637.0489285714285,78.57142857142857,302.9775,255.5,19.0,19.0,3.0,13.0,3.0,0.0,0.0,0.0,0.0,0.0,0.0,0.0,1.0,1.0,0.0,1.0,0.0,1.0,1.0,1.0,93.85312499999999,93.85312499999999,33.52889097744361,33.52889097744361,26.19047619047619,23.30596153846154,85.16666666666667,0.0,0.0
1123,36.0,192.0,1.0,0.0,0.0,1.0,0.0,0.0,147.51964285714286,0.0,0.0,0.0,0.0,0.0,572.9035714285714,429.6125,8.0,6.0,502.08214285714286,429.6125,0.0,0.0,35.714285714285715,11.0,6.0,0.0,0.0,1.0,0.0,0.0,0.0,0.0,0.0,0.0,0.0,1.0,1.0,1.0,1.0,1.0,0.0,0.0,1.0,71.61294642857142,71.60208333333334,45.64383116883117,71.60208333333334,0.0,0.0,35.714285714285715,143.29107142857134,72.46964285714284
1124,55.0,152.0,1.0,0.0,0.0,0.0,0.0,0.0,4570.134642857143,0.0,0.0,0.0,0.0,0.0,392.2278571428571,392.2278571428571,3.0,3.0,693.7857142857143,693.7857142857143,535.7142857142857,0.0,158.07142857142858,6.0,6.0,2.0,0.0,4.0,1.0,0.0,0.0,0.0,0.0,0.0,0.0,1.0,1.0,0.0,1.0,0.0,1.0,0.0,1.0,130.74261904761903,130.74261904761903,115.6309523809524,115.6309523809524,267.85714285714283,0.0,39.517857142857146,0.0,0.0
1126,46.0,117.0,1.0,0.0,0.0,0.0,0.0,0.0,1969.3992857142857,0.0,0.0,0.0,0.0,0.0,283.1046428571429,283.1046428571429,2.0,2.0,40.285714285714285,40.285714285714285,0.0,0.0,39.285714285714285,2.0,2.0,0.0,0.0,1.0,1.0,0.0,0.0,0.0,0.0,0.0,0.0,1.0,1.0,0.0,1.0,0.0,0.0,0.0,1.0,141.55232142857145,141.55232142857145,20.142857142857142,20.142857142857142,0.0,0.0,39.285714285714285,0.0,0.0
1127,70.0,191.0,1.0,0.0,0.0,1.0,0.0,0.0,1646.4164285714287,0.0,0.0,0.0,0.0,0.0,145.56714285714287,145.56714285714287,3.0,3.0,119.925,119.925,10.714285714285714,13.567857142857141,95.21428571428571,6.0,6.0,1.0,2.0,1.0,1.0,0.0,0.0,0.0,0.0,0.0,0.0,1.0,1.0,0.0,1.0,0.0,1.0,1.0,1.0,48.522380952380956,48.522380952380956,19.9875,19.9875,10.714285714285714,6.783928571428571,95.21428571428571,0.0,0.0
1129,42.0,45.0,1.0,0.0,0.0,0.0,0.0,0.0,30969.845,0.0,0.0,0.0,0.0,0.0,206.92892857142857,206.92892857142857,3.0,3.0,114.86392857142857,114.86392857142857,0.0,87.25678571428571,24.214285714285715,24.0,24.0,0.0,22.0,1.0,0.0,0.0,0.0,0.0,0.0,0.0,0.0,1.0,1.0,0.0,1.0,0.0,0.0,1.0,1.0,68.97630952380952,68.97630952380952,4.785997023809524,4.785997023809524,0.0,3.966217532467532,24.214285714285715,0.0,0.0
1132,93.0,94.0,1.0,0.0,4.0,1.0,0.0,0.0,0.0,0.0,18725.75357142857,0.0,0.0,0.0,1842.3489285714284,1842.3489285714284,3.0,3.0,2729.2342857142858,2729.2342857142858,1250.0,523.8057142857143,953.2142857142857,46.0,46.0,8.0,18.0,16.0,1.0,0.0,1.0,0.0,0.0,4681.438392857142,0.0,1.0,1.0,0.0,1.0,0.0,1.0,1.0,1.0,614.1163095238095,614.1163095238095,59.3311801242236,59.3311801242236,156.25,29.100317460317463,59.575892857142854,0.0,0.0
1133,44.0,89.0,1.0,1.0,1.0,1.0,0.0,0.0,1.7610714285714286,35.81214285714286,36102.208928571425,0.0,0.0,0.0,3015.0382142857147,0.0032142857142857142,5.0,1.0,129.9,129.9,0.0,129.9,0.0,3.0,3.0,0.0,3.0,0.0,0.0,1.0,1.0,0.0,35.81214285714286,36102.208928571425,0.0,1.0,1.0,1.0,1.0,0.0,0.0,1.0,0.0,603.007642857143,0.0032142857142857142,43.300000000000004,43.300000000000004,0.0,43.300000000000004,0.0,3015.0350000000003,0.0
1134,35.0,96.0,1.0,0.0,0.0,1.0,0.0,1.0,2534.9835714285714,0.0,0.0,0.0,0.0,4249.217857142858,2842.7089285714287,2234.1964285714284,31.0,28.0,3054.284642857143,2216.339285714286,364.2857142857143,191.77857142857144,681.0357142857143,66.0,40.0,6.0,12.0,11.0,0.0,0.0,0.0,1.0,0.0,0.0,4249.217857142858,1.0,1.0,1.0,1.0,1.0,1.0,1.0,1.0,91.70028801843318,79.79272959183673,46.27704004329004,55.408482142857146,60.714285714285715,15.98154761904762,61.91233766233767,608.5125000000003,837.9453571428571
1136,69.0,152.0,1.0,0.0,0.0,0.0,0.0,0.0,12741.82142857143,0.0,0.0,0.0,0.0,0.0,1164.2892857142856,1164.2892857142856,5.0,5.0,1115.3214285714287,1115.3214285714287,257.14285714285717,46.392857142857146,810.8214285714286,18.0,18.0,5.0,4.0,5.0,0.0,0.0,0.0,0.0,0.0,0.0,0.0,1.0,1.0,0.0,1.0,0.0,1.0,1.0,1.0,232.8578571428571,232.8578571428571,61.962301587301596,61.962301587301596,51.42857142857143,11.598214285714286,162.1642857142857,0.0,0.0
1138,54.0,150.0,1.0,0.0,0.0,1.0,0.0,0.0,422.61428571428576,0.0,0.0,0.0,0.0,0.0,282.14464285714286,282.14464285714286,2.0,2.0,348.92857142857144,348.92857142857144,214.28571428571428,0.0,132.14285714285714,7.0,7.0,2.0,0.0,4.0,0.0,0.0,0.0,0.0,0.0,0.0,0.0,1.0,1.0,0.0,1.0,0.0,1.0,0.0,1.0,141.07232142857143,141.07232142857143,49.8469387755102,49.8469387755102,107.14285714285714,0.0,33.035714285714285,0.0,0.0
1145,61.0,45.0,1.0,0.0,0.0,0.0,0.0,0.0,324.71,0.0,0.0,0.0,0.0,0.0,132.15892857142856,132.15892857142856,3.0,3.0,3.392857142857143,3.392857142857143,0.0,0.0,0.0,1.0,1.0,0.0,0.0,0.0,1.0,0.0,0.0,0.0,0.0,0.0,0.0,1.0,1.0,0.0,1.0,0.0,0.0,0.0,0.0,44.05297619047619,44.05297619047619,3.392857142857143,3.392857142857143,0.0,0.0,0.0,0.0,0.0
1146,57.0,11.0,1.0,0.0,0.0,1.0,0.0,0.0,286.70750000000004,0.0,0.0,0.0,0.0,0.0,430.84999999999997,430.84999999999997,2.0,2.0,430.75,430.75,428.57142857142856,0.0,0.0,2.0,2.0,1.0,0.0,0.0,0.0,0.0,0.0,0.0,0.0,0.0,0.0,1.0,1.0,0.0,1.0,0.0,1.0,0.0,0.0,215.42499999999998,215.42499999999998,215.375,215.375,428.57142857142856,0.0,0.0,0.0,0.0
1147,38.0,164.0,1.0,0.0,0.0,0.0,0.0,0.0,27.195357142857144,0.0,0.0,0.0,0.0,0.0,673.8225,673.8225,6.0,6.0,648.3921428571429,648.3921428571429,10.714285714285714,0.0,633.9635714285714,17.0,17.0,1.0,0.0,15.0,0.0,0.0,0.0,0.0,0.0,0.0,0.0,1.0,1.0,0.0,1.0,0.0,1.0,0.0,1.0,112.30375,112.30375,38.14071428571429,38.14071428571429,10.714285714285714,0.0,42.26423809523809,0.0,0.0
1148,70.0,152.0,1.0,1.0,0.0,0.0,1.0,0.0,83.90107142857143,569.4092857142857,0.0,0.0,808.1078571428571,0.0,7451.794642857143,7436.734642857143,4.0,3.0,1346.4285714285713,1346.4285714285713,0.0,0.0,1328.5714285714287,4.0,4.0,0.0,0.0,3.0,0.0,1.0,0.0,0.0,569.4092857142857,0.0,0.0,1.0,1.0,1.0,1.0,0.0,0.0,0.0,1.0,1862.9486607142858,2478.9115476190477,336.60714285714283,336.60714285714283,0.0,0.0,442.8571428571429,15.0600000000004,0.0
115,57.0,144.0,1.0,0.0,0.0,0.0,0.0,0.0,415.8978571428571,0.0,0.0,0.0,0.0,0.0,7495.072142857142,7495.072142857142,4.0,4.0,4104.453214285714,4104.453214285714,500.0,11.960714285714285,0.0,6.0,6.0,2.0,1.0,0.0,0.0,0.0,0.0,0.0,0.0,0.0,0.0,1.0,1.0,0.0,1.0,0.0,1.0,1.0,0.0,1873.7680357142856,1873.7680357142856,684.0755357142857,684.0755357142857,250.0,11.960714285714285,0.0,0.0,0.0
1150,31.0,23.0,1.0,0.0,0.0,1.0,0.0,0.0,6.476071428571429,0.0,0.0,0.0,0.0,0.0,373.49642857142857,243.2607142857143,7.0,5.0,361.5214285714286,243.2607142857143,0.0,0.0,0.0,9.0,5.0,0.0,0.0,0.0,0.0,0.0,0.0,0.0,0.0,0.0,0.0,1.0,1.0,1.0,1.0,1.0,0.0,0.0,0.0,53.356632653061226,48.65214285714286,40.169047619047625,48.65214285714286,0.0,0.0,0.0,130.23571428571427,118.2607142857143
1153,40.0,46.0,1.0,0.0,1.0,0.0,0.0,0.0,180.53178571428572,0.0,17.728571428571428,0.0,0.0,0.0,220.0367857142857,220.0367857142857,3.0,3.0,214.62857142857143,214.62857142857143,0.0,8.45,203.78571428571428,6.0,6.0,0.0,1.0,4.0,1.0,0.0,1.0,0.0,0.0,17.728571428571428,0.0,1.0,1.0,0.0,1.0,0.0,0.0,1.0,1.0,73.34559523809524,73.34559523809524,35.77142857142857,35.77142857142857,0.0,8.45,50.94642857142857,0.0,0.0
1156,82.0,25.0,1.0,0.0,0.0,0.0,0.0,0.0,47.19214285714286,0.0,0.0,0.0,0.0,0.0,1109.7910714285715,1109.7910714285715,2.0,2.0,433.7142857142857,433.7142857142857,285.7142857142857,0.0,148.0,6.0,6.0,2.0,0.0,4.0,1.0,0.0,0.0,0.0,0.0,0.0,0.0,1.0,1.0,0.0,1.0,0.0,1.0,0.0,1.0,554.8955357142858,554.8955357142858,72.28571428571429,72.28571428571429,142.85714285714286,0.0,37.0,0.0,0.0
1162,30.0,9.0,1.0,0.0,0.0,0.0,0.0,0.0,71.60178571428571,0.0,0.0,0.0,0.0,0.0,585.715,585.715,5.0,5.0,375.19642857142856,375.19642857142856,228.57142857142858,49.30357142857143,93.57142857142857,23.0,23.0,8.0,9.0,3.0,0.0,0.0,0.0,0.0,0.0,0.0,0.0,1.0,1.0,0.0,1.0,0.0,1.0,1.0,1.0,117.143,117.143,16.312888198757765,16.312888198757765,28.571428571428573,5.478174603174604,31.19047619047619,0.0,0.0
117,43.0,153.0,4.0,0.0,0.0,1.0,0.0,0.0,0.0,0.0,0.0,0.0,0.0,0.0,1095.4110714285714,1095.4110714285714,8.0,8.0,1232.3910714285714,1232.3910714285714,0.0,522.0407142857142,705.5289285714287,31.0,31.0,0.0,19.0,11.0,0.0,0.0,0.0,0.0,0.0,0.0,0.0,1.0,1.0,0.0,1.0,0.0,0.0,1.0,1.0,136.92638392857143,136.92638392857143,39.75455069124424,39.75455069124424,0.0,27.47582706766917,64.13899350649352,0.0,0.0
1172,11.0,49.0,1.0,1.0,1.0,0.0,0.0,0.0,2175.2410714285716,81.87964285714285,20497.158928571425,0.0,0.0,0.0,344.9010714285714,338.2521428571428,4.0,2.0,399.25,399.25,0.0,42.107142857142854,357.14285714285717,3.0,3.0,0.0,1.0,2.0,0.0,1.0,1.0,0.0,81.87964285714285,20497.158928571425,0.0,1.0,1.0,1.0,1.0,0.0,0.0,1.0,1.0,86.22526785714285,169.1260714285714,133.08333333333334,133.08333333333334,0.0,42.107142857142854,178.57142857142858,6.648928571428598,0.0
1173,35.0,65.0,1.0,0.0,0.0,0.0,0.0,0.0,2501.676071428571,0.0,0.0,0.0,0.0,0.0,557.9289285714286,557.9289285714286,4.0,4.0,562.1071428571429,562.1071428571429,557.1428571428571,0.0,0.0,6.0,6.0,3.0,0.0,0.0,0.0,0.0,0.0,0.0,0.0,0.0,0.0,1.0,1.0,0.0,1.0,0.0,1.0,0.0,0.0,139.48223214285716,139.48223214285716,93.68452380952381,93.68452380952381,185.7142857142857,0.0,0.0,0.0,0.0
1174,59.0,35.0,1.0,0.0,0.0,0.0,0.0,0.0,1.522142857142857,0.0,0.0,0.0,0.0,0.0,2115.8610714285714,2115.8610714285714,5.0,5.0,2243.785714285714,2243.785714285714,0.0,0.0,2239.285714285714,12.0,12.0,0.0,0.0,10.0,0.0,0.0,0.0,0.0,0.0,0.0,0.0,1.0,1.0,0.0,1.0,0.0,0.0,0.0,1.0,423.1722142857143,423.1722142857143,186.98214285714286,186.98214285714286,0.0,0.0,223.92857142857142,0.0,0.0
1176,14.0,19.0,1.0,0.0,0.0,0.0,0.0,0.0,9325.020357142857,0.0,0.0,0.0,0.0,0.0,84.1075,84.1075,2.0,2.0,133.39285714285714,133.39285714285714,0.0,0.0,0.0,4.0,4.0,0.0,0.0,0.0,1.0,0.0,0.0,0.0,0.0,0.0,0.0,1.0,1.0,0.0,1.0,0.0,0.0,0.0,0.0,42.05375,42.05375,33.348214285714285,33.348214285714285,0.0,0.0,0.0,0.0,0.0
1181,66.0,32.0,1.0,0.0,8.0,0.0,0.0,0.0,1329.4950000000001,0.0,0.0,0.0,0.0,0.0,59.184285714285714,59.184285714285714,2.0,2.0,10.642857142857142,10.642857142857142,0.0,10.642857142857142,0.0,1.0,1.0,0.0,1.0,0.0,0.0,0.0,1.0,0.0,0.0,0.0,0.0,1.0,1.0,0.0,1.0,0.0,0.0,1.0,0.0,29.592142857142857,29.592142857142857,10.642857142857142,10.642857142857142,0.0,10.642857142857142,0.0,0.0,0.0
1183,58.0,235.0,1.0,1.0,5.0,0.0,0.0,0.0,623.4685714285714,84.35642857142857,208.59678571428572,0.0,0.0,0.0,509.11571428571426,484.83964285714285,6.0,3.0,149.56714285714287,149.56714285714287,0.0,0.0,133.14285714285714,6.0,6.0,0.0,0.0,3.0,1.0,1.0,1.0,0.0,84.35642857142857,41.71935714285714,0.0,1.0,1.0,1.0,1.0,0.0,0.0,0.0,1.0,84.85261904761904,161.6132142857143,24.927857142857146,24.927857142857146,0.0,0.0,44.38095238095238,24.276071428571413,0.0
1185,33.0,84.0,2.0,0.0,0.0,0.0,0.0,0.0,0.0,0.0,0.0,0.0,0.0,0.0,714.3121428571429,714.3121428571429,2.0,2.0,482.8071428571429,482.8071428571429,178.57142857142858,28.342857142857145,273.17857142857144,8.0,8.0,1.0,1.0,5.0,1.0,0.0,0.0,0.0,0.0,0.0,0.0,1.0,1.0,0.0,1.0,0.0,1.0,1.0,1.0,357.15607142857147,357.15607142857147,60.35089285714286,60.35089285714286,178.57142857142858,28.342857142857145,54.635714285714286,0.0,0.0
1186,45.0,173.0,1.0,0.0,0.0,0.0,0.0,0.0,3307.4125,0.0,0.0,0.0,0.0,0.0,1285.75,1285.75,4.0,4.0,2028.2082142857143,2028.2082142857143,692.1185714285714,1318.3442857142857,0.0,23.0,23.0,5.0,13.0,0.0,0.0,0.0,0.0,0.0,0.0,0.0,0.0,1.0,1.0,0.0,1.0,0.0,1.0,1.0,0.0,321.4375,321.4375,88.18296583850932,88.18296583850932,138.42371428571428,101.4110989010989,0.0,0.0,0.0
1187,57.0,52.0,1.0,0.0,0.0,0.0,0.0,0.0,10.77,0.0,0.0,0.0,0.0,0.0,376.1435714285714,376.1435714285714,3.0,3.0,1372.777857142857,1372.777857142857,135.71428571428572,771.2064285714285,462.35714285714283,53.0,53.0,2.0,39.0,11.0,1.0,0.0,0.0,0.0,0.0,0.0,0.0,1.0,1.0,0.0,1.0,0.0,1.0,1.0,1.0,125.38119047619047,125.38119047619047,25.901469002695418,25.901469002695418,67.85714285714286,19.77452380952381,42.03246753246753,0.0,0.0
119,25.0,152.0,1.0,1.0,3.0,0.0,0.0,0.0,194.95892857142857,3573.113214285714,8287.8875,0.0,0.0,0.0,218.9935714285714,218.10892857142858,3.0,2.0,89.98214285714286,89.98214285714286,0.0,53.94642857142857,33.642857142857146,6.0,6.0,0.0,3.0,2.0,0.0,1.0,1.0,0.0,3573.113214285714,2762.629166666667,0.0,1.0,1.0,1.0,1.0,0.0,0.0,1.0,1.0,72.99785714285714,109.05446428571429,14.99702380952381,14.99702380952381,0.0,17.982142857142858,16.821428571428573,0.8846428571428362,0.0
1192,25.0,109.0,1.0,1.0,7.0,0.0,0.0,0.0,2789.3424999999997,10566.784285714286,11171.42857142857,0.0,0.0,0.0,4048.0014285714283,4034.694285714286,9.0,6.0,4063.680714285714,4063.680714285714,2203.5714285714284,70.9667857142857,1786.6425,25.0,25.0,5.0,6.0,12.0,1.0,1.0,1.0,0.0,10566.784285714286,1595.9183673469386,0.0,1.0,1.0,1.0,1.0,0.0,1.0,1.0,1.0,449.7779365079365,672.4490476190476,162.54722857142858,162.54722857142858,440.71428571428567,11.827797619047617,148.886875,13.30714285714248,0.0
1194,32.0,149.0,1.0,0.0,0.0,0.0,0.0,0.0,4.670357142857143,0.0,0.0,0.0,0.0,0.0,160.71535714285713,160.71535714285713,2.0,2.0,142.85714285714286,142.85714285714286,142.85714285714286,0.0,0.0,1.0,1.0,1.0,0.0,0.0,0.0,0.0,0.0,0.0,0.0,0.0,0.0,1.0,1.0,0.0,1.0,0.0,1.0,0.0,0.0,80.35767857142856,80.35767857142856,142.85714285714286,142.85714285714286,142.85714285714286,0.0,0.0,0.0,0.0
12,45.0,155.0,1.0,0.0,0.0,0.0,0.0,0.0,1075.475,0.0,0.0,0.0,0.0,0.0,466.80035714285714,466.80035714285714,3.0,3.0,770.2510714285714,770.2510714285714,285.7142857142857,393.6082142857143,87.53571428571429,19.0,19.0,1.0,13.0,4.0,1.0,0.0,0.0,0.0,0.0,0.0,0.0,1.0,1.0,0.0,1.0,0.0,1.0,1.0,1.0,155.60011904761905,155.60011904761905,40.53953007518797,40.53953007518797,285.7142857142857,30.27755494505495,21.883928571428573,0.0,0.0
1200,50.0,81.0,1.0,1.0,2.0,1.0,1.0,0.0,2137.8975,6841.314642857143,71428.57142857143,0.0,2.357142857142857,0.0,2621.3525,1872.0553571428572,33.0,23.0,3043.3957142857143,1872.0553571428572,392.85714285714283,315.0910714285714,53.035714285714285,51.0,28.0,6.0,9.0,5.0,0.0,1.0,1.0,0.0,6841.314642857143,35714.28571428572,0.0,1.0,1.0,1.0,1.0,1.0,1.0,1.0,1.0,79.43492424242424,81.39371118012423,59.674425770308126,66.85911989795919,65.47619047619047,35.01011904761904,10.607142857142858,749.2971428571427,1171.340357142857
1201,61.0,132.0,2.0,0.0,0.0,1.0,0.0,0.0,115.46428571428571,0.0,0.0,0.0,0.0,0.0,955.3260714285715,955.3260714285715,5.0,5.0,955.2457142857144,955.2457142857144,160.71428571428572,321.68142857142857,264.82142857142856,22.0,22.0,1.0,12.0,6.0,0.0,0.0,0.0,0.0,0.0,0.0,0.0,1.0,1.0,0.0,1.0,0.0,1.0,1.0,1.0,191.0652142857143,191.0652142857143,43.420259740259745,43.420259740259745,160.71428571428572,26.806785714285713,44.13690476190476,0.0,0.0
1204,27.0,65.0,1.0,0.0,0.0,0.0,0.0,0.0,147.31785714285712,0.0,0.0,0.0,0.0,0.0,2364.433571428571,2364.433571428571,9.0,9.0,2728.263214285714,2728.263214285714,592.8571428571429,503.5239285714286,1075.2142857142858,51.0,51.0,10.0,18.0,15.0,0.0,0.0,0.0,0.0,0.0,0.0,0.0,1.0,1.0,0.0,1.0,0.0,1.0,1.0,1.0,262.71484126984126,262.71484126984126,53.49535714285714,53.49535714285714,59.28571428571429,27.97355158730159,71.68095238095239,0.0,0.0
1207,31.0,71.0,1.0,1.0,2.0,0.0,1.0,0.0,1347.8132142857141,5193.253214285714,1445.1378571428572,0.0,318.5078571428571,0.0,19807.070357142857,10145.921071428571,12.0,3.0,12354.775357142858,11843.873214285715,814.2857142857143,601.2985714285714,1038.107142857143,52.0,32.0,4.0,19.0,20.0,0.0,1.0,1.0,0.0,5193.253214285714,722.5689285714286,0.0,1.0,1.0,1.0,1.0,1.0,1.0,1.0,1.0,1650.5891964285713,3381.9736904761903,237.5918337912088,370.1210379464286,203.57142857142858,31.647293233082706,51.90535714285714,9661.149285714286,510.9021428571432
121,25.0,31.0,1.0,1.0,1.0,1.0,1.0,0.0,37.82142857142857,541.4121428571428,329.60785714285714,98.14071428571428,2.357142857142857,0.0,2883.950714285714,2502.466785714286,9.0,5.0,2519.906428571429,1147.4642857142858,71.42857142857143,1372.4421428571427,727.1428571428571,45.0,19.0,1.0,26.0,17.0,0.0,1.0,1.0,0.0,541.4121428571428,329.60785714285714,0.0,1.0,1.0,1.0,1.0,1.0,1.0,1.0,1.0,320.43896825396826,500.4933571428572,55.997920634920646,60.392857142857146,71.42857142857143,52.78623626373626,42.773109243697476,381.48392857142835,1372.4421428571432
1210,17.0,171.0,1.0,1.0,0.0,0.0,0.0,0.0,2639.026785714286,67.13142857142857,0.0,0.0,0.0,0.0,1931.360357142857,1756.5114285714285,6.0,4.0,891.8010714285714,891.8010714285714,0.0,526.7653571428572,162.71428571428572,11.0,11.0,0.0,7.0,1.0,0.0,1.0,0.0,0.0,67.13142857142857,0.0,0.0,1.0,1.0,1.0,1.0,0.0,0.0,1.0,1.0,321.8933928571428,439.1278571428571,81.07282467532467,81.07282467532467,0.0,75.25219387755102,162.71428571428572,174.8489285714286,0.0
1211,6.0,61.0,1.0,0.0,0.0,1.0,1.0,0.0,251.02714285714288,0.0,0.0,0.0,2.357142857142857,0.0,2171.7257142857143,1416.1964285714287,26.0,20.0,2217.144642857143,1401.814285714286,178.57142857142858,103.27857142857144,442.28357142857146,45.0,18.0,5.0,4.0,6.0,1.0,0.0,0.0,0.0,0.0,0.0,0.0,1.0,1.0,1.0,1.0,1.0,1.0,1.0,1.0,83.52791208791209,70.80982142857144,49.26988095238096,77.87857142857143,35.714285714285715,25.81964285714286,73.71392857142858,755.5292857142856,815.3303571428571
1218,36.0,49.0,1.0,1.0,0.0,0.0,0.0,0.0,54.82392857142857,1584.6432142857143,0.0,0.0,0.0,0.0,250.64892857142857,241.8342857142857,3.0,2.0,3220.5353571428573,6.249642857142858,0.0,0.0,3214.285714285714,5.0,2.0,0.0,0.0,3.0,0.0,1.0,0.0,0.0,1584.6432142857143,0.0,0.0,1.0,1.0,1.0,1.0,1.0,0.0,0.0,1.0,83.54964285714286,120.91714285714285,644.1070714285714,3.124821428571429,0.0,0.0,1071.4285714285713,8.814642857142871,3214.285714285714
1222,21.0,39.0,1.0,0.0,0.0,0.0,0.0,0.0,21770.8125,0.0,0.0,0.0,0.0,0.0,405.6907142857143,405.6907142857143,5.0,5.0,438.39964285714285,438.39964285714285,71.42857142857143,279.8285714285714,83.74964285714285,15.0,15.0,1.0,7.0,6.0,0.0,0.0,0.0,0.0,0.0,0.0,0.0,1.0,1.0,0.0,1.0,0.0,1.0,1.0,1.0,81.13814285714287,81.13814285714287,29.226642857142856,29.226642857142856,71.42857142857143,39.97551020408163,13.958273809523808,0.0,0.0
1225,45.0,220.0,1.0,0.0,0.0,0.0,0.0,0.0,3749.1349999999998,0.0,0.0,0.0,0.0,0.0,1267.9967857142858,1267.9967857142858,7.0,7.0,1410.7296428571428,1410.7296428571428,314.2857142857143,550.9442857142857,513.3567857142857,48.0,48.0,10.0,24.0,4.0,1.0,0.0,0.0,0.0,0.0,0.0,0.0,1.0,1.0,0.0,1.0,0.0,1.0,1.0,1.0,181.14239795918368,181.14239795918368,29.39020089285714,29.39020089285714,31.428571428571427,22.956011904761905,128.33919642857143,0.0,0.0
1226,82.0,211.0,1.0,0.0,4.0,1.0,1.0,0.0,35.714285714285715,0.0,15589.226785714285,0.0,1.1785714285714286,0.0,2130.237857142857,1671.907857142857,16.0,8.0,2241.154642857143,1678.6085714285714,214.28571428571428,333.07428571428574,1005.75,77.0,22.0,6.0,47.0,10.0,0.0,0.0,1.0,0.0,0.0,3897.3066964285713,0.0,1.0,1.0,1.0,1.0,1.0,1.0,1.0,1.0,133.13986607142857,208.98848214285712,29.105904452690165,76.30038961038962,35.714285714285715,7.086686930091186,100.575,458.33000000000015,562.5460714285714
1227,39.0,122.0,1.0,2.0,0.0,0.0,0.0,0.0,106.74321428571429,35945.74357142857,0.0,0.0,0.0,0.0,948.0632142857143,928.5771428571428,3.0,2.0,1793.2857142857142,1793.2857142857142,1428.5714285714287,50.357142857142854,297.35714285714283,13.0,13.0,2.0,1.0,8.0,0.0,1.0,0.0,0.0,17972.871785714284,0.0,0.0,1.0,1.0,1.0,1.0,0.0,1.0,1.0,1.0,316.0210714285714,464.2885714285714,137.94505494505495,137.94505494505495,714.2857142857143,50.357142857142854,37.169642857142854,19.48607142857145,0.0
1228,19.0,7.0,1.0,0.0,0.0,0.0,0.0,0.0,1018.8925,0.0,0.0,0.0,0.0,0.0,562.7560714285714,562.7560714285714,2.0,2.0,633.5639285714286,633.5639285714286,135.71428571428572,247.84964285714287,250.0,18.0,18.0,2.0,15.0,1.0,0.0,0.0,0.0,0.0,0.0,0.0,0.0,1.0,1.0,0.0,1.0,0.0,1.0,1.0,1.0,281.3780357142857,281.3780357142857,35.19799603174604,35.19799603174604,67.85714285714286,16.523309523809523,250.0,0.0,0.0
1229,64.0,175.0,1.0,0.0,0.0,0.0,0.0,0.0,324.0157142857143,0.0,0.0,0.0,0.0,0.0,1411.5035714285714,1411.5035714285714,7.0,7.0,1442.8307142857143,1442.8307142857143,571.4285714285714,721.1521428571428,150.25,47.0,47.0,2.0,39.0,6.0,0.0,0.0,0.0,0.0,0.0,0.0,0.0,1.0,1.0,0.0,1.0,0.0,1.0,1.0,1.0,201.64336734693876,201.64336734693876,30.69852583586626,30.69852583586626,285.7142857142857,18.491080586080585,25.041666666666668,0.0,0.0
1234,52.0,114.0,1.0,0.0,0.0,0.0,0.0,0.0,0.019285714285714288,0.0,0.0,0.0,0.0,0.0,7.1432142857142855,7.1432142857142855,2.0,2.0,21.428571428571427,21.428571428571427,21.428571428571427,0.0,0.0,2.0,2.0,2.0,0.0,0.0,0.0,0.0,0.0,0.0,0.0,0.0,0.0,1.0,1.0,0.0,1.0,0.0,1.0,0.0,0.0,3.5716071428571428,3.5716071428571428,10.714285714285714,10.714285714285714,10.714285714285714,0.0,0.0,0.0,0.0
1237,43.0,134.0,1.0,1.0,0.0,0.0,0.0,1.0,1028.4814285714285,728.4482142857142,0.0,0.0,0.0,10059.695714285714,1135.5182142857143,844.215,8.0,5.0,856.717857142857,810.6821428571428,92.85714285714286,4.9678571428571425,558.3571428571429,22.0,19.0,4.0,2.0,9.0,0.0,1.0,0.0,1.0,728.4482142857142,0.0,10059.695714285714,1.0,1.0,1.0,1.0,1.0,1.0,1.0,1.0,141.9397767857143,168.84300000000002,38.94172077922077,42.66748120300752,23.214285714285715,2.4839285714285713,62.039682539682545,291.30321428571426,46.03571428571422
124,68.0,47.0,1.0,0.0,0.0,1.0,0.0,0.0,120.495,0.0,0.0,0.0,0.0,0.0,637.6189285714287,637.6189285714287,5.0,5.0,456.8696428571429,456.8696428571429,0.0,0.0,332.71964285714284,8.0,8.0,0.0,0.0,5.0,1.0,0.0,0.0,0.0,0.0,0.0,0.0,1.0,1.0,0.0,1.0,0.0,0.0,0.0,1.0,127.52378571428574,127.52378571428574,57.10870535714286,57.10870535714286,0.0,0.0,66.54392857142857,0.0,0.0
1240,47.0,150.0,1.0,0.0,0.0,1.0,0.0,2.0,5.8428571428571425,0.0,0.0,0.0,0.0,194.80392857142857,5316.912857142857,3320.011428571429,30.0,24.0,4826.772857142858,3320.011428571429,375.0,14.285714285714286,861.1428571428571,47.0,26.0,7.0,1.0,9.0,1.0,0.0,0.0,1.0,0.0,0.0,97.40196428571429,1.0,1.0,1.0,1.0,1.0,1.0,1.0,1.0,177.23042857142858,138.33380952380955,102.69729483282677,127.69274725274727,53.57142857142857,14.285714285714286,95.68253968253968,1996.9014285714284,1506.761428571429
1241,2.0,170.0,1.0,0.0,0.0,1.0,0.0,0.0,22939.27,0.0,0.0,0.0,0.0,0.0,186.61999999999998,181.25821428571427,5.0,3.0,183.945,181.25821428571427,0.0,0.0,0.0,7.0,5.0,0.0,0.0,0.0,0.0,0.0,0.0,0.0,0.0,0.0,0.0,1.0,1.0,1.0,1.0,1.0,0.0,0.0,0.0,37.324,60.41940476190476,26.27785714285714,36.251642857142855,0.0,0.0,0.0,5.361785714285702,2.686785714285719
1242,23.0,63.0,1.0,0.0,2.0,1.0,0.0,0.0,281.6489285714286,0.0,12436.572142857143,28.294642857142858,0.0,0.0,3760.2160714285715,3429.5017857142857,5.0,4.0,3676.6307142857145,3676.6307142857145,567.8571428571429,668.0285714285714,2103.296428571429,33.0,33.0,6.0,12.0,12.0,0.0,0.0,1.0,0.0,0.0,6218.286071428572,0.0,1.0,1.0,1.0,1.0,0.0,1.0,1.0,1.0,752.0432142857143,857.3754464285714,111.41305194805196,111.41305194805196,94.64285714285715,55.66904761904761,175.2747023809524,330.7142857142858,0.0
1243,78.0,51.0,2.0,0.0,3.0,0.0,0.0,0.0,1.2914285714285714,0.0,8745.785714285714,0.0,0.0,0.0,1213.0039285714286,1213.0039285714286,2.0,2.0,1262.75,1262.75,357.14285714285717,0.0,862.7142857142857,17.0,17.0,3.0,0.0,9.0,1.0,0.0,1.0,0.0,0.0,2915.2619047619046,0.0,1.0,1.0,0.0,1.0,0.0,1.0,0.0,1.0,606.5019642857143,606.5019642857143,74.27941176470588,74.27941176470588,119.04761904761905,0.0,95.85714285714285,0.0,0.0
1248,28.0,33.0,2.0,0.0,1.0,0.0,0.0,0.0,12.71642857142857,0.0,10422.849642857142,0.0,0.0,0.0,407.2042857142857,407.2042857142857,2.0,2.0,31.557142857142857,31.557142857142857,0.0,31.557142857142857,0.0,2.0,2.0,0.0,2.0,0.0,0.0,0.0,1.0,0.0,0.0,10422.849642857142,0.0,1.0,1.0,0.0,1.0,0.0,0.0,1.0,0.0,203.60214285714284,203.60214285714284,15.778571428571428,15.778571428571428,0.0,15.778571428571428,0.0,0.0,0.0
1249,66.0,71.0,1.0,0.0,0.0,0.0,0.0,0.0,7292.547857142857,0.0,0.0,0.0,0.0,0.0,380.71535714285716,380.71535714285716,4.0,4.0,342.64285714285717,342.64285714285717,132.14285714285714,9.821428571428571,195.64285714285714,16.0,16.0,9.0,1.0,4.0,1.0,0.0,0.0,0.0,0.0,0.0,0.0,1.0,1.0,0.0,1.0,0.0,1.0,1.0,1.0,95.17883928571429,95.17883928571429,21.415178571428573,21.415178571428573,14.682539682539682,9.821428571428571,48.910714285714285,0.0,0.0
125,38.0,175.0,1.0,0.0,0.0,1.0,1.0,0.0,0.0,0.0,0.0,0.0,108.12071428571429,0.0,1754.0835714285713,892.7896428571429,13.0,6.0,2070.089285714286,1764.5928571428572,392.85714285714283,300.1392857142857,521.9464285714286,28.0,17.0,1.0,8.0,13.0,1.0,0.0,0.0,0.0,0.0,0.0,0.0,1.0,1.0,1.0,1.0,1.0,1.0,1.0,1.0,134.9295054945055,148.7982738095238,73.93176020408164,103.79957983193277,392.85714285714283,37.51741071428571,40.14972527472527,861.2939285714284,305.4964285714286
1250,40.0,15.0,1.0,0.0,0.0,1.0,0.0,0.0,825.8328571428572,0.0,0.0,0.0,0.0,0.0,710.4399999999999,458.1717857142857,7.0,5.0,666.3435714285714,458.1717857142857,0.0,0.0,0.0,9.0,5.0,0.0,0.0,0.0,0.0,0.0,0.0,0.0,0.0,0.0,0.0,1.0,1.0,1.0,1.0,1.0,0.0,0.0,0.0,101.49142857142856,91.63435714285714,74.0381746031746,91.63435714285714,0.0,0.0,0.0,252.26821428571424,208.1717857142857
1251,53.0,74.0,1.0,0.0,0.0,1.0,0.0,0.0,809.2982142857143,0.0,0.0,0.0,0.0,0.0,582.9289285714286,582.9289285714286,2.0,2.0,609.1071428571429,609.1071428571429,607.1428571428571,0.0,0.0,2.0,2.0,1.0,0.0,0.0,1.0,0.0,0.0,0.0,0.0,0.0,0.0,1.0,1.0,0.0,1.0,0.0,1.0,0.0,0.0,291.4644642857143,291.4644642857143,304.55357142857144,304.55357142857144,607.1428571428571,0.0,0.0,0.0,0.0
1252,44.0,152.0,1.0,2.0,2.0,0.0,0.0,0.0,95.57821428571428,12681.210714285715,0.0,0.0,0.0,0.0,134.23678571428573,134.15,4.0,3.0,534.3571428571429,534.3571428571429,357.14285714285717,0.0,177.0,3.0,3.0,1.0,0.0,1.0,1.0,1.0,1.0,0.0,6340.605357142857,0.0,0.0,1.0,1.0,1.0,1.0,0.0,1.0,0.0,1.0,33.55919642857143,44.71666666666667,178.11904761904762,178.11904761904762,357.14285714285717,0.0,177.0,0.08678571428572468,0.0
1257,23.0,8.0,1.0,0.0,0.0,0.0,0.0,0.0,1693.3775,0.0,0.0,0.0,0.0,0.0,867.86,867.86,3.0,3.0,343.34071428571434,343.34071428571434,200.0,67.61785714285715,75.72285714285714,18.0,18.0,6.0,9.0,3.0,0.0,0.0,0.0,0.0,0.0,0.0,0.0,1.0,1.0,0.0,1.0,0.0,1.0,1.0,1.0,289.2866666666667,289.2866666666667,19.07448412698413,19.07448412698413,33.333333333333336,7.5130952380952385,25.24095238095238,0.0,0.0
126,33.0,173.0,1.0,0.0,0.0,1.0,0.0,0.0,70.79964285714286,0.0,0.0,0.0,0.0,0.0,771.6589285714286,771.6589285714286,8.0,8.0,999.0714285714286,999.0714285714286,0.0,0.0,994.7142857142857,23.0,23.0,0.0,0.0,22.0,0.0,0.0,0.0,0.0,0.0,0.0,0.0,1.0,1.0,0.0,1.0,0.0,0.0,0.0,1.0,96.45736607142858,96.45736607142858,43.43788819875776,43.43788819875776,0.0,0.0,45.214285714285715,0.0,0.0
1260,61.0,171.0,1.0,2.0,0.0,0.0,0.0,0.0,2811.382857142857,3586.7117857142853,0.0,0.0,0.0,0.0,339.12392857142856,334.95142857142855,3.0,2.0,1038.7228571428573,1038.7228571428573,857.1428571428571,29.90142857142857,71.42857142857143,11.0,11.0,4.0,1.0,1.0,1.0,1.0,0.0,0.0,1793.3558928571426,0.0,0.0,1.0,1.0,1.0,1.0,0.0,1.0,1.0,1.0,113.04130952380952,167.47571428571428,94.42935064935067,94.42935064935067,214.28571428571428,29.90142857142857,71.42857142857143,4.172500000000014,0.0
1262,34.0,67.0,1.0,1.0,1.0,0.0,0.0,0.0,5.727857142857142,35256.977857142854,1350.0739285714285,0.0,0.0,0.0,518.0146428571428,518.0139285714286,4.0,3.0,1016.8857142857142,1016.8857142857142,178.57142857142858,144.31428571428572,688.25,13.0,13.0,1.0,7.0,4.0,1.0,1.0,1.0,0.0,35256.977857142854,1350.0739285714285,0.0,1.0,1.0,1.0,1.0,0.0,1.0,1.0,1.0,129.5036607142857,172.67130952380953,78.22197802197802,78.22197802197802,178.57142857142858,20.616326530612245,172.0625,0.0007142857142525827,0.0
1263,69.0,103.0,1.0,0.0,0.0,1.0,1.0,1.0,0.0,0.0,0.0,1211.6210714285714,2.357142857142857,4233.136071428571,1287.4164285714287,1087.5774999999999,18.0,11.0,1188.1714285714286,1063.8807142857142,0.0,31.755,471.5,30.0,21.0,0.0,2.0,10.0,1.0,0.0,0.0,1.0,0.0,0.0,4233.136071428571,1.0,1.0,1.0,1.0,1.0,0.0,1.0,1.0,71.52313492063493,98.87068181818181,39.605714285714285,50.660986394557824,0.0,15.8775,47.15,199.83892857142882,124.29071428571433
1270,38.0,43.0,1.0,0.0,0.0,0.0,0.0,0.0,3.658214285714286,0.0,0.0,0.0,0.0,0.0,0.017857142857142856,0.017857142857142856,1.0,1.0,274.7857142857143,274.7857142857143,178.57142857142858,96.21428571428571,0.0,4.0,4.0,2.0,2.0,0.0,0.0,0.0,0.0,0.0,0.0,0.0,0.0,1.0,1.0,0.0,1.0,0.0,1.0,1.0,0.0,0.017857142857142856,0.017857142857142856,68.69642857142857,68.69642857142857,89.28571428571429,48.107142857142854,0.0,0.0,0.0
1271,42.0,94.0,2.0,1.0,1.0,1.0,0.0,0.0,4492.061785714285,1990.5028571428572,0.0,0.0,0.0,0.0,865.7125,865.6992857142858,5.0,4.0,1144.8317857142858,1144.8317857142858,125.0,401.65250000000003,614.7864285714286,30.0,30.0,1.0,15.0,13.0,1.0,1.0,1.0,0.0,1990.5028571428572,0.0,0.0,1.0,1.0,1.0,1.0,0.0,1.0,1.0,1.0,173.14249999999998,216.42482142857145,38.16105952380953,38.16105952380953,125.0,26.776833333333336,47.29126373626374,0.01321428571418437,0.0
1278,60.0,59.0,1.0,1.0,0.0,1.0,0.0,0.0,3964.0125000000003,87992.25607142856,0.0,0.0,0.0,0.0,1401.5053571428573,1399.0578571428573,5.0,4.0,1551.6564285714285,1551.6564285714285,600.0,265.44214285714287,678.1071428571429,25.0,25.0,2.0,6.0,14.0,0.0,1.0,0.0,0.0,87992.25607142856,0.0,0.0,1.0,1.0,1.0,1.0,0.0,1.0,1.0,1.0,280.30107142857145,349.7644642857143,62.06625714285714,62.06625714285714,300.0,44.24035714285714,48.43622448979592,2.447499999999991,0.0
128,70.0,6.0,1.0,0.0,0.0,1.0,0.0,0.0,31.292857142857144,0.0,0.0,0.0,0.0,0.0,633.4371428571429,633.4371428571429,3.0,3.0,612.8857142857142,612.8857142857142,0.0,10.953571428571427,598.5392857142857,13.0,13.0,0.0,1.0,11.0,1.0,0.0,0.0,0.0,0.0,0.0,0.0,1.0,1.0,0.0,1.0,0.0,0.0,1.0,1.0,211.14571428571432,211.14571428571432,47.145054945054945,47.145054945054945,0.0,10.953571428571427,54.41266233766234,0.0,0.0
1280,48.0,33.0,1.0,0.0,0.0,0.0,0.0,0.0,25191.649999999998,0.0,0.0,0.0,0.0,0.0,142.85750000000002,142.85750000000002,3.0,3.0,172.95857142857145,172.95857142857145,0.0,169.56571428571428,0.0,5.0,5.0,0.0,4.0,0.0,0.0,0.0,0.0,0.0,0.0,0.0,0.0,1.0,1.0,0.0,1.0,0.0,0.0,1.0,0.0,47.61916666666667,47.61916666666667,34.59171428571429,34.59171428571429,0.0,42.39142857142857,0.0,0.0,0.0
1281,40.0,15.0,1.0,0.0,0.0,0.0,0.0,0.0,7241.1389285714295,0.0,0.0,0.0,0.0,0.0,750.0007142857143,750.0007142857143,3.0,3.0,770.6714285714286,770.6714285714286,0.0,0.0,574.8214285714286,11.0,11.0,0.0,0.0,8.0,0.0,0.0,0.0,0.0,0.0,0.0,0.0,1.0,1.0,0.0,1.0,0.0,0.0,0.0,1.0,250.00023809523807,250.00023809523807,70.06103896103896,70.06103896103896,0.0,0.0,71.85267857142857,0.0,0.0
1288,41.0,3.0,1.0,1.0,0.0,1.0,1.0,0.0,275.50178571428575,539.5925,0.0,0.0,9.5,0.0,1045.3435714285713,1043.8789285714286,7.0,3.0,662.0699999999999,427.60571428571427,0.0,268.60714285714283,391.32,11.0,8.0,0.0,2.0,6.0,1.0,1.0,0.0,0.0,539.5925,0.0,0.0,1.0,1.0,1.0,1.0,1.0,0.0,1.0,1.0,149.33479591836732,347.95964285714285,60.18818181818181,53.450714285714284,0.0,134.30357142857142,65.22,1.464642857142735,234.46428571428567
1289,12.0,20.0,1.0,3.0,4.0,0.0,0.0,0.0,1904.9267857142856,7925.148928571429,0.0,0.0,0.0,0.0,3298.1178571428572,2100.940714285714,7.0,5.0,38436.78107142857,2454.638214285714,0.0,555.7810714285714,1898.857142857143,24.0,22.0,0.0,14.0,8.0,0.0,1.0,1.0,0.0,2641.7163095238097,0.0,0.0,1.0,1.0,1.0,1.0,1.0,0.0,1.0,1.0,471.15969387755104,420.1881428571428,1601.5325446428571,111.57446428571428,0.0,39.698647959183674,237.35714285714286,1197.1771428571433,35982.14285714286
1295,32.0,162.0,1.0,0.0,0.0,1.0,1.0,1.0,1651.142857142857,0.0,0.0,901.6160714285714,216.99714285714285,301.5546428571429,890.6732142857143,737.967857142857,6.0,2.0,931.2207142857143,867.3921428571429,178.57142857142858,207.9857142857143,16.517857142857142,21.0,15.0,2.0,8.0,3.0,1.0,0.0,0.0,1.0,0.0,0.0,301.5546428571429,1.0,1.0,1.0,1.0,1.0,1.0,1.0,1.0,148.4455357142857,368.9839285714285,44.34384353741497,57.826142857142855,89.28571428571429,25.998214285714287,5.5059523809523805,152.70535714285722,63.82857142857142
1296,49.0,151.0,1.0,0.0,0.0,0.0,0.0,1.0,82.895,0.0,0.0,0.0,0.0,3237.48,2200.245,2151.5375,4.0,3.0,2223.8732142857143,2220.1589285714285,1382.142857142857,555.6946428571429,200.67857142857142,45.0,44.0,12.0,17.0,6.0,0.0,0.0,0.0,1.0,0.0,0.0,3237.48,1.0,1.0,1.0,1.0,1.0,1.0,1.0,1.0,550.06125,717.1791666666667,49.419404761904765,50.458157467532466,115.17857142857143,32.68792016806723,33.44642857142857,48.70749999999998,3.7142857142857792
1297,78.0,159.0,1.0,0.0,0.0,0.0,0.0,0.0,14.646071428571428,0.0,0.0,0.0,0.0,0.0,412.00607142857143,412.00607142857143,2.0,2.0,560.2607142857142,560.2607142857142,210.71428571428572,207.90357142857144,140.21428571428572,31.0,31.0,7.0,18.0,5.0,0.0,0.0,0.0,0.0,0.0,0.0,0.0,1.0,1.0,0.0,1.0,0.0,1.0,1.0,1.0,206.00303571428572,206.00303571428572,18.072926267281105,18.072926267281105,30.102040816326532,11.550198412698414,28.042857142857144,0.0,0.0
1300,41.0,150.0,1.0,0.0,0.0,1.0,0.0,0.0,0.0,0.0,0.0,0.0,0.0,0.0,157.15035714285713,157.15035714285713,2.0,2.0,327.7142857142857,327.7142857142857,121.42857142857143,0.0,206.07142857142858,8.0,8.0,4.0,0.0,3.0,1.0,0.0,0.0,0.0,0.0,0.0,0.0,1.0,1.0,0.0,1.0,0.0,1.0,0.0,1.0,78.57517857142857,78.57517857142857,40.964285714285715,40.964285714285715,30.357142857142858,0.0,68.69047619047619,0.0,0.0
1304,65.0,80.0,1.0,0.0,0.0,1.0,0.0,0.0,4963.121071428572,0.0,0.0,0.0,0.0,0.0,536.6796428571429,536.6796428571429,2.0,2.0,543.2492857142857,543.2492857142857,285.7142857142857,0.0,254.92785714285714,9.0,9.0,1.0,0.0,7.0,0.0,0.0,0.0,0.0,0.0,0.0,0.0,1.0,1.0,0.0,1.0,0.0,1.0,0.0,1.0,268.33982142857144,268.33982142857144,60.36103174603175,60.36103174603175,285.7142857142857,0.0,36.41826530612245,0.0,0.0
1310,36.0,104.0,1.0,0.0,0.0,0.0,0.0,0.0,4018.2067857142856,0.0,0.0,0.0,0.0,0.0,510.8703571428572,510.8703571428572,3.0,3.0,1002.6714285714286,1002.6714285714286,0.0,0.0,991.9571428571428,16.0,16.0,0.0,0.0,14.0,1.0,0.0,0.0,0.0,0.0,0.0,0.0,1.0,1.0,0.0,1.0,0.0,0.0,0.0,1.0,170.29011904761907,170.29011904761907,62.666964285714286,62.666964285714286,0.0,0.0,70.85408163265306,0.0,0.0
1313,76.0,74.0,1.0,0.0,0.0,0.0,0.0,0.0,1041.444642857143,0.0,0.0,0.0,0.0,0.0,391.3325,391.3325,2.0,2.0,589.8575,589.8575,0.0,0.0,587.0360714285714,9.0,9.0,0.0,0.0,8.0,1.0,0.0,0.0,0.0,0.0,0.0,0.0,1.0,1.0,0.0,1.0,0.0,0.0,0.0,1.0,195.66625,195.66625,65.53972222222222,65.53972222222222,0.0,0.0,73.37950892857143,0.0,0.0
1314,34.0,138.0,1.0,0.0,0.0,1.0,0.0,0.0,3404.655357142857,0.0,0.0,0.0,0.0,0.0,640.7721428571429,469.4792857142857,11.0,8.0,505.2742857142857,432.3671428571429,146.42857142857142,33.28857142857143,77.60714285714286,22.0,18.0,4.0,5.0,3.0,1.0,0.0,0.0,0.0,0.0,0.0,0.0,1.0,1.0,1.0,1.0,1.0,1.0,1.0,1.0,58.25201298701299,58.684910714285714,22.96701298701299,24.020396825396826,36.607142857142854,6.657714285714286,25.86904761904762,171.29285714285714,72.90714285714284
1319,22.0,79.0,1.0,0.0,0.0,0.0,0.0,0.0,232.79535714285717,0.0,0.0,0.0,0.0,0.0,738.46,738.46,2.0,2.0,970.5607142857143,970.5607142857143,0.0,0.0,210.0,8.0,8.0,0.0,0.0,3.0,0.0,0.0,0.0,0.0,0.0,0.0,0.0,1.0,1.0,0.0,1.0,0.0,0.0,0.0,1.0,369.23,369.23,121.32008928571429,121.32008928571429,0.0,0.0,70.0,0.0,0.0
1320,60.0,191.0,1.0,0.0,0.0,1.0,0.0,0.0,395.2632142857143,0.0,0.0,573.0067857142857,0.0,0.0,1234.922142857143,1234.922142857143,4.0,4.0,410.4414285714286,410.4414285714286,35.714285714285715,8.245000000000001,212.85714285714286,11.0,11.0,1.0,1.0,6.0,1.0,0.0,0.0,0.0,0.0,0.0,0.0,1.0,1.0,0.0,1.0,0.0,1.0,1.0,1.0,308.73053571428574,308.73053571428574,37.31285714285715,37.31285714285715,35.714285714285715,8.245000000000001,35.476190476190474,0.0,0.0
1321,44.0,180.0,1.0,0.0,0.0,0.0,0.0,0.0,25.195357142857144,0.0,0.0,0.0,0.0,0.0,354.57785714285717,354.57785714285717,3.0,3.0,560.5357142857143,560.5357142857143,557.1428571428571,0.0,0.0,4.0,4.0,3.0,0.0,0.0,1.0,0.0,0.0,0.0,0.0,0.0,0.0,1.0,1.0,0.0,1.0,0.0,1.0,0.0,0.0,118.19261904761906,118.19261904761906,140.13392857142858,140.13392857142858,185.7142857142857,0.0,0.0,0.0,0.0
1324,48.0,225.0,1.0,1.0,2.0,0.0,0.0,0.0,16287.627857142857,0.0,11404.145357142857,0.0,0.0,0.0,358.5242857142857,357.145,3.0,2.0,22.785714285714285,22.785714285714285,0.0,0.0,21.464285714285715,3.0,3.0,0.0,0.0,2.0,1.0,1.0,1.0,0.0,0.0,5702.072678571429,0.0,1.0,1.0,1.0,1.0,0.0,0.0,0.0,1.0,119.50809523809524,178.5725,7.595238095238095,7.595238095238095,0.0,0.0,10.732142857142858,1.3792857142857429,0.0
1326,50.0,191.0,1.0,0.0,0.0,0.0,0.0,0.0,2174.4875,0.0,0.0,0.0,0.0,0.0,1035.0014285714285,1035.0014285714285,4.0,4.0,1082.8964285714285,1082.8964285714285,775.0,86.25357142857142,219.03571428571428,13.0,13.0,2.0,3.0,7.0,1.0,0.0,0.0,0.0,0.0,0.0,0.0,1.0,1.0,0.0,1.0,0.0,1.0,1.0,1.0,258.7503571428571,258.7503571428571,83.29972527472526,83.29972527472526,387.5,28.751190476190473,31.29081632653061,0.0,0.0
133,46.0,6.0,1.0,0.0,0.0,0.0,0.0,0.0,140.6675,0.0,0.0,0.0,0.0,0.0,0.01892857142857143,0.01892857142857143,1.0,1.0,1.4285714285714286,1.4285714285714286,0.0,0.0,0.0,1.0,1.0,0.0,0.0,0.0,1.0,0.0,0.0,0.0,0.0,0.0,0.0,1.0,1.0,0.0,1.0,0.0,0.0,0.0,0.0,0.01892857142857143,0.01892857142857143,1.4285714285714286,1.4285714285714286,0.0,0.0,0.0,0.0,0.0
1331,79.0,47.0,1.0,0.0,0.0,0.0,0.0,0.0,1091.6975,0.0,0.0,0.0,0.0,0.0,0.31357142857142856,0.31357142857142856,1.0,1.0,61.357142857142854,61.357142857142854,0.0,0.0,60.92857142857143,3.0,3.0,0.0,0.0,2.0,0.0,0.0,0.0,0.0,0.0,0.0,0.0,1.0,1.0,0.0,1.0,0.0,0.0,0.0,1.0,0.31357142857142856,0.31357142857142856,20.452380952380953,20.452380952380953,0.0,0.0,30.464285714285715,0.0,0.0
1332,37.0,209.0,1.0,0.0,0.0,1.0,0.0,0.0,0.0,0.0,0.0,516.2825,0.0,0.0,1314.7078571428572,1314.7078571428572,4.0,4.0,538.75,538.75,0.0,136.17857142857142,400.2857142857143,10.0,10.0,0.0,4.0,5.0,1.0,0.0,0.0,0.0,0.0,0.0,0.0,1.0,1.0,0.0,1.0,0.0,0.0,1.0,1.0,328.6769642857143,328.6769642857143,53.875,53.875,0.0,34.044642857142854,80.05714285714285,0.0,0.0
1336,61.0,171.0,1.0,0.0,0.0,0.0,0.0,0.0,1315.715,0.0,0.0,0.0,0.0,0.0,360.7042857142857,360.7042857142857,2.0,2.0,211.89285714285714,211.89285714285714,178.57142857142858,0.0,30.714285714285715,5.0,5.0,1.0,0.0,3.0,1.0,0.0,0.0,0.0,0.0,0.0,0.0,1.0,1.0,0.0,1.0,0.0,1.0,0.0,1.0,180.35214285714284,180.35214285714284,42.378571428571426,42.378571428571426,178.57142857142858,0.0,10.238095238095239,0.0,0.0
1339,80.0,86.0,1.0,0.0,0.0,0.0,0.0,0.0,8518.8575,0.0,0.0,0.0,0.0,0.0,327.3589285714285,327.3589285714285,2.0,2.0,449.6535714285714,449.6535714285714,53.57142857142857,286.93928571428575,104.78571428571429,22.0,22.0,2.0,12.0,5.0,1.0,0.0,0.0,0.0,0.0,0.0,0.0,1.0,1.0,0.0,1.0,0.0,1.0,1.0,1.0,163.67946428571426,163.67946428571426,20.4387987012987,20.4387987012987,26.785714285714285,23.911607142857147,20.95714285714286,0.0,0.0
1341,32.0,180.0,1.0,0.0,0.0,0.0,0.0,0.0,5413.299285714286,0.0,0.0,0.0,0.0,0.0,8214.286071428573,8214.286071428573,2.0,2.0,8224.285714285714,8224.285714285714,0.0,0.0,8214.285714285714,4.0,4.0,0.0,0.0,1.0,1.0,0.0,0.0,0.0,0.0,0.0,0.0,1.0,1.0,0.0,1.0,0.0,0.0,0.0,1.0,4107.143035714286,4107.143035714286,2056.0714285714284,2056.0714285714284,0.0,0.0,8214.285714285714,0.0,0.0
1343,37.0,152.0,1.0,0.0,0.0,1.0,0.0,1.0,77.94142857142857,0.0,0.0,0.0,0.0,3681.46,3372.3857142857146,2447.0364285714286,27.0,23.0,3839.965,2447.0364285714286,539.2857142857143,219.43357142857144,354.5,50.0,28.0,4.0,9.0,4.0,1.0,0.0,0.0,1.0,0.0,0.0,3681.46,1.0,1.0,1.0,1.0,1.0,1.0,1.0,1.0,124.90317460317462,106.39288819875776,76.7993,87.3941581632653,134.82142857142858,24.381507936507937,88.625,925.349285714286,1392.9285714285716
1349,50.0,229.0,1.0,0.0,0.0,1.0,0.0,0.0,172.2239285714286,0.0,0.0,0.0,0.0,0.0,142.8582142857143,142.8582142857143,2.0,2.0,196.6,196.6,160.71428571428572,35.885714285714286,0.0,19.0,19.0,11.0,8.0,0.0,1.0,0.0,0.0,0.0,0.0,0.0,0.0,1.0,1.0,0.0,1.0,0.0,1.0,1.0,0.0,71.42910714285715,71.42910714285715,10.34736842105263,10.34736842105263,14.61038961038961,4.485714285714286,0.0,0.0,0.0
135,24.0,82.0,1.0,0.0,0.0,0.0,0.0,0.0,184.10607142857143,0.0,0.0,0.0,0.0,0.0,0.0017857142857142859,0.0017857142857142859,1.0,1.0,169.53821428571428,169.53821428571428,71.42857142857143,95.60964285714286,0.0,10.0,10.0,4.0,4.0,0.0,1.0,0.0,0.0,0.0,0.0,0.0,0.0,1.0,1.0,0.0,1.0,0.0,1.0,1.0,0.0,0.0017857142857142859,0.0017857142857142859,16.953821428571427,16.953821428571427,17.857142857142858,23.902410714285715,0.0,0.0,0.0
1354,17.0,142.0,1.0,0.0,0.0,0.0,0.0,0.0,21425.31142857143,0.0,0.0,0.0,0.0,0.0,214.28607142857143,214.28607142857143,2.0,2.0,194.79999999999998,194.79999999999998,0.0,25.442857142857143,0.0,8.0,8.0,0.0,5.0,0.0,1.0,0.0,0.0,0.0,0.0,0.0,0.0,1.0,1.0,0.0,1.0,0.0,0.0,1.0,0.0,107.14303571428572,107.14303571428572,24.349999999999998,24.349999999999998,0.0,5.088571428571429,0.0,0.0,0.0
1356,38.0,183.0,1.0,0.0,0.0,0.0,0.0,0.0,235.32107142857143,0.0,0.0,0.0,0.0,0.0,1853.5732142857144,1853.5732142857144,3.0,3.0,1836.5521428571428,1836.5521428571428,0.0,63.159285714285716,0.0,3.0,3.0,0.0,1.0,0.0,0.0,0.0,0.0,0.0,0.0,0.0,0.0,1.0,1.0,0.0,1.0,0.0,0.0,1.0,0.0,617.8577380952381,617.8577380952381,612.1840476190476,612.1840476190476,0.0,63.159285714285716,0.0,0.0,0.0
1357,56.0,14.0,1.0,0.0,0.0,0.0,0.0,0.0,2.4282142857142857,0.0,0.0,0.0,0.0,0.0,14.285714285714286,14.285714285714286,1.0,1.0,14.285714285714286,14.285714285714286,14.285714285714286,0.0,0.0,1.0,1.0,1.0,0.0,0.0,0.0,0.0,0.0,0.0,0.0,0.0,0.0,1.0,1.0,0.0,1.0,0.0,1.0,0.0,0.0,14.285714285714286,14.285714285714286,14.285714285714286,14.285714285714286,14.285714285714286,0.0,0.0,0.0,0.0
1358,25.0,182.0,1.0,1.0,0.0,0.0,0.0,0.0,8.240357142857142,5352.294285714285,0.0,0.0,0.0,0.0,92.98928571428571,71.43892857142858,4.0,3.0,0.0,0.0,0.0,0.0,0.0,0.0,0.0,0.0,0.0,0.0,0.0,1.0,0.0,0.0,5352.294285714285,0.0,0.0,1.0,1.0,1.0,0.0,0.0,0.0,0.0,0.0,23.24732142857143,23.812976190476192,0.0,0.0,0.0,0.0,0.0,21.550357142857138,0.0
1359,40.0,60.0,1.0,1.0,0.0,0.0,0.0,0.0,6202.357857142857,1269.0867857142857,0.0,0.0,0.0,0.0,0.20464285714285715,0.002857142857142857,2.0,1.0,202.30142857142854,202.30142857142854,32.142857142857146,52.58714285714286,117.35714285714286,7.0,7.0,1.0,4.0,1.0,1.0,1.0,0.0,0.0,1269.0867857142857,0.0,0.0,1.0,1.0,1.0,1.0,0.0,1.0,1.0,1.0,0.10232142857142858,0.002857142857142857,28.900204081632648,28.900204081632648,32.142857142857146,13.146785714285715,117.35714285714286,0.2017857142857143,0.0
1360,28.0,212.0,1.0,0.0,0.0,0.0,1.0,0.0,649.8921428571429,0.0,0.0,0.0,38.785714285714285,0.0,1.475357142857143,0.03571428571428571,4.0,1.0,113.75,112.32142857142857,0.0,0.0,108.0,7.0,5.0,0.0,0.0,3.0,1.0,0.0,0.0,0.0,0.0,0.0,0.0,1.0,1.0,1.0,1.0,1.0,0.0,0.0,1.0,0.36883928571428576,0.03571428571428571,16.25,22.464285714285715,0.0,0.0,36.0,1.4396428571428572,1.4285714285714306
1363,38.0,8.0,1.0,0.0,0.0,0.0,0.0,0.0,6533.868571428572,0.0,0.0,0.0,0.0,0.0,48.214285714285715,48.214285714285715,1.0,1.0,17.857142857142858,17.857142857142858,17.857142857142858,0.0,0.0,1.0,1.0,1.0,0.0,0.0,1.0,0.0,0.0,0.0,0.0,0.0,0.0,1.0,1.0,0.0,1.0,0.0,1.0,0.0,0.0,48.214285714285715,48.214285714285715,17.857142857142858,17.857142857142858,17.857142857142858,0.0,0.0,0.0,0.0
1365,39.0,227.0,1.0,1.0,0.0,0.0,0.0,0.0,5130.735357142857,3772.054285714286,0.0,0.0,0.0,0.0,1586.8646428571428,1586.7510714285713,9.0,8.0,1735.6821428571427,1664.2535714285714,428.57142857142856,8.860714285714286,1221.4285714285713,40.0,38.0,15.0,1.0,8.0,0.0,1.0,0.0,0.0,3772.054285714286,0.0,0.0,1.0,1.0,1.0,1.0,1.0,1.0,1.0,1.0,176.31829365079363,198.34388392857142,43.39205357142857,43.79614661654135,28.57142857142857,8.860714285714286,152.67857142857142,0.11357142857150393,71.42857142857133
1366,32.0,33.0,1.0,0.0,0.0,1.0,0.0,0.0,47.161071428571425,0.0,0.0,0.0,0.0,0.0,597.2864285714286,597.2864285714286,3.0,3.0,631.8928571428571,631.8928571428571,142.85714285714286,21.178571428571427,457.35714285714283,18.0,18.0,1.0,1.0,14.0,0.0,0.0,0.0,0.0,0.0,0.0,0.0,1.0,1.0,0.0,1.0,0.0,1.0,1.0,1.0,199.0954761904762,199.0954761904762,35.10515873015873,35.10515873015873,142.85714285714286,21.178571428571427,32.66836734693877,0.0,0.0
1370,27.0,8.0,1.0,0.0,0.0,0.0,1.0,0.0,340.855,0.0,0.0,0.0,712.2960714285715,0.0,375.55285714285714,375.55285714285714,5.0,5.0,296.26071428571424,296.26071428571424,39.285714285714285,102.76071428571429,153.78571428571428,12.0,12.0,3.0,6.0,1.0,1.0,0.0,0.0,0.0,0.0,0.0,0.0,1.0,1.0,0.0,1.0,0.0,1.0,1.0,1.0,75.11057142857143,75.11057142857143,24.688392857142855,24.688392857142855,13.095238095238095,17.126785714285713,153.78571428571428,0.0,0.0
1373,25.0,26.0,1.0,0.0,0.0,0.0,0.0,0.0,1162.360357142857,0.0,0.0,0.0,0.0,0.0,33409.29357142857,33409.29357142857,36.0,36.0,44078.18392857142,44078.18392857142,1250.0,246.51214285714286,3908.843214285714,44.0,44.0,4.0,6.0,21.0,0.0,0.0,0.0,0.0,0.0,0.0,0.0,1.0,1.0,0.0,1.0,0.0,1.0,1.0,1.0,928.0359325396826,928.0359325396826,1001.7769074675324,1001.7769074675324,312.5,41.08535714285714,186.1353911564626,0.0,0.0
1374,61.0,150.0,1.0,0.0,0.0,1.0,0.0,0.0,0.83,0.0,0.0,0.0,0.0,0.0,1653.7196428571428,1652.9975,9.0,8.0,1934.1635714285715,1528.49,785.7142857142857,15.571428571428571,722.125,31.0,27.0,4.0,1.0,20.0,0.0,0.0,0.0,0.0,0.0,0.0,0.0,1.0,1.0,1.0,1.0,1.0,1.0,1.0,1.0,183.74662698412698,206.6246875,62.392373271889404,56.61074074074074,196.42857142857142,15.571428571428571,36.10625,0.7221428571428987,405.67357142857145
1377,53.0,171.0,3.0,0.0,0.0,0.0,0.0,0.0,289.5892857142857,0.0,0.0,0.0,0.0,0.0,430.6221428571429,430.6221428571429,2.0,2.0,357.60714285714283,357.60714285714283,214.28571428571428,0.0,141.78571428571428,6.0,6.0,2.0,0.0,1.0,0.0,0.0,0.0,0.0,0.0,0.0,0.0,1.0,1.0,0.0,1.0,0.0,1.0,0.0,1.0,215.31107142857144,215.31107142857144,59.601190476190474,59.601190476190474,107.14285714285714,0.0,141.78571428571428,0.0,0.0
138,47.0,79.0,1.0,0.0,0.0,0.0,0.0,0.0,114.59142857142857,0.0,0.0,0.0,0.0,0.0,182.15892857142856,182.15892857142856,2.0,2.0,123.60714285714286,123.60714285714286,0.0,0.0,121.42857142857143,2.0,2.0,0.0,0.0,1.0,1.0,0.0,0.0,0.0,0.0,0.0,0.0,1.0,1.0,0.0,1.0,0.0,0.0,0.0,1.0,91.07946428571428,91.07946428571428,61.80357142857143,61.80357142857143,0.0,0.0,121.42857142857143,0.0,0.0
1380,32.0,165.0,1.0,0.0,0.0,0.0,0.0,0.0,3572.4500000000003,0.0,0.0,0.0,0.0,0.0,0.00035714285714285714,0.00035714285714285714,1.0,1.0,65.32142857142857,65.32142857142857,21.428571428571427,0.0,43.892857142857146,4.0,4.0,2.0,0.0,2.0,0.0,0.0,0.0,0.0,0.0,0.0,0.0,1.0,1.0,0.0,1.0,0.0,1.0,0.0,1.0,0.00035714285714285714,0.00035714285714285714,16.330357142857142,16.330357142857142,10.714285714285714,0.0,21.946428571428573,0.0,0.0
1385,38.0,152.0,1.0,1.0,0.0,1.0,0.0,0.0,222.86178571428573,9141.175,0.0,680.8517857142857,0.0,0.0,113.05035714285714,110.10107142857143,6.0,5.0,897.8189285714286,897.8189285714286,0.0,85.2332142857143,808.2285714285715,19.0,19.0,0.0,2.0,16.0,1.0,1.0,0.0,0.0,9141.175,0.0,0.0,1.0,1.0,1.0,1.0,0.0,0.0,1.0,1.0,18.84172619047619,22.020214285714285,47.253627819548875,47.253627819548875,0.0,42.61660714285715,50.51428571428572,2.9492857142857076,0.0
1389,50.0,9.0,1.0,0.0,0.0,0.0,0.0,0.0,10944.83607142857,0.0,0.0,0.0,0.0,0.0,1078.787142857143,1078.787142857143,21.0,21.0,1792.7857142857142,1792.7857142857142,0.0,0.0,1164.4642857142858,11.0,11.0,0.0,0.0,8.0,1.0,0.0,0.0,0.0,0.0,0.0,0.0,1.0,1.0,0.0,1.0,0.0,0.0,0.0,1.0,51.370816326530615,51.370816326530615,162.98051948051946,162.98051948051946,0.0,0.0,145.55803571428572,0.0,0.0
1390,59.0,170.0,1.0,0.0,0.0,0.0,0.0,0.0,13.5425,0.0,0.0,0.0,0.0,0.0,0.0010714285714285715,0.0010714285714285715,1.0,1.0,212.50714285714284,212.50714285714284,178.57142857142858,0.0,0.0,5.0,5.0,1.0,0.0,0.0,0.0,0.0,0.0,0.0,0.0,0.0,0.0,1.0,1.0,0.0,1.0,0.0,1.0,0.0,0.0,0.0010714285714285715,0.0010714285714285715,42.50142857142857,42.50142857142857,178.57142857142858,0.0,0.0,0.0,0.0
1393,74.0,195.0,1.0,0.0,0.0,0.0,0.0,0.0,142.86285714285714,0.0,0.0,0.0,0.0,0.0,6484.633928571428,6484.633928571428,6.0,6.0,5804.123928571428,5804.123928571428,0.0,1333.1453571428572,2993.371428571428,59.0,59.0,0.0,39.0,16.0,0.0,0.0,0.0,0.0,0.0,0.0,0.0,1.0,1.0,0.0,1.0,0.0,0.0,1.0,1.0,1080.7723214285713,1080.7723214285713,98.3749818401937,98.3749818401937,0.0,34.183214285714286,187.08571428571426,0.0,0.0
1395,41.0,64.0,1.0,0.0,0.0,0.0,0.0,0.0,926.2092857142858,0.0,0.0,0.0,0.0,0.0,527.5746428571429,527.5746428571429,2.0,2.0,420.1642857142857,420.1642857142857,307.14285714285717,107.09285714285714,0.0,19.0,19.0,6.0,8.0,0.0,0.0,0.0,0.0,0.0,0.0,0.0,0.0,1.0,1.0,0.0,1.0,0.0,1.0,1.0,0.0,263.78732142857143,263.78732142857143,22.11390977443609,22.11390977443609,51.1904761904762,13.386607142857143,0.0,0.0,0.0
1398,42.0,151.0,1.0,0.0,3.0,0.0,0.0,0.0,0.0,0.0,0.0,0.0,0.0,0.0,0.0014285714285714286,0.0014285714285714286,1.0,1.0,1.9642857142857142,1.9642857142857142,0.0,0.0,0.0,1.0,1.0,0.0,0.0,0.0,1.0,0.0,1.0,0.0,0.0,0.0,0.0,1.0,1.0,0.0,1.0,0.0,0.0,0.0,0.0,0.0014285714285714286,0.0014285714285714286,1.9642857142857142,1.9642857142857142,0.0,0.0,0.0,0.0,0.0
140,25.0,125.0,1.0,0.0,0.0,1.0,0.0,0.0,7337.821785714286,0.0,0.0,0.0,0.0,0.0,3904.1832142857143,3339.3825,11.0,9.0,3452.340714285714,2887.8364285714283,0.0,0.0,2319.6428571428573,7.0,6.0,0.0,0.0,3.0,1.0,0.0,0.0,0.0,0.0,0.0,0.0,1.0,1.0,1.0,1.0,1.0,0.0,0.0,1.0,354.92574675324676,371.0425,493.1915306122449,481.3060714285714,0.0,0.0,773.2142857142858,564.8007142857141,564.5042857142857
1405,24.0,103.0,1.0,0.0,0.0,0.0,0.0,0.0,10056.746071428572,0.0,0.0,0.0,0.0,0.0,270.1510714285714,270.1510714285714,2.0,2.0,224.905,224.905,0.0,0.8903571428571428,220.62178571428572,7.0,7.0,0.0,1.0,5.0,1.0,0.0,0.0,0.0,0.0,0.0,0.0,1.0,1.0,0.0,1.0,0.0,0.0,1.0,1.0,135.0755357142857,135.0755357142857,32.129285714285714,32.129285714285714,0.0,0.8903571428571428,44.12435714285714,0.0,0.0
1407,43.0,16.0,1.0,0.0,0.0,0.0,0.0,0.0,334.81678571428574,0.0,0.0,0.0,0.0,0.0,700.7367857142857,700.7367857142857,2.0,2.0,203.78571428571428,203.78571428571428,0.0,11.178571428571429,190.53571428571428,5.0,5.0,0.0,1.0,3.0,1.0,0.0,0.0,0.0,0.0,0.0,0.0,1.0,1.0,0.0,1.0,0.0,0.0,1.0,1.0,350.36839285714285,350.36839285714285,40.75714285714285,40.75714285714285,0.0,11.178571428571429,63.51190476190476,0.0,0.0
141,20.0,24.0,1.0,1.0,4.0,0.0,0.0,0.0,36.60178571428571,4264.655,0.0,0.0,0.0,0.0,547.0492857142857,547.0492857142857,3.0,3.0,1228.7485714285715,1228.7485714285715,160.71428571428572,1002.9628571428572,60.714285714285715,13.0,13.0,4.0,4.0,1.0,0.0,1.0,1.0,0.0,4264.655,0.0,0.0,1.0,1.0,0.0,1.0,0.0,1.0,1.0,1.0,182.3497619047619,182.3497619047619,94.51912087912089,94.51912087912089,40.17857142857143,250.7407142857143,60.714285714285715,0.0,0.0
1410,41.0,85.0,2.0,1.0,0.0,0.0,0.0,0.0,47767.96357142857,20635.04464285714,0.0,0.0,0.0,0.0,1.5789285714285715,0.0010714285714285715,2.0,1.0,0.0,0.0,0.0,0.0,0.0,0.0,0.0,0.0,0.0,0.0,0.0,1.0,0.0,0.0,20635.04464285714,0.0,0.0,1.0,1.0,1.0,0.0,0.0,0.0,0.0,0.0,0.7894642857142857,0.0010714285714285715,0.0,0.0,0.0,0.0,0.0,1.5778571428571428,0.0
1414,71.0,49.0,1.0,1.0,0.0,0.0,0.0,0.0,171575.88964285716,7309.168214285714,0.0,0.0,0.0,0.0,2695.957142857143,301.3728571428572,5.0,3.0,2498.6071428571427,2498.6071428571427,103.57142857142857,0.0,2392.8571428571427,4.0,4.0,1.0,0.0,1.0,0.0,1.0,0.0,0.0,7309.168214285714,0.0,0.0,1.0,1.0,1.0,1.0,0.0,1.0,0.0,1.0,539.1914285714286,100.45761904761906,624.6517857142857,624.6517857142857,103.57142857142857,0.0,2392.8571428571427,2394.5842857142857,0.0
1416,61.0,132.0,1.0,0.0,0.0,1.0,1.0,0.0,840.7164285714287,0.0,0.0,301.7503571428571,0.7142857142857143,0.0,788.9535714285714,655.8960714285714,6.0,4.0,699.8382142857143,409.82714285714286,85.71428571428571,290.0110714285714,193.42857142857142,35.0,10.0,6.0,25.0,2.0,1.0,0.0,0.0,0.0,0.0,0.0,0.0,1.0,1.0,1.0,1.0,1.0,1.0,1.0,1.0,131.4922619047619,163.97401785714285,19.99537755102041,40.98271428571429,14.285714285714285,11.600442857142857,96.71428571428571,133.0575,290.0110714285715
1419,35.0,59.0,1.0,1.0,0.0,1.0,0.0,0.0,3499.619642857143,35787.10571428571,0.0,331.21392857142854,0.0,0.0,785.5635714285714,784.9310714285714,3.0,2.0,601.0714285714286,601.0714285714286,428.57142857142856,0.0,172.5,5.0,5.0,3.0,0.0,2.0,1.0,1.0,0.0,0.0,35787.10571428571,0.0,0.0,1.0,1.0,1.0,1.0,0.0,1.0,0.0,1.0,261.8545238095238,392.4655357142857,120.21428571428571,120.21428571428571,142.85714285714286,0.0,86.25,0.63250000000005,0.0
1420,46.0,86.0,1.0,0.0,0.0,0.0,0.0,0.0,272.3878571428571,0.0,0.0,0.0,0.0,0.0,1075.0232142857144,1075.0232142857144,2.0,2.0,620.3746428571429,620.3746428571429,0.0,0.0,616.9817857142858,7.0,7.0,0.0,0.0,6.0,1.0,0.0,0.0,0.0,0.0,0.0,0.0,1.0,1.0,0.0,1.0,0.0,0.0,0.0,1.0,537.5116071428572,537.5116071428572,88.62494897959185,88.62494897959185,0.0,0.0,102.83029761904764,0.0,0.0
1421,43.0,79.0,1.0,0.0,0.0,1.0,0.0,0.0,7480.104642857143,0.0,0.0,428.8139285714286,0.0,0.0,675.3757142857143,675.3757142857143,5.0,5.0,728.2299999999999,728.2299999999999,392.85714285714283,0.0,331.98,12.0,12.0,1.0,0.0,10.0,0.0,0.0,0.0,0.0,0.0,0.0,0.0,1.0,1.0,0.0,1.0,0.0,1.0,0.0,1.0,135.07514285714285,135.07514285714285,60.68583333333333,60.68583333333333,392.85714285714283,0.0,33.198,0.0,0.0
1422,34.0,163.0,1.0,1.0,0.0,0.0,0.0,0.0,2612.494642857143,880.0571428571428,0.0,0.0,0.0,0.0,10.561071428571427,1.6332142857142855,7.0,2.0,3.27,1.6071428571428572,0.0,0.0,0.0,6.0,1.0,0.0,0.0,0.0,1.0,1.0,0.0,0.0,880.0571428571428,0.0,0.0,1.0,1.0,1.0,1.0,1.0,0.0,0.0,0.0,1.5087244897959182,0.8166071428571428,0.545,1.6071428571428572,0.0,0.0,0.0,8.927857142857142,1.6628571428571428
1424,34.0,151.0,1.0,0.0,6.0,0.0,0.0,0.0,604.7014285714286,0.0,1866.0714285714287,0.0,0.0,0.0,0.010714285714285714,0.010714285714285714,1.0,1.0,828.8928571428571,828.8928571428571,0.0,0.0,824.2142857142857,4.0,4.0,0.0,0.0,3.0,1.0,0.0,1.0,0.0,0.0,311.01190476190476,0.0,1.0,1.0,0.0,1.0,0.0,0.0,0.0,1.0,0.010714285714285714,0.010714285714285714,207.22321428571428,207.22321428571428,0.0,0.0,274.73809523809524,0.0,0.0
1426,71.0,25.0,1.0,0.0,0.0,0.0,0.0,0.0,61.3575,0.0,0.0,0.0,0.0,0.0,1535.5157142857145,1535.5157142857145,3.0,3.0,1638.5785714285714,1638.5785714285714,1464.2857142857142,174.29285714285714,0.0,9.0,9.0,3.0,6.0,0.0,0.0,0.0,0.0,0.0,0.0,0.0,0.0,1.0,1.0,0.0,1.0,0.0,1.0,1.0,0.0,511.83857142857147,511.83857142857147,182.06428571428572,182.06428571428572,488.0952380952381,29.048809523809524,0.0,0.0,0.0
1430,62.0,87.0,1.0,0.0,0.0,1.0,0.0,0.0,3016.4310714285716,0.0,0.0,712.4285714285714,0.0,0.0,988.2214285714286,988.2214285714286,12.0,12.0,1365.2553571428573,1365.2553571428573,0.0,122.64821428571429,1239.2142857142858,16.0,16.0,0.0,7.0,8.0,0.0,0.0,0.0,0.0,0.0,0.0,0.0,1.0,1.0,0.0,1.0,0.0,0.0,1.0,1.0,82.35178571428573,82.35178571428573,85.32845982142858,85.32845982142858,0.0,17.521173469387755,154.90178571428572,0.0,0.0
1433,61.0,3.0,1.0,0.0,0.0,0.0,0.0,0.0,73.85214285714287,0.0,0.0,0.0,0.0,0.0,498.6717857142857,498.6717857142857,3.0,3.0,436.5214285714286,436.5214285714286,285.7142857142857,146.87857142857143,0.0,12.0,12.0,2.0,7.0,0.0,0.0,0.0,0.0,0.0,0.0,0.0,0.0,1.0,1.0,0.0,1.0,0.0,1.0,1.0,0.0,166.22392857142856,166.22392857142856,36.37678571428572,36.37678571428572,142.85714285714286,20.98265306122449,0.0,0.0,0.0
1435,44.0,148.0,1.0,0.0,0.0,1.0,0.0,0.0,874.1217857142857,0.0,0.0,0.0,0.0,0.0,239.57071428571427,239.57071428571427,3.0,3.0,263.8128571428571,263.8128571428571,178.57142857142858,85.02714285714286,0.0,36.0,36.0,2.0,33.0,0.0,0.0,0.0,0.0,0.0,0.0,0.0,0.0,1.0,1.0,0.0,1.0,0.0,1.0,1.0,0.0,79.85690476190476,79.85690476190476,7.32813492063492,7.32813492063492,89.28571428571429,2.576580086580087,0.0,0.0,0.0
144,67.0,104.0,1.0,0.0,0.0,0.0,0.0,0.0,1214.7921428571428,0.0,0.0,0.0,0.0,0.0,178.57357142857146,178.57357142857146,2.0,2.0,42.42857142857143,42.42857142857143,14.285714285714286,28.142857142857142,0.0,3.0,3.0,1.0,2.0,0.0,1.0,0.0,0.0,0.0,0.0,0.0,0.0,1.0,1.0,0.0,1.0,0.0,1.0,1.0,0.0,89.28678571428573,89.28678571428573,14.142857142857144,14.142857142857144,14.285714285714286,14.071428571428571,0.0,0.0,0.0
1440,29.0,96.0,1.0,0.0,0.0,1.0,0.0,0.0,1380.6664285714287,0.0,0.0,152.2775,0.0,0.0,682.6764285714286,601.965,12.0,10.0,763.1885714285714,682.6535714285714,114.28571428571429,211.44214285714287,271.42857142857144,41.0,34.0,5.0,20.0,3.0,1.0,0.0,0.0,0.0,0.0,0.0,0.0,1.0,1.0,1.0,1.0,1.0,1.0,1.0,1.0,56.88970238095238,60.1965,18.614355400696866,20.078046218487394,22.857142857142858,10.572107142857144,90.47619047619048,80.71142857142854,80.53500000000008
1441,49.0,97.0,1.0,0.0,0.0,0.0,0.0,0.0,116.28750000000001,0.0,0.0,0.0,0.0,0.0,510.0760714285714,510.0760714285714,2.0,2.0,823.6071428571429,823.6071428571429,750.0,0.0,71.42857142857143,11.0,11.0,4.0,0.0,2.0,0.0,0.0,0.0,0.0,0.0,0.0,0.0,1.0,1.0,0.0,1.0,0.0,1.0,0.0,1.0,255.0380357142857,255.0380357142857,74.87337662337663,74.87337662337663,187.5,0.0,35.714285714285715,0.0,0.0
1443,40.0,152.0,1.0,0.0,0.0,1.0,0.0,1.0,2159.6539285714284,0.0,0.0,0.0,0.0,9107.142857142857,760.0767857142857,544.1221428571429,3.0,2.0,1922.3428571428572,1919.5214285714285,1042.857142857143,626.7714285714285,13.607142857142858,45.0,44.0,16.0,11.0,1.0,0.0,0.0,0.0,1.0,0.0,0.0,9107.142857142857,1.0,1.0,1.0,1.0,1.0,1.0,1.0,1.0,253.35892857142858,272.06107142857144,42.71873015873016,43.62548701298701,65.17857142857143,56.979220779220775,13.607142857142858,215.95464285714286,2.821428571428669
1444,39.0,139.0,1.0,0.0,0.0,0.0,0.0,0.0,2645.34,0.0,0.0,0.0,0.0,0.0,330.35857142857145,330.35857142857145,2.0,2.0,285.7142857142857,285.7142857142857,285.7142857142857,0.0,0.0,1.0,1.0,1.0,0.0,0.0,1.0,0.0,0.0,0.0,0.0,0.0,0.0,1.0,1.0,0.0,1.0,0.0,1.0,0.0,0.0,165.17928571428573,165.17928571428573,285.7142857142857,285.7142857142857,285.7142857142857,0.0,0.0,0.0,0.0
1445,27.0,28.0,1.0,1.0,0.0,1.0,0.0,0.0,6081.003928571428,6453.458928571429,0.0,0.0,0.0,0.0,34.76678571428572,0.0,1.0,0.0,0.0,0.0,0.0,0.0,0.0,0.0,0.0,0.0,0.0,0.0,0.0,1.0,0.0,0.0,6453.458928571429,0.0,0.0,1.0,0.0,1.0,0.0,0.0,0.0,0.0,0.0,34.76678571428572,0.0,0.0,0.0,0.0,0.0,0.0,34.76678571428572,0.0
1447,52.0,20.0,1.0,0.0,0.0,1.0,0.0,1.0,13.278571428571428,0.0,0.0,0.0,0.0,5083.001428571429,517.4353571428571,302.03499999999997,11.0,8.0,464.03428571428566,302.03499999999997,0.0,0.0,49.392857142857146,16.0,8.0,0.0,0.0,4.0,1.0,0.0,0.0,1.0,0.0,0.0,5083.001428571429,1.0,1.0,1.0,1.0,1.0,0.0,0.0,1.0,47.03957792207792,37.754374999999996,29.002142857142854,37.754374999999996,0.0,0.0,12.348214285714286,215.40035714285716,161.9992857142857
1448,24.0,147.0,1.0,0.0,0.0,0.0,0.0,0.0,587.2010714285715,0.0,0.0,0.0,0.0,0.0,0.01,0.01,1.0,1.0,0.8928571428571429,0.8928571428571429,0.0,0.0,0.0,1.0,1.0,0.0,0.0,0.0,0.0,0.0,0.0,0.0,0.0,0.0,0.0,1.0,1.0,0.0,1.0,0.0,0.0,0.0,0.0,0.01,0.01,0.8928571428571429,0.8928571428571429,0.0,0.0,0.0,0.0,0.0
1449,94.0,149.0,1.0,1.0,0.0,0.0,0.0,0.0,2053.013214285714,3920.5407142857143,0.0,0.0,0.0,0.0,1371.3157142857142,1326.9660714285715,9.0,7.0,1657.8535714285715,1272.1392857142857,621.4285714285714,80.175,566.7142857142857,28.0,25.0,7.0,7.0,8.0,1.0,1.0,0.0,0.0,3920.5407142857143,0.0,0.0,1.0,1.0,1.0,1.0,1.0,1.0,1.0,1.0,152.3684126984127,189.56658163265305,59.209056122448985,50.88557142857143,88.77551020408164,11.453571428571427,70.83928571428571,44.349642857142726,385.7142857142858
145,14.0,52.0,1.0,1.0,0.0,0.0,0.0,0.0,78.52464285714287,57205.47107142857,0.0,0.0,0.0,0.0,1251.037857142857,1251.037857142857,4.0,4.0,1242.7892857142856,1242.7892857142856,585.7142857142857,116.03928571428571,539.6071428571429,21.0,21.0,6.0,6.0,8.0,1.0,1.0,0.0,0.0,57205.47107142857,0.0,0.0,1.0,1.0,0.0,1.0,0.0,1.0,1.0,1.0,312.7594642857143,312.7594642857143,59.18044217687074,59.18044217687074,97.6190476190476,19.339880952380952,67.45089285714286,0.0,0.0
1455,39.0,151.0,1.0,1.0,1.0,1.0,0.0,0.0,42.857142857142854,0.0,0.0,0.0,0.0,0.0,926.3739285714286,926.1860714285714,4.0,3.0,28189.350000000002,28189.350000000002,71.42857142857143,984.5275,27129.214285714286,32.0,32.0,1.0,23.0,6.0,1.0,1.0,1.0,0.0,0.0,0.0,0.0,1.0,1.0,1.0,1.0,0.0,1.0,1.0,1.0,231.59348214285714,308.7286904761905,880.9171875000001,880.9171875000001,71.42857142857143,42.80554347826087,4521.535714285715,0.18785714285718313,0.0
1457,41.0,30.0,1.0,0.0,0.0,0.0,0.0,0.0,2928.815357142857,0.0,0.0,0.0,0.0,0.0,0.0,0.0,0.0,0.0,3.657857142857143,3.657857142857143,0.0,3.657857142857143,0.0,1.0,1.0,0.0,1.0,0.0,1.0,0.0,0.0,0.0,0.0,0.0,0.0,0.0,0.0,0.0,1.0,0.0,0.0,1.0,0.0,0.0,0.0,3.657857142857143,3.657857142857143,0.0,3.657857142857143,0.0,0.0,0.0
1458,38.0,152.0,1.0,0.0,0.0,0.0,0.0,1.0,717.5417857142857,0.0,0.0,0.0,0.0,6734.996785714286,1400.9932142857142,1332.3225,24.0,23.0,1372.9307142857142,1363.4664285714284,0.0,384.4971428571429,646.3928571428571,33.0,31.0,0.0,10.0,14.0,1.0,0.0,0.0,1.0,0.0,0.0,6734.996785714286,1.0,1.0,1.0,1.0,1.0,0.0,1.0,1.0,58.374717261904756,57.9270652173913,41.60396103896104,43.982788018433176,0.0,38.449714285714286,46.170918367346935,68.67071428571421,9.46428571428578
146,37.0,89.0,1.0,0.0,0.0,0.0,0.0,0.0,0.25821428571428573,0.0,0.0,0.0,0.0,0.0,446.9789285714286,446.9789285714286,3.0,3.0,345.87142857142857,345.87142857142857,35.714285714285715,310.15714285714284,0.0,15.0,15.0,1.0,14.0,0.0,1.0,0.0,0.0,0.0,0.0,0.0,0.0,1.0,1.0,0.0,1.0,0.0,1.0,1.0,0.0,148.99297619047618,148.99297619047618,23.058095238095238,23.058095238095238,35.714285714285715,22.15408163265306,0.0,0.0,0.0
1460,72.0,2.0,1.0,0.0,0.0,0.0,0.0,1.0,2891.6785714285716,0.0,0.0,0.0,0.0,881.3278571428572,886.4507142857143,866.4657142857143,11.0,10.0,969.6785714285714,967.5357142857143,0.0,0.0,910.7142857142857,23.0,22.0,0.0,0.0,18.0,1.0,0.0,0.0,1.0,0.0,0.0,881.3278571428572,1.0,1.0,1.0,1.0,1.0,0.0,0.0,1.0,80.58642857142857,86.64657142857143,42.15993788819876,43.978896103896105,0.0,0.0,50.595238095238095,19.985000000000014,2.1428571428571104
1465,41.0,14.0,1.0,0.0,0.0,0.0,0.0,0.0,17.056428571428572,0.0,0.0,0.0,0.0,0.0,535.715,535.715,2.0,2.0,542.2535714285715,542.2535714285715,0.0,0.0,0.0,3.0,3.0,0.0,0.0,0.0,1.0,0.0,0.0,0.0,0.0,0.0,0.0,1.0,1.0,0.0,1.0,0.0,0.0,0.0,0.0,267.8575,267.8575,180.7511904761905,180.7511904761905,0.0,0.0,0.0,0.0,0.0
1466,63.0,97.0,1.0,0.0,0.0,1.0,0.0,0.0,21.6275,0.0,0.0,0.0,0.0,0.0,742.5971428571429,742.5971428571429,4.0,4.0,624.4285714285714,624.4285714285714,71.42857142857143,23.214285714285715,526.3928571428571,6.0,6.0,1.0,1.0,3.0,1.0,0.0,0.0,0.0,0.0,0.0,0.0,1.0,1.0,0.0,1.0,0.0,1.0,1.0,1.0,185.64928571428572,185.64928571428572,104.07142857142857,104.07142857142857,71.42857142857143,23.214285714285715,175.4642857142857,0.0,0.0
1468,36.0,152.0,1.0,0.0,0.0,1.0,0.0,0.0,178.57142857142858,0.0,0.0,0.0,0.0,0.0,0.00035714285714285714,0.00035714285714285714,1.0,1.0,3.392857142857143,3.392857142857143,0.0,0.0,0.0,1.0,1.0,0.0,0.0,0.0,1.0,0.0,0.0,0.0,0.0,0.0,0.0,1.0,1.0,0.0,1.0,0.0,0.0,0.0,0.0,0.00035714285714285714,0.00035714285714285714,3.392857142857143,3.392857142857143,0.0,0.0,0.0,0.0,0.0
1474,25.0,240.0,1.0,1.0,1.0,0.0,0.0,0.0,4654.869285714286,6059.231785714285,0.0,0.0,0.0,0.0,263.1917857142857,262.7717857142857,4.0,3.0,342.0357142857143,342.0357142857143,0.0,0.0,338.64285714285717,8.0,8.0,0.0,0.0,7.0,0.0,1.0,1.0,0.0,6059.231785714285,0.0,0.0,1.0,1.0,1.0,1.0,0.0,0.0,0.0,1.0,65.79794642857142,87.59059523809525,42.754464285714285,42.754464285714285,0.0,0.0,48.37755102040817,0.4199999999999591,0.0
1475,59.0,20.0,1.0,0.0,0.0,0.0,0.0,0.0,388.8267857142857,0.0,0.0,0.0,0.0,0.0,794.7878571428572,794.7878571428572,4.0,4.0,855.9642857142857,855.9642857142857,407.14285714285717,0.0,445.42857142857144,10.0,10.0,3.0,0.0,6.0,0.0,0.0,0.0,0.0,0.0,0.0,0.0,1.0,1.0,0.0,1.0,0.0,1.0,0.0,1.0,198.6969642857143,198.6969642857143,85.59642857142856,85.59642857142856,135.71428571428572,0.0,74.23809523809524,0.0,0.0
1478,54.0,11.0,1.0,0.0,5.0,0.0,0.0,0.0,513.1835714285714,0.0,3773.339285714286,0.0,0.0,0.0,298.515,298.515,2.0,2.0,69.77035714285714,69.77035714285714,10.714285714285714,41.19892857142857,17.857142857142858,5.0,5.0,1.0,3.0,1.0,0.0,0.0,1.0,0.0,0.0,754.6678571428572,0.0,1.0,1.0,0.0,1.0,0.0,1.0,1.0,1.0,149.2575,149.2575,13.954071428571428,13.954071428571428,10.714285714285714,13.732976190476188,17.857142857142858,0.0,0.0
1480,24.0,89.0,1.0,0.0,0.0,0.0,0.0,0.0,235.3232142857143,0.0,0.0,0.0,0.0,0.0,786.8549999999999,786.8549999999999,9.0,9.0,1277.2096428571429,1277.2096428571429,267.85714285714283,331.79714285714283,677.3410714285714,65.0,65.0,6.0,46.0,12.0,1.0,0.0,0.0,0.0,0.0,0.0,0.0,1.0,1.0,0.0,1.0,0.0,1.0,1.0,1.0,87.42833333333333,87.42833333333333,19.64937912087912,19.64937912087912,44.64285714285714,7.212981366459627,56.44508928571428,0.0,0.0
1482,25.0,81.0,1.0,0.0,0.0,0.0,0.0,0.0,14.482142857142858,0.0,0.0,0.0,0.0,0.0,783.0735714285714,783.0735714285714,3.0,3.0,1024.6460714285715,1024.6460714285715,342.85714285714283,226.64607142857145,452.0,36.0,36.0,6.0,20.0,5.0,1.0,0.0,0.0,0.0,0.0,0.0,0.0,1.0,1.0,0.0,1.0,0.0,1.0,1.0,1.0,261.0245238095238,261.0245238095238,28.462390873015877,28.462390873015877,57.14285714285714,11.332303571428572,90.4,0.0,0.0
1485,54.0,23.0,1.0,1.0,1.0,0.0,0.0,0.0,180.77214285714285,5295.096785714285,0.0,0.0,0.0,0.0,1093.515357142857,1090.422142857143,4.0,3.0,1031.8214285714287,1031.8214285714287,0.0,0.0,135.5,4.0,4.0,0.0,0.0,2.0,0.0,1.0,1.0,0.0,5295.096785714285,0.0,0.0,1.0,1.0,1.0,1.0,0.0,0.0,0.0,1.0,273.37883928571426,363.47404761904767,257.95535714285717,257.95535714285717,0.0,0.0,67.75,3.0932142857141116,0.0
1487,52.0,68.0,1.0,1.0,0.0,0.0,0.0,0.0,8193.20607142857,58108.258571428574,0.0,0.0,0.0,0.0,1115.8782142857142,1115.8782142857142,3.0,3.0,643.8928571428571,643.8928571428571,250.0,0.0,391.5,9.0,9.0,2.0,0.0,6.0,1.0,1.0,0.0,0.0,58108.258571428574,0.0,0.0,1.0,1.0,0.0,1.0,0.0,1.0,0.0,1.0,371.95940476190475,371.95940476190475,71.54365079365078,71.54365079365078,125.0,0.0,65.25,0.0,0.0
1489,80.0,66.0,1.0,0.0,0.0,0.0,0.0,0.0,6168.959642857143,0.0,0.0,0.0,0.0,0.0,41.25035714285714,41.25035714285714,3.0,3.0,38.925000000000004,38.925000000000004,28.571428571428573,10.353571428571428,0.0,9.0,9.0,5.0,4.0,0.0,1.0,0.0,0.0,0.0,0.0,0.0,0.0,1.0,1.0,0.0,1.0,0.0,1.0,1.0,0.0,13.750119047619046,13.750119047619046,4.325,4.325,5.714285714285714,2.588392857142857,0.0,0.0,0.0
1491,19.0,151.0,1.0,0.0,0.0,1.0,0.0,0.0,15886.911785714286,0.0,0.0,0.0,0.0,0.0,1266.17,1265.748214285714,4.0,3.0,1286.707142857143,1286.285357142857,496.42857142857144,0.0,785.0778571428572,11.0,10.0,3.0,0.0,3.0,1.0,0.0,0.0,0.0,0.0,0.0,0.0,1.0,1.0,1.0,1.0,1.0,1.0,0.0,1.0,316.5425,421.91607142857134,116.97337662337664,128.6285357142857,165.47619047619048,0.0,261.6926190476191,0.42178571428598843,0.42178571428598843
1493,2.0,183.0,1.0,0.0,0.0,0.0,0.0,0.0,9493.4025,0.0,0.0,0.0,0.0,0.0,989.5010714285714,989.5010714285714,4.0,4.0,1079.3410714285715,1079.3410714285715,428.57142857142856,244.0732142857143,284.89285714285717,26.0,26.0,4.0,11.0,8.0,1.0,0.0,0.0,0.0,0.0,0.0,0.0,1.0,1.0,0.0,1.0,0.0,1.0,1.0,1.0,247.37526785714286,247.37526785714286,41.51311813186813,41.51311813186813,107.14285714285714,22.188474025974028,35.611607142857146,0.0,0.0
1494,74.0,186.0,1.0,0.0,0.0,1.0,1.0,0.0,88.26964285714287,0.0,0.0,0.0,1202.720357142857,0.0,1942.9632142857142,1862.1992857142857,7.0,2.0,2217.707142857143,1305.6285714285714,364.2857142857143,938.5864285714285,604.1428571428571,38.0,19.0,3.0,17.0,9.0,1.0,0.0,0.0,0.0,0.0,0.0,0.0,1.0,1.0,1.0,1.0,1.0,1.0,1.0,1.0,277.56617346938776,931.0996428571428,58.36071428571429,68.7172932330827,121.42857142857143,55.21096638655462,67.12698412698413,80.76392857142855,912.0785714285716
1497,32.0,150.0,1.0,0.0,0.0,1.0,0.0,0.0,3.1392857142857147,0.0,0.0,0.0,0.0,0.0,0.02392857142857143,0.02392857142857143,1.0,1.0,477.4857142857143,477.4857142857143,0.0,13.132142857142856,0.0,5.0,5.0,0.0,1.0,0.0,0.0,0.0,0.0,0.0,0.0,0.0,0.0,1.0,1.0,0.0,1.0,0.0,0.0,1.0,0.0,0.02392857142857143,0.02392857142857143,95.49714285714286,95.49714285714286,0.0,13.132142857142856,0.0,0.0,0.0
1498,30.0,107.0,1.0,0.0,10.0,0.0,0.0,0.0,243.18928571428572,0.0,0.0,0.0,0.0,0.0,0.015,0.015,1.0,1.0,182.42857142857142,182.42857142857142,178.57142857142858,0.0,0.0,2.0,2.0,1.0,0.0,0.0,1.0,0.0,1.0,0.0,0.0,0.0,0.0,1.0,1.0,0.0,1.0,0.0,1.0,0.0,0.0,0.015,0.015,91.21428571428571,91.21428571428571,178.57142857142858,0.0,0.0,0.0,0.0
150,27.0,3.0,1.0,0.0,0.0,1.0,0.0,0.0,11.594285714285714,0.0,0.0,0.0,0.0,0.0,1539.1299999999999,1539.1299999999999,4.0,4.0,1441.0514285714287,1441.0514285714287,442.85714285714283,714.7657142857142,20.428571428571427,59.0,59.0,4.0,48.0,1.0,0.0,0.0,0.0,0.0,0.0,0.0,0.0,1.0,1.0,0.0,1.0,0.0,1.0,1.0,1.0,384.78249999999997,384.78249999999997,24.424600484261504,24.424600484261504,110.71428571428571,14.89095238095238,20.428571428571427,0.0,0.0
1501,44.0,10.0,1.0,0.0,0.0,1.0,0.0,0.0,1270.7917857142857,0.0,0.0,0.0,0.0,0.0,298.7557142857143,221.43142857142857,7.0,5.0,371.4342857142857,221.43142857142857,32.142857142857146,0.0,111.96428571428571,9.0,5.0,2.0,0.0,1.0,1.0,0.0,0.0,0.0,0.0,0.0,0.0,1.0,1.0,1.0,1.0,1.0,1.0,0.0,1.0,42.67938775510204,44.28628571428571,41.27047619047619,44.28628571428571,16.071428571428573,0.0,111.96428571428571,77.32428571428574,150.00285714285712
1503,52.0,144.0,1.0,0.0,0.0,1.0,1.0,0.0,93.58285714285715,0.0,0.0,0.0,816.3596428571428,0.0,730.5178571428571,655.8403571428571,11.0,4.0,771.6846428571428,644.6192857142858,357.14285714285717,52.5725,82.14285714285714,21.0,11.0,2.0,4.0,3.0,1.0,0.0,0.0,0.0,0.0,0.0,0.0,1.0,1.0,1.0,1.0,1.0,1.0,1.0,1.0,66.41071428571428,163.96008928571428,36.74688775510204,58.60175324675325,178.57142857142858,13.143125,27.38095238095238,74.67750000000001,127.06535714285701
1504,37.0,151.0,1.0,0.0,1.0,1.0,0.0,0.0,249.19642857142858,0.0,0.0,0.0,0.0,0.0,6.7178571428571425,5.1625000000000005,3.0,2.0,10.325000000000001,5.1625000000000005,0.0,0.0,0.0,4.0,2.0,0.0,0.0,0.0,1.0,0.0,1.0,0.0,0.0,0.0,0.0,1.0,1.0,1.0,1.0,1.0,0.0,0.0,0.0,2.2392857142857143,2.5812500000000003,2.5812500000000003,2.5812500000000003,0.0,0.0,0.0,1.555357142857142,5.1625000000000005
1507,43.0,98.0,1.0,1.0,0.0,0.0,0.0,0.0,4623.956785714286,29.373214285714287,0.0,0.0,0.0,0.0,462.5657142857143,444.2332142857143,3.0,2.0,245.03571428571428,245.03571428571428,0.0,0.0,245.03571428571428,5.0,5.0,0.0,0.0,5.0,0.0,1.0,0.0,0.0,29.373214285714287,0.0,0.0,1.0,1.0,1.0,1.0,0.0,0.0,0.0,1.0,154.18857142857144,222.11660714285716,49.00714285714285,49.00714285714285,0.0,0.0,49.00714285714285,18.332499999999982,0.0
1508,68.0,132.0,1.0,1.0,1.0,0.0,0.0,0.0,2719.842142857143,2678.3492857142855,1400.1835714285714,0.0,0.0,0.0,16098.701071428572,0.0,4.0,0.0,0.0,0.0,0.0,0.0,0.0,0.0,0.0,0.0,0.0,0.0,1.0,1.0,1.0,0.0,2678.3492857142855,1400.1835714285714,0.0,1.0,0.0,1.0,0.0,0.0,0.0,0.0,0.0,4024.675267857143,0.0,0.0,0.0,0.0,0.0,0.0,16098.701071428572,0.0
1509,34.0,13.0,1.0,1.0,1.0,0.0,0.0,0.0,1026.0582142857143,7650.93,308.88214285714287,0.0,0.0,0.0,1165.0003571428572,1164.5592857142858,4.0,3.0,1150.3464285714285,1150.3464285714285,285.7142857142857,24.59642857142857,836.5357142857143,15.0,15.0,2.0,2.0,10.0,0.0,1.0,1.0,0.0,7650.93,308.88214285714287,0.0,1.0,1.0,1.0,1.0,0.0,1.0,1.0,1.0,291.2500892857143,388.1864285714286,76.68976190476191,76.68976190476191,142.85714285714286,12.298214285714286,83.65357142857144,0.4410714285713766,0.0
151,58.0,265.0,1.0,1.0,0.0,0.0,0.0,0.0,3053.753928571429,42257.00178571429,0.0,0.0,0.0,0.0,1688.0925,1683.5849999999998,6.0,5.0,1985.6028571428571,1985.6028571428571,321.42857142857144,294.9242857142857,1364.607142857143,18.0,18.0,2.0,6.0,8.0,1.0,1.0,0.0,0.0,42257.00178571429,0.0,0.0,1.0,1.0,1.0,1.0,0.0,1.0,1.0,1.0,281.34875,336.717,110.31126984126985,110.31126984126985,160.71428571428572,49.15404761904762,170.57589285714286,4.507500000000164,0.0
1510,19.0,44.0,1.0,0.0,0.0,1.0,1.0,0.0,0.0,0.0,0.0,0.0,1400.9185714285716,0.0,21684.495714285713,21682.119642857142,7.0,3.0,13882.464285714286,13880.107142857143,0.0,0.0,13875.0,18.0,14.0,0.0,0.0,12.0,1.0,0.0,0.0,0.0,0.0,0.0,0.0,1.0,1.0,1.0,1.0,1.0,0.0,0.0,1.0,3097.785102040816,7227.373214285714,771.2480158730159,991.4362244897959,0.0,0.0,1156.25,2.3760714285708673,2.357142857143117
1511,49.0,147.0,1.0,0.0,0.0,1.0,1.0,1.0,0.0,0.0,0.0,0.0,551.865,971.9839285714286,1033.652857142857,874.0764285714286,10.0,5.0,1369.5507142857143,1329.9435714285714,378.57142857142856,24.77857142857143,744.9489285714286,27.0,17.0,4.0,2.0,9.0,1.0,0.0,0.0,1.0,0.0,0.0,971.9839285714286,1.0,1.0,1.0,1.0,1.0,1.0,1.0,1.0,103.3652857142857,174.81528571428572,50.72410052910053,78.23197478991597,94.64285714285714,12.389285714285714,82.77210317460317,159.57642857142855,39.60714285714289
1512,34.0,58.0,2.0,0.0,0.0,0.0,0.0,0.0,542.1221428571429,0.0,0.0,0.0,0.0,0.0,71.42892857142857,71.42892857142857,2.0,2.0,29.285714285714285,29.285714285714285,0.0,27.321428571428573,0.0,2.0,2.0,0.0,1.0,0.0,0.0,0.0,0.0,0.0,0.0,0.0,0.0,1.0,1.0,0.0,1.0,0.0,0.0,1.0,0.0,35.714464285714286,35.714464285714286,14.642857142857142,14.642857142857142,0.0,27.321428571428573,0.0,0.0,0.0
1516,40.0,192.0,1.0,0.0,0.0,0.0,1.0,0.0,1471.5392857142856,0.0,0.0,0.0,0.0,0.0,1379.6917857142857,949.7407142857144,11.0,4.0,1943.8510714285715,1572.6385714285714,160.71428571428572,364.92678571428576,1408.5314285714285,41.0,13.0,2.0,23.0,10.0,0.0,0.0,0.0,0.0,0.0,0.0,0.0,1.0,1.0,1.0,1.0,1.0,1.0,1.0,1.0,125.42652597402598,237.4351785714286,47.41100174216028,120.9721978021978,80.35714285714286,15.866381987577642,140.85314285714284,429.95107142857137,371.2125000000001
1518,69.0,169.0,2.0,0.0,0.0,0.0,0.0,0.0,25.406785714285714,0.0,0.0,0.0,0.0,0.0,0.014642857142857141,0.014642857142857141,1.0,1.0,1.9642857142857142,1.9642857142857142,0.0,0.0,0.0,1.0,1.0,0.0,0.0,0.0,1.0,0.0,0.0,0.0,0.0,0.0,0.0,1.0,1.0,0.0,1.0,0.0,0.0,0.0,0.0,0.014642857142857141,0.014642857142857141,1.9642857142857142,1.9642857142857142,0.0,0.0,0.0,0.0,0.0
152,50.0,64.0,1.0,0.0,0.0,1.0,0.0,0.0,4230.166428571429,0.0,0.0,0.0,0.0,0.0,192.28928571428574,192.28928571428574,2.0,2.0,283.56071428571425,283.56071428571425,125.0,0.0,10.714285714285714,6.0,6.0,2.0,0.0,1.0,1.0,0.0,0.0,0.0,0.0,0.0,0.0,1.0,1.0,0.0,1.0,0.0,1.0,0.0,1.0,96.14464285714287,96.14464285714287,47.26011904761904,47.26011904761904,62.5,0.0,10.714285714285714,0.0,0.0
1520,51.0,120.0,1.0,0.0,0.0,0.0,0.0,0.0,18.076785714285712,0.0,0.0,0.0,0.0,0.0,500.01392857142855,500.01392857142855,2.0,2.0,360.25714285714287,360.25714285714287,0.0,0.0,0.0,3.0,3.0,0.0,0.0,0.0,1.0,0.0,0.0,0.0,0.0,0.0,0.0,1.0,1.0,0.0,1.0,0.0,0.0,0.0,0.0,250.00696428571428,250.00696428571428,120.08571428571429,120.08571428571429,0.0,0.0,0.0,0.0,0.0
1521,27.0,56.0,2.0,0.0,0.0,0.0,0.0,0.0,550.2889285714285,0.0,0.0,0.0,0.0,0.0,933.1814285714287,933.1814285714287,2.0,2.0,1038.142857142857,1038.142857142857,1035.7142857142858,0.0,0.0,3.0,3.0,2.0,0.0,0.0,1.0,0.0,0.0,0.0,0.0,0.0,0.0,1.0,1.0,0.0,1.0,0.0,1.0,0.0,0.0,466.59071428571434,466.59071428571434,346.04761904761904,346.04761904761904,517.8571428571429,0.0,0.0,0.0,0.0
1525,45.0,2.0,1.0,1.0,0.0,0.0,0.0,0.0,2788.490357142857,1988.2785714285715,0.0,0.0,0.0,0.0,1758.3157142857142,1744.774642857143,4.0,2.0,998.0253571428572,998.0253571428572,0.0,0.0,994.2039285714285,9.0,9.0,0.0,0.0,8.0,1.0,1.0,0.0,0.0,1988.2785714285715,0.0,0.0,1.0,1.0,1.0,1.0,0.0,0.0,0.0,1.0,439.57892857142855,872.3873214285715,110.89170634920634,110.89170634920634,0.0,0.0,124.27549107142856,13.541071428571286,0.0
1526,39.0,146.0,1.0,0.0,0.0,0.0,0.0,0.0,10518.637499999999,0.0,0.0,0.0,0.0,0.0,0.0071428571428571435,0.0071428571428571435,1.0,1.0,32.142857142857146,32.142857142857146,0.0,32.142857142857146,0.0,2.0,2.0,0.0,2.0,0.0,0.0,0.0,0.0,0.0,0.0,0.0,0.0,1.0,1.0,0.0,1.0,0.0,0.0,1.0,0.0,0.0071428571428571435,0.0071428571428571435,16.071428571428573,16.071428571428573,0.0,16.071428571428573,0.0,0.0,0.0
153,67.0,92.0,1.0,1.0,0.0,1.0,0.0,0.0,936.1510714285714,2514.2160714285715,0.0,0.0,0.0,0.0,3553.2957142857144,2154.031785714286,56.0,37.0,3820.026785714286,2146.8889285714286,264.2857142857143,418.0132142857143,1398.142857142857,92.0,57.0,12.0,15.0,18.0,0.0,1.0,0.0,0.0,2514.2160714285715,0.0,0.0,1.0,1.0,1.0,1.0,1.0,1.0,1.0,1.0,63.45170918367347,58.21707528957529,41.522030279503106,37.66471804511278,22.023809523809522,27.86754761904762,77.67460317460318,1399.2639285714286,1673.1378571428572
1530,22.0,153.0,1.0,0.0,0.0,0.0,0.0,0.0,14404.767857142857,0.0,0.0,0.0,0.0,0.0,1026.1632142857143,1026.1632142857143,3.0,3.0,1671.9678571428572,1671.9678571428572,1517.857142857143,0.0,13.428571428571429,10.0,10.0,4.0,0.0,1.0,0.0,0.0,0.0,0.0,0.0,0.0,0.0,1.0,1.0,0.0,1.0,0.0,1.0,0.0,1.0,342.0544047619048,342.0544047619048,167.1967857142857,167.1967857142857,379.4642857142857,0.0,13.428571428571429,0.0,0.0
154,28.0,151.0,1.0,0.0,0.0,0.0,0.0,0.0,785.9264285714286,0.0,0.0,0.0,0.0,0.0,446.4325,446.4325,5.0,5.0,1478.4739285714284,1478.4739285714284,0.0,1478.4739285714284,0.0,38.0,38.0,0.0,38.0,0.0,1.0,0.0,0.0,0.0,0.0,0.0,0.0,1.0,1.0,0.0,1.0,0.0,0.0,1.0,0.0,89.2865,89.2865,38.90720864661654,38.90720864661654,0.0,38.90720864661654,0.0,0.0,0.0
1540,64.0,63.0,1.0,0.0,0.0,1.0,0.0,0.0,764.3778571428572,0.0,0.0,0.0,0.0,0.0,357.1435714285714,357.1435714285714,3.0,3.0,357.6010714285714,357.6010714285714,0.0,2.2439285714285715,214.28571428571428,6.0,6.0,0.0,1.0,1.0,1.0,0.0,0.0,0.0,0.0,0.0,0.0,1.0,1.0,0.0,1.0,0.0,0.0,1.0,1.0,119.04785714285714,119.04785714285714,59.600178571428565,59.600178571428565,0.0,2.2439285714285715,214.28571428571428,0.0,0.0
1541,67.0,152.0,1.0,0.0,0.0,0.0,0.0,0.0,548.3846428571429,0.0,0.0,0.0,0.0,0.0,0.00035714285714285714,0.00035714285714285714,1.0,1.0,65.64642857142857,65.64642857142857,35.714285714285715,29.610714285714288,0.0,3.0,3.0,1.0,1.0,0.0,1.0,0.0,0.0,0.0,0.0,0.0,0.0,1.0,1.0,0.0,1.0,0.0,1.0,1.0,0.0,0.00035714285714285714,0.00035714285714285714,21.882142857142856,21.882142857142856,35.714285714285715,29.610714285714288,0.0,0.0,0.0
1543,27.0,152.0,1.0,1.0,4.0,0.0,0.0,0.0,0.3882142857142857,4679.489285714286,0.0,0.0,0.0,0.0,4963.836428571429,2535.9164285714287,17.0,10.0,2584.3510714285717,2540.405357142857,0.0,95.22857142857143,35.714285714285715,20.0,10.0,0.0,6.0,1.0,1.0,1.0,1.0,0.0,4679.489285714286,0.0,0.0,1.0,1.0,1.0,1.0,1.0,0.0,1.0,1.0,291.99037815126053,253.59164285714286,129.2175535714286,254.0405357142857,0.0,15.871428571428572,35.714285714285715,2427.92,43.94571428571453
1546,37.0,82.0,1.0,0.0,0.0,0.0,0.0,0.0,13574.356785714286,0.0,0.0,0.0,0.0,0.0,0.00035714285714285714,0.00035714285714285714,1.0,1.0,87.17857142857143,87.17857142857143,0.0,43.857142857142854,39.92857142857143,11.0,11.0,0.0,8.0,2.0,0.0,0.0,0.0,0.0,0.0,0.0,0.0,1.0,1.0,0.0,1.0,0.0,0.0,1.0,1.0,0.00035714285714285714,0.00035714285714285714,7.925324675324675,7.925324675324675,0.0,5.482142857142857,19.964285714285715,0.0,0.0
155,27.0,97.0,1.0,0.0,0.0,0.0,0.0,0.0,0.0,0.0,0.0,0.0,0.0,0.0,726.4807142857143,726.4807142857143,2.0,2.0,641.8660714285714,641.8660714285714,321.42857142857144,127.79464285714286,191.0,14.0,14.0,3.0,8.0,2.0,1.0,0.0,0.0,0.0,0.0,0.0,0.0,1.0,1.0,0.0,1.0,0.0,1.0,1.0,1.0,363.24035714285714,363.24035714285714,45.847576530612244,45.847576530612244,107.14285714285715,15.974330357142858,95.5,0.0,0.0
1550,47.0,16.0,1.0,0.0,0.0,1.0,0.0,0.0,6233.727142857142,0.0,0.0,0.0,0.0,0.0,1110.6364285714285,673.0503571428571,15.0,13.0,917.5292857142857,673.0503571428571,17.857142857142858,0.0,215.96428571428572,25.0,13.0,1.0,0.0,9.0,1.0,0.0,0.0,0.0,0.0,0.0,0.0,1.0,1.0,1.0,1.0,1.0,1.0,0.0,1.0,74.04242857142857,51.77310439560439,36.70117142857143,51.77310439560439,17.857142857142858,0.0,23.996031746031747,437.58607142857136,244.47892857142858
1551,3.0,15.0,1.0,0.0,0.0,1.0,0.0,0.0,0.0,0.0,0.0,44.62285714285714,0.0,0.0,67.49857142857142,67.45535714285714,5.0,4.0,471.8789285714286,404.42535714285714,107.14285714285714,61.81071428571429,232.03571428571428,13.0,10.0,1.0,5.0,2.0,0.0,0.0,0.0,0.0,0.0,0.0,0.0,1.0,1.0,1.0,1.0,1.0,1.0,1.0,1.0,13.499714285714285,16.863839285714285,36.298379120879126,40.44253571428571,107.14285714285714,12.362142857142858,116.01785714285714,0.04321428571428498,67.45357142857148
1553,35.0,87.0,1.0,0.0,0.0,0.0,0.0,0.0,108.76428571428572,0.0,0.0,0.0,0.0,0.0,1569.3653571428572,1569.3653571428572,6.0,6.0,2483.683571428571,2483.683571428571,599.9821428571429,1091.1742857142858,747.4557142857142,58.0,58.0,8.0,27.0,16.0,0.0,0.0,0.0,0.0,0.0,0.0,0.0,1.0,1.0,0.0,1.0,0.0,1.0,1.0,1.0,261.56089285714285,261.56089285714285,42.822130541871914,42.822130541871914,74.99776785714286,40.41386243386244,46.715982142857136,0.0,0.0
1559,34.0,11.0,1.0,0.0,0.0,0.0,0.0,0.0,15.718928571428572,0.0,0.0,0.0,0.0,0.0,812.5014285714286,812.5014285714286,2.0,2.0,900.2357142857143,900.2357142857143,0.0,0.0,285.7142857142857,5.0,5.0,0.0,0.0,2.0,0.0,0.0,0.0,0.0,0.0,0.0,0.0,1.0,1.0,0.0,1.0,0.0,0.0,0.0,1.0,406.2507142857143,406.2507142857143,180.04714285714286,180.04714285714286,0.0,0.0,142.85714285714286,0.0,0.0
1562,52.0,119.0,1.0,0.0,0.0,0.0,0.0,0.0,270.7457142857143,0.0,0.0,0.0,0.0,0.0,461.8932142857143,461.8932142857143,3.0,3.0,560.8214285714286,560.8214285714286,435.7142857142857,0.0,121.71428571428571,6.0,6.0,3.0,0.0,2.0,1.0,0.0,0.0,0.0,0.0,0.0,0.0,1.0,1.0,0.0,1.0,0.0,1.0,0.0,1.0,153.96440476190477,153.96440476190477,93.47023809523809,93.47023809523809,145.23809523809524,0.0,60.857142857142854,0.0,0.0
1566,4.0,33.0,1.0,0.0,0.0,1.0,0.0,0.0,4024.289285714286,0.0,0.0,0.0,0.0,0.0,628.2885714285715,628.2885714285715,3.0,3.0,414.075,414.075,0.0,168.96785714285716,241.28571428571428,12.0,12.0,0.0,7.0,4.0,1.0,0.0,0.0,0.0,0.0,0.0,0.0,1.0,1.0,0.0,1.0,0.0,0.0,1.0,1.0,209.42952380952383,209.42952380952383,34.50625,34.50625,0.0,24.138265306122452,60.32142857142857,0.0,0.0
1569,3.0,152.0,1.0,3.0,32.0,0.0,0.0,0.0,14341.997857142856,51.957499999999996,43666.092500000006,0.0,0.0,0.0,427.1014285714286,427.0646428571428,3.0,2.0,596.7428571428571,596.7428571428571,0.0,422.34999999999997,171.0,20.0,20.0,0.0,13.0,6.0,0.0,1.0,1.0,0.0,17.319166666666664,1364.5653906250002,0.0,1.0,1.0,1.0,1.0,0.0,0.0,1.0,1.0,142.36714285714285,213.5323214285714,29.837142857142858,29.837142857142858,0.0,32.488461538461536,28.5,0.036785714285770155,0.0
1578,30.0,131.0,1.0,0.0,0.0,0.0,0.0,0.0,125.04785714285715,0.0,0.0,0.0,0.0,0.0,470.50428571428574,470.50428571428574,2.0,2.0,586.9057142857143,586.9057142857143,89.28571428571429,160.51285714285714,333.7142857142857,22.0,22.0,2.0,12.0,7.0,1.0,0.0,0.0,0.0,0.0,0.0,0.0,1.0,1.0,0.0,1.0,0.0,1.0,1.0,1.0,235.25214285714287,235.25214285714287,26.67753246753247,26.67753246753247,44.642857142857146,13.376071428571429,47.673469387755105,0.0,0.0
1586,2.0,30.0,1.0,0.0,0.0,0.0,0.0,0.0,0.0,0.0,0.0,0.0,0.0,0.0,210.21464285714288,210.21464285714288,3.0,3.0,210.40357142857144,210.40357142857144,92.85714285714286,27.010714285714283,0.0,5.0,5.0,2.0,1.0,0.0,0.0,0.0,0.0,0.0,0.0,0.0,0.0,1.0,1.0,0.0,1.0,0.0,1.0,1.0,0.0,70.07154761904762,70.07154761904762,42.080714285714286,42.080714285714286,46.42857142857143,27.010714285714283,0.0,0.0,0.0
1587,40.0,13.0,1.0,0.0,0.0,0.0,0.0,0.0,7251.733928571428,0.0,0.0,0.0,0.0,0.0,150.0532142857143,150.0532142857143,3.0,3.0,3152.661071428571,3152.661071428571,71.42857142857143,110.87535714285715,2968.0714285714284,9.0,9.0,1.0,2.0,5.0,0.0,0.0,0.0,0.0,0.0,0.0,0.0,1.0,1.0,0.0,1.0,0.0,1.0,1.0,1.0,50.017738095238094,50.017738095238094,350.2956746031746,350.2956746031746,71.42857142857143,55.43767857142858,593.6142857142856,0.0,0.0
1588,61.0,37.0,1.0,0.0,0.0,1.0,0.0,0.0,27856.069285714282,0.0,0.0,98.87750000000001,0.0,0.0,532.3225,532.3225,2.0,2.0,488.82142857142856,488.82142857142856,357.14285714285717,67.46428571428571,60.57142857142857,7.0,7.0,1.0,1.0,3.0,1.0,0.0,0.0,0.0,0.0,0.0,0.0,1.0,1.0,0.0,1.0,0.0,1.0,1.0,1.0,266.16125,266.16125,69.83163265306122,69.83163265306122,357.14285714285717,67.46428571428571,20.19047619047619,0.0,0.0
1589,20.0,22.0,1.0,0.0,1.0,0.0,0.0,0.0,5.2803571428571425,0.0,6823.557142857143,0.0,0.0,0.0,0.03,0.03,1.0,1.0,0.0,0.0,0.0,0.0,0.0,0.0,0.0,0.0,0.0,0.0,0.0,0.0,1.0,0.0,0.0,6823.557142857143,0.0,1.0,1.0,0.0,0.0,0.0,0.0,0.0,0.0,0.03,0.03,0.0,0.0,0.0,0.0,0.0,0.0,0.0
1594,22.0,110.0,1.0,0.0,0.0,1.0,0.0,0.0,9218.796071428571,0.0,0.0,248.48464285714286,0.0,0.0,882.0749999999999,882.0749999999999,2.0,2.0,823.3210714285715,823.3210714285715,714.2857142857143,0.0,105.21392857142857,8.0,8.0,2.0,0.0,5.0,1.0,0.0,0.0,0.0,0.0,0.0,0.0,1.0,1.0,0.0,1.0,0.0,1.0,0.0,1.0,441.03749999999997,441.03749999999997,102.91513392857144,102.91513392857144,357.14285714285717,0.0,21.042785714285714,0.0,0.0
1597,19.0,181.0,1.0,0.0,0.0,1.0,0.0,0.0,5844.956071428571,0.0,0.0,0.0,0.0,0.0,1740.5939285714285,1242.5596428571428,12.0,9.0,1198.2239285714284,1031.7367857142858,225.0,220.05857142857144,85.03678571428573,23.0,17.0,3.0,6.0,4.0,1.0,0.0,0.0,0.0,0.0,0.0,0.0,1.0,1.0,1.0,1.0,1.0,1.0,1.0,1.0,145.04949404761905,138.06218253968254,52.09669254658384,60.69039915966387,75.0,36.67642857142857,21.259196428571432,498.0342857142857,166.48714285714254
1598,23.0,80.0,1.0,1.0,0.0,0.0,0.0,0.0,1785.8610714285714,20516.365357142855,0.0,0.0,0.0,0.0,8.349642857142857,8.21642857142857,5.0,4.0,5.214285714285714,5.214285714285714,0.0,0.0,5.214285714285714,1.0,1.0,0.0,0.0,1.0,1.0,1.0,0.0,0.0,20516.365357142855,0.0,0.0,1.0,1.0,1.0,1.0,0.0,0.0,0.0,1.0,1.6699285714285714,2.0541071428571427,5.214285714285714,5.214285714285714,0.0,0.0,5.214285714285714,0.13321428571428662,0.0
1599,25.0,220.0,1.0,0.0,0.0,0.0,0.0,0.0,7321.431071428572,0.0,0.0,0.0,0.0,0.0,44.642857142857146,44.642857142857146,2.0,2.0,67.85714285714286,67.85714285714286,67.85714285714286,0.0,0.0,2.0,2.0,2.0,0.0,0.0,1.0,0.0,0.0,0.0,0.0,0.0,0.0,1.0,1.0,0.0,1.0,0.0,1.0,0.0,0.0,22.321428571428573,22.321428571428573,33.92857142857143,33.92857142857143,33.92857142857143,0.0,0.0,0.0,0.0
16,46.0,149.0,1.0,1.0,2.0,0.0,0.0,0.0,10015.924642857144,31.65857142857143,68246.33499999999,0.0,0.0,0.0,394.71250000000003,385.755,3.0,2.0,538.8714285714285,538.8714285714285,0.0,59.26428571428572,479.60714285714283,11.0,11.0,0.0,1.0,10.0,1.0,1.0,1.0,0.0,31.65857142857143,34123.167499999996,0.0,1.0,1.0,1.0,1.0,0.0,0.0,1.0,1.0,131.57083333333335,192.8775,48.98831168831168,48.98831168831168,0.0,59.26428571428572,47.96071428571428,8.957500000000039,0.0
1603,52.0,150.0,4.0,0.0,0.0,0.0,0.0,0.0,54.426785714285714,0.0,0.0,0.0,0.0,0.0,392.8582142857143,392.8582142857143,4.0,4.0,361.10714285714283,361.10714285714283,135.71428571428572,225.39285714285714,0.0,28.0,28.0,7.0,21.0,0.0,1.0,0.0,0.0,0.0,0.0,0.0,0.0,1.0,1.0,0.0,1.0,0.0,1.0,1.0,0.0,98.21455357142858,98.21455357142858,12.896683673469386,12.896683673469386,19.387755102040817,10.732993197278912,0.0,0.0,0.0
1604,60.0,19.0,1.0,0.0,0.0,0.0,1.0,0.0,12.418571428571429,0.0,0.0,0.0,149.59285714285716,0.0,2902.059642857143,2217.1832142857143,13.0,7.0,3098.3739285714287,2501.613214285714,32.142857142857146,1645.3660714285713,170.75,46.0,25.0,1.0,31.0,2.0,0.0,0.0,0.0,0.0,0.0,0.0,0.0,1.0,1.0,1.0,1.0,1.0,1.0,1.0,1.0,223.23535714285714,316.74045918367347,67.3559549689441,100.06452857142857,32.142857142857146,53.076324884792626,85.375,684.8764285714287,596.7607142857146
1606,47.0,78.0,1.0,0.0,0.0,0.0,0.0,1.0,2366.5767857142855,0.0,0.0,0.0,0.0,270.19678571428574,1381.8653571428572,1325.935714285714,6.0,5.0,589.6632142857143,580.4846428571428,0.0,129.31821428571428,219.64285714285714,19.0,17.0,0.0,7.0,5.0,1.0,0.0,0.0,1.0,0.0,0.0,270.19678571428574,1.0,1.0,1.0,1.0,1.0,0.0,1.0,1.0,230.31089285714287,265.1871428571428,31.034906015037592,34.14615546218487,0.0,18.474030612244896,43.92857142857143,55.92964285714311,9.178571428571445
1609,31.0,111.0,1.0,0.0,0.0,0.0,0.0,0.0,206.87214285714285,0.0,0.0,0.0,0.0,0.0,75.0,75.0,1.0,1.0,92.92857142857143,92.92857142857143,0.0,0.0,92.92857142857143,2.0,2.0,0.0,0.0,2.0,1.0,0.0,0.0,0.0,0.0,0.0,0.0,1.0,1.0,0.0,1.0,0.0,0.0,0.0,1.0,75.0,75.0,46.464285714285715,46.464285714285715,0.0,0.0,46.464285714285715,0.0,0.0
161,46.0,103.0,1.0,1.0,2.0,0.0,0.0,0.0,154.92928571428573,86.97535714285713,32280.21392857143,0.0,0.0,0.0,14.532857142857143,2.1471428571428572,23.0,2.0,1.9685714285714284,0.0,0.0,0.0,0.0,20.0,0.0,0.0,0.0,0.0,0.0,1.0,1.0,0.0,86.97535714285713,16140.106964285715,0.0,1.0,1.0,1.0,1.0,1.0,0.0,0.0,0.0,0.6318633540372671,1.0735714285714286,0.09842857142857142,0.0,0.0,0.0,0.0,12.385714285714286,1.9685714285714284
1610,48.0,92.0,1.0,0.0,0.0,1.0,0.0,0.0,196.5442857142857,0.0,0.0,460.0775,0.0,0.0,9415.408928571429,9358.799285714285,7.0,5.0,2769.281071428571,2731.9596428571426,196.42857142857142,43.88928571428572,169.32142857142858,20.0,18.0,3.0,2.0,7.0,0.0,0.0,0.0,0.0,0.0,0.0,0.0,1.0,1.0,1.0,1.0,1.0,1.0,1.0,1.0,1345.058418367347,1871.759857142857,138.46405357142856,151.7755357142857,65.47619047619047,21.94464285714286,24.188775510204085,56.609642857143626,37.32142857142844
1611,41.0,181.0,1.0,0.0,0.0,1.0,0.0,0.0,0.0,0.0,0.0,0.0,0.0,0.0,1029.9185714285716,1029.9185714285716,3.0,3.0,1104.6857142857143,1104.6857142857143,178.57142857142858,32.142857142857146,890.5785714285714,11.0,11.0,1.0,3.0,6.0,0.0,0.0,0.0,0.0,0.0,0.0,0.0,1.0,1.0,0.0,1.0,0.0,1.0,1.0,1.0,343.3061904761905,343.3061904761905,100.42597402597403,100.42597402597403,178.57142857142858,10.714285714285715,148.4297619047619,0.0,0.0
1614,48.0,65.0,1.0,0.0,0.0,0.0,0.0,0.0,0.010357142857142856,0.0,0.0,0.0,0.0,0.0,591.2164285714287,591.2164285714287,3.0,3.0,527.9257142857143,527.9257142857143,125.0,167.49714285714285,194.17857142857142,15.0,15.0,1.0,8.0,3.0,1.0,0.0,0.0,0.0,0.0,0.0,0.0,1.0,1.0,0.0,1.0,0.0,1.0,1.0,1.0,197.0721428571429,197.0721428571429,35.19504761904762,35.19504761904762,125.0,20.937142857142856,64.72619047619047,0.0,0.0
164,40.0,151.0,1.0,1.0,9.0,0.0,0.0,0.0,2690.460357142857,2579.9832142857144,2851.1207142857143,0.0,0.0,0.0,15.630357142857141,0.0825,2.0,1.0,3623.965,3623.965,107.14285714285714,595.0721428571429,2920.5,15.0,15.0,1.0,8.0,5.0,0.0,1.0,1.0,0.0,2579.9832142857144,316.7911904761905,0.0,1.0,1.0,1.0,1.0,0.0,1.0,1.0,1.0,7.815178571428571,0.0825,241.59766666666667,241.59766666666667,107.14285714285714,74.38401785714287,584.1,15.547857142857142,0.0
165,42.0,103.0,1.0,0.0,0.0,0.0,0.0,0.0,17.86857142857143,0.0,0.0,0.0,0.0,0.0,1383.2628571428572,1383.2628571428572,3.0,3.0,1065.9232142857143,1065.9232142857143,142.85714285714286,0.0,779.0085714285715,17.0,17.0,1.0,0.0,12.0,0.0,0.0,0.0,0.0,0.0,0.0,0.0,1.0,1.0,0.0,1.0,0.0,1.0,0.0,1.0,461.08761904761906,461.08761904761906,62.70136554621848,62.70136554621848,142.85714285714286,0.0,64.91738095238095,0.0,0.0
166,48.0,51.0,1.0,0.0,0.0,1.0,0.0,1.0,15.797142857142857,0.0,0.0,754.9014285714286,0.0,2216.4814285714288,1385.9139285714284,1180.3796428571427,15.0,12.0,1454.5982142857142,1191.0767857142857,892.8571428571429,0.0,71.42857142857143,23.0,14.0,5.0,0.0,2.0,1.0,0.0,0.0,1.0,0.0,0.0,2216.4814285714288,1.0,1.0,1.0,1.0,1.0,1.0,0.0,1.0,92.39426190476189,98.36497023809522,63.243400621118006,85.07691326530612,178.57142857142858,0.0,35.714285714285715,205.53428571428572,263.5214285714285
168,26.0,168.0,1.0,1.0,0.0,1.0,0.0,0.0,71.42857142857143,17921.309285714284,0.0,0.0,0.0,0.0,303.645,303.645,3.0,3.0,315.07142857142856,315.07142857142856,0.0,0.0,311.67857142857144,7.0,7.0,0.0,0.0,6.0,0.0,1.0,0.0,0.0,17921.309285714284,0.0,0.0,1.0,1.0,0.0,1.0,0.0,0.0,0.0,1.0,101.21499999999999,101.21499999999999,45.01020408163265,45.01020408163265,0.0,0.0,51.94642857142858,0.0,0.0
169,75.0,76.0,1.0,0.0,0.0,0.0,0.0,0.0,1106.4257142857143,0.0,0.0,0.0,0.0,0.0,1012.0132142857143,1012.0132142857143,3.0,3.0,869.4657142857143,869.4657142857143,217.85714285714286,246.6775,403.5025,21.0,21.0,5.0,9.0,6.0,1.0,0.0,0.0,0.0,0.0,0.0,0.0,1.0,1.0,0.0,1.0,0.0,1.0,1.0,1.0,337.3377380952381,337.3377380952381,41.40312925170068,41.40312925170068,43.57142857142857,27.408611111111114,67.25041666666667,0.0,0.0
170,41.0,151.0,1.0,0.0,0.0,0.0,0.0,0.0,0.0,0.0,0.0,0.0,0.0,0.0,321.42892857142857,321.42892857142857,2.0,2.0,312.3735714285714,312.3735714285714,0.0,0.0,3.5357142857142856,5.0,5.0,0.0,0.0,1.0,0.0,0.0,0.0,0.0,0.0,0.0,0.0,1.0,1.0,0.0,1.0,0.0,0.0,0.0,1.0,160.71446428571429,160.71446428571429,62.47471428571428,62.47471428571428,0.0,0.0,3.5357142857142856,0.0,0.0
174,22.0,109.0,1.0,0.0,0.0,1.0,0.0,1.0,70.76928571428572,0.0,0.0,532.6324999999999,0.0,14233.636071428571,1322.5,1282.8007142857143,6.0,5.0,1251.982142857143,1246.3392857142858,521.4285714285714,114.70357142857142,236.46428571428572,19.0,17.0,2.0,5.0,6.0,1.0,0.0,0.0,1.0,0.0,0.0,14233.636071428571,1.0,1.0,1.0,1.0,1.0,1.0,1.0,1.0,220.41666666666666,256.56014285714286,65.8937969924812,73.3140756302521,260.7142857142857,22.940714285714286,39.410714285714285,39.69928571428568,5.64285714285711
175,41.0,61.0,1.0,0.0,0.0,0.0,0.0,2.0,0.07071428571428572,0.0,0.0,0.0,0.0,20749.29464285714,676.3442857142857,548.9657142857143,5.0,4.0,569.6253571428572,566.8039285714286,214.28571428571428,0.0,193.23250000000002,8.0,7.0,2.0,0.0,3.0,0.0,0.0,0.0,1.0,0.0,0.0,10374.64732142857,1.0,1.0,1.0,1.0,1.0,1.0,0.0,1.0,135.26885714285714,137.24142857142857,71.20316964285715,80.97198979591838,107.14285714285714,0.0,64.41083333333334,127.37857142857138,2.821428571428555
176,56.0,188.0,1.0,0.0,0.0,0.0,0.0,0.0,343.9407142857143,0.0,0.0,0.0,0.0,0.0,310.82428571428574,310.82428571428574,2.0,2.0,373.43321428571426,373.43321428571426,125.0,76.0775,169.74857142857144,18.0,18.0,4.0,8.0,3.0,0.0,0.0,0.0,0.0,0.0,0.0,0.0,1.0,1.0,0.0,1.0,0.0,1.0,1.0,1.0,155.41214285714287,155.41214285714287,20.746289682539683,20.746289682539683,31.25,9.5096875,56.582857142857144,0.0,0.0
18,25.0,41.0,1.0,0.0,0.0,0.0,1.0,0.0,935.9632142857143,0.0,0.0,0.0,1016.2924999999999,0.0,2585.3571428571427,2390.907142857143,8.0,2.0,1869.4778571428571,1274.149642857143,703.5714285714286,712.6075,266.42857142857144,44.0,24.0,6.0,22.0,7.0,1.0,0.0,0.0,0.0,0.0,0.0,0.0,1.0,1.0,1.0,1.0,1.0,1.0,1.0,1.0,323.16964285714283,1195.4535714285714,42.48813311688312,53.08956845238095,117.26190476190476,32.39125,38.06122448979592,194.44999999999982,595.3282142857142
180,56.0,174.0,1.0,0.0,0.0,0.0,0.0,0.0,902.4875000000001,0.0,0.0,0.0,0.0,0.0,500.19357142857143,500.19357142857143,2.0,2.0,473.82142857142856,473.82142857142856,464.2857142857143,0.0,7.571428571428571,10.0,10.0,4.0,0.0,1.0,0.0,0.0,0.0,0.0,0.0,0.0,0.0,1.0,1.0,0.0,1.0,0.0,1.0,0.0,1.0,250.09678571428572,250.09678571428572,47.38214285714285,47.38214285714285,116.07142857142857,0.0,7.571428571428571,0.0,0.0
183,32.0,179.0,1.0,0.0,0.0,0.0,0.0,0.0,4726.620714285715,0.0,0.0,0.0,0.0,0.0,378.2507142857143,378.2507142857143,4.0,4.0,325.77642857142854,325.77642857142854,85.71428571428571,83.94535714285713,152.36678571428573,22.0,22.0,4.0,8.0,6.0,1.0,0.0,0.0,0.0,0.0,0.0,0.0,1.0,1.0,0.0,1.0,0.0,1.0,1.0,1.0,94.56267857142858,94.56267857142858,14.808019480519478,14.808019480519478,21.428571428571427,10.493169642857142,25.39446428571429,0.0,0.0
188,30.0,53.0,1.0,0.0,0.0,1.0,0.0,0.0,748.6853571428571,0.0,0.0,0.0,0.0,0.0,2906.782142857143,1922.457142857143,29.0,26.0,2869.128214285714,1922.457142857143,185.71428571428572,238.7392857142857,508.5,56.0,33.0,4.0,14.0,8.0,0.0,0.0,0.0,0.0,0.0,0.0,0.0,1.0,1.0,1.0,1.0,1.0,1.0,1.0,1.0,100.2338669950739,73.94065934065935,51.234432397959175,58.256277056277064,46.42857142857143,17.052806122448978,63.5625,984.3249999999998,946.6710714285709
19,46.0,94.0,1.0,1.0,0.0,0.0,0.0,0.0,26118.09857142857,71661.59285714287,0.0,0.0,0.0,0.0,812.49,812.4714285714286,3.0,2.0,148.4467857142857,148.4467857142857,0.0,0.0,144.12535714285715,5.0,5.0,0.0,0.0,4.0,0.0,1.0,0.0,0.0,71661.59285714287,0.0,0.0,1.0,1.0,1.0,1.0,0.0,0.0,0.0,1.0,270.83,406.2357142857143,29.68935714285714,29.68935714285714,0.0,0.0,36.03133928571429,0.018571428571362958,0.0
196,63.0,75.0,1.0,1.0,0.0,0.0,0.0,0.0,56.396071428571425,0.045714285714285714,0.0,0.0,0.0,0.0,18350.822142857145,1353.5742857142857,10.0,4.0,1100.1007142857143,1100.1007142857143,375.0,95.46857142857142,377.92857142857144,21.0,21.0,1.0,3.0,14.0,1.0,1.0,0.0,0.0,0.045714285714285714,0.0,0.0,1.0,1.0,1.0,1.0,0.0,1.0,1.0,1.0,1835.0822142857146,338.3935714285714,52.38574829931973,52.38574829931973,375.0,31.822857142857142,26.994897959183675,16997.24785714286,0.0
197,70.0,58.0,1.0,1.0,4.0,0.0,0.0,0.0,686.3078571428571,191591.18964285712,0.0,0.0,0.0,0.0,29178.796071428573,29178.26892857143,10.0,9.0,30910.964285714286,30910.964285714286,0.0,0.0,2241.3571428571427,11.0,11.0,0.0,0.0,3.0,1.0,1.0,1.0,0.0,191591.18964285712,0.0,0.0,1.0,1.0,1.0,1.0,0.0,0.0,0.0,1.0,2917.8796071428574,3242.029880952381,2810.0876623376626,2810.0876623376626,0.0,0.0,747.1190476190476,0.5271428571431898,0.0
199,47.0,151.0,1.0,0.0,0.0,0.0,0.0,1.0,151.82464285714286,0.0,0.0,0.0,0.0,4461.236428571428,1480.5939285714285,1460.4732142857142,4.0,3.0,1171.2635714285714,1166.9778571428571,214.28571428571428,130.61357142857142,487.5357142857143,43.0,41.0,4.0,12.0,3.0,0.0,0.0,0.0,1.0,0.0,0.0,4461.236428571428,1.0,1.0,1.0,1.0,1.0,1.0,1.0,1.0,370.1484821428571,486.82440476190476,27.238687707641194,28.46287456445993,53.57142857142857,10.884464285714285,162.51190476190476,20.120714285714257,4.285714285714221
200,24.0,129.0,2.0,0.0,2.0,0.0,1.0,0.0,0.0,0.0,0.0,0.0,476.7142857142857,0.0,20182.245714285713,16530.457857142857,10.0,4.0,7658.063214285714,7040.221428571429,667.8571428571429,2470.335714285714,892.3514285714285,62.0,38.0,4.0,39.0,10.0,0.0,0.0,1.0,0.0,0.0,0.0,0.0,1.0,1.0,1.0,1.0,1.0,1.0,1.0,1.0,2018.2245714285714,4132.614464285714,123.51714861751151,185.26898496240602,166.96428571428572,63.34194139194138,89.23514285714285,3651.7878571428555,617.8417857142849
201,68.0,34.0,2.0,0.0,0.0,0.0,0.0,0.0,5112.856428571429,0.0,0.0,0.0,0.0,0.0,475.3592857142857,475.3592857142857,2.0,2.0,837.0035714285714,837.0035714285714,464.2857142857143,0.0,0.0,6.0,6.0,3.0,0.0,0.0,1.0,0.0,0.0,0.0,0.0,0.0,0.0,1.0,1.0,0.0,1.0,0.0,1.0,0.0,0.0,237.67964285714285,237.67964285714285,139.50059523809523,139.50059523809523,154.76190476190476,0.0,0.0,0.0,0.0
206,83.0,205.0,1.0,1.0,0.0,0.0,0.0,0.0,11335.070714285714,22893.82285714286,0.0,0.0,0.0,0.0,371.4371428571429,0.0,3.0,0.0,755.5357142857143,0.0,0.0,0.0,41.25,3.0,0.0,0.0,0.0,2.0,1.0,1.0,0.0,0.0,22893.82285714286,0.0,0.0,1.0,0.0,1.0,1.0,1.0,0.0,0.0,1.0,123.81238095238096,0.0,251.8452380952381,0.0,0.0,0.0,20.625,371.4371428571429,755.5357142857143
207,41.0,25.0,1.0,0.0,0.0,0.0,0.0,0.0,176.65142857142857,0.0,0.0,0.0,0.0,0.0,53.603928571428575,53.603928571428575,3.0,3.0,16.24892857142857,16.24892857142857,0.0,0.0,0.0,3.0,3.0,0.0,0.0,0.0,0.0,0.0,0.0,0.0,0.0,0.0,0.0,1.0,1.0,0.0,1.0,0.0,0.0,0.0,0.0,17.867976190476192,17.867976190476192,5.416309523809524,5.416309523809524,0.0,0.0,0.0,0.0,0.0
211,44.0,71.0,1.0,1.0,15.0,1.0,0.0,0.0,6047.5882142857145,1610.6814285714286,303.24321428571426,272.93928571428575,0.0,0.0,480.5610714285714,478.3935714285714,3.0,2.0,37.892857142857146,37.892857142857146,0.0,0.0,35.714285714285715,2.0,2.0,0.0,0.0,1.0,0.0,1.0,1.0,0.0,1610.6814285714286,20.216214285714283,0.0,1.0,1.0,1.0,1.0,0.0,0.0,0.0,1.0,160.1870238095238,239.1967857142857,18.946428571428573,18.946428571428573,0.0,0.0,35.714285714285715,2.1674999999999613,0.0
214,39.0,9.0,1.0,0.0,0.0,1.0,1.0,0.0,565.8,0.0,0.0,0.0,3522.2335714285714,0.0,491.04535714285714,490.3310714285714,3.0,2.0,809.032142857143,807.6035714285715,214.28571428571428,139.7107142857143,450.2142857142857,19.0,17.0,2.0,9.0,5.0,1.0,0.0,0.0,0.0,0.0,0.0,0.0,1.0,1.0,1.0,1.0,1.0,1.0,1.0,1.0,163.68178571428572,245.1655357142857,42.58063909774437,47.5060924369748,107.14285714285714,15.523412698412699,90.04285714285714,0.7142857142857224,1.4285714285714448
216,61.0,71.0,1.0,0.0,0.0,1.0,0.0,0.0,192.09071428571428,0.0,0.0,246.51785714285714,0.0,0.0,135.71642857142857,135.71642857142857,2.0,2.0,3.392857142857143,3.392857142857143,0.0,0.0,0.0,1.0,1.0,0.0,0.0,0.0,0.0,0.0,0.0,0.0,0.0,0.0,0.0,1.0,1.0,0.0,1.0,0.0,0.0,0.0,0.0,67.85821428571428,67.85821428571428,3.392857142857143,3.392857142857143,0.0,0.0,0.0,0.0,0.0
217,17.0,152.0,1.0,1.0,0.0,0.0,0.0,0.0,8134.361428571428,0.0,0.0,0.0,0.0,0.0,11454.822857142857,0.04357142857142857,3.0,1.0,11430.357142857143,11430.357142857143,0.0,0.0,11428.57142857143,2.0,2.0,0.0,0.0,1.0,1.0,1.0,0.0,0.0,0.0,0.0,0.0,1.0,1.0,1.0,1.0,0.0,0.0,0.0,1.0,3818.2742857142857,0.04357142857142857,5715.178571428572,5715.178571428572,0.0,0.0,11428.57142857143,11454.779285714285,0.0
223,30.0,76.0,1.0,0.0,0.0,0.0,0.0,0.0,1899.3332142857143,0.0,0.0,0.0,0.0,0.0,0.5475,0.5475,1.0,1.0,81.91035714285714,81.91035714285714,0.0,0.0,71.42857142857143,5.0,5.0,0.0,0.0,1.0,1.0,0.0,0.0,0.0,0.0,0.0,0.0,1.0,1.0,0.0,1.0,0.0,0.0,0.0,1.0,0.5475,0.5475,16.38207142857143,16.38207142857143,0.0,0.0,71.42857142857143,0.0,0.0
224,83.0,175.0,1.0,0.0,1.0,0.0,0.0,0.0,215.4725,0.0,0.0,0.0,0.0,0.0,1370.034642857143,1370.034642857143,2.0,2.0,0.8928571428571429,0.8928571428571429,0.0,0.0,0.0,1.0,1.0,0.0,0.0,0.0,0.0,0.0,1.0,0.0,0.0,0.0,0.0,1.0,1.0,0.0,1.0,0.0,0.0,0.0,0.0,685.0173214285714,685.0173214285714,0.8928571428571429,0.8928571428571429,0.0,0.0,0.0,0.0,0.0
226,57.0,107.0,1.0,0.0,0.0,0.0,0.0,0.0,15718.977857142858,0.0,0.0,0.0,0.0,0.0,2071.4757142857143,2071.4757142857143,2.0,2.0,1289.1785714285713,1289.1785714285713,0.0,0.0,1285.7142857142858,3.0,3.0,0.0,0.0,2.0,0.0,0.0,0.0,0.0,0.0,0.0,0.0,1.0,1.0,0.0,1.0,0.0,0.0,0.0,1.0,1035.7378571428571,1035.7378571428571,429.7261904761904,429.7261904761904,0.0,0.0,642.8571428571429,0.0,0.0
227,36.0,151.0,1.0,1.0,8.0,0.0,0.0,0.0,4710.719642857142,7194.881071428572,0.0,0.0,0.0,0.0,52.4225,0.0032142857142857142,2.0,1.0,0.0,0.0,0.0,0.0,0.0,0.0,0.0,0.0,0.0,0.0,0.0,1.0,1.0,0.0,7194.881071428572,0.0,0.0,1.0,1.0,1.0,0.0,0.0,0.0,0.0,0.0,26.21125,0.0032142857142857142,0.0,0.0,0.0,0.0,0.0,52.419285714285714,0.0
228,38.0,158.0,1.0,1.0,0.0,0.0,0.0,0.0,10138.789999999999,1.1092857142857142,0.0,0.0,0.0,0.0,1428.5942857142857,1428.5942857142857,2.0,2.0,900.8928571428571,900.8928571428571,357.14285714285717,208.96428571428572,330.92857142857144,12.0,12.0,1.0,2.0,7.0,0.0,1.0,0.0,0.0,1.1092857142857142,0.0,0.0,1.0,1.0,0.0,1.0,0.0,1.0,1.0,1.0,714.2971428571428,714.2971428571428,75.07440476190476,75.07440476190476,357.14285714285717,104.48214285714286,47.275510204081634,0.0,0.0
229,74.0,141.0,2.0,0.0,0.0,0.0,0.0,0.0,264.9557142857143,0.0,0.0,0.0,0.0,0.0,178.62285714285713,178.62285714285713,2.0,2.0,19.821428571428573,19.821428571428573,0.0,0.0,17.857142857142858,2.0,2.0,0.0,0.0,1.0,1.0,0.0,0.0,0.0,0.0,0.0,0.0,1.0,1.0,0.0,1.0,0.0,0.0,0.0,1.0,89.31142857142856,89.31142857142856,9.910714285714286,9.910714285714286,0.0,0.0,17.857142857142858,0.0,0.0
231,27.0,216.0,2.0,0.0,0.0,1.0,0.0,0.0,113.78107142857142,0.0,0.0,0.0,0.0,0.0,899.3146428571429,857.4328571428571,8.0,6.0,886.3235714285714,844.4635714285714,392.85714285714283,123.65357142857144,284.17821428571426,24.0,22.0,2.0,9.0,7.0,1.0,0.0,0.0,0.0,0.0,0.0,0.0,1.0,1.0,1.0,1.0,1.0,1.0,1.0,1.0,112.41433035714286,142.90547619047618,36.93014880952381,38.38470779220779,196.42857142857142,13.739285714285716,40.59688775510204,41.8817857142858,41.860000000000014
232,38.0,4.0,1.0,0.0,0.0,0.0,0.0,0.0,33.354285714285716,0.0,0.0,0.0,0.0,0.0,542.9685714285714,542.9685714285714,2.0,2.0,479.30642857142857,479.30642857142857,0.0,62.91357142857142,413.57142857142856,9.0,9.0,0.0,3.0,5.0,1.0,0.0,0.0,0.0,0.0,0.0,0.0,1.0,1.0,0.0,1.0,0.0,0.0,1.0,1.0,271.4842857142857,271.4842857142857,53.25626984126984,53.25626984126984,0.0,20.971190476190475,82.71428571428571,0.0,0.0
233,32.0,85.0,1.0,0.0,0.0,0.0,0.0,0.0,15.982142857142858,0.0,0.0,0.0,0.0,0.0,821.4321428571428,821.4321428571428,3.0,3.0,6.25,6.25,0.0,0.0,0.0,2.0,2.0,0.0,0.0,0.0,1.0,0.0,0.0,0.0,0.0,0.0,0.0,1.0,1.0,0.0,1.0,0.0,0.0,0.0,0.0,273.81071428571425,273.81071428571425,3.125,3.125,0.0,0.0,0.0,0.0,0.0
235,26.0,146.0,1.0,0.0,0.0,0.0,0.0,1.0,253.83214285714286,0.0,0.0,0.0,0.0,1685.7250000000001,1037.659642857143,995.4771428571429,5.0,4.0,1122.4178571428572,1116.3107142857143,357.14285714285717,27.589285714285715,506.7142857142857,24.0,22.0,1.0,2.0,15.0,0.0,0.0,0.0,1.0,0.0,0.0,1685.7250000000001,1.0,1.0,1.0,1.0,1.0,1.0,1.0,1.0,207.53192857142858,248.86928571428572,46.76741071428572,50.74139610389611,357.14285714285717,13.794642857142858,33.78095238095238,42.182500000000005,6.10714285714289
237,40.0,173.0,1.0,0.0,0.0,0.0,0.0,0.0,125.01785714285714,0.0,0.0,0.0,0.0,0.0,0.05178571428571428,0.05178571428571428,1.0,1.0,1.9642857142857142,1.9642857142857142,0.0,0.0,0.0,1.0,1.0,0.0,0.0,0.0,1.0,0.0,0.0,0.0,0.0,0.0,0.0,1.0,1.0,0.0,1.0,0.0,0.0,0.0,0.0,0.05178571428571428,0.05178571428571428,1.9642857142857142,1.9642857142857142,0.0,0.0,0.0,0.0,0.0
239,24.0,150.0,1.0,1.0,10.0,0.0,0.0,0.0,0.0,2.9442857142857144,227237.10428571427,0.0,0.0,0.0,11.424642857142857,0.00035714285714285714,3.0,1.0,12.0,12.0,0.0,0.0,11.785714285714286,2.0,2.0,0.0,0.0,1.0,0.0,1.0,1.0,0.0,2.9442857142857144,22723.710428571427,0.0,1.0,1.0,1.0,1.0,0.0,0.0,0.0,1.0,3.8082142857142856,0.00035714285714285714,6.0,6.0,0.0,0.0,11.785714285714286,11.424285714285714,0.0
24,29.0,23.0,1.0,0.0,0.0,0.0,0.0,0.0,227.31107142857144,0.0,0.0,0.0,0.0,0.0,1141.0925,1141.0925,3.0,3.0,902.0678571428572,902.0678571428572,0.0,258.425,639.5357142857143,22.0,22.0,0.0,6.0,15.0,0.0,0.0,0.0,0.0,0.0,0.0,0.0,1.0,1.0,0.0,1.0,0.0,0.0,1.0,1.0,380.3641666666667,380.3641666666667,41.00308441558442,41.00308441558442,0.0,43.07083333333333,42.635714285714286,0.0,0.0
240,43.0,162.0,1.0,0.0,1.0,0.0,0.0,0.0,299.4692857142857,0.0,6123.7132142857145,0.0,0.0,0.0,1292.1924999999999,1292.1924999999999,3.0,3.0,2156.587142857143,2156.587142857143,0.0,0.0,2153.694285714286,3.0,3.0,0.0,0.0,2.0,1.0,0.0,1.0,0.0,0.0,6123.7132142857145,0.0,1.0,1.0,0.0,1.0,0.0,0.0,0.0,1.0,430.7308333333333,430.7308333333333,718.862380952381,718.862380952381,0.0,0.0,1076.847142857143,0.0,0.0
243,20.0,6.0,1.0,1.0,11.0,0.0,0.0,0.0,534.6296428571428,83283.00821428571,0.0,0.0,0.0,0.0,9618.215,9605.281071428572,11.0,8.0,16060.417142857143,10703.274285714286,9714.285714285714,640.5421428571428,344.8392857142857,32.0,31.0,6.0,16.0,7.0,1.0,1.0,1.0,0.0,83283.00821428571,0.0,0.0,1.0,1.0,1.0,1.0,1.0,1.0,1.0,1.0,874.3831818181818,1200.6601339285714,501.8880357142857,345.2669124423963,1619.047619047619,40.03388392857143,49.26275510204082,12.933928571428623,5357.142857142857
246,62.0,0.0,2.0,0.0,0.0,0.0,0.0,1.0,2588.3489285714286,0.0,0.0,0.0,0.0,229.35857142857142,1190.157857142857,1128.1821428571427,5.0,4.0,1128.9892857142856,1126.1678571428572,317.85714285714283,169.91785714285714,515.3214285714286,37.0,36.0,4.0,16.0,14.0,1.0,0.0,0.0,1.0,0.0,0.0,229.35857142857142,1.0,1.0,1.0,1.0,1.0,1.0,1.0,1.0,238.0315714285714,282.0455357142857,30.513223938223938,31.282440476190477,79.46428571428571,10.619866071428572,36.808673469387756,61.975714285714275,2.8214285714284415
25,97.0,181.0,1.0,0.0,0.0,0.0,0.0,0.0,79.38107142857143,0.0,0.0,0.0,0.0,0.0,813.67,813.67,4.0,4.0,325.21785714285716,325.21785714285716,121.42857142857143,202.53928571428574,0.0,19.0,19.0,5.0,13.0,0.0,0.0,0.0,0.0,0.0,0.0,0.0,0.0,1.0,1.0,0.0,1.0,0.0,1.0,1.0,0.0,203.4175,203.4175,17.11672932330827,17.11672932330827,24.285714285714285,15.579945054945057,0.0,0.0,0.0
255,73.0,152.0,2.0,0.0,0.0,0.0,0.0,0.0,0.2075,0.0,0.0,0.0,0.0,0.0,1160.0149999999999,1160.0149999999999,2.0,2.0,1037.1782142857144,1037.1782142857144,500.0,73.57142857142857,414.46392857142854,15.0,15.0,5.0,2.0,4.0,1.0,0.0,0.0,0.0,0.0,0.0,0.0,1.0,1.0,0.0,1.0,0.0,1.0,1.0,1.0,580.0074999999999,580.0074999999999,69.14521428571429,69.14521428571429,100.0,36.785714285714285,103.61598214285713,0.0,0.0
257,45.0,38.0,1.0,0.0,0.0,0.0,0.0,1.0,265.50464285714287,0.0,0.0,0.0,0.0,9723.523214285715,1688.7975000000001,1654.1114285714286,7.0,6.0,1040.8521428571428,1038.7450000000001,0.0,0.0,608.9285714285714,10.0,9.0,0.0,0.0,4.0,1.0,0.0,0.0,1.0,0.0,0.0,9723.523214285715,1.0,1.0,1.0,1.0,1.0,0.0,0.0,1.0,241.25678571428574,275.6852380952381,104.08521428571427,115.41611111111112,0.0,0.0,152.23214285714286,34.686071428571495,2.1071428571426623
258,73.0,182.0,1.0,0.0,0.0,0.0,0.0,0.0,0.0,0.0,0.0,0.0,0.0,0.0,1447.7685714285712,1447.7685714285712,2.0,2.0,1977.8214285714287,1977.8214285714287,1500.0,0.0,474.2142857142857,9.0,9.0,3.0,0.0,5.0,1.0,0.0,0.0,0.0,0.0,0.0,0.0,1.0,1.0,0.0,1.0,0.0,1.0,0.0,1.0,723.8842857142856,723.8842857142856,219.7579365079365,219.7579365079365,500.0,0.0,94.84285714285714,0.0,0.0
260,40.0,153.0,1.0,0.0,0.0,0.0,0.0,0.0,1927.5210714285713,0.0,0.0,0.0,0.0,0.0,770.585,770.585,5.0,5.0,346.82142857142856,346.82142857142856,0.0,75.39285714285714,268.0357142857143,14.0,14.0,0.0,2.0,11.0,1.0,0.0,0.0,0.0,0.0,0.0,0.0,1.0,1.0,0.0,1.0,0.0,0.0,1.0,1.0,154.11700000000002,154.11700000000002,24.772959183673468,24.772959183673468,0.0,37.69642857142857,24.366883116883116,0.0,0.0
261,18.0,152.0,1.0,0.0,0.0,0.0,0.0,0.0,194.695,0.0,0.0,0.0,0.0,0.0,125.06214285714285,125.06214285714285,3.0,3.0,140.63821428571427,140.63821428571427,0.0,0.0,134.71428571428572,7.0,7.0,0.0,0.0,4.0,0.0,0.0,0.0,0.0,0.0,0.0,0.0,1.0,1.0,0.0,1.0,0.0,0.0,0.0,1.0,41.68738095238095,41.68738095238095,20.09117346938775,20.09117346938775,0.0,0.0,33.67857142857143,0.0,0.0
263,67.0,10.0,1.0,0.0,0.0,0.0,0.0,0.0,40.81285714285714,0.0,0.0,0.0,0.0,0.0,76.78714285714285,76.78714285714285,3.0,3.0,256.07142857142856,256.07142857142856,135.71428571428572,2.5,117.85714285714286,5.0,5.0,2.0,1.0,2.0,0.0,0.0,0.0,0.0,0.0,0.0,0.0,1.0,1.0,0.0,1.0,0.0,1.0,1.0,1.0,25.595714285714283,25.595714285714283,51.21428571428571,51.21428571428571,67.85714285714286,2.5,58.92857142857143,0.0,0.0
265,26.0,179.0,1.0,0.0,0.0,0.0,0.0,0.0,17.795714285714286,0.0,0.0,0.0,0.0,0.0,1947.8789285714286,1947.8789285714286,8.0,8.0,3.392857142857143,3.392857142857143,0.0,0.0,0.0,1.0,1.0,0.0,0.0,0.0,0.0,0.0,0.0,0.0,0.0,0.0,0.0,1.0,1.0,0.0,1.0,0.0,0.0,0.0,0.0,243.48486607142857,243.48486607142857,3.392857142857143,3.392857142857143,0.0,0.0,0.0,0.0,0.0
266,42.0,34.0,1.0,0.0,0.0,0.0,0.0,0.0,1033.077857142857,0.0,0.0,0.0,0.0,0.0,359.8260714285714,359.8260714285714,2.0,2.0,424.36821428571426,424.36821428571426,339.2857142857143,28.65357142857143,52.82178571428572,11.0,11.0,5.0,3.0,2.0,1.0,0.0,0.0,0.0,0.0,0.0,0.0,1.0,1.0,0.0,1.0,0.0,1.0,1.0,1.0,179.9130357142857,179.9130357142857,38.57892857142857,38.57892857142857,67.85714285714286,9.551190476190476,26.41089285714286,0.0,0.0
267,73.0,36.0,1.0,0.0,0.0,0.0,0.0,0.0,0.0,0.0,0.0,0.0,0.0,0.0,648.7796428571429,648.7796428571429,2.0,2.0,199.81071428571428,199.81071428571428,35.714285714285715,130.84642857142856,31.5,12.0,12.0,1.0,7.0,2.0,0.0,0.0,0.0,0.0,0.0,0.0,0.0,1.0,1.0,0.0,1.0,0.0,1.0,1.0,1.0,324.38982142857145,324.38982142857145,16.650892857142857,16.650892857142857,35.714285714285715,18.692346938775508,15.75,0.0,0.0
270,31.0,63.0,1.0,0.0,0.0,0.0,0.0,0.0,101.32678571428572,0.0,0.0,0.0,0.0,0.0,456.75642857142856,456.75642857142856,3.0,3.0,487.57178571428574,487.57178571428574,0.0,145.58928571428572,339.3753571428571,15.0,15.0,0.0,9.0,5.0,0.0,0.0,0.0,0.0,0.0,0.0,0.0,1.0,1.0,0.0,1.0,0.0,0.0,1.0,1.0,152.25214285714284,152.25214285714284,32.50478571428572,32.50478571428572,0.0,16.176587301587304,67.87507142857143,0.0,0.0
273,40.0,67.0,1.0,0.0,0.0,0.0,0.0,0.0,755.7260714285715,0.0,0.0,0.0,0.0,0.0,0.0075,0.0075,1.0,1.0,129.2257142857143,129.2257142857143,89.28571428571429,21.761428571428574,15.678571428571429,9.0,9.0,4.0,2.0,1.0,1.0,0.0,0.0,0.0,0.0,0.0,0.0,1.0,1.0,0.0,1.0,0.0,1.0,1.0,1.0,0.0075,0.0075,14.3584126984127,14.3584126984127,22.321428571428573,10.880714285714287,15.678571428571429,0.0,0.0
274,66.0,169.0,1.0,0.0,0.0,0.0,0.0,0.0,30.444285714285716,0.0,0.0,0.0,0.0,0.0,3571.500357142857,3571.500357142857,6.0,6.0,4066.9635714285714,4066.9635714285714,0.0,0.0,4047.5,10.0,10.0,0.0,0.0,6.0,1.0,0.0,0.0,0.0,0.0,0.0,0.0,1.0,1.0,0.0,1.0,0.0,0.0,0.0,1.0,595.2500595238095,595.2500595238095,406.69635714285715,406.69635714285715,0.0,0.0,674.5833333333334,0.0,0.0
276,68.0,38.0,1.0,0.0,9.0,0.0,0.0,0.0,18.988214285714285,0.0,66108.25214285715,0.0,0.0,0.0,390.4842857142857,390.4842857142857,2.0,2.0,517.4107142857143,517.4107142857143,0.0,16.089285714285715,140.53571428571428,5.0,5.0,0.0,1.0,2.0,0.0,0.0,1.0,0.0,0.0,7345.36134920635,0.0,1.0,1.0,0.0,1.0,0.0,0.0,1.0,1.0,195.24214285714285,195.24214285714285,103.48214285714286,103.48214285714286,0.0,16.089285714285715,70.26785714285714,0.0,0.0
28,18.0,28.0,1.0,0.0,0.0,0.0,0.0,0.0,14.606785714285715,0.0,0.0,0.0,0.0,0.0,926.7871428571428,926.7871428571428,2.0,2.0,979.5214285714285,979.5214285714285,0.0,19.2,565.3214285714286,9.0,9.0,0.0,1.0,6.0,0.0,0.0,0.0,0.0,0.0,0.0,0.0,1.0,1.0,0.0,1.0,0.0,0.0,1.0,1.0,463.3935714285714,463.3935714285714,108.83571428571427,108.83571428571427,0.0,19.2,94.22023809523809,0.0,0.0
283,27.0,104.0,1.0,0.0,0.0,0.0,0.0,0.0,571.7292857142858,0.0,0.0,0.0,0.0,0.0,0.0010714285714285715,0.0010714285714285715,1.0,1.0,16.239285714285714,16.239285714285714,10.714285714285714,4.275,0.0,5.0,5.0,2.0,2.0,0.0,1.0,0.0,0.0,0.0,0.0,0.0,0.0,1.0,1.0,0.0,1.0,0.0,1.0,1.0,0.0,0.0010714285714285715,0.0010714285714285715,3.2478571428571428,3.2478571428571428,5.357142857142857,2.1375,0.0,0.0,0.0
286,4.0,20.0,1.0,0.0,2.0,0.0,0.0,0.0,22.438214285714285,0.0,7512.695357142858,0.0,0.0,0.0,0.0035714285714285718,0.0035714285714285718,1.0,1.0,0.0,0.0,0.0,0.0,0.0,0.0,0.0,0.0,0.0,0.0,0.0,0.0,1.0,0.0,0.0,3756.347678571429,0.0,1.0,1.0,0.0,0.0,0.0,0.0,0.0,0.0,0.0035714285714285718,0.0035714285714285718,0.0,0.0,0.0,0.0,0.0,0.0,0.0
289,44.0,150.0,1.0,1.0,2.0,1.0,0.0,0.0,152.82214285714286,6597.335,0.0,0.0,0.0,0.0,300.0671428571428,298.7885714285714,3.0,2.0,324.8575,324.8575,178.57142857142858,0.0,143.8932142857143,5.0,5.0,2.0,0.0,2.0,0.0,1.0,1.0,0.0,6597.335,0.0,0.0,1.0,1.0,1.0,1.0,0.0,1.0,0.0,1.0,100.02238095238094,149.3942857142857,64.9715,64.9715,89.28571428571429,0.0,71.94660714285715,1.2785714285714107,0.0
293,21.0,76.0,1.0,0.0,0.0,0.0,0.0,0.0,183.78142857142856,0.0,0.0,0.0,0.0,0.0,537.5003571428572,537.5003571428572,8.0,8.0,293.8464285714286,293.8464285714286,267.85714285714283,23.310714285714287,0.0,11.0,11.0,7.0,2.0,0.0,0.0,0.0,0.0,0.0,0.0,0.0,0.0,1.0,1.0,0.0,1.0,0.0,1.0,1.0,0.0,67.18754464285715,67.18754464285715,26.71331168831169,26.71331168831169,38.265306122448976,11.655357142857143,0.0,0.0,0.0
296,16.0,36.0,1.0,0.0,0.0,0.0,0.0,0.0,281.0967857142857,0.0,0.0,0.0,0.0,0.0,0.0014285714285714286,0.0014285714285714286,1.0,1.0,3.392857142857143,3.392857142857143,0.0,0.0,0.0,1.0,1.0,0.0,0.0,0.0,1.0,0.0,0.0,0.0,0.0,0.0,0.0,1.0,1.0,0.0,1.0,0.0,0.0,0.0,0.0,0.0014285714285714286,0.0014285714285714286,3.392857142857143,3.392857142857143,0.0,0.0,0.0,0.0,0.0
299,28.0,137.0,1.0,0.0,8.0,0.0,0.0,0.0,136.69285714285715,0.0,0.0,0.0,0.0,0.0,0.008928571428571428,0.008928571428571428,1.0,1.0,0.0,0.0,0.0,0.0,0.0,0.0,0.0,0.0,0.0,0.0,0.0,0.0,1.0,0.0,0.0,0.0,0.0,1.0,1.0,0.0,0.0,0.0,0.0,0.0,0.0,0.008928571428571428,0.008928571428571428,0.0,0.0,0.0,0.0,0.0,0.0,0.0
3,17.0,140.0,1.0,0.0,1.0,0.0,0.0,0.0,482.65464285714285,0.0,107.25178571428572,0.0,0.0,0.0,1607.149642857143,1607.149642857143,4.0,4.0,123.75,123.75,0.0,112.85714285714286,10.678571428571429,3.0,3.0,0.0,1.0,1.0,1.0,0.0,1.0,0.0,0.0,107.25178571428572,0.0,1.0,1.0,0.0,1.0,0.0,0.0,1.0,1.0,401.7874107142857,401.7874107142857,41.25,41.25,0.0,112.85714285714286,10.678571428571429,0.0,0.0
30,54.0,2.0,1.0,1.0,2.0,1.0,1.0,0.0,162.48250000000002,0.32392857142857145,0.0,510.77964285714285,26.38357142857143,0.0,4911.420357142857,4839.809642857143,10.0,5.0,3119.2717857142857,2822.118214285714,528.5714285714286,378.5357142857143,2128.636785714286,44.0,19.0,4.0,26.0,9.0,1.0,1.0,1.0,0.0,0.32392857142857145,0.0,0.0,1.0,1.0,1.0,1.0,1.0,1.0,1.0,1.0,491.1420357142857,967.9619285714286,70.89254058441558,148.53253759398496,132.14285714285714,14.559065934065934,236.51519841269842,71.61071428571358,297.15357142857147
301,37.0,58.0,1.0,0.0,0.0,0.0,1.0,0.0,1231.4421428571427,0.0,0.0,0.0,506.28214285714284,0.0,188.83357142857145,3.5714285714285716,5.0,1.0,236.28,3.392857142857143,196.42857142857142,0.0,0.0,12.0,1.0,3.0,0.0,0.0,1.0,0.0,0.0,0.0,0.0,0.0,0.0,1.0,1.0,1.0,1.0,1.0,1.0,0.0,0.0,37.766714285714286,3.5714285714285716,19.69,3.392857142857143,65.47619047619047,0.0,0.0,185.26214285714286,232.88714285714286
307,32.0,151.0,1.0,2.0,3.0,0.0,0.0,0.0,1019.4682142857143,9017.009642857143,11980.378571428571,0.0,0.0,0.0,11.555000000000001,0.00035714285714285714,2.0,1.0,0.0,0.0,0.0,0.0,0.0,0.0,0.0,0.0,0.0,0.0,1.0,1.0,1.0,0.0,4508.504821428572,3993.459523809524,0.0,1.0,1.0,1.0,0.0,0.0,0.0,0.0,0.0,5.777500000000001,0.00035714285714285714,0.0,0.0,0.0,0.0,0.0,11.55464285714286,0.0
309,62.0,134.0,1.0,0.0,0.0,0.0,0.0,0.0,3116.8592857142858,0.0,0.0,0.0,0.0,0.0,0.06,0.06,1.0,1.0,3.392857142857143,3.392857142857143,0.0,0.0,0.0,1.0,1.0,0.0,0.0,0.0,0.0,0.0,0.0,0.0,0.0,0.0,0.0,1.0,1.0,0.0,1.0,0.0,0.0,0.0,0.0,0.06,0.06,3.392857142857143,3.392857142857143,0.0,0.0,0.0,0.0,0.0
311,20.0,181.0,1.0,0.0,3.0,0.0,0.0,0.0,5780.183928571429,0.0,22495.41178571429,0.0,0.0,0.0,1204.8660714285713,1204.8660714285713,3.0,3.0,724.6314285714286,724.6314285714286,0.0,0.0,721.3814285714286,11.0,11.0,0.0,0.0,10.0,1.0,0.0,1.0,0.0,0.0,7498.470595238096,0.0,1.0,1.0,0.0,1.0,0.0,0.0,0.0,1.0,401.6220238095238,401.6220238095238,65.87558441558441,65.87558441558441,0.0,0.0,72.13814285714287,0.0,0.0
312,71.0,57.0,2.0,0.0,0.0,1.0,0.0,0.0,306.6557142857143,0.0,0.0,0.0,0.0,0.0,774.1910714285714,774.1910714285714,2.0,2.0,654.6153571428571,654.6153571428571,142.85714285714286,147.36535714285714,361.35714285714283,15.0,15.0,1.0,4.0,9.0,0.0,0.0,0.0,0.0,0.0,0.0,0.0,1.0,1.0,0.0,1.0,0.0,1.0,1.0,1.0,387.0955357142857,387.0955357142857,43.64102380952381,43.64102380952381,142.85714285714286,36.841339285714284,40.150793650793645,0.0,0.0
313,47.0,61.0,2.0,0.0,0.0,1.0,0.0,0.0,0.0,0.0,0.0,0.0,0.0,0.0,0.0025,0.0025,1.0,1.0,0.0,0.0,0.0,0.0,0.0,0.0,0.0,0.0,0.0,0.0,1.0,0.0,0.0,0.0,0.0,0.0,0.0,1.0,1.0,0.0,0.0,0.0,0.0,0.0,0.0,0.0025,0.0025,0.0,0.0,0.0,0.0,0.0,0.0,0.0
314,42.0,150.0,1.0,1.0,4.0,0.0,0.0,0.0,3948.0425,3.3103571428571428,714285.7142857143,0.0,0.0,0.0,820.8557142857143,816.6614285714286,3.0,2.0,2215.785714285714,2215.785714285714,0.0,0.0,394.35714285714283,8.0,8.0,0.0,0.0,6.0,1.0,1.0,1.0,0.0,3.3103571428571428,178571.42857142858,0.0,1.0,1.0,1.0,1.0,0.0,0.0,0.0,1.0,273.61857142857144,408.3307142857143,276.9732142857143,276.9732142857143,0.0,0.0,65.72619047619047,4.194285714285684,0.0
318,17.0,77.0,1.0,0.0,0.0,0.0,0.0,0.0,5254.225357142857,0.0,0.0,0.0,0.0,0.0,0.002857142857142857,0.002857142857142857,1.0,1.0,0.0,0.0,0.0,0.0,0.0,0.0,0.0,0.0,0.0,0.0,0.0,0.0,0.0,0.0,0.0,0.0,0.0,1.0,1.0,0.0,0.0,0.0,0.0,0.0,0.0,0.002857142857142857,0.002857142857142857,0.0,0.0,0.0,0.0,0.0,0.0,0.0
32,29.0,15.0,2.0,0.0,0.0,1.0,0.0,1.0,12295.25857142857,0.0,0.0,0.0,0.0,14708.57142857143,2402.4021428571427,1591.587857142857,11.0,8.0,2303.747142857143,1591.587857142857,385.7142857142857,0.0,280.2857142857143,18.0,10.0,4.0,0.0,2.0,1.0,0.0,0.0,1.0,0.0,0.0,14708.57142857143,1.0,1.0,1.0,1.0,1.0,1.0,0.0,1.0,218.4001948051948,198.94848214285713,127.98595238095238,159.1587857142857,96.42857142857143,0.0,140.14285714285714,810.8142857142857,712.1592857142859
325,33.0,167.0,1.0,0.0,0.0,0.0,0.0,2.0,38.901785714285715,0.0,0.0,0.0,0.0,5285.632142857144,1563.5335714285716,1491.3314285714284,8.0,7.0,1536.2178571428572,1535.1464285714285,0.0,0.0,1185.75,18.0,17.0,0.0,0.0,13.0,1.0,0.0,0.0,1.0,0.0,0.0,2642.816071428572,1.0,1.0,1.0,1.0,1.0,0.0,0.0,1.0,195.44169642857145,213.0473469387755,85.34543650793651,90.30273109243697,0.0,0.0,91.21153846153847,72.20214285714314,1.0714285714286689
326,33.0,129.0,1.0,0.0,1.0,0.0,0.0,0.0,30.425,0.0,0.0,0.0,0.0,0.0,0.022857142857142857,0.022857142857142857,1.0,1.0,757.0714285714286,757.0714285714286,0.0,0.0,752.9642857142857,3.0,3.0,0.0,0.0,2.0,1.0,0.0,1.0,0.0,0.0,0.0,0.0,1.0,1.0,0.0,1.0,0.0,0.0,0.0,1.0,0.022857142857142857,0.022857142857142857,252.35714285714286,252.35714285714286,0.0,0.0,376.48214285714283,0.0,0.0
329,18.0,149.0,1.0,1.0,0.0,0.0,0.0,0.0,0.0,7837.5992857142855,0.0,0.0,0.0,0.0,264.34714285714284,192.85714285714286,5.0,3.0,299.9114285714286,192.76857142857145,114.28571428571429,0.0,7.142857142857143,5.0,4.0,2.0,0.0,1.0,0.0,1.0,0.0,0.0,7837.5992857142855,0.0,0.0,1.0,1.0,1.0,1.0,1.0,1.0,0.0,1.0,52.86942857142857,64.28571428571429,59.982285714285716,48.19214285714286,57.142857142857146,0.0,7.142857142857143,71.48999999999998,107.14285714285714
330,34.0,2.0,1.0,0.0,1.0,0.0,0.0,0.0,380.0489285714286,0.0,0.0,0.0,0.0,0.0,18693.254285714287,18693.254285714287,3.0,3.0,17948.5,17948.5,0.0,0.0,17946.428571428572,4.0,4.0,0.0,0.0,3.0,1.0,0.0,1.0,0.0,0.0,0.0,0.0,1.0,1.0,0.0,1.0,0.0,0.0,0.0,1.0,6231.084761904763,6231.084761904763,4487.125,4487.125,0.0,0.0,5982.142857142858,0.0,0.0
331,43.0,160.0,1.0,0.0,0.0,0.0,0.0,0.0,0.0,0.0,0.0,0.0,0.0,0.0,535.72,535.72,2.0,2.0,729.1899999999999,729.1899999999999,471.42857142857144,249.01142857142855,0.0,36.0,36.0,13.0,16.0,0.0,0.0,0.0,0.0,0.0,0.0,0.0,0.0,1.0,1.0,0.0,1.0,0.0,1.0,1.0,0.0,267.86,267.86,20.255277777777778,20.255277777777778,36.26373626373626,15.563214285714285,0.0,0.0,0.0
332,73.0,37.0,1.0,0.0,0.0,0.0,0.0,0.0,80.32857142857142,0.0,0.0,0.0,0.0,0.0,94.07821428571428,94.07821428571428,2.0,2.0,295.95142857142855,295.95142857142855,0.0,115.95142857142856,178.57142857142858,4.0,4.0,0.0,2.0,1.0,1.0,0.0,0.0,0.0,0.0,0.0,0.0,1.0,1.0,0.0,1.0,0.0,0.0,1.0,1.0,47.03910714285714,47.03910714285714,73.98785714285714,73.98785714285714,0.0,57.97571428571428,178.57142857142858,0.0,0.0
333,33.0,203.0,1.0,0.0,0.0,0.0,0.0,0.0,97.43107142857143,0.0,0.0,0.0,0.0,0.0,428.21535714285716,428.21535714285716,2.0,2.0,405.0482142857143,405.0482142857143,232.14285714285714,141.7982142857143,27.142857142857142,12.0,12.0,2.0,5.0,2.0,1.0,0.0,0.0,0.0,0.0,0.0,0.0,1.0,1.0,0.0,1.0,0.0,1.0,1.0,1.0,214.10767857142858,214.10767857142858,33.75401785714286,33.75401785714286,116.07142857142857,28.35964285714286,13.571428571428571,0.0,0.0
336,69.0,186.0,1.0,1.0,0.0,1.0,1.0,0.0,28.7925,989.6374999999999,0.0,0.0,531.7671428571429,0.0,500.20714285714286,446.9746428571429,13.0,9.0,556.9128571428571,488.9389285714286,196.42857142857142,130.63357142857143,106.25,27.0,19.0,4.0,5.0,5.0,1.0,1.0,0.0,0.0,989.6374999999999,0.0,0.0,1.0,1.0,1.0,1.0,1.0,1.0,1.0,1.0,38.47747252747253,49.66384920634921,20.626402116402115,25.733627819548875,49.107142857142854,26.126714285714286,21.25,53.23249999999996,67.97392857142847
338,27.0,152.0,1.0,0.0,0.0,0.0,0.0,0.0,1889.4114285714284,0.0,0.0,0.0,0.0,0.0,608.7025,608.7025,4.0,4.0,870.1785714285714,870.1785714285714,0.0,411.14285714285717,452.57142857142856,11.0,11.0,0.0,2.0,6.0,0.0,0.0,0.0,0.0,0.0,0.0,0.0,1.0,1.0,0.0,1.0,0.0,0.0,1.0,1.0,152.175625,152.175625,79.10714285714286,79.10714285714286,0.0,205.57142857142858,75.42857142857143,0.0,0.0
340,76.0,80.0,1.0,1.0,0.0,0.0,0.0,0.0,2380.0457142857144,50040.89178571429,0.0,0.0,0.0,0.0,4428.6725,4428.661428571429,3.0,2.0,52.642857142857146,52.642857142857146,0.0,49.607142857142854,0.0,3.0,3.0,0.0,2.0,0.0,0.0,1.0,0.0,0.0,50040.89178571429,0.0,0.0,1.0,1.0,1.0,1.0,0.0,0.0,1.0,0.0,1476.2241666666666,2214.3307142857143,17.547619047619047,17.547619047619047,0.0,24.803571428571427,0.0,0.011071428571085562,0.0
342,26.0,203.0,1.0,0.0,5.0,0.0,0.0,1.0,5435.9007142857145,0.0,9499.57142857143,0.0,0.0,14516.524285714286,1365.1285714285714,1307.3364285714285,4.0,3.0,735.5892857142857,732.375,260.7142857142857,305.30357142857144,94.78571428571429,22.0,21.0,3.0,12.0,3.0,0.0,0.0,1.0,1.0,0.0,1899.9142857142858,14516.524285714286,1.0,1.0,1.0,1.0,1.0,1.0,1.0,1.0,341.28214285714284,435.7788095238095,33.43587662337662,34.875,86.90476190476191,25.44196428571429,31.5952380952381,57.792142857142835,3.2142857142856656
345,56.0,111.0,1.0,0.0,0.0,1.0,0.0,0.0,11166.44607142857,0.0,0.0,0.0,0.0,0.0,2110.190714285714,2110.190714285714,4.0,4.0,2117.182142857143,2117.182142857143,28.571428571428573,17.821428571428573,1470.7142857142858,8.0,8.0,1.0,1.0,2.0,1.0,0.0,0.0,0.0,0.0,0.0,0.0,1.0,1.0,0.0,1.0,0.0,1.0,1.0,1.0,527.5476785714285,527.5476785714285,264.64776785714287,264.64776785714287,28.571428571428573,17.821428571428573,735.3571428571429,0.0,0.0
347,46.0,80.0,1.0,0.0,0.0,0.0,0.0,0.0,6444.010714285714,0.0,0.0,0.0,0.0,0.0,19035.63892857143,19035.63892857143,6.0,6.0,13870.578571428572,13870.578571428572,1303.5714285714287,97.50714285714285,12469.5,19.0,19.0,5.0,3.0,11.0,0.0,0.0,0.0,0.0,0.0,0.0,0.0,1.0,1.0,0.0,1.0,0.0,1.0,1.0,1.0,3172.606488095238,3172.606488095238,730.0304511278196,730.0304511278196,260.7142857142857,32.50238095238095,1133.590909090909,0.0,0.0
350,4.0,218.0,1.0,0.0,0.0,1.0,0.0,0.0,0.0,0.0,0.0,0.0,0.0,0.0,2467.1257142857144,1664.4914285714287,28.0,22.0,2338.3753571428574,1539.4914285714287,375.0,0.0,357.75,36.0,20.0,4.0,0.0,7.0,0.0,0.0,0.0,0.0,0.0,0.0,0.0,1.0,1.0,1.0,1.0,1.0,1.0,0.0,1.0,88.11163265306122,75.6587012987013,64.95487103174604,76.97457142857144,93.75,0.0,51.107142857142854,802.6342857142856,798.8839285714287
352,38.0,194.0,1.0,1.0,0.0,0.0,0.0,0.0,1833.3382142857142,219368.6464285714,0.0,0.0,0.0,0.0,421.76392857142855,413.0110714285714,4.0,2.0,424.2260714285714,424.2260714285714,142.85714285714286,196.69035714285715,81.28571428571429,14.0,14.0,1.0,8.0,4.0,1.0,1.0,0.0,0.0,219368.6464285714,0.0,0.0,1.0,1.0,1.0,1.0,0.0,1.0,1.0,1.0,105.44098214285714,206.5055357142857,30.301862244897958,30.301862244897958,142.85714285714286,24.586294642857144,20.321428571428573,8.752857142857124,0.0
353,61.0,150.0,1.0,1.0,1.0,0.0,0.0,0.0,985.76,1437.1467857142857,39006.6,0.0,0.0,0.0,3823.3117857142856,2557.217857142857,16.0,9.0,2852.7439285714286,2495.6010714285717,200.0,712.8175,1553.5357142857142,71.0,69.0,6.0,33.0,26.0,1.0,1.0,1.0,0.0,1437.1467857142857,39006.6,0.0,1.0,1.0,1.0,1.0,1.0,1.0,1.0,1.0,238.95698660714285,284.1353174603175,40.17949195171026,36.1681314699793,33.333333333333336,21.600530303030304,59.75137362637362,1266.0939285714285,357.1428571428569
354,43.0,68.0,1.0,1.0,1.0,0.0,0.0,0.0,371.3732142857143,27122.085714285717,0.0,0.0,0.0,0.0,1554.0292857142856,1553.4850000000001,9.0,8.0,1346.287857142857,1346.287857142857,317.85714285714283,961.6450000000001,63.392857142857146,44.0,44.0,4.0,37.0,2.0,1.0,1.0,1.0,0.0,27122.085714285717,0.0,0.0,1.0,1.0,1.0,1.0,0.0,1.0,1.0,1.0,172.66992063492063,194.18562500000002,30.597451298701298,30.597451298701298,79.46428571428571,25.990405405405408,31.696428571428573,0.5442857142854791,0.0
356,48.0,33.0,1.0,0.0,0.0,0.0,0.0,0.0,325.75,0.0,0.0,0.0,0.0,0.0,357.03749999999997,357.03749999999997,3.0,3.0,435.30357142857144,435.30357142857144,307.14285714285717,56.982142857142854,71.17857142857143,16.0,16.0,10.0,3.0,3.0,1.0,0.0,0.0,0.0,0.0,0.0,0.0,1.0,1.0,0.0,1.0,0.0,1.0,1.0,1.0,119.01249999999999,119.01249999999999,27.206473214285715,27.206473214285715,30.714285714285715,18.994047619047617,23.726190476190478,0.0,0.0
357,5.0,39.0,1.0,0.0,0.0,0.0,0.0,0.0,296.3975,0.0,0.0,0.0,0.0,0.0,0.002857142857142857,0.002857142857142857,1.0,1.0,349.83214285714286,349.83214285714286,0.0,0.0,0.0,3.0,3.0,0.0,0.0,0.0,1.0,0.0,0.0,0.0,0.0,0.0,0.0,1.0,1.0,0.0,1.0,0.0,0.0,0.0,0.0,0.002857142857142857,0.002857142857142857,116.61071428571428,116.61071428571428,0.0,0.0,0.0,0.0,0.0
358,38.0,181.0,1.0,0.0,0.0,0.0,0.0,0.0,0.2425,0.0,0.0,0.0,0.0,0.0,0.0032142857142857142,0.0032142857142857142,1.0,1.0,3.392857142857143,3.392857142857143,0.0,0.0,0.0,1.0,1.0,0.0,0.0,0.0,0.0,0.0,0.0,0.0,0.0,0.0,0.0,1.0,1.0,0.0,1.0,0.0,0.0,0.0,0.0,0.0032142857142857142,0.0032142857142857142,3.392857142857143,3.392857142857143,0.0,0.0,0.0,0.0,0.0
359,30.0,12.0,1.0,1.0,0.0,1.0,0.0,0.0,491.96214285714285,10719.377857142857,0.0,0.0,0.0,0.0,922.3646428571428,850.9296428571428,6.0,3.0,887.8485714285714,852.1342857142856,35.714285714285715,71.42857142857143,744.9914285714285,14.0,13.0,1.0,1.0,11.0,1.0,1.0,0.0,0.0,10719.377857142857,0.0,0.0,1.0,1.0,1.0,1.0,1.0,1.0,1.0,1.0,153.72744047619048,283.64321428571424,63.417755102040815,65.5487912087912,35.714285714285715,71.42857142857143,67.7264935064935,71.43500000000006,35.71428571428578
362,46.0,99.0,3.0,1.0,0.0,1.0,0.0,0.0,677.8960714285714,3436.7785714285715,0.0,0.0,0.0,0.0,2119.220357142857,1590.4657142857143,21.0,18.0,2208.1378571428572,1672.422857142857,214.28571428571428,238.58928571428572,443.14285714285717,46.0,30.0,4.0,15.0,5.0,0.0,1.0,0.0,0.0,3436.7785714285715,0.0,0.0,1.0,1.0,1.0,1.0,1.0,1.0,1.0,1.0,100.91525510204082,88.35920634920635,48.00299689440994,55.74742857142857,53.57142857142857,15.905952380952382,88.62857142857143,528.7546428571429,535.7150000000001
364,37.0,96.0,1.0,0.0,0.0,0.0,0.0,0.0,618.7103571428571,0.0,0.0,0.0,0.0,0.0,948.4732142857143,948.4732142857143,4.0,4.0,1456.2857142857142,1456.2857142857142,707.1428571428571,318.75,428.9642857142857,10.0,10.0,4.0,2.0,3.0,1.0,0.0,0.0,0.0,0.0,0.0,0.0,1.0,1.0,0.0,1.0,0.0,1.0,1.0,1.0,237.11830357142858,237.11830357142858,145.62857142857143,145.62857142857143,176.78571428571428,159.375,142.98809523809524,0.0,0.0
367,42.0,3.0,1.0,0.0,0.0,0.0,0.0,0.0,679.6328571428572,0.0,0.0,0.0,0.0,0.0,0.008928571428571428,0.008928571428571428,1.0,1.0,12.678571428571429,12.678571428571429,0.0,0.0,10.714285714285714,2.0,2.0,0.0,0.0,1.0,0.0,0.0,0.0,0.0,0.0,0.0,0.0,1.0,1.0,0.0,1.0,0.0,0.0,0.0,1.0,0.008928571428571428,0.008928571428571428,6.339285714285714,6.339285714285714,0.0,0.0,10.714285714285714,0.0,0.0
368,73.0,11.0,1.0,0.0,0.0,0.0,0.0,0.0,17.91857142857143,0.0,0.0,0.0,0.0,0.0,0.005,0.005,1.0,1.0,0.0,0.0,0.0,0.0,0.0,0.0,0.0,0.0,0.0,0.0,1.0,0.0,0.0,0.0,0.0,0.0,0.0,1.0,1.0,0.0,0.0,0.0,0.0,0.0,0.0,0.005,0.005,0.0,0.0,0.0,0.0,0.0,0.0,0.0
369,59.0,39.0,1.0,0.0,0.0,0.0,0.0,1.0,383.25857142857143,0.0,0.0,0.0,0.0,1001.63,1217.8728571428571,1017.8675000000001,4.0,3.0,770.2142857142857,754.3571428571429,0.0,0.0,457.57142857142856,8.0,6.0,0.0,0.0,4.0,1.0,0.0,0.0,1.0,0.0,0.0,1001.63,1.0,1.0,1.0,1.0,1.0,0.0,0.0,1.0,304.4682142857143,339.2891666666667,96.27678571428571,125.72619047619048,0.0,0.0,114.39285714285714,200.00535714285706,15.857142857142776
373,39.0,7.0,1.0,0.0,0.0,0.0,0.0,0.0,0.0,0.0,0.0,0.0,0.0,0.0,687.5739285714286,687.5739285714286,2.0,2.0,675.8214285714286,675.8214285714286,457.14285714285717,0.0,211.0,21.0,21.0,12.0,0.0,3.0,1.0,0.0,0.0,0.0,0.0,0.0,0.0,1.0,1.0,0.0,1.0,0.0,1.0,0.0,1.0,343.7869642857143,343.7869642857143,32.18197278911565,32.18197278911565,38.095238095238095,0.0,70.33333333333333,0.0,0.0
375,64.0,149.0,1.0,0.0,0.0,1.0,0.0,0.0,878.4867857142857,0.0,0.0,0.0,0.0,0.0,15.125714285714285,9.366428571428571,3.0,2.0,18.732857142857142,9.366428571428571,0.0,0.0,0.0,4.0,2.0,0.0,0.0,0.0,1.0,0.0,0.0,0.0,0.0,0.0,0.0,1.0,1.0,1.0,1.0,1.0,0.0,0.0,0.0,5.041904761904761,4.6832142857142856,4.6832142857142856,4.6832142857142856,0.0,0.0,0.0,5.7592857142857135,9.366428571428571
379,69.0,150.0,1.0,1.0,6.0,0.0,0.0,0.0,7.869642857142857,606.1792857142857,23214.285714285714,0.0,0.0,0.0,3.7842857142857143,0.016071428571428573,2.0,1.0,1.9642857142857142,1.9642857142857142,0.0,0.0,0.0,1.0,1.0,0.0,0.0,0.0,1.0,1.0,1.0,0.0,606.1792857142857,3869.047619047619,0.0,1.0,1.0,1.0,1.0,0.0,0.0,0.0,0.0,1.8921428571428571,0.016071428571428573,1.9642857142857142,1.9642857142857142,0.0,0.0,0.0,3.7682142857142855,0.0
381,81.0,19.0,1.0,0.0,0.0,0.0,0.0,0.0,10.528214285714286,0.0,0.0,0.0,0.0,0.0,8712.447857142857,8712.447857142857,7.0,7.0,4236.802142857143,4236.802142857143,507.67857142857144,92.85714285714286,3609.2639285714286,28.0,28.0,2.0,1.0,21.0,1.0,0.0,0.0,0.0,0.0,0.0,0.0,1.0,1.0,0.0,1.0,0.0,1.0,1.0,1.0,1244.6354081632653,1244.6354081632653,151.31436224489795,151.31436224489795,253.83928571428572,92.85714285714286,171.86971088435374,0.0,0.0
382,29.0,150.0,1.0,1.0,0.0,0.0,0.0,0.0,90.27,46085.245,0.0,0.0,0.0,0.0,0.20964285714285716,0.00035714285714285714,2.0,1.0,17.857142857142858,17.857142857142858,17.857142857142858,0.0,0.0,1.0,1.0,1.0,0.0,0.0,1.0,1.0,0.0,0.0,46085.245,0.0,0.0,1.0,1.0,1.0,1.0,0.0,1.0,0.0,0.0,0.10482142857142858,0.00035714285714285714,17.857142857142858,17.857142857142858,17.857142857142858,0.0,0.0,0.2092857142857143,0.0
383,31.0,3.0,1.0,0.0,0.0,1.0,0.0,2.0,695.5,0.0,0.0,40.25714285714286,0.0,353.0857142857143,2272.3571428571427,2212.0064285714284,28.0,27.0,2580.7514285714283,2578.6442857142856,1428.5714285714287,320.74642857142857,605.0714285714286,31.0,30.0,2.0,10.0,12.0,0.0,0.0,0.0,1.0,0.0,0.0,176.54285714285714,1.0,1.0,1.0,1.0,1.0,1.0,1.0,1.0,81.15561224489795,81.92616402116401,83.2500460829493,85.95480952380952,714.2857142857143,32.074642857142855,50.422619047619044,60.350714285714275,2.1071428571426623
386,60.0,11.0,1.0,1.0,0.0,0.0,0.0,0.0,7070.925357142857,10.741785714285713,0.0,0.0,0.0,0.0,664.0621428571429,662.795,5.0,4.0,573.8739285714286,573.8739285714286,142.85714285714286,193.90964285714287,235.64285714285714,21.0,21.0,2.0,13.0,4.0,1.0,1.0,0.0,0.0,10.741785714285713,0.0,0.0,1.0,1.0,1.0,1.0,0.0,1.0,1.0,1.0,132.8124285714286,165.69875,27.327329931972788,27.327329931972788,71.42857142857143,14.916126373626375,58.910714285714285,1.2671428571429715,0.0
389,43.0,158.0,1.0,1.0,28.0,0.0,0.0,0.0,25.2175,100639.68107142857,0.0,0.0,0.0,0.0,849.5935714285714,846.0878571428572,4.0,3.0,670.8214285714286,670.8214285714286,642.8571428571429,0.0,26.428571428571427,6.0,6.0,2.0,0.0,1.0,1.0,1.0,1.0,0.0,100639.68107142857,0.0,0.0,1.0,1.0,1.0,1.0,0.0,1.0,0.0,1.0,212.39839285714285,282.0292857142857,111.80357142857143,111.80357142857143,321.42857142857144,0.0,26.428571428571427,3.505714285714248,0.0
39,78.0,51.0,1.0,0.0,0.0,0.0,0.0,1.0,1548.2375,0.0,0.0,0.0,0.0,286.72357142857146,670.2682142857142,615.5467857142858,4.0,3.0,756.5846428571429,747.6917857142856,196.42857142857142,336.8703571428572,71.42857142857143,35.0,33.0,1.0,28.0,1.0,1.0,0.0,0.0,1.0,0.0,0.0,286.72357142857146,1.0,1.0,1.0,1.0,1.0,1.0,1.0,1.0,167.56705357142854,205.18226190476193,21.61670408163265,22.657326839826837,196.42857142857142,12.031084183673471,71.42857142857143,54.72142857142842,8.892857142857224
392,27.0,80.0,1.0,1.0,1.0,0.0,1.0,0.0,3365.341785714286,10933.073214285714,0.0,0.0,520.5289285714285,0.0,12490.675000000001,8719.966071428571,12.0,9.0,6474.882857142858,2903.4542857142856,0.0,329.2757142857143,2574.1785714285716,19.0,18.0,0.0,2.0,16.0,1.0,1.0,1.0,0.0,10933.073214285714,0.0,0.0,1.0,1.0,1.0,1.0,1.0,0.0,1.0,1.0,1040.8895833333333,968.885119047619,340.78330827067674,161.30301587301585,0.0,164.63785714285714,160.88616071428572,3770.70892857143,3571.428571428572
394,7.0,150.0,1.0,0.0,0.0,1.0,0.0,1.0,3770.360357142857,0.0,0.0,0.0,0.0,2557.0525000000002,1916.1732142857143,1447.920357142857,29.0,24.0,1897.702857142857,1378.9975,0.0,349.5678571428571,525.1607142857143,53.0,33.0,0.0,18.0,9.0,1.0,0.0,0.0,1.0,0.0,0.0,2557.0525000000002,1.0,1.0,1.0,1.0,1.0,0.0,1.0,1.0,66.07493842364532,60.330014880952376,35.80571428571428,41.78780303030303,0.0,19.420436507936508,58.35119047619048,468.25285714285724,518.7053571428571
396,26.0,96.0,1.0,0.0,0.0,0.0,0.0,0.0,5669.983928571428,0.0,0.0,0.0,0.0,0.0,428.57178571428574,428.57178571428574,2.0,2.0,461.87857142857143,461.87857142857143,17.857142857142858,19.021428571428572,425.0,6.0,6.0,1.0,3.0,2.0,0.0,0.0,0.0,0.0,0.0,0.0,0.0,1.0,1.0,0.0,1.0,0.0,1.0,1.0,1.0,214.28589285714287,214.28589285714287,76.9797619047619,76.9797619047619,17.857142857142858,6.340476190476191,212.5,0.0,0.0
4,24.0,153.0,1.0,1.0,0.0,0.0,1.0,0.0,1599.8407142857143,76.43714285714285,0.0,0.0,1110.3817857142856,0.0,1872.4835714285714,1822.589642857143,9.0,4.0,3614.7475,3598.9503571428572,714.2857142857143,526.0375,1963.1653571428571,41.0,36.0,6.0,12.0,13.0,1.0,1.0,0.0,0.0,76.43714285714285,0.0,0.0,1.0,1.0,1.0,1.0,1.0,1.0,1.0,1.0,208.05373015873016,455.64741071428574,88.1645731707317,99.97084325396825,119.04761904761905,43.83645833333333,151.01271978021978,49.89392857142843,15.797142857142717
400,80.0,33.0,1.0,0.0,0.0,0.0,0.0,0.0,402.31857142857143,0.0,0.0,0.0,0.0,0.0,419.71714285714285,419.71714285714285,2.0,2.0,2713.1785714285716,2713.1785714285716,0.0,0.0,206.07142857142858,7.0,7.0,0.0,0.0,4.0,0.0,0.0,0.0,0.0,0.0,0.0,0.0,1.0,1.0,0.0,1.0,0.0,0.0,0.0,1.0,209.85857142857142,209.85857142857142,387.59693877551024,387.59693877551024,0.0,0.0,51.517857142857146,0.0,0.0
401,38.0,37.0,1.0,0.0,0.0,0.0,1.0,0.0,1439.3242857142857,0.0,0.0,0.0,523.3464285714286,0.0,647.2542857142856,644.8639285714286,6.0,2.0,2710.29,2608.029285714286,1771.4285714285713,144.9607142857143,785.0435714285715,41.0,35.0,13.0,4.0,10.0,0.0,0.0,0.0,0.0,0.0,0.0,0.0,1.0,1.0,1.0,1.0,1.0,1.0,1.0,1.0,107.87571428571427,322.4319642857143,66.10463414634147,74.5151224489796,136.26373626373626,36.24017857142857,78.50435714285715,2.390357142857056,102.26071428571413
403,19.0,63.0,1.0,0.0,0.0,0.0,0.0,0.0,1705.675,0.0,0.0,0.0,0.0,0.0,681.6439285714285,681.6439285714285,8.0,8.0,686.4660714285714,686.4660714285714,250.0,114.59035714285714,321.14285714285717,22.0,22.0,8.0,9.0,4.0,0.0,0.0,0.0,0.0,0.0,0.0,0.0,1.0,1.0,0.0,1.0,0.0,1.0,1.0,1.0,85.20549107142857,85.20549107142857,31.203003246753244,31.203003246753244,31.25,12.732261904761906,80.28571428571429,0.0,0.0
406,31.0,32.0,1.0,0.0,0.0,0.0,0.0,0.0,3481.3732142857143,0.0,0.0,0.0,0.0,0.0,829.2332142857142,829.2332142857142,2.0,2.0,517.3571428571429,517.3571428571429,410.7142857142857,16.071428571428573,83.25,11.0,11.0,3.0,1.0,4.0,0.0,0.0,0.0,0.0,0.0,0.0,0.0,1.0,1.0,0.0,1.0,0.0,1.0,1.0,1.0,414.6166071428571,414.6166071428571,47.032467532467535,47.032467532467535,136.9047619047619,16.071428571428573,20.8125,0.0,0.0
409,31.0,91.0,1.0,0.0,0.0,1.0,0.0,0.0,348.40285714285716,0.0,0.0,0.0,0.0,0.0,469.1796428571429,469.1796428571429,3.0,3.0,465.09285714285716,465.09285714285716,178.57142857142858,11.414285714285715,271.7142857142857,12.0,12.0,1.0,1.0,9.0,1.0,0.0,0.0,0.0,0.0,0.0,0.0,1.0,1.0,0.0,1.0,0.0,1.0,1.0,1.0,156.3932142857143,156.3932142857143,38.757738095238096,38.757738095238096,178.57142857142858,11.414285714285715,30.19047619047619,0.0,0.0
41,20.0,198.0,1.0,0.0,0.0,1.0,0.0,0.0,194.9557142857143,0.0,0.0,1373.3428571428572,0.0,0.0,1638.6285714285714,1638.6285714285714,4.0,4.0,948.9107142857143,948.9107142857143,310.7142857142857,523.9107142857143,107.14285714285714,18.0,18.0,6.0,7.0,1.0,1.0,0.0,0.0,0.0,0.0,0.0,0.0,1.0,1.0,0.0,1.0,0.0,1.0,1.0,1.0,409.65714285714284,409.65714285714284,52.717261904761905,52.717261904761905,51.785714285714285,74.84438775510205,107.14285714285714,0.0,0.0
410,17.0,27.0,1.0,1.0,1.0,0.0,0.0,0.0,156.84642857142856,6231.441428571428,10837.752142857144,0.0,0.0,0.0,12.180357142857144,0.02107142857142857,2.0,1.0,8.928571428571429,8.928571428571429,0.0,0.0,0.0,1.0,1.0,0.0,0.0,0.0,1.0,1.0,1.0,0.0,6231.441428571428,10837.752142857144,0.0,1.0,1.0,1.0,1.0,0.0,0.0,0.0,0.0,6.090178571428572,0.02107142857142857,8.928571428571429,8.928571428571429,0.0,0.0,0.0,12.159285714285716,0.0
411,74.0,33.0,1.0,0.0,4.0,0.0,1.0,1.0,37207.974285714285,0.0,0.0,0.0,2.357142857142857,6852.941071428571,1164.6060714285716,1063.3246428571429,6.0,2.0,1661.4567857142858,1639.2017857142857,232.14285714285714,304.875,484.4642857142857,41.0,36.0,5.0,12.0,12.0,1.0,0.0,1.0,1.0,0.0,0.0,6852.941071428571,1.0,1.0,1.0,1.0,1.0,1.0,1.0,1.0,194.10101190476192,531.6623214285714,40.5233362369338,45.533382936507934,46.42857142857143,25.40625,40.37202380952381,101.2814285714287,22.25500000000011
419,33.0,82.0,1.0,0.0,0.0,1.0,0.0,0.0,352.78214285714284,0.0,0.0,0.0,0.0,0.0,1406.4907142857141,934.3846428571429,7.0,5.0,1404.4835714285714,934.3846428571429,0.0,0.0,0.0,9.0,5.0,0.0,0.0,0.0,0.0,0.0,0.0,0.0,0.0,0.0,0.0,1.0,1.0,1.0,1.0,1.0,0.0,0.0,0.0,200.92724489795916,186.87692857142858,156.05373015873016,186.87692857142858,0.0,0.0,0.0,472.1060714285712,470.0989285714285
423,52.0,151.0,1.0,0.0,0.0,0.0,0.0,0.0,13.65,0.0,0.0,0.0,0.0,0.0,298.95464285714286,298.95464285714286,1.0,1.0,292.63500000000005,292.63500000000005,0.0,0.0,0.0,3.0,3.0,0.0,0.0,0.0,0.0,0.0,0.0,0.0,0.0,0.0,0.0,1.0,1.0,0.0,1.0,0.0,0.0,0.0,0.0,298.95464285714286,298.95464285714286,97.54500000000002,97.54500000000002,0.0,0.0,0.0,0.0,0.0
426,42.0,10.0,1.0,0.0,0.0,0.0,0.0,0.0,515.7646428571428,0.0,0.0,0.0,0.0,0.0,2163.4014285714284,2163.4014285714284,3.0,3.0,473.4642857142857,473.4642857142857,178.57142857142858,0.0,291.64285714285717,15.0,15.0,5.0,0.0,6.0,1.0,0.0,0.0,0.0,0.0,0.0,0.0,1.0,1.0,0.0,1.0,0.0,1.0,0.0,1.0,721.1338095238094,721.1338095238094,31.564285714285713,31.564285714285713,35.714285714285715,0.0,48.60714285714286,0.0,0.0
427,25.0,20.0,1.0,0.0,0.0,0.0,0.0,0.0,1194.0639285714285,0.0,0.0,0.0,0.0,0.0,0.004285714285714286,0.004285714285714286,1.0,1.0,33.30714285714286,33.30714285714286,0.0,32.98571428571429,0.0,5.0,5.0,0.0,4.0,0.0,1.0,0.0,0.0,0.0,0.0,0.0,0.0,1.0,1.0,0.0,1.0,0.0,0.0,1.0,0.0,0.004285714285714286,0.004285714285714286,6.661428571428571,6.661428571428571,0.0,8.246428571428572,0.0,0.0,0.0
429,59.0,69.0,1.0,0.0,1.0,0.0,0.0,1.0,1721.3514285714284,0.0,0.0,0.0,0.0,901.5175,538.3939285714285,194.64392857142857,6.0,5.0,473.7539285714286,473.7539285714286,0.0,53.57142857142857,76.4325,5.0,5.0,0.0,1.0,3.0,0.0,0.0,1.0,1.0,0.0,0.0,901.5175,1.0,1.0,1.0,1.0,0.0,0.0,1.0,1.0,89.73232142857142,38.928785714285716,94.75078571428573,94.75078571428573,0.0,53.57142857142857,25.477500000000003,343.75,0.0
430,52.0,134.0,1.0,0.0,0.0,0.0,0.0,0.0,2.447142857142857,0.0,0.0,0.0,0.0,0.0,7.142857142857143,7.142857142857143,1.0,1.0,7.142857142857143,7.142857142857143,7.142857142857143,0.0,0.0,1.0,1.0,1.0,0.0,0.0,1.0,0.0,0.0,0.0,0.0,0.0,0.0,1.0,1.0,0.0,1.0,0.0,1.0,0.0,0.0,7.142857142857143,7.142857142857143,7.142857142857143,7.142857142857143,7.142857142857143,0.0,0.0,0.0,0.0
431,21.0,208.0,1.0,0.0,0.0,0.0,0.0,0.0,38.55107142857143,0.0,0.0,0.0,0.0,0.0,0.00035714285714285714,0.00035714285714285714,1.0,1.0,1.9642857142857142,1.9642857142857142,0.0,0.0,0.0,1.0,1.0,0.0,0.0,0.0,1.0,0.0,0.0,0.0,0.0,0.0,0.0,1.0,1.0,0.0,1.0,0.0,0.0,0.0,0.0,0.00035714285714285714,0.00035714285714285714,1.9642857142857142,1.9642857142857142,0.0,0.0,0.0,0.0,0.0
432,53.0,13.0,1.0,1.0,1.0,1.0,0.0,0.0,11.142142857142858,1325.1767857142856,0.0,284.9132142857143,0.0,0.0,366.4189285714286,357.1542857142857,6.0,3.0,383.19571428571425,383.09749999999997,0.0,228.45464285714283,154.64285714285714,18.0,17.0,0.0,14.0,3.0,1.0,1.0,1.0,0.0,1325.1767857142856,0.0,0.0,1.0,1.0,1.0,1.0,1.0,0.0,1.0,1.0,61.06982142857143,119.05142857142857,21.288650793650792,22.535147058823526,0.0,16.3181887755102,51.547619047619044,9.26464285714286,0.0982142857142776
435,40.0,93.0,1.0,0.0,0.0,0.0,0.0,0.0,0.0,0.0,0.0,0.0,0.0,0.0,569.6071428571429,569.6071428571429,2.0,2.0,1200.876785714286,1200.876785714286,357.14285714285717,296.16285714285715,543.8567857142857,24.0,24.0,4.0,6.0,13.0,1.0,0.0,0.0,0.0,0.0,0.0,0.0,1.0,1.0,0.0,1.0,0.0,1.0,1.0,1.0,284.80357142857144,284.80357142857144,50.03653273809525,50.03653273809525,89.28571428571429,49.36047619047619,41.83513736263736,0.0,0.0
439,67.0,104.0,1.0,0.0,0.0,0.0,0.0,0.0,26.425,0.0,0.0,0.0,0.0,0.0,0.017499999999999998,0.017499999999999998,1.0,1.0,0.8928571428571429,0.8928571428571429,0.0,0.0,0.0,1.0,1.0,0.0,0.0,0.0,0.0,0.0,0.0,0.0,0.0,0.0,0.0,1.0,1.0,0.0,1.0,0.0,0.0,0.0,0.0,0.017499999999999998,0.017499999999999998,0.8928571428571429,0.8928571428571429,0.0,0.0,0.0,0.0,0.0
440,21.0,86.0,2.0,0.0,0.0,0.0,0.0,0.0,6129.028928571429,0.0,0.0,0.0,0.0,0.0,3700.5014285714283,3700.5014285714283,4.0,4.0,3191.3928571428573,3191.3928571428573,0.0,224.5,278.5,8.0,8.0,0.0,2.0,4.0,0.0,0.0,0.0,0.0,0.0,0.0,0.0,1.0,1.0,0.0,1.0,0.0,0.0,1.0,1.0,925.1253571428571,925.1253571428571,398.92410714285717,398.92410714285717,0.0,112.25,69.625,0.0,0.0
454,76.0,136.0,1.0,0.0,0.0,0.0,0.0,0.0,0.0,0.0,0.0,0.0,0.0,0.0,568.0375,568.0375,2.0,2.0,649.8142857142857,649.8142857142857,642.8571428571429,3.492857142857143,0.0,18.0,18.0,9.0,1.0,0.0,1.0,0.0,0.0,0.0,0.0,0.0,0.0,1.0,1.0,0.0,1.0,0.0,1.0,1.0,0.0,284.01875,284.01875,36.10079365079365,36.10079365079365,71.42857142857143,3.492857142857143,0.0,0.0,0.0
456,66.0,18.0,1.0,0.0,4.0,0.0,0.0,0.0,0.0,0.0,86589.77107142856,0.0,0.0,0.0,1953.654642857143,1953.654642857143,5.0,5.0,2375.1664285714287,2375.1664285714287,71.42857142857143,1381.9878571428574,921.75,20.0,20.0,1.0,11.0,8.0,1.0,0.0,1.0,0.0,0.0,21647.44276785714,0.0,1.0,1.0,0.0,1.0,0.0,1.0,1.0,1.0,390.7309285714286,390.7309285714286,118.75832142857143,118.75832142857143,71.42857142857143,125.63525974025976,115.21875,0.0,0.0
458,29.0,149.0,1.0,0.0,0.0,0.0,0.0,0.0,1744.0264285714286,0.0,0.0,0.0,0.0,0.0,11.786428571428571,11.786428571428571,2.0,2.0,32.142857142857146,32.142857142857146,32.142857142857146,0.0,0.0,2.0,2.0,2.0,0.0,0.0,0.0,0.0,0.0,0.0,0.0,0.0,0.0,1.0,1.0,0.0,1.0,0.0,1.0,0.0,0.0,5.8932142857142855,5.8932142857142855,16.071428571428573,16.071428571428573,16.071428571428573,0.0,0.0,0.0,0.0
459,41.0,154.0,1.0,0.0,0.0,0.0,0.0,0.0,8.997857142857143,0.0,0.0,0.0,0.0,0.0,782.9675,782.9675,2.0,2.0,582.8285714285714,582.8285714285714,53.57142857142857,0.0,522.2928571428572,17.0,17.0,1.0,0.0,13.0,0.0,0.0,0.0,0.0,0.0,0.0,0.0,1.0,1.0,0.0,1.0,0.0,1.0,0.0,1.0,391.48375,391.48375,34.28403361344538,34.28403361344538,53.57142857142857,0.0,40.17637362637363,0.0,0.0
460,20.0,150.0,1.0,0.0,4.0,0.0,0.0,0.0,275.7164285714286,0.0,0.0,0.0,0.0,0.0,863.5235714285715,863.5235714285715,2.0,2.0,1188.1717857142855,1188.1717857142855,750.0,117.81464285714286,318.17857142857144,14.0,14.0,1.0,4.0,7.0,0.0,0.0,1.0,0.0,0.0,0.0,0.0,1.0,1.0,0.0,1.0,0.0,1.0,1.0,1.0,431.76178571428574,431.76178571428574,84.86941326530611,84.86941326530611,750.0,29.453660714285714,45.454081632653065,0.0,0.0
463,48.0,59.0,1.0,0.0,0.0,1.0,0.0,0.0,182.75821428571427,0.0,0.0,0.0,0.0,0.0,0.00035714285714285714,0.00035714285714285714,1.0,1.0,1.9642857142857142,1.9642857142857142,0.0,0.0,0.0,1.0,1.0,0.0,0.0,0.0,0.0,0.0,0.0,0.0,0.0,0.0,0.0,1.0,1.0,0.0,1.0,0.0,0.0,0.0,0.0,0.00035714285714285714,0.00035714285714285714,1.9642857142857142,1.9642857142857142,0.0,0.0,0.0,0.0,0.0
464,68.0,153.0,2.0,0.0,0.0,1.0,0.0,0.0,2249.0496428571428,0.0,0.0,237.29714285714286,0.0,0.0,811.3328571428572,811.3328571428572,3.0,3.0,577.3857142857142,577.3857142857142,160.71428571428572,65.42142857142856,347.85714285714283,12.0,12.0,2.0,3.0,6.0,1.0,0.0,0.0,0.0,0.0,0.0,0.0,1.0,1.0,0.0,1.0,0.0,1.0,1.0,1.0,270.44428571428574,270.44428571428574,48.11547619047619,48.11547619047619,80.35714285714286,21.807142857142853,57.976190476190474,0.0,0.0
467,83.0,3.0,1.0,0.0,0.0,0.0,0.0,0.0,355.5842857142857,0.0,0.0,0.0,0.0,0.0,223.0225,223.0225,6.0,6.0,227.35714285714286,227.35714285714286,0.0,0.0,225.39285714285714,3.0,3.0,0.0,0.0,2.0,0.0,0.0,0.0,0.0,0.0,0.0,0.0,1.0,1.0,0.0,1.0,0.0,0.0,0.0,1.0,37.17041666666667,37.17041666666667,75.78571428571429,75.78571428571429,0.0,0.0,112.69642857142857,0.0,0.0
468,61.0,37.0,1.0,1.0,3.0,0.0,0.0,0.0,20.955000000000002,745.5110714285714,0.0,0.0,0.0,0.0,484.0657142857143,483.5025,3.0,2.0,713.6785714285714,713.6785714285714,571.4285714285714,0.0,139.42857142857142,8.0,8.0,3.0,0.0,3.0,0.0,1.0,1.0,0.0,745.5110714285714,0.0,0.0,1.0,1.0,1.0,1.0,0.0,1.0,0.0,1.0,161.3552380952381,241.75125,89.20982142857143,89.20982142857143,190.47619047619048,0.0,46.476190476190474,0.5632142857143094,0.0
471,29.0,38.0,1.0,0.0,0.0,0.0,0.0,0.0,1923.2803571428572,0.0,0.0,0.0,0.0,0.0,464.29607142857145,464.29607142857145,3.0,3.0,315.7707142857143,315.7707142857143,239.28571428571428,76.485,0.0,14.0,14.0,7.0,7.0,0.0,0.0,0.0,0.0,0.0,0.0,0.0,0.0,1.0,1.0,0.0,1.0,0.0,1.0,1.0,0.0,154.76535714285714,154.76535714285714,22.555051020408165,22.555051020408165,34.183673469387756,10.926428571428572,0.0,0.0,0.0
473,61.0,69.0,1.0,0.0,0.0,1.0,0.0,1.0,6325.902499999999,0.0,0.0,0.0,0.0,0.0,1190.7082142857143,1071.4335714285714,3.0,2.0,1063.9142857142856,1061.8071428571427,357.14285714285717,526.7357142857143,0.0,20.0,19.0,4.0,13.0,0.0,1.0,0.0,0.0,1.0,0.0,0.0,0.0,1.0,1.0,1.0,1.0,1.0,1.0,1.0,0.0,396.90273809523813,535.7167857142857,53.19571428571428,55.88458646616541,89.28571428571429,40.51813186813187,0.0,119.27464285714291,2.1071428571428896
474,19.0,75.0,1.0,0.0,0.0,1.0,0.0,0.0,37.075357142857136,0.0,0.0,0.0,0.0,0.0,723.1857142857143,723.1857142857143,2.0,2.0,761.8928571428571,761.8928571428571,517.8571428571429,0.0,240.78571428571428,12.0,12.0,5.0,0.0,3.0,0.0,0.0,0.0,0.0,0.0,0.0,0.0,1.0,1.0,0.0,1.0,0.0,1.0,0.0,1.0,361.59285714285716,361.59285714285716,63.49107142857142,63.49107142857142,103.57142857142858,0.0,80.26190476190476,0.0,0.0
476,42.0,37.0,1.0,0.0,1.0,1.0,0.0,0.0,1715.8757142857141,0.0,0.0,0.0,0.0,0.0,123.215,123.215,4.0,4.0,205.0914285714286,205.0914285714286,14.285714285714286,120.14464285714287,34.94678571428572,16.0,16.0,1.0,11.0,3.0,1.0,0.0,1.0,0.0,0.0,0.0,0.0,1.0,1.0,0.0,1.0,0.0,1.0,1.0,1.0,30.80375,30.80375,12.818214285714287,12.818214285714287,14.285714285714286,10.922240259740262,11.648928571428572,0.0,0.0
484,71.0,90.0,1.0,0.0,0.0,0.0,0.0,0.0,214.95607142857145,0.0,0.0,0.0,0.0,0.0,760.6121428571429,760.6121428571429,9.0,9.0,578.2142857142857,578.2142857142857,53.57142857142857,139.71428571428572,379.42857142857144,29.0,29.0,1.0,15.0,11.0,0.0,0.0,0.0,0.0,0.0,0.0,0.0,1.0,1.0,0.0,1.0,0.0,1.0,1.0,1.0,84.51246031746032,84.51246031746032,19.938423645320196,19.938423645320196,53.57142857142857,9.314285714285715,34.493506493506494,0.0,0.0
485,10.0,181.0,1.0,0.0,0.0,0.0,0.0,0.0,1748.5053571428573,0.0,0.0,0.0,0.0,0.0,571.4332142857143,571.4332142857143,2.0,2.0,563.6964285714286,563.6964285714286,0.0,0.0,0.0,3.0,3.0,0.0,0.0,0.0,1.0,0.0,0.0,0.0,0.0,0.0,0.0,1.0,1.0,0.0,1.0,0.0,0.0,0.0,0.0,285.71660714285713,285.71660714285713,187.89880952380952,187.89880952380952,0.0,0.0,0.0,0.0,0.0
487,35.0,60.0,1.0,0.0,0.0,1.0,0.0,1.0,3843.1464285714287,0.0,0.0,42.25142857142857,0.0,3540.218928571429,377.68321428571426,218.26785714285714,7.0,4.0,337.35714285714283,218.26785714285714,0.0,0.0,0.0,9.0,4.0,0.0,0.0,0.0,1.0,0.0,0.0,1.0,0.0,0.0,3540.218928571429,1.0,1.0,1.0,1.0,1.0,0.0,0.0,0.0,53.95474489795918,54.566964285714285,37.48412698412698,54.566964285714285,0.0,0.0,0.0,159.41535714285712,119.0892857142857
488,59.0,6.0,1.0,2.0,0.0,1.0,0.0,0.0,21.254285714285714,5247.970357142857,0.0,0.0,0.0,0.0,866.0196428571428,864.9610714285715,4.0,3.0,695.5725,695.5725,267.85714285714283,162.8225,263.42857142857144,22.0,22.0,4.0,8.0,8.0,0.0,1.0,0.0,0.0,2623.9851785714286,0.0,0.0,1.0,1.0,1.0,1.0,0.0,1.0,1.0,1.0,216.5049107142857,288.3203571428572,31.61693181818182,31.61693181818182,66.96428571428571,20.3528125,32.92857142857143,1.0585714285713266,0.0
490,7.0,177.0,1.0,0.0,0.0,0.0,0.0,0.0,806.4596428571429,0.0,0.0,0.0,0.0,0.0,0.04928571428571428,0.04928571428571428,1.0,1.0,266.5857142857143,266.5857142857143,0.0,174.04642857142858,89.14642857142857,5.0,5.0,0.0,2.0,2.0,1.0,0.0,0.0,0.0,0.0,0.0,0.0,1.0,1.0,0.0,1.0,0.0,0.0,1.0,1.0,0.04928571428571428,0.04928571428571428,53.317142857142855,53.317142857142855,0.0,87.02321428571429,44.573214285714286,0.0,0.0
496,35.0,149.0,1.0,0.0,0.0,0.0,0.0,0.0,0.0,0.0,0.0,0.0,0.0,0.0,7413.8267857142855,7413.8267857142855,4.0,4.0,8994.598928571428,8994.598928571428,4513.758928571428,224.97714285714284,4243.577142857143,63.0,63.0,17.0,15.0,13.0,1.0,0.0,0.0,0.0,0.0,0.0,0.0,1.0,1.0,0.0,1.0,0.0,1.0,1.0,1.0,1853.4566964285714,1853.4566964285714,142.77141156462582,142.77141156462582,265.515231092437,14.99847619047619,326.42901098901103,0.0,0.0
498,21.0,176.0,1.0,0.0,0.0,0.0,0.0,0.0,883.9760714285715,0.0,0.0,0.0,0.0,0.0,897.2478571428571,897.2478571428571,3.0,3.0,902.2857142857143,902.2857142857143,821.4285714285714,24.678571428571427,53.57142857142857,9.0,9.0,4.0,1.0,1.0,0.0,0.0,0.0,0.0,0.0,0.0,0.0,1.0,1.0,0.0,1.0,0.0,1.0,1.0,1.0,299.08261904761906,299.08261904761906,100.25396825396825,100.25396825396825,205.35714285714286,24.678571428571427,53.57142857142857,0.0,0.0
5,58.0,200.0,1.0,1.0,0.0,0.0,0.0,0.0,5353.483928571428,8079.715714285715,0.0,0.0,0.0,0.0,4372.773928571429,2964.2903571428574,23.0,14.0,5868.460714285714,4031.9249999999997,157.14285714285714,832.1750000000001,1779.5714285714287,44.0,41.0,4.0,17.0,13.0,0.0,1.0,0.0,0.0,8079.715714285715,0.0,0.0,1.0,1.0,1.0,1.0,1.0,1.0,1.0,1.0,190.12060559006213,211.7350255102041,133.37410714285713,98.33963414634145,39.285714285714285,48.951470588235296,136.8901098901099,1408.4835714285714,1836.5357142857142
504,20.0,55.0,1.0,0.0,0.0,0.0,0.0,0.0,20.95,0.0,0.0,0.0,0.0,0.0,1099.4824999999998,1099.4824999999998,2.0,2.0,5698.346428571429,5698.346428571429,2892.8571428571427,2168.025,438.57142857142856,29.0,29.0,6.0,11.0,7.0,1.0,0.0,0.0,0.0,0.0,0.0,0.0,1.0,1.0,0.0,1.0,0.0,1.0,1.0,1.0,549.7412499999999,549.7412499999999,196.49470443349756,196.49470443349756,482.1428571428571,197.09318181818182,62.6530612244898,0.0,0.0
505,38.0,157.0,1.0,2.0,0.0,0.0,0.0,0.0,9078.213571428572,4.1825,0.0,0.0,0.0,0.0,1.3135714285714286,0.004285714285714286,2.0,1.0,1.9642857142857142,1.9642857142857142,0.0,0.0,0.0,1.0,1.0,0.0,0.0,0.0,1.0,1.0,0.0,0.0,2.09125,0.0,0.0,1.0,1.0,1.0,1.0,0.0,0.0,0.0,0.0,0.6567857142857143,0.004285714285714286,1.9642857142857142,1.9642857142857142,0.0,0.0,0.0,1.3092857142857144,0.0
506,20.0,78.0,1.0,1.0,0.0,1.0,0.0,0.0,1407.3417857142856,19.306428571428572,0.0,339.3071428571429,0.0,0.0,46756.54071428571,46714.29214285714,20.0,17.0,4630.4628571428575,4630.4628571428575,107.14285714285714,302.32,4217.428571428572,23.0,23.0,1.0,9.0,11.0,0.0,1.0,0.0,0.0,19.306428571428572,0.0,0.0,1.0,1.0,1.0,1.0,0.0,1.0,1.0,1.0,2337.8270357142856,2747.899537815126,201.32447204968946,201.32447204968946,107.14285714285714,33.59111111111111,383.4025974025974,42.2485714285649,0.0
51,67.0,85.0,1.0,1.0,0.0,1.0,0.0,0.0,1856.7185714285715,5.896071428571429,0.0,0.0,0.0,0.0,34.80392857142857,0.0075,2.0,1.0,0.0,0.0,0.0,0.0,0.0,0.0,0.0,0.0,0.0,0.0,0.0,1.0,0.0,0.0,5.896071428571429,0.0,0.0,1.0,1.0,1.0,0.0,0.0,0.0,0.0,0.0,17.401964285714286,0.0075,0.0,0.0,0.0,0.0,0.0,34.79642857142857,0.0
511,26.0,137.0,1.0,0.0,0.0,1.0,0.0,1.0,224.21392857142857,0.0,0.0,0.0,0.0,915.0682142857142,1292.1889285714285,1198.4903571428572,4.0,3.0,1076.8832142857143,1069.8832142857143,357.14285714285717,130.27607142857144,472.92857142857144,30.0,28.0,4.0,9.0,12.0,1.0,0.0,0.0,1.0,0.0,0.0,915.0682142857142,1.0,1.0,1.0,1.0,1.0,1.0,1.0,1.0,323.0472321428571,399.49678571428575,35.89610714285714,38.210114795918365,89.28571428571429,14.47511904761905,39.410714285714285,93.69857142857131,7.0
513,40.0,152.0,1.0,0.0,0.0,0.0,0.0,0.0,29.485714285714288,0.0,0.0,0.0,0.0,0.0,107.1432142857143,107.1432142857143,2.0,2.0,135.6432142857143,135.6432142857143,0.0,12.714285714285714,115.78607142857143,4.0,4.0,0.0,1.0,2.0,1.0,0.0,0.0,0.0,0.0,0.0,0.0,1.0,1.0,0.0,1.0,0.0,0.0,1.0,1.0,53.57160714285715,53.57160714285715,33.91080357142857,33.91080357142857,0.0,12.714285714285714,57.893035714285716,0.0,0.0
516,63.0,176.0,1.0,1.0,0.0,0.0,0.0,0.0,94.88607142857143,4815.9857142857145,0.0,0.0,0.0,0.0,296.00107142857144,296.00107142857144,4.0,4.0,276.5910714285714,276.5910714285714,217.85714285714286,57.23392857142857,0.0,29.0,29.0,12.0,10.0,0.0,0.0,1.0,0.0,0.0,4815.9857142857145,0.0,0.0,1.0,1.0,0.0,1.0,0.0,1.0,1.0,0.0,74.00026785714286,74.00026785714286,9.53762315270936,9.53762315270936,18.154761904761905,5.723392857142857,0.0,0.0,0.0
517,41.0,28.0,1.0,0.0,0.0,0.0,0.0,0.0,17.05107142857143,0.0,0.0,0.0,0.0,0.0,570.1578571428571,570.1578571428571,2.0,2.0,557.8964285714286,557.8964285714286,71.42857142857143,224.14642857142857,251.17857142857142,17.0,17.0,2.0,10.0,3.0,0.0,0.0,0.0,0.0,0.0,0.0,0.0,1.0,1.0,0.0,1.0,0.0,1.0,1.0,1.0,285.07892857142855,285.07892857142855,32.81743697478992,32.81743697478992,35.714285714285715,22.41464285714286,83.72619047619047,0.0,0.0
521,23.0,149.0,1.0,0.0,0.0,1.0,0.0,0.0,80.27250000000001,0.0,0.0,0.0,0.0,0.0,1531.0925,1531.0925,3.0,3.0,1428.189285714286,1428.189285714286,285.7142857142857,719.4392857142857,423.0357142857143,40.0,40.0,4.0,27.0,9.0,1.0,0.0,0.0,0.0,0.0,0.0,0.0,1.0,1.0,0.0,1.0,0.0,1.0,1.0,1.0,510.3641666666667,510.3641666666667,35.70473214285715,35.70473214285715,71.42857142857143,26.64589947089947,47.00396825396825,0.0,0.0
523,38.0,0.0,1.0,0.0,0.0,0.0,0.0,0.0,7041.8525,0.0,0.0,0.0,0.0,0.0,132.1432142857143,132.1432142857143,3.0,3.0,163.68214285714288,163.68214285714288,60.714285714285715,65.64642857142857,37.32142857142857,11.0,11.0,5.0,4.0,2.0,0.0,0.0,0.0,0.0,0.0,0.0,0.0,1.0,1.0,0.0,1.0,0.0,1.0,1.0,1.0,44.047738095238095,44.047738095238095,14.880194805194806,14.880194805194806,12.142857142857142,16.411607142857143,18.660714285714285,0.0,0.0
524,23.0,153.0,1.0,0.0,9.0,0.0,0.0,0.0,57.611785714285716,0.0,3571.4285714285716,0.0,0.0,0.0,395.30607142857144,395.30607142857144,2.0,2.0,1253.0357142857142,1253.0357142857142,0.0,0.0,0.0,2.0,2.0,0.0,0.0,0.0,1.0,0.0,1.0,0.0,0.0,396.82539682539687,0.0,1.0,1.0,0.0,1.0,0.0,0.0,0.0,0.0,197.65303571428572,197.65303571428572,626.5178571428571,626.5178571428571,0.0,0.0,0.0,0.0,0.0
528,19.0,70.0,1.0,0.0,0.0,1.0,0.0,0.0,0.0,0.0,0.0,0.0,0.0,0.0,435.6821428571429,435.6821428571429,2.0,2.0,390.05642857142857,390.05642857142857,125.0,70.84214285714286,190.82142857142858,10.0,10.0,4.0,3.0,2.0,0.0,0.0,0.0,0.0,0.0,0.0,0.0,1.0,1.0,0.0,1.0,0.0,1.0,1.0,1.0,217.84107142857144,217.84107142857144,39.00564285714286,39.00564285714286,31.25,23.61404761904762,95.41071428571429,0.0,0.0
530,35.0,180.0,1.0,2.0,2.0,0.0,0.0,0.0,349.085,11980.923214285713,28571.428571428572,0.0,0.0,0.0,10.911785714285713,0.010714285714285714,2.0,1.0,0.0,0.0,0.0,0.0,0.0,0.0,0.0,0.0,0.0,0.0,1.0,1.0,1.0,0.0,5990.461607142856,14285.714285714286,0.0,1.0,1.0,1.0,0.0,0.0,0.0,0.0,0.0,5.455892857142857,0.010714285714285714,0.0,0.0,0.0,0.0,0.0,10.901071428571427,0.0
531,30.0,211.0,1.0,0.0,0.0,0.0,0.0,0.0,338.0025,0.0,0.0,0.0,0.0,0.0,0.002142857142857143,0.002142857142857143,1.0,1.0,107.98571428571428,107.98571428571428,71.42857142857143,36.55714285714286,0.0,10.0,10.0,1.0,9.0,0.0,1.0,0.0,0.0,0.0,0.0,0.0,0.0,1.0,1.0,0.0,1.0,0.0,1.0,1.0,0.0,0.002142857142857143,0.002142857142857143,10.798571428571428,10.798571428571428,71.42857142857143,4.061904761904762,0.0,0.0,0.0
532,65.0,125.0,1.0,3.0,0.0,0.0,0.0,0.0,2271.0578571428573,16385.834285714285,0.0,0.0,0.0,0.0,10716.400357142858,10714.287142857142,3.0,2.0,21457.964285714286,10743.67857142857,0.0,0.0,10742.25,6.0,5.0,0.0,0.0,4.0,1.0,1.0,0.0,0.0,5461.944761904761,0.0,0.0,1.0,1.0,1.0,1.0,1.0,0.0,0.0,1.0,3572.133452380953,5357.143571428571,3576.327380952381,2148.735714285714,0.0,0.0,2685.5625,2.113214285716822,10714.285714285716
535,39.0,151.0,1.0,1.0,0.0,0.0,0.0,0.0,9.63642857142857,104847.12749999999,0.0,0.0,0.0,0.0,1917.6771428571428,1913.7582142857143,8.0,7.0,3200.0,3200.0,2857.1428571428573,0.0,333.67857142857144,10.0,10.0,2.0,0.0,7.0,1.0,1.0,0.0,0.0,104847.12749999999,0.0,0.0,1.0,1.0,1.0,1.0,0.0,1.0,0.0,1.0,239.70964285714285,273.3940306122449,320.0,320.0,1428.5714285714287,0.0,47.66836734693878,3.9189285714285234,0.0
538,48.0,119.0,1.0,1.0,0.0,0.0,0.0,0.0,4.273214285714286,3913.1664285714287,0.0,0.0,0.0,0.0,1731.342142857143,1725.8714285714286,6.0,5.0,1339.3857142857144,1339.3857142857144,785.7142857142857,110.84107142857144,279.59464285714284,18.0,18.0,3.0,4.0,9.0,0.0,1.0,0.0,0.0,3913.1664285714287,0.0,0.0,1.0,1.0,1.0,1.0,0.0,1.0,1.0,1.0,288.55702380952386,345.1742857142857,74.41031746031746,74.41031746031746,261.90476190476187,27.71026785714286,31.066071428571426,5.4707142857143936,0.0
539,12.0,34.0,1.0,0.0,0.0,0.0,0.0,0.0,32.99107142857143,0.0,0.0,0.0,0.0,0.0,518.5721428571429,518.5721428571429,3.0,3.0,355.57142857142856,355.57142857142856,178.57142857142858,170.75,0.0,14.0,14.0,2.0,5.0,0.0,1.0,0.0,0.0,0.0,0.0,0.0,0.0,1.0,1.0,0.0,1.0,0.0,1.0,1.0,0.0,172.85738095238096,172.85738095238096,25.397959183673468,25.397959183673468,89.28571428571429,34.15,0.0,0.0,0.0
54,38.0,149.0,1.0,0.0,0.0,0.0,0.0,1.0,4.55,0.0,0.0,0.0,0.0,7857.142857142857,864.5207142857143,721.4321428571428,3.0,2.0,663.467857142857,647.7892857142857,0.0,0.0,107.14285714285714,6.0,4.0,0.0,0.0,1.0,1.0,0.0,0.0,1.0,0.0,0.0,7857.142857142857,1.0,1.0,1.0,1.0,1.0,0.0,0.0,1.0,288.17357142857145,360.7160714285714,110.57797619047618,161.94732142857143,0.0,0.0,107.14285714285714,143.08857142857153,15.678571428571331
540,45.0,150.0,1.0,1.0,0.0,0.0,0.0,0.0,3007.264642857143,4842.638571428572,0.0,0.0,0.0,0.0,82.18571428571428,0.014285714285714287,3.0,1.0,535.7142857142857,535.7142857142857,535.7142857142857,0.0,0.0,1.0,1.0,1.0,0.0,0.0,1.0,1.0,0.0,0.0,4842.638571428572,0.0,0.0,1.0,1.0,1.0,1.0,0.0,1.0,0.0,0.0,27.395238095238096,0.014285714285714287,535.7142857142857,535.7142857142857,535.7142857142857,0.0,0.0,82.17142857142856,0.0
541,81.0,273.0,1.0,0.0,0.0,0.0,0.0,0.0,4.902142857142857,0.0,0.0,0.0,0.0,0.0,0.00035714285714285714,0.00035714285714285714,1.0,1.0,1.9642857142857142,1.9642857142857142,0.0,0.0,0.0,1.0,1.0,0.0,0.0,0.0,0.0,0.0,0.0,0.0,0.0,0.0,0.0,1.0,1.0,0.0,1.0,0.0,0.0,0.0,0.0,0.00035714285714285714,0.00035714285714285714,1.9642857142857142,1.9642857142857142,0.0,0.0,0.0,0.0,0.0
543,72.0,96.0,1.0,0.0,3.0,0.0,0.0,0.0,2.8978571428571427,0.0,446183.4232142857,0.0,0.0,0.0,0.0007142857142857143,0.0007142857142857143,1.0,1.0,1.9642857142857142,1.9642857142857142,0.0,0.0,0.0,1.0,1.0,0.0,0.0,0.0,0.0,0.0,1.0,0.0,0.0,148727.80773809523,0.0,1.0,1.0,0.0,1.0,0.0,0.0,0.0,0.0,0.0007142857142857143,0.0007142857142857143,1.9642857142857142,1.9642857142857142,0.0,0.0,0.0,0.0,0.0
545,20.0,151.0,1.0,1.0,0.0,0.0,0.0,0.0,3852.0539285714285,37045.96571428572,0.0,0.0,0.0,0.0,2471.719285714286,2471.719285714286,14.0,14.0,2190.2571428571428,2190.2571428571428,303.57142857142856,179.08214285714286,1229.4285714285713,23.0,23.0,3.0,5.0,12.0,1.0,1.0,0.0,0.0,37045.96571428572,0.0,0.0,1.0,1.0,0.0,1.0,0.0,1.0,1.0,1.0,176.5513775510204,176.5513775510204,95.22857142857143,95.22857142857143,101.19047619047619,35.816428571428574,102.45238095238095,0.0,0.0
55,51.0,137.0,1.0,0.0,0.0,0.0,0.0,0.0,735.1589285714286,0.0,0.0,0.0,0.0,0.0,1124.0460714285714,1124.0460714285714,5.0,5.0,1104.1785714285713,1104.1785714285713,0.0,0.0,1098.5,13.0,13.0,0.0,0.0,6.0,0.0,0.0,0.0,0.0,0.0,0.0,0.0,1.0,1.0,0.0,1.0,0.0,0.0,0.0,1.0,224.8092142857143,224.8092142857143,84.93681318681318,84.93681318681318,0.0,0.0,183.08333333333334,0.0,0.0
555,29.0,22.0,1.0,0.0,0.0,0.0,0.0,0.0,16.08214285714286,0.0,0.0,0.0,0.0,0.0,0.00035714285714285714,0.00035714285714285714,1.0,1.0,1.9642857142857142,1.9642857142857142,0.0,0.0,0.0,1.0,1.0,0.0,0.0,0.0,0.0,0.0,0.0,0.0,0.0,0.0,0.0,1.0,1.0,0.0,1.0,0.0,0.0,0.0,0.0,0.00035714285714285714,0.00035714285714285714,1.9642857142857142,1.9642857142857142,0.0,0.0,0.0,0.0,0.0
559,25.0,76.0,1.0,1.0,4.0,1.0,0.0,0.0,464.60714285714283,728.0439285714285,0.0,881.6967857142856,0.0,0.0,4090.9264285714285,4066.39,6.0,4.0,1495.2857142857142,1495.2857142857142,714.2857142857143,231.03571428571428,549.9642857142857,9.0,9.0,2.0,1.0,6.0,1.0,1.0,1.0,0.0,728.0439285714285,0.0,0.0,1.0,1.0,1.0,1.0,0.0,1.0,1.0,1.0,681.8210714285714,1016.5975,166.14285714285714,166.14285714285714,357.14285714285717,231.03571428571428,91.66071428571428,24.536428571428587,0.0
562,22.0,179.0,2.0,0.0,0.0,1.0,0.0,0.0,2006.0149999999999,0.0,0.0,0.0,0.0,0.0,2130.2185714285715,2130.2185714285715,11.0,11.0,1837.9675,1837.9675,0.0,0.0,1295.2889285714284,20.0,20.0,0.0,0.0,18.0,1.0,0.0,0.0,0.0,0.0,0.0,0.0,1.0,1.0,0.0,1.0,0.0,0.0,0.0,1.0,193.65623376623378,193.65623376623378,91.898375,91.898375,0.0,0.0,71.96049603174602,0.0,0.0
565,11.0,39.0,1.0,0.0,0.0,1.0,0.0,0.0,7.018571428571429,0.0,0.0,0.0,0.0,0.0,618.0114285714286,617.9767857142857,9.0,8.0,439.6875,371.92749999999995,107.14285714285714,155.64285714285714,107.14285714285714,13.0,10.0,1.0,6.0,1.0,1.0,0.0,0.0,0.0,0.0,0.0,0.0,1.0,1.0,1.0,1.0,1.0,1.0,1.0,1.0,68.66793650793652,77.24709821428571,33.82211538461539,37.19275,107.14285714285714,25.94047619047619,107.14285714285714,0.03464285714289872,67.76000000000005
566,40.0,161.0,2.0,1.0,0.0,0.0,1.0,3.0,577.8582142857143,22018.58642857143,0.0,0.0,474.37392857142856,2405.282857142857,16306.74107142857,11346.910357142857,18.0,8.0,14705.971071428572,9774.189285714285,114.28571428571429,516.4532142857144,5434.428571428572,47.0,22.0,3.0,18.0,16.0,1.0,1.0,0.0,1.0,22018.58642857143,0.0,801.7609523809524,1.0,1.0,1.0,1.0,1.0,1.0,1.0,1.0,905.9300595238095,1418.363794642857,312.89300151975687,444.2813311688311,38.095238095238095,28.69184523809524,339.6517857142857,4959.830714285714,4931.781785714287
567,59.0,29.0,1.0,0.0,0.0,0.0,0.0,0.0,6808.197857142857,0.0,0.0,0.0,0.0,0.0,3734.5960714285716,3734.5960714285716,4.0,4.0,4495.0,4495.0,357.14285714285717,0.0,4134.928571428572,13.0,13.0,2.0,0.0,10.0,0.0,0.0,0.0,0.0,0.0,0.0,0.0,1.0,1.0,0.0,1.0,0.0,1.0,0.0,1.0,933.6490178571429,933.6490178571429,345.7692307692308,345.7692307692308,178.57142857142858,0.0,413.49285714285713,0.0,0.0
57,28.0,157.0,1.0,0.0,0.0,0.0,0.0,0.0,1155.26,0.0,0.0,0.0,0.0,0.0,134.35750000000002,134.35750000000002,20.0,20.0,183.73499999999999,183.73499999999999,107.14285714285714,34.735,36.57142857142857,6.0,6.0,1.0,2.0,1.0,1.0,0.0,0.0,0.0,0.0,0.0,0.0,1.0,1.0,0.0,1.0,0.0,1.0,1.0,1.0,6.717875000000001,6.717875000000001,30.6225,30.6225,107.14285714285714,17.3675,36.57142857142857,0.0,0.0
570,51.0,3.0,1.0,0.0,0.0,0.0,0.0,0.0,575.1746428571429,0.0,0.0,0.0,0.0,0.0,0.0,0.0,0.0,0.0,18.571428571428573,18.571428571428573,0.0,0.0,18.571428571428573,1.0,1.0,0.0,0.0,1.0,0.0,0.0,0.0,0.0,0.0,0.0,0.0,0.0,0.0,0.0,1.0,0.0,0.0,0.0,1.0,0.0,0.0,18.571428571428573,18.571428571428573,0.0,0.0,18.571428571428573,0.0,0.0
571,73.0,219.0,1.0,0.0,0.0,1.0,1.0,0.0,0.2978571428571429,0.0,0.0,0.0,1223.2142857142858,0.0,634.995,633.5442857142858,6.0,3.0,910.2142857142857,908.7857142857143,607.1428571428571,0.0,298.0,15.0,13.0,3.0,0.0,7.0,0.0,0.0,0.0,0.0,0.0,0.0,0.0,1.0,1.0,1.0,1.0,1.0,1.0,0.0,1.0,105.8325,211.1814285714286,60.68095238095238,69.90659340659342,202.38095238095238,0.0,42.57142857142857,1.4507142857141844,1.4285714285713311
577,67.0,64.0,1.0,0.0,0.0,0.0,0.0,0.0,317.11535714285714,0.0,0.0,0.0,0.0,0.0,339.28785714285715,339.28785714285715,2.0,2.0,254.00357142857143,254.00357142857143,0.0,0.0,0.0,3.0,3.0,0.0,0.0,0.0,0.0,0.0,0.0,0.0,0.0,0.0,0.0,1.0,1.0,0.0,1.0,0.0,0.0,0.0,0.0,169.64392857142857,169.64392857142857,84.66785714285714,84.66785714285714,0.0,0.0,0.0,0.0,0.0
579,55.0,26.0,1.0,0.0,4.0,0.0,0.0,0.0,10.963571428571429,0.0,0.0,0.0,0.0,0.0,0.21,0.21,2.0,2.0,1.6382142857142856,1.6382142857142856,0.0,0.0,0.0,1.0,1.0,0.0,0.0,0.0,1.0,0.0,1.0,0.0,0.0,0.0,0.0,1.0,1.0,0.0,1.0,0.0,0.0,0.0,0.0,0.105,0.105,1.6382142857142856,1.6382142857142856,0.0,0.0,0.0,0.0,0.0
583,34.0,149.0,1.0,1.0,5.0,0.0,0.0,0.0,271.1539285714286,9.949285714285713,13062.676785714286,0.0,0.0,0.0,3238.0142857142855,3235.785,31.0,30.0,1069.4714285714285,1069.4714285714285,0.0,268.3285714285714,796.3214285714286,17.0,17.0,0.0,5.0,11.0,0.0,1.0,1.0,0.0,9.949285714285713,2612.5353571428573,0.0,1.0,1.0,1.0,1.0,0.0,0.0,1.0,1.0,104.45207373271889,107.8595,62.910084033613444,62.910084033613444,0.0,53.66571428571429,72.39285714285714,2.229285714285652,0.0
586,33.0,84.0,1.0,0.0,0.0,0.0,0.0,0.0,2036.1246428571428,0.0,0.0,0.0,0.0,0.0,14.286428571428571,14.286428571428571,2.0,2.0,14.285714285714286,14.285714285714286,14.285714285714286,0.0,0.0,2.0,2.0,2.0,0.0,0.0,1.0,0.0,0.0,0.0,0.0,0.0,0.0,1.0,1.0,0.0,1.0,0.0,1.0,0.0,0.0,7.1432142857142855,7.1432142857142855,7.142857142857143,7.142857142857143,7.142857142857143,0.0,0.0,0.0,0.0
587,53.0,83.0,1.0,1.0,1.0,0.0,0.0,0.0,0.0,96668.11392857143,381.13107142857143,0.0,0.0,0.0,1434.4435714285714,1428.5917857142856,4.0,3.0,607.8214285714286,607.8214285714286,0.0,0.0,607.8214285714286,5.0,5.0,0.0,0.0,5.0,0.0,1.0,1.0,0.0,96668.11392857143,381.13107142857143,0.0,1.0,1.0,1.0,1.0,0.0,0.0,0.0,1.0,358.61089285714286,476.1972619047619,121.56428571428572,121.56428571428572,0.0,0.0,121.56428571428572,5.851785714285825,0.0
59,32.0,149.0,1.0,0.0,0.0,0.0,0.0,0.0,5676.246428571429,0.0,0.0,0.0,0.0,0.0,449.7532142857143,449.7532142857143,2.0,2.0,85.44285714285715,85.44285714285715,0.0,0.0,0.0,2.0,2.0,0.0,0.0,0.0,0.0,0.0,0.0,0.0,0.0,0.0,0.0,1.0,1.0,0.0,1.0,0.0,0.0,0.0,0.0,224.87660714285715,224.87660714285715,42.721428571428575,42.721428571428575,0.0,0.0,0.0,0.0,0.0
590,65.0,62.0,1.0,0.0,0.0,0.0,0.0,0.0,183.62928571428571,0.0,0.0,0.0,0.0,0.0,0.10964285714285714,0.10964285714285714,1.0,1.0,1.9642857142857142,1.9642857142857142,0.0,0.0,0.0,1.0,1.0,0.0,0.0,0.0,0.0,0.0,0.0,0.0,0.0,0.0,0.0,1.0,1.0,0.0,1.0,0.0,0.0,0.0,0.0,0.10964285714285714,0.10964285714285714,1.9642857142857142,1.9642857142857142,0.0,0.0,0.0,0.0,0.0
592,50.0,149.0,1.0,1.0,0.0,0.0,0.0,0.0,402.0853571428571,36166.56035714286,0.0,0.0,0.0,0.0,467.0642857142857,464.2892857142857,5.0,2.0,840.1785714285714,840.1785714285714,678.5714285714286,0.0,158.0,11.0,11.0,2.0,0.0,8.0,0.0,1.0,0.0,0.0,36166.56035714286,0.0,0.0,1.0,1.0,1.0,1.0,0.0,1.0,0.0,1.0,93.41285714285713,232.14464285714286,76.37987012987013,76.37987012987013,339.2857142857143,0.0,19.75,2.7749999999999773,0.0
594,35.0,33.0,2.0,1.0,0.0,0.0,0.0,0.0,3.8310714285714282,223.8189285714286,0.0,0.0,0.0,0.0,1014.9300000000001,1014.7339285714286,5.0,4.0,717.6428571428571,717.6428571428571,0.0,0.0,714.25,10.0,10.0,0.0,0.0,9.0,1.0,1.0,0.0,0.0,223.8189285714286,0.0,0.0,1.0,1.0,1.0,1.0,0.0,0.0,0.0,1.0,202.98600000000002,253.68348214285714,71.7642857142857,71.7642857142857,0.0,0.0,79.36111111111111,0.19607142857148574,0.0
595,25.0,75.0,1.0,0.0,0.0,0.0,0.0,0.0,126.9225,0.0,0.0,0.0,0.0,0.0,499.5367857142857,499.5367857142857,2.0,2.0,518.3214285714286,518.3214285714286,514.2857142857143,0.0,0.0,12.0,12.0,8.0,0.0,0.0,1.0,0.0,0.0,0.0,0.0,0.0,0.0,1.0,1.0,0.0,1.0,0.0,1.0,0.0,0.0,249.76839285714286,249.76839285714286,43.19345238095238,43.19345238095238,64.28571428571429,0.0,0.0,0.0,0.0
596,53.0,110.0,1.0,0.0,0.0,0.0,0.0,0.0,0.0,0.0,0.0,0.0,0.0,0.0,10813.936785714284,10813.936785714284,4.0,4.0,6814.706071428571,6814.706071428571,892.8571428571429,53.28107142857142,561.75,24.0,24.0,1.0,3.0,13.0,1.0,0.0,0.0,0.0,0.0,0.0,0.0,1.0,1.0,0.0,1.0,0.0,1.0,1.0,1.0,2703.484196428571,2703.484196428571,283.94608630952376,283.94608630952376,892.8571428571429,17.760357142857142,43.21153846153846,0.0,0.0
603,30.0,6.0,1.0,1.0,0.0,0.0,0.0,0.0,1385.9882142857143,7463.246785714286,0.0,0.0,0.0,0.0,12.059285714285716,0.03464285714285714,2.0,1.0,0.0,0.0,0.0,0.0,0.0,0.0,0.0,0.0,0.0,0.0,0.0,1.0,0.0,0.0,7463.246785714286,0.0,0.0,1.0,1.0,1.0,0.0,0.0,0.0,0.0,0.0,6.029642857142858,0.03464285714285714,0.0,0.0,0.0,0.0,0.0,12.024642857142858,0.0
607,20.0,151.0,1.0,2.0,3.0,1.0,1.0,0.0,364.10857142857145,1074.0725,0.0,0.0,490.7760714285714,0.0,1907.4346428571428,1830.4403571428572,6.0,2.0,1955.8939285714284,1607.57,357.14285714285717,326.50107142857144,1090.892857142857,34.0,15.0,2.0,16.0,9.0,0.0,1.0,1.0,0.0,537.03625,0.0,0.0,1.0,1.0,1.0,1.0,1.0,1.0,1.0,1.0,317.9057738095238,915.2201785714286,57.52629201680672,107.17133333333332,178.57142857142858,20.406316964285715,121.21031746031746,76.99428571428552,348.3239285714285
61,14.0,159.0,1.0,0.0,0.0,0.0,0.0,0.0,232.83535714285716,0.0,0.0,0.0,0.0,0.0,0.00035714285714285714,0.00035714285714285714,1.0,1.0,0.8928571428571429,0.8928571428571429,0.0,0.0,0.0,1.0,1.0,0.0,0.0,0.0,0.0,0.0,0.0,0.0,0.0,0.0,0.0,1.0,1.0,0.0,1.0,0.0,0.0,0.0,0.0,0.00035714285714285714,0.00035714285714285714,0.8928571428571429,0.8928571428571429,0.0,0.0,0.0,0.0,0.0
616,67.0,79.0,1.0,0.0,0.0,0.0,0.0,0.0,1083.7110714285714,0.0,0.0,0.0,0.0,0.0,0.0010714285714285715,0.0010714285714285715,1.0,1.0,0.0,0.0,0.0,0.0,0.0,0.0,0.0,0.0,0.0,0.0,1.0,0.0,0.0,0.0,0.0,0.0,0.0,1.0,1.0,0.0,0.0,0.0,0.0,0.0,0.0,0.0010714285714285715,0.0010714285714285715,0.0,0.0,0.0,0.0,0.0,0.0,0.0
62,51.0,113.0,1.0,0.0,0.0,0.0,0.0,0.0,317.9525,0.0,0.0,0.0,0.0,0.0,321.43321428571426,321.43321428571426,2.0,2.0,261.5,261.5,139.28571428571428,0.0,111.5,4.0,4.0,2.0,0.0,1.0,1.0,0.0,0.0,0.0,0.0,0.0,0.0,1.0,1.0,0.0,1.0,0.0,1.0,0.0,1.0,160.71660714285713,160.71660714285713,65.375,65.375,69.64285714285714,0.0,111.5,0.0,0.0
620,28.0,27.0,1.0,0.0,0.0,0.0,0.0,0.0,2.1567857142857143,0.0,0.0,0.0,0.0,0.0,0.0,0.0,0.0,0.0,0.8939285714285715,0.8939285714285715,0.0,0.0,0.0,1.0,1.0,0.0,0.0,0.0,0.0,0.0,0.0,0.0,0.0,0.0,0.0,0.0,0.0,0.0,1.0,0.0,0.0,0.0,0.0,0.0,0.0,0.8939285714285715,0.8939285714285715,0.0,0.0,0.0,0.0,0.0
622,56.0,112.0,1.0,0.0,0.0,0.0,0.0,0.0,0.0,0.0,0.0,0.0,0.0,0.0,391.60785714285714,391.60785714285714,2.0,2.0,387.89285714285717,387.89285714285717,367.85714285714283,0.0,17.857142857142858,3.0,3.0,1.0,0.0,1.0,1.0,0.0,0.0,0.0,0.0,0.0,0.0,1.0,1.0,0.0,1.0,0.0,1.0,0.0,1.0,195.80392857142857,195.80392857142857,129.29761904761907,129.29761904761907,367.85714285714283,0.0,17.857142857142858,0.0,0.0
625,60.0,139.0,1.0,0.0,0.0,0.0,0.0,0.0,3943.0439285714283,0.0,0.0,0.0,0.0,0.0,165.0817857142857,165.0817857142857,2.0,2.0,180.53571428571428,180.53571428571428,178.57142857142858,0.0,0.0,2.0,2.0,1.0,0.0,0.0,1.0,0.0,0.0,0.0,0.0,0.0,0.0,1.0,1.0,0.0,1.0,0.0,1.0,0.0,0.0,82.54089285714285,82.54089285714285,90.26785714285714,90.26785714285714,178.57142857142858,0.0,0.0,0.0,0.0
626,58.0,100.0,1.0,0.0,0.0,0.0,0.0,0.0,13.464642857142858,0.0,0.0,0.0,0.0,0.0,791.2578571428572,791.2578571428572,3.0,3.0,427.0607142857143,427.0607142857143,78.57142857142857,164.20357142857142,173.35714285714286,13.0,13.0,2.0,7.0,2.0,0.0,0.0,0.0,0.0,0.0,0.0,0.0,1.0,1.0,0.0,1.0,0.0,1.0,1.0,1.0,263.7526190476191,263.7526190476191,32.85082417582418,32.85082417582418,39.285714285714285,23.457653061224487,86.67857142857143,0.0,0.0
63,37.0,29.0,1.0,1.0,2.0,0.0,0.0,0.0,351.8014285714286,17220.452857142856,5616.197857142857,0.0,0.0,0.0,623.8671428571428,353.68071428571426,4.0,2.0,362.6092857142857,362.6092857142857,0.0,0.0,361.28785714285715,4.0,4.0,0.0,0.0,3.0,1.0,1.0,1.0,0.0,17220.452857142856,2808.0989285714286,0.0,1.0,1.0,1.0,1.0,0.0,0.0,0.0,1.0,155.9667857142857,176.84035714285713,90.65232142857143,90.65232142857143,0.0,0.0,120.42928571428571,270.1864285714285,0.0
633,47.0,4.0,1.0,1.0,2.0,0.0,0.0,0.0,36062.11357142857,16809.76607142857,0.0,0.0,0.0,0.0,3934.5875,3928.6071428571427,5.0,3.0,1605.6964285714287,1605.6964285714287,0.0,677.8928571428571,0.0,4.0,4.0,0.0,1.0,0.0,0.0,1.0,1.0,0.0,16809.76607142857,0.0,0.0,1.0,1.0,1.0,1.0,0.0,0.0,1.0,0.0,786.9175,1309.5357142857142,401.42410714285717,401.42410714285717,0.0,677.8928571428571,0.0,5.980357142857429,0.0
635,35.0,44.0,1.0,0.0,0.0,0.0,0.0,0.0,0.0,0.0,0.0,0.0,0.0,0.0,7.1432142857142855,7.1432142857142855,4.0,4.0,0.0,0.0,0.0,0.0,0.0,0.0,0.0,0.0,0.0,0.0,0.0,0.0,0.0,0.0,0.0,0.0,0.0,1.0,1.0,0.0,0.0,0.0,0.0,0.0,0.0,1.7858035714285714,1.7858035714285714,0.0,0.0,0.0,0.0,0.0,0.0,0.0
637,48.0,61.0,1.0,0.0,3.0,0.0,0.0,0.0,0.0,0.0,0.0,0.0,0.0,0.0,853.2385714285714,853.2385714285714,3.0,3.0,612.25,612.25,178.57142857142858,0.0,432.25,5.0,5.0,1.0,0.0,3.0,0.0,0.0,1.0,0.0,0.0,0.0,0.0,1.0,1.0,0.0,1.0,0.0,1.0,0.0,1.0,284.41285714285715,284.41285714285715,122.45,122.45,178.57142857142858,0.0,144.08333333333334,0.0,0.0
64,61.0,38.0,1.0,0.0,0.0,1.0,0.0,0.0,0.7596428571428572,0.0,0.0,0.0,0.0,0.0,1275.8267857142857,1275.8267857142857,5.0,5.0,1449.484642857143,1449.484642857143,535.7142857142857,518.1278571428571,393.03535714285715,51.0,51.0,3.0,42.0,4.0,0.0,0.0,0.0,0.0,0.0,0.0,0.0,1.0,1.0,0.0,1.0,0.0,1.0,1.0,1.0,255.16535714285715,255.16535714285715,28.421267507002803,28.421267507002803,178.57142857142856,12.336377551020409,98.25883928571429,0.0,0.0
640,33.0,132.0,1.0,1.0,0.0,0.0,0.0,0.0,16765.39,3584.685,0.0,0.0,0.0,0.0,10.538571428571428,0.002142857142857143,2.0,1.0,0.0,0.0,0.0,0.0,0.0,0.0,0.0,0.0,0.0,0.0,0.0,1.0,0.0,0.0,3584.685,0.0,0.0,1.0,1.0,1.0,0.0,0.0,0.0,0.0,0.0,5.269285714285714,0.002142857142857143,0.0,0.0,0.0,0.0,0.0,10.536428571428571,0.0
641,72.0,150.0,1.0,0.0,0.0,0.0,0.0,0.0,1.375,0.0,0.0,0.0,0.0,0.0,4597.503928571428,4080.6585714285716,7.0,6.0,4871.297857142857,4354.4525,1428.5714285714287,57.142857142857146,2340.464285714286,35.0,34.0,4.0,8.0,18.0,0.0,0.0,0.0,0.0,0.0,0.0,0.0,1.0,1.0,1.0,1.0,1.0,1.0,1.0,1.0,656.7862755102041,680.109761904762,139.17993877551018,128.0721323529412,357.14285714285717,7.142857142857143,130.02579365079364,516.8453571428568,516.8453571428563
647,68.0,28.0,1.0,0.0,0.0,0.0,0.0,0.0,362.4582142857143,0.0,0.0,0.0,0.0,0.0,250.00285714285715,250.00285714285715,2.0,2.0,240.95714285714286,240.95714285714286,0.0,0.0,0.0,3.0,3.0,0.0,0.0,0.0,1.0,0.0,0.0,0.0,0.0,0.0,0.0,1.0,1.0,0.0,1.0,0.0,0.0,0.0,0.0,125.00142857142858,125.00142857142858,80.31904761904762,80.31904761904762,0.0,0.0,0.0,0.0,0.0
650,22.0,89.0,1.0,0.0,0.0,0.0,0.0,0.0,2589.6378571428572,0.0,0.0,0.0,0.0,0.0,339.29607142857145,339.29607142857145,2.0,2.0,2.857142857142857,2.857142857142857,0.0,0.0,0.0,2.0,2.0,0.0,0.0,0.0,1.0,0.0,0.0,0.0,0.0,0.0,0.0,1.0,1.0,0.0,1.0,0.0,0.0,0.0,0.0,169.64803571428573,169.64803571428573,1.4285714285714286,1.4285714285714286,0.0,0.0,0.0,0.0,0.0
651,58.0,79.0,1.0,0.0,0.0,0.0,0.0,1.0,2.142857142857143,0.0,0.0,0.0,0.0,6236.633928571428,51.29892857142857,28.150714285714287,3.0,2.0,604.4642857142857,604.4642857142857,0.0,0.0,562.0,5.0,5.0,0.0,0.0,3.0,1.0,0.0,0.0,1.0,0.0,0.0,6236.633928571428,1.0,1.0,1.0,1.0,0.0,0.0,0.0,1.0,17.099642857142857,14.075357142857143,120.89285714285714,120.89285714285714,0.0,0.0,187.33333333333334,23.148214285714282,0.0
652,50.0,112.0,1.0,0.0,0.0,0.0,0.0,0.0,5885.186428571428,0.0,0.0,0.0,0.0,0.0,767.0467857142858,767.0467857142858,2.0,2.0,303.01000000000005,303.01000000000005,177.81,64.27142857142857,60.714285714285715,12.0,12.0,2.0,6.0,3.0,1.0,0.0,0.0,0.0,0.0,0.0,0.0,1.0,1.0,0.0,1.0,0.0,1.0,1.0,1.0,383.5233928571429,383.5233928571429,25.250833333333336,25.250833333333336,88.905,10.711904761904762,20.238095238095237,0.0,0.0
654,36.0,148.0,1.0,0.0,0.0,0.0,0.0,0.0,1657.3832142857143,0.0,0.0,0.0,0.0,0.0,3035.7214285714285,3035.7214285714285,5.0,5.0,3102.823928571429,3102.823928571429,161.98214285714286,195.79857142857142,2370.2871428571425,26.0,26.0,1.0,9.0,12.0,0.0,0.0,0.0,0.0,0.0,0.0,0.0,1.0,1.0,0.0,1.0,0.0,1.0,1.0,1.0,607.1442857142857,607.1442857142857,119.33938186813188,119.33938186813188,161.98214285714286,21.755396825396826,197.52392857142854,0.0,0.0
655,16.0,0.0,2.0,0.0,0.0,0.0,0.0,0.0,327.20142857142855,0.0,0.0,0.0,0.0,0.0,880.1089285714286,880.1089285714286,3.0,3.0,855.9642857142857,855.9642857142857,53.57142857142857,0.0,257.25,7.0,7.0,1.0,0.0,2.0,0.0,0.0,0.0,0.0,0.0,0.0,0.0,1.0,1.0,0.0,1.0,0.0,1.0,0.0,1.0,293.3696428571429,293.3696428571429,122.28061224489795,122.28061224489795,53.57142857142857,0.0,128.625,0.0,0.0
656,62.0,45.0,1.0,1.0,0.0,0.0,0.0,0.0,26.760714285714283,6120.588928571428,0.0,0.0,0.0,0.0,1080.7410714285713,1074.115,3.0,2.0,968.3132142857143,968.3132142857143,0.0,663.4392857142857,301.4810714285714,13.0,13.0,0.0,8.0,4.0,1.0,1.0,0.0,0.0,6120.588928571428,0.0,0.0,1.0,1.0,1.0,1.0,0.0,0.0,1.0,1.0,360.2470238095238,537.0575,74.48563186813186,74.48563186813186,0.0,82.92991071428571,75.37026785714285,6.626071428571322,0.0
659,40.0,130.0,2.0,0.0,0.0,0.0,0.0,0.0,1058.2935714285716,0.0,0.0,0.0,0.0,0.0,750.0021428571429,750.0021428571429,2.0,2.0,798.3071428571428,798.3071428571428,0.0,0.0,189.92857142857142,5.0,5.0,0.0,0.0,2.0,0.0,0.0,0.0,0.0,0.0,0.0,0.0,1.0,1.0,0.0,1.0,0.0,0.0,0.0,1.0,375.00107142857144,375.00107142857144,159.66142857142856,159.66142857142856,0.0,0.0,94.96428571428571,0.0,0.0
660,61.0,145.0,1.0,0.0,0.0,1.0,0.0,0.0,611.3221428571429,0.0,0.0,0.0,0.0,0.0,499.3692857142857,483.63107142857143,6.0,5.0,967.2617857142858,483.63107142857143,464.2857142857143,0.0,0.0,8.0,4.0,2.0,0.0,0.0,1.0,0.0,0.0,0.0,0.0,0.0,0.0,1.0,1.0,1.0,1.0,1.0,1.0,0.0,0.0,83.22821428571429,96.72621428571429,120.90772321428572,120.90776785714286,232.14285714285714,0.0,0.0,15.738214285714264,483.63071428571436
664,63.0,121.0,2.0,0.0,0.0,0.0,0.0,0.0,1407.642142857143,0.0,0.0,0.0,0.0,0.0,892.5410714285715,892.5410714285715,3.0,3.0,591.4285714285714,591.4285714285714,0.0,0.0,588.9285714285714,7.0,7.0,0.0,0.0,6.0,1.0,0.0,0.0,0.0,0.0,0.0,0.0,1.0,1.0,0.0,1.0,0.0,0.0,0.0,1.0,297.5136904761905,297.5136904761905,84.48979591836735,84.48979591836735,0.0,0.0,98.15476190476191,0.0,0.0
665,44.0,153.0,1.0,0.0,0.0,0.0,0.0,0.0,370.65321428571434,0.0,0.0,0.0,0.0,0.0,4422.431071428572,4422.431071428572,13.0,13.0,8875.016071428572,8875.016071428572,0.0,0.0,1719.5571428571427,15.0,15.0,0.0,0.0,11.0,1.0,0.0,0.0,0.0,0.0,0.0,0.0,1.0,1.0,0.0,1.0,0.0,0.0,0.0,1.0,340.18700549450557,340.18700549450557,591.6677380952382,591.6677380952382,0.0,0.0,156.32337662337662,0.0,0.0
667,48.0,143.0,1.0,0.0,0.0,0.0,0.0,0.0,60.044285714285714,0.0,0.0,0.0,0.0,0.0,1127.7928571428572,1127.7928571428572,4.0,4.0,1344.6035714285715,1344.6035714285715,642.8571428571429,194.28571428571428,249.32142857142858,21.0,21.0,3.0,4.0,8.0,1.0,0.0,0.0,0.0,0.0,0.0,0.0,1.0,1.0,0.0,1.0,0.0,1.0,1.0,1.0,281.9482142857143,281.9482142857143,64.02874149659864,64.02874149659864,214.2857142857143,48.57142857142857,31.165178571428573,0.0,0.0
668,55.0,119.0,1.0,1.0,1.0,1.0,0.0,0.0,586.9492857142858,43701.96928571428,0.0,0.0,0.0,0.0,3420.0796428571425,2734.4196428571427,36.0,30.0,3706.872142857143,2836.0607142857143,339.2857142857143,638.7571428571429,1260.2857142857142,99.0,72.0,10.0,33.0,20.0,0.0,1.0,1.0,0.0,43701.96928571428,0.0,0.0,1.0,1.0,1.0,1.0,1.0,1.0,1.0,1.0,95.00221230158729,91.14732142857142,37.44315295815296,39.38973214285714,33.92857142857143,19.356277056277058,63.01428571428571,685.6599999999999,870.8114285714287
669,56.0,58.0,1.0,0.0,0.0,1.0,0.0,0.0,174.65785714285715,0.0,0.0,157.48321428571427,0.0,0.0,615.1939285714286,615.1939285714286,2.0,2.0,647.4642857142857,647.4642857142857,321.42857142857144,0.0,322.39285714285717,8.0,8.0,2.0,0.0,4.0,1.0,0.0,0.0,0.0,0.0,0.0,0.0,1.0,1.0,0.0,1.0,0.0,1.0,0.0,1.0,307.5969642857143,307.5969642857143,80.93303571428571,80.93303571428571,160.71428571428572,0.0,80.59821428571429,0.0,0.0
674,31.0,263.0,1.0,0.0,0.0,1.0,0.0,0.0,16362.983214285716,0.0,0.0,745.5571428571428,0.0,0.0,1552.6810714285714,1552.6810714285714,10.0,10.0,1480.4314285714286,1480.4314285714286,289.2857142857143,458.7528571428571,732.1785714285714,39.0,39.0,3.0,22.0,13.0,0.0,0.0,0.0,0.0,0.0,0.0,0.0,1.0,1.0,0.0,1.0,0.0,1.0,1.0,1.0,155.26810714285713,155.26810714285713,37.95978021978022,37.95978021978022,96.42857142857143,20.852402597402598,56.32142857142857,0.0,0.0
676,37.0,68.0,1.0,0.0,0.0,1.0,1.0,0.0,1127.0082142857143,0.0,0.0,0.0,417.19642857142856,0.0,2543.296428571429,2502.9914285714285,9.0,5.0,3462.6310714285714,3448.4942857142855,53.57142857142857,1758.0046428571427,1604.892857142857,31.0,26.0,1.0,15.0,8.0,0.0,0.0,0.0,0.0,0.0,0.0,0.0,1.0,1.0,1.0,1.0,1.0,1.0,1.0,1.0,282.5884920634921,500.5982857142857,111.69777649769586,132.6343956043956,53.57142857142857,117.20030952380951,200.61160714285714,40.30500000000029,14.136785714285907
677,25.0,179.0,1.0,0.0,0.0,0.0,0.0,0.0,71.39071428571428,0.0,0.0,0.0,0.0,0.0,475.68142857142857,475.68142857142857,2.0,2.0,216.29642857142858,216.29642857142858,103.57142857142857,112.72500000000001,0.0,13.0,13.0,4.0,9.0,0.0,1.0,0.0,0.0,0.0,0.0,0.0,0.0,1.0,1.0,0.0,1.0,0.0,1.0,1.0,0.0,237.84071428571428,237.84071428571428,16.638186813186813,16.638186813186813,25.892857142857142,12.525,0.0,0.0,0.0
681,56.0,33.0,1.0,0.0,5.0,1.0,0.0,1.0,4976.04,0.0,46562.31071428571,0.0,0.0,9916.269642857142,2242.6414285714286,1509.5103571428572,14.0,11.0,2224.8771428571426,1693.0817857142858,71.42857142857143,215.67857142857142,203.17857142857142,23.0,13.0,1.0,2.0,4.0,0.0,0.0,1.0,1.0,0.0,9312.462142857143,9916.269642857142,1.0,1.0,1.0,1.0,1.0,1.0,1.0,1.0,160.18867346938777,137.2282142857143,96.73378881987577,130.23706043956045,71.42857142857143,107.83928571428571,50.794642857142854,733.1310714285714,531.7953571428568
685,60.0,158.0,1.0,0.0,1.0,1.0,0.0,0.0,379.38214285714287,0.0,169.67464285714286,0.0,0.0,0.0,695.8896428571428,695.8653571428571,7.0,6.0,1213.2832142857144,1166.885,428.57142857142856,140.7607142857143,413.67857142857144,23.0,19.0,4.0,3.0,8.0,1.0,0.0,1.0,0.0,0.0,169.67464285714286,0.0,1.0,1.0,1.0,1.0,1.0,1.0,1.0,1.0,99.41280612244897,115.97755952380952,52.75144409937889,61.415,107.14285714285714,46.9202380952381,51.70982142857143,0.02428571428572468,46.3982142857144
688,71.0,100.0,1.0,0.0,0.0,0.0,0.0,0.0,585.0828571428572,0.0,0.0,0.0,0.0,0.0,1571.4471428571428,1571.4471428571428,2.0,2.0,1161.0214285714285,1161.0214285714285,0.0,0.0,0.0,3.0,3.0,0.0,0.0,0.0,0.0,0.0,0.0,0.0,0.0,0.0,0.0,1.0,1.0,0.0,1.0,0.0,0.0,0.0,0.0,785.7235714285714,785.7235714285714,387.0071428571428,387.0071428571428,0.0,0.0,0.0,0.0,0.0
690,72.0,105.0,1.0,1.0,0.0,0.0,0.0,0.0,86.02428571428571,4203.438571428572,0.0,0.0,0.0,0.0,0.18464285714285714,0.0,1.0,0.0,0.8921428571428571,0.8921428571428571,0.0,0.0,0.0,1.0,1.0,0.0,0.0,0.0,0.0,1.0,0.0,0.0,4203.438571428572,0.0,0.0,1.0,0.0,1.0,1.0,0.0,0.0,0.0,0.0,0.18464285714285714,0.0,0.8921428571428571,0.8921428571428571,0.0,0.0,0.0,0.18464285714285714,0.0
695,34.0,13.0,1.0,0.0,0.0,0.0,0.0,0.0,0.015,0.0,0.0,0.0,0.0,0.0,820.1121428571429,820.1121428571429,2.0,2.0,970.9582142857143,970.9582142857143,410.7142857142857,86.38678571428571,470.4642857142857,21.0,21.0,3.0,8.0,9.0,0.0,0.0,0.0,0.0,0.0,0.0,0.0,1.0,1.0,0.0,1.0,0.0,1.0,1.0,1.0,410.05607142857144,410.05607142857144,46.23610544217687,46.23610544217687,136.9047619047619,10.798348214285713,52.273809523809526,0.0,0.0
696,44.0,175.0,1.0,0.0,0.0,0.0,0.0,1.0,2644.6042857142857,0.0,0.0,0.0,0.0,3301.6385714285716,1521.2507142857141,1459.827142857143,5.0,4.0,1591.185714285714,1584.5071428571428,1035.7142857142858,206.07857142857142,241.32142857142858,26.0,24.0,4.0,11.0,7.0,0.0,0.0,0.0,1.0,0.0,0.0,3301.6385714285716,1.0,1.0,1.0,1.0,1.0,1.0,1.0,1.0,304.2501428571428,364.95678571428573,61.19945054945054,66.02113095238094,258.92857142857144,18.734415584415583,34.474489795918366,61.42357142857122,6.678571428571331
697,54.0,256.0,1.0,0.0,0.0,1.0,1.0,0.0,2474.8224999999998,0.0,0.0,0.0,642.2321428571429,0.0,6189.925357142857,4086.6110714285714,44.0,33.0,7339.983928571428,4206.251428571429,357.14285714285717,636.5507142857142,1769.9146428571428,95.0,39.0,1.0,25.0,31.0,0.0,0.0,0.0,0.0,0.0,0.0,0.0,1.0,1.0,1.0,1.0,1.0,1.0,1.0,1.0,140.68012175324677,123.83669913419914,77.2629887218045,107.85260073260073,357.14285714285717,25.46202857142857,57.094020737327185,2103.3142857142857,3133.732499999999
699,37.0,175.0,1.0,0.0,4.0,1.0,0.0,0.0,1823.0571428571427,0.0,18491.444285714286,0.0,0.0,0.0,1033.4960714285714,778.37,8.0,6.0,661.4832142857142,566.1260714285714,89.28571428571429,0.0,216.89285714285714,13.0,10.0,2.0,0.0,5.0,1.0,0.0,1.0,0.0,0.0,4622.861071428571,0.0,1.0,1.0,1.0,1.0,1.0,1.0,0.0,1.0,129.18700892857143,129.72833333333332,50.88332417582417,56.612607142857144,44.642857142857146,0.0,43.378571428571426,255.12607142857144,95.35714285714278
7,55.0,227.0,1.0,0.0,0.0,0.0,0.0,0.0,879.6850000000001,0.0,0.0,0.0,0.0,0.0,387.5046428571428,387.5046428571428,2.0,2.0,99.04392857142857,99.04392857142857,17.857142857142858,69.15107142857143,10.714285714285714,10.0,10.0,1.0,6.0,1.0,0.0,0.0,0.0,0.0,0.0,0.0,0.0,1.0,1.0,0.0,1.0,0.0,1.0,1.0,1.0,193.7523214285714,193.7523214285714,9.904392857142856,9.904392857142856,17.857142857142858,11.52517857142857,10.714285714285714,0.0,0.0
70,38.0,152.0,1.0,0.0,0.0,0.0,0.0,0.0,346.48535714285714,0.0,0.0,0.0,0.0,0.0,1785.7192857142857,1785.7192857142857,3.0,3.0,1731.7975000000001,1731.7975000000001,632.1428571428571,130.44285714285715,937.6046428571428,19.0,19.0,4.0,3.0,10.0,1.0,0.0,0.0,0.0,0.0,0.0,0.0,1.0,1.0,0.0,1.0,0.0,1.0,1.0,1.0,595.2397619047618,595.2397619047618,91.14723684210527,91.14723684210527,158.03571428571428,43.48095238095238,93.76046428571428,0.0,0.0
701,39.0,151.0,3.0,1.0,0.0,0.0,0.0,0.0,0.0,34394.555714285714,0.0,0.0,0.0,0.0,168.465,168.46464285714288,4.0,3.0,179.05714285714288,179.05714285714288,153.57142857142858,14.771428571428572,10.714285714285714,7.0,7.0,3.0,3.0,1.0,0.0,1.0,0.0,0.0,34394.555714285714,0.0,0.0,1.0,1.0,1.0,1.0,0.0,1.0,1.0,1.0,42.11625,56.15488095238096,25.579591836734696,25.579591836734696,51.1904761904762,4.923809523809524,10.714285714285714,0.00035714285712629135,0.0
706,31.0,220.0,1.0,0.0,0.0,0.0,0.0,0.0,1405.1271428571429,0.0,0.0,0.0,0.0,0.0,17.858214285714286,17.858214285714286,2.0,2.0,55.142857142857146,55.142857142857146,53.57142857142857,0.0,0.0,4.0,4.0,2.0,0.0,0.0,0.0,0.0,0.0,0.0,0.0,0.0,0.0,1.0,1.0,0.0,1.0,0.0,1.0,0.0,0.0,8.929107142857143,8.929107142857143,13.785714285714286,13.785714285714286,26.785714285714285,0.0,0.0,0.0,0.0
707,88.0,75.0,1.0,0.0,0.0,0.0,0.0,0.0,317.8646428571428,0.0,0.0,0.0,0.0,0.0,52.44392857142857,52.44392857142857,2.0,2.0,1.9642857142857142,1.9642857142857142,0.0,0.0,0.0,1.0,1.0,0.0,0.0,0.0,1.0,0.0,0.0,0.0,0.0,0.0,0.0,1.0,1.0,0.0,1.0,0.0,0.0,0.0,0.0,26.221964285714286,26.221964285714286,1.9642857142857142,1.9642857142857142,0.0,0.0,0.0,0.0,0.0
708,49.0,181.0,1.0,0.0,0.0,0.0,0.0,0.0,0.0,0.0,0.0,0.0,0.0,0.0,2.1785714285714284,2.1785714285714284,1.0,1.0,22.085714285714285,22.085714285714285,14.285714285714286,7.8,0.0,3.0,3.0,1.0,2.0,0.0,1.0,0.0,0.0,0.0,0.0,0.0,0.0,1.0,1.0,0.0,1.0,0.0,1.0,1.0,0.0,2.1785714285714284,2.1785714285714284,7.3619047619047615,7.3619047619047615,14.285714285714286,3.9,0.0,0.0,0.0
710,33.0,179.0,1.0,0.0,0.0,0.0,0.0,0.0,1026.117857142857,0.0,0.0,0.0,0.0,0.0,492.6075,492.6075,6.0,6.0,487.9142857142857,487.9142857142857,432.14285714285717,55.771428571428565,0.0,20.0,20.0,10.0,10.0,0.0,0.0,0.0,0.0,0.0,0.0,0.0,0.0,1.0,1.0,0.0,1.0,0.0,1.0,1.0,0.0,82.10125000000001,82.10125000000001,24.395714285714284,24.395714285714284,43.214285714285715,5.5771428571428565,0.0,0.0,0.0
715,37.0,63.0,1.0,1.0,0.0,0.0,1.0,0.0,4661.019642857143,20.544642857142858,0.0,0.0,0.7142857142857143,0.0,15399.604285714286,15348.495714285715,10.0,4.0,14994.734642857144,14992.3775,357.14285714285717,288.4642857142857,14294.663214285714,38.0,34.0,2.0,10.0,19.0,1.0,1.0,0.0,0.0,20.544642857142858,0.0,0.0,1.0,1.0,1.0,1.0,1.0,1.0,1.0,1.0,1539.9604285714286,3837.1239285714287,394.598280075188,440.9522794117647,178.57142857142858,28.84642857142857,752.3506954887218,51.10857142857094,2.357142857143117
717,24.0,147.0,2.0,0.0,0.0,0.0,0.0,0.0,3136.734642857143,0.0,0.0,0.0,0.0,0.0,407.15857142857146,407.15857142857146,2.0,2.0,430.425,430.425,0.0,0.0,0.0,3.0,3.0,0.0,0.0,0.0,1.0,0.0,0.0,0.0,0.0,0.0,0.0,1.0,1.0,0.0,1.0,0.0,0.0,0.0,0.0,203.57928571428573,203.57928571428573,143.475,143.475,0.0,0.0,0.0,0.0,0.0
724,39.0,176.0,1.0,0.0,0.0,0.0,0.0,0.0,102.2325,0.0,0.0,0.0,0.0,0.0,0.05035714285714286,0.05035714285714286,1.0,1.0,2.5303571428571425,2.5303571428571425,0.0,0.0,0.0,2.0,2.0,0.0,0.0,0.0,0.0,0.0,0.0,0.0,0.0,0.0,0.0,1.0,1.0,0.0,1.0,0.0,0.0,0.0,0.0,0.05035714285714286,0.05035714285714286,1.2651785714285713,1.2651785714285713,0.0,0.0,0.0,0.0,0.0
726,60.0,67.0,1.0,0.0,0.0,1.0,0.0,0.0,2963.085,0.0,0.0,260.87,0.0,0.0,1077.2414285714285,1023.6492857142857,19.0,16.0,1236.154642857143,1041.5064285714286,178.57142857142858,222.2357142857143,578.5714285714286,42.0,28.0,7.0,10.0,2.0,0.0,0.0,0.0,0.0,0.0,0.0,0.0,1.0,1.0,1.0,1.0,1.0,1.0,1.0,1.0,56.69691729323308,63.97808035714286,29.432253401360548,37.196658163265305,25.510204081632654,22.22357142857143,289.2857142857143,53.59214285714279,194.6482142857144
727,53.0,209.0,1.0,1.0,1.0,0.0,0.0,0.0,48.93357142857143,35768.38857142857,14484.083928571428,0.0,0.0,0.0,720.1192857142858,719.3360714285715,9.0,7.0,262.85714285714283,262.85714285714283,0.0,0.0,262.64285714285717,9.0,9.0,0.0,0.0,8.0,0.0,1.0,1.0,0.0,35768.38857142857,14484.083928571428,0.0,1.0,1.0,1.0,1.0,0.0,0.0,0.0,1.0,80.01325396825398,102.76229591836736,29.206349206349202,29.206349206349202,0.0,0.0,32.830357142857146,0.7832142857142799,0.0
728,37.0,158.0,1.0,0.0,0.0,0.0,0.0,0.0,1194.797142857143,0.0,0.0,0.0,0.0,0.0,443.09785714285715,443.09785714285715,2.0,2.0,27.392857142857142,27.392857142857142,0.0,0.0,25.0,3.0,3.0,0.0,0.0,2.0,0.0,0.0,0.0,0.0,0.0,0.0,0.0,1.0,1.0,0.0,1.0,0.0,0.0,0.0,1.0,221.54892857142858,221.54892857142858,9.130952380952381,9.130952380952381,0.0,0.0,12.5,0.0,0.0
731,21.0,181.0,1.0,0.0,0.0,0.0,0.0,0.0,957.0071428571429,0.0,0.0,0.0,0.0,0.0,886.7914285714286,886.7914285714286,3.0,3.0,820.6785714285714,820.6785714285714,817.8571428571429,0.0,0.0,11.0,11.0,6.0,0.0,0.0,0.0,0.0,0.0,0.0,0.0,0.0,0.0,1.0,1.0,0.0,1.0,0.0,1.0,0.0,0.0,295.59714285714284,295.59714285714284,74.60714285714286,74.60714285714286,136.30952380952382,0.0,0.0,0.0,0.0
733,17.0,4.0,1.0,1.0,0.0,0.0,0.0,0.0,5.706785714285714,10778.983928571428,0.0,0.0,0.0,0.0,15.653571428571428,0.0,1.0,0.0,0.0,0.0,0.0,0.0,0.0,0.0,0.0,0.0,0.0,0.0,1.0,1.0,0.0,0.0,10778.983928571428,0.0,0.0,1.0,0.0,1.0,0.0,0.0,0.0,0.0,0.0,15.653571428571428,0.0,0.0,0.0,0.0,0.0,0.0,15.653571428571428,0.0
738,49.0,123.0,1.0,0.0,0.0,0.0,0.0,0.0,1953.7857142857142,0.0,0.0,0.0,0.0,0.0,0.02107142857142857,0.02107142857142857,1.0,1.0,699.9214285714286,699.9214285714286,0.0,0.0,0.0,3.0,3.0,0.0,0.0,0.0,1.0,0.0,0.0,0.0,0.0,0.0,0.0,1.0,1.0,0.0,1.0,0.0,0.0,0.0,0.0,0.02107142857142857,0.02107142857142857,233.30714285714285,233.30714285714285,0.0,0.0,0.0,0.0,0.0
74,63.0,20.0,1.0,1.0,0.0,0.0,1.0,0.0,736.7660714285714,0.0,0.0,0.0,18.76214285714286,0.0,833.285,793.8325000000001,8.0,3.0,708.3928571428571,706.9642857142857,214.28571428571428,0.0,492.67857142857144,7.0,5.0,3.0,0.0,2.0,1.0,1.0,0.0,0.0,0.0,0.0,0.0,1.0,1.0,1.0,1.0,1.0,1.0,0.0,1.0,104.160625,264.61083333333335,101.19897959183673,141.39285714285714,71.42857142857143,0.0,246.33928571428572,39.45249999999987,1.4285714285714448
748,67.0,181.0,1.0,0.0,0.0,1.0,0.0,0.0,1155.467142857143,0.0,0.0,0.0,0.0,0.0,13.119642857142859,13.065357142857142,5.0,2.0,62.90607142857142,49.83678571428572,35.714285714285715,10.678571428571429,0.0,8.0,5.0,1.0,1.0,0.0,0.0,0.0,0.0,0.0,0.0,0.0,0.0,1.0,1.0,1.0,1.0,1.0,1.0,1.0,0.0,2.623928571428572,6.532678571428571,7.863258928571428,9.967357142857143,35.714285714285715,10.678571428571429,0.0,0.054285714285716935,13.069285714285705
749,30.0,9.0,1.0,0.0,0.0,0.0,0.0,0.0,0.19178571428571428,0.0,0.0,0.0,0.0,0.0,379.3646428571428,379.3646428571428,2.0,2.0,380.5357142857143,380.5357142857143,378.57142857142856,0.0,0.0,3.0,3.0,2.0,0.0,0.0,1.0,0.0,0.0,0.0,0.0,0.0,0.0,1.0,1.0,0.0,1.0,0.0,1.0,0.0,0.0,189.6823214285714,189.6823214285714,126.84523809523809,126.84523809523809,189.28571428571428,0.0,0.0,0.0,0.0
750,40.0,173.0,1.0,0.0,0.0,0.0,0.0,1.0,710.4925000000001,0.0,0.0,0.0,0.0,2893.026785714286,1056.9264285714285,1001.36,3.0,2.0,1376.6785714285713,1374.5714285714287,0.0,32.107142857142854,1124.0,17.0,16.0,0.0,1.0,13.0,0.0,0.0,0.0,1.0,0.0,0.0,2893.026785714286,1.0,1.0,1.0,1.0,1.0,0.0,1.0,1.0,352.3088095238095,500.68,80.98109243697479,85.91071428571429,0.0,32.107142857142854,86.46153846153847,55.566428571428446,2.1071428571426623
752,58.0,37.0,1.0,1.0,0.0,0.0,0.0,0.0,60.11392857142857,14680.954285714284,0.0,0.0,0.0,0.0,1036.5678571428573,1034.4203571428573,3.0,2.0,1248.642857142857,1248.642857142857,0.0,182.67857142857142,1053.642857142857,7.0,7.0,0.0,2.0,3.0,1.0,1.0,0.0,0.0,14680.954285714284,0.0,0.0,1.0,1.0,1.0,1.0,0.0,0.0,1.0,1.0,345.5226190476191,517.2101785714286,178.37755102040816,178.37755102040816,0.0,91.33928571428571,351.2142857142857,2.1475000000000364,0.0
756,29.0,149.0,1.0,0.0,3.0,1.0,1.0,1.0,1782.3600000000001,0.0,2322.8010714285715,250.88035714285712,966.6189285714287,3141.9,5619.950714285714,4429.792857142857,37.0,30.0,6812.080357142857,4438.271428571429,867.8571428571429,911.5635714285714,832.8014285714286,86.0,53.0,6.0,23.0,14.0,1.0,0.0,1.0,1.0,0.0,774.2670238095238,3141.9,1.0,1.0,1.0,1.0,1.0,1.0,1.0,1.0,151.89055984555984,147.65976190476192,79.21023671096346,83.74097035040433,144.64285714285714,39.63319875776398,59.48581632653061,1190.1578571428563,2373.8089285714277
759,26.0,75.0,1.0,0.0,0.0,1.0,0.0,0.0,0.7842857142857144,0.0,0.0,0.0,0.0,0.0,624.5535714285714,624.5535714285714,2.0,2.0,283.0,283.0,53.57142857142857,144.10714285714286,81.92857142857143,21.0,21.0,1.0,14.0,5.0,0.0,0.0,0.0,0.0,0.0,0.0,0.0,1.0,1.0,0.0,1.0,0.0,1.0,1.0,1.0,312.2767857142857,312.2767857142857,13.476190476190476,13.476190476190476,53.57142857142857,10.293367346938776,16.385714285714286,0.0,0.0
760,44.0,92.0,1.0,5.0,0.0,0.0,0.0,0.0,21873.901785714286,3890.0499999999997,0.0,0.0,0.0,0.0,2937.7835714285716,2918.6635714285717,8.0,7.0,2046.1592857142857,2046.1592857142857,1285.7142857142858,541.3378571428572,218.46428571428572,25.0,25.0,4.0,12.0,8.0,0.0,1.0,0.0,0.0,778.01,0.0,0.0,1.0,1.0,1.0,1.0,0.0,1.0,1.0,1.0,367.22294642857145,416.95193877551026,81.84637142857143,81.84637142857143,321.42857142857144,45.111488095238094,27.308035714285715,19.11999999999989,0.0
765,44.0,66.0,2.0,0.0,0.0,0.0,0.0,0.0,4.714285714285714,0.0,0.0,0.0,0.0,0.0,504.00107142857144,504.00107142857144,4.0,4.0,558.9639285714286,558.9639285714286,0.0,92.49964285714285,463.07142857142856,11.0,11.0,0.0,5.0,5.0,0.0,0.0,0.0,0.0,0.0,0.0,0.0,1.0,1.0,0.0,1.0,0.0,0.0,1.0,1.0,126.00026785714286,126.00026785714286,50.8149025974026,50.8149025974026,0.0,18.49992857142857,92.61428571428571,0.0,0.0
766,32.0,95.0,1.0,0.0,0.0,0.0,0.0,0.0,497.9189285714286,0.0,0.0,0.0,0.0,0.0,25314.012857142858,25314.012857142858,5.0,5.0,398.39285714285717,398.39285714285717,0.0,0.0,396.0,6.0,6.0,0.0,0.0,5.0,1.0,0.0,0.0,0.0,0.0,0.0,0.0,1.0,1.0,0.0,1.0,0.0,0.0,0.0,1.0,5062.802571428571,5062.802571428571,66.39880952380953,66.39880952380953,0.0,0.0,79.2,0.0,0.0
768,19.0,67.0,1.0,0.0,0.0,0.0,1.0,0.0,1107.2435714285714,0.0,0.0,0.0,992.4075,0.0,2085.42,2077.2542857142857,9.0,6.0,1738.9032142857143,1737.474642857143,285.7142857142857,359.9389285714286,1087.5,15.0,13.0,2.0,6.0,3.0,1.0,0.0,0.0,0.0,0.0,0.0,0.0,1.0,1.0,1.0,1.0,1.0,1.0,1.0,1.0,231.71333333333334,346.2090476190476,115.92688095238096,133.6518956043956,142.85714285714286,59.98982142857144,362.5,8.16571428571433,1.4285714285713311
769,31.0,64.0,1.0,1.0,0.0,0.0,0.0,0.0,265.35285714285715,6097.246428571429,0.0,0.0,0.0,0.0,2.4914285714285715,0.0067857142857142855,2.0,1.0,864.3928571428571,864.3928571428571,0.0,0.0,861.8928571428571,8.0,8.0,0.0,0.0,7.0,0.0,1.0,0.0,0.0,6097.246428571429,0.0,0.0,1.0,1.0,1.0,1.0,0.0,0.0,0.0,1.0,1.2457142857142858,0.0067857142857142855,108.04910714285714,108.04910714285714,0.0,0.0,123.12755102040816,2.484642857142857,0.0
77,71.0,2.0,1.0,0.0,0.0,0.0,0.0,0.0,168.1757142857143,0.0,0.0,0.0,0.0,0.0,1752.8139285714285,1752.8139285714285,2.0,2.0,1470.9864285714286,1470.9864285714286,232.14285714285714,743.915,492.64285714285717,16.0,16.0,1.0,10.0,4.0,1.0,0.0,0.0,0.0,0.0,0.0,0.0,1.0,1.0,0.0,1.0,0.0,1.0,1.0,1.0,876.4069642857143,876.4069642857143,91.93665178571429,91.93665178571429,232.14285714285714,74.3915,123.16071428571429,0.0,0.0
772,68.0,19.0,1.0,1.0,1.0,1.0,0.0,0.0,297.1175,9.593571428571428,0.0,0.0,0.0,0.0,151.33285714285714,150.25142857142856,4.0,2.0,151.03571428571428,151.03571428571428,0.0,0.0,141.5,6.0,6.0,0.0,0.0,4.0,1.0,1.0,1.0,0.0,9.593571428571428,0.0,0.0,1.0,1.0,1.0,1.0,0.0,0.0,0.0,1.0,37.833214285714284,75.12571428571428,25.172619047619047,25.172619047619047,0.0,0.0,35.375,1.0814285714285745,0.0
778,50.0,150.0,1.0,0.0,0.0,1.0,0.0,0.0,3821.465,0.0,0.0,0.0,0.0,0.0,661.5914285714287,472.1646428571429,8.0,6.0,633.3092857142857,446.8592857142857,71.42857142857143,126.27142857142857,54.87535714285714,14.0,10.0,1.0,2.0,3.0,1.0,0.0,0.0,0.0,0.0,0.0,0.0,1.0,1.0,1.0,1.0,1.0,1.0,1.0,1.0,82.69892857142858,78.69410714285715,45.236377551020404,44.68592857142857,71.42857142857143,63.135714285714286,18.291785714285712,189.42678571428576,186.45
779,44.0,132.0,1.0,0.0,0.0,1.0,0.0,0.0,567.8696428571428,0.0,0.0,0.0,0.0,0.0,3300.0767857142855,2348.7428571428572,29.0,27.0,3602.077857142857,2185.4785714285713,589.2857142857143,195.73749999999998,19.857142857142858,56.0,31.0,7.0,10.0,1.0,1.0,0.0,0.0,0.0,0.0,0.0,0.0,1.0,1.0,1.0,1.0,1.0,1.0,1.0,1.0,113.79575123152709,86.9904761904762,64.32281887755101,70.49930875576037,84.18367346938776,19.573749999999997,19.857142857142858,951.3339285714283,1416.5992857142855
780,19.0,127.0,1.0,0.0,0.0,1.0,1.0,0.0,184.80964285714285,0.0,0.0,0.0,641.7617857142858,0.0,1239.3803571428573,789.2299999999999,23.0,16.0,1109.3167857142857,760.6585714285713,142.85714285714286,0.0,164.82142857142858,32.0,15.0,5.0,0.0,5.0,1.0,0.0,0.0,0.0,0.0,0.0,0.0,1.0,1.0,1.0,1.0,1.0,1.0,0.0,1.0,53.886102484472055,49.326874999999994,34.66614955357143,50.71057142857142,28.571428571428573,0.0,32.964285714285715,450.1503571428574,348.6582142857144
781,51.0,188.0,1.0,1.0,0.0,0.0,0.0,0.0,347.4175,3836.2682142857143,0.0,0.0,0.0,0.0,1865.6825000000001,1865.6803571428572,6.0,5.0,3002.8253571428572,3002.8253571428572,71.42857142857143,69.69285714285715,2860.0075,16.0,16.0,2.0,1.0,12.0,1.0,1.0,0.0,0.0,3836.2682142857143,0.0,0.0,1.0,1.0,1.0,1.0,0.0,1.0,1.0,1.0,310.94708333333335,373.1360714285714,187.67658482142858,187.67658482142858,35.714285714285715,69.69285714285715,238.33395833333336,0.002142857142871435,0.0
783,26.0,102.0,1.0,0.0,0.0,0.0,0.0,0.0,4765.473571428572,0.0,0.0,0.0,0.0,0.0,530.9014285714286,530.9014285714286,2.0,2.0,600.9642857142857,600.9642857142857,0.0,0.0,597.5714285714286,6.0,6.0,0.0,0.0,5.0,1.0,0.0,0.0,0.0,0.0,0.0,0.0,1.0,1.0,0.0,1.0,0.0,0.0,0.0,1.0,265.4507142857143,265.4507142857143,100.16071428571428,100.16071428571428,0.0,0.0,119.5142857142857,0.0,0.0
785,9.0,179.0,1.0,0.0,0.0,1.0,0.0,0.0,6478.5075,0.0,0.0,0.0,0.0,0.0,14587.096428571429,14092.655714285715,24.0,20.0,2603.0553571428572,2109.55,571.4285714285714,330.7521428571428,709.0,36.0,29.0,3.0,11.0,8.0,1.0,0.0,0.0,0.0,0.0,0.0,0.0,1.0,1.0,1.0,1.0,1.0,1.0,1.0,1.0,607.7956845238095,704.6327857142858,72.30709325396826,72.74310344827587,190.47619047619048,30.06837662337662,88.625,494.4407142857144,493.50535714285706
786,75.0,239.0,1.0,2.0,0.0,0.0,0.0,0.0,1016.5725,4112.396071428571,0.0,0.0,0.0,0.0,609.4010714285714,608.0382142857143,3.0,2.0,161.15142857142857,161.15142857142857,0.0,160.25857142857143,0.0,17.0,17.0,0.0,16.0,0.0,1.0,1.0,0.0,0.0,2056.1980357142857,0.0,0.0,1.0,1.0,1.0,1.0,0.0,0.0,1.0,0.0,203.13369047619048,304.01910714285714,9.479495798319327,9.479495798319327,0.0,10.016160714285714,0.0,1.3628571428571377,0.0
787,66.0,129.0,1.0,1.0,1.0,0.0,0.0,0.0,1663.0557142857142,6667.519285714286,14696.501428571428,0.0,0.0,0.0,655.8675000000001,652.2085714285714,5.0,3.0,1272.6335714285713,1272.6335714285713,0.0,0.0,197.63357142857143,7.0,7.0,0.0,0.0,5.0,1.0,1.0,1.0,0.0,6667.519285714286,14696.501428571428,0.0,1.0,1.0,1.0,1.0,0.0,0.0,0.0,1.0,131.17350000000002,217.40285714285713,181.80479591836732,181.80479591836732,0.0,0.0,39.526714285714284,3.658928571428646,0.0
788,62.0,94.0,1.0,1.0,2.0,0.0,0.0,0.0,36.99178571428571,7139.7625,0.0,0.0,0.0,0.0,3.380357142857143,0.0017857142857142859,2.0,1.0,363.75,363.75,0.0,0.0,178.57142857142858,3.0,3.0,0.0,0.0,1.0,0.0,1.0,1.0,0.0,7139.7625,0.0,0.0,1.0,1.0,1.0,1.0,0.0,0.0,0.0,1.0,1.6901785714285715,0.0017857142857142859,121.25,121.25,0.0,0.0,178.57142857142858,3.3785714285714286,0.0
791,16.0,23.0,1.0,1.0,7.0,1.0,1.0,0.0,910.3050000000001,3680.094285714286,8823.257142857143,0.0,360.0260714285714,0.0,1820.9332142857143,464.4342857142857,11.0,2.0,2033.3657142857141,1105.7228571428573,0.0,692.9285714285714,0.0,18.0,3.0,0.0,9.0,0.0,0.0,1.0,1.0,0.0,3680.094285714286,1260.465306122449,0.0,1.0,1.0,1.0,1.0,1.0,0.0,1.0,0.0,165.5393831168831,232.21714285714285,112.9647619047619,368.57428571428574,0.0,76.9920634920635,0.0,1356.4989285714287,927.6428571428569
794,39.0,202.0,1.0,1.0,1.0,0.0,1.0,1.0,283.2157142857143,16218.196785714286,0.0,0.0,547.7832142857143,4239.845714285714,893.2146428571428,597.8225,11.0,2.0,1027.1325,647.6428571428571,57.142857142857146,347.34607142857146,200.89285714285714,36.0,14.0,1.0,15.0,8.0,0.0,1.0,1.0,1.0,16218.196785714286,0.0,4239.845714285714,1.0,1.0,1.0,1.0,1.0,1.0,1.0,1.0,81.20133116883117,298.91125,28.531458333333333,46.26020408163265,57.142857142857146,23.156404761904763,25.111607142857142,295.39214285714286,379.4896428571428
796,76.0,64.0,3.0,0.0,0.0,0.0,1.0,1.0,247.00357142857143,0.0,0.0,0.0,1109.5057142857142,4632.981785714286,5944.744642857143,5444.880357142857,12.0,5.0,6662.3075,5748.248571428571,1010.7142857142857,906.594642857143,4173.546428571429,69.0,34.0,7.0,31.0,21.0,0.0,0.0,0.0,1.0,0.0,0.0,4632.981785714286,1.0,1.0,1.0,1.0,1.0,1.0,1.0,1.0,495.3953869047619,1088.9760714285715,96.55518115942029,169.0661344537815,144.3877551020408,29.244988479262677,198.740306122449,499.86428571428587,914.0589285714286
797,37.0,151.0,1.0,1.0,4.0,0.0,0.0,0.0,1409.805,26478.288928571426,3020.6407142857142,0.0,0.0,0.0,1778.6664285714287,1061.2649999999999,8.0,5.0,1478.8210714285713,1478.8210714285713,857.1428571428571,0.0,545.1782142857143,15.0,15.0,2.0,0.0,11.0,0.0,1.0,1.0,0.0,26478.288928571426,755.1601785714286,0.0,1.0,1.0,1.0,1.0,0.0,1.0,0.0,1.0,222.3333035714286,212.253,98.58807142857141,98.58807142857141,428.57142857142856,0.0,49.561655844155844,717.4014285714288,0.0
798,24.0,102.0,1.0,0.0,0.0,0.0,0.0,0.0,134.40142857142857,0.0,0.0,0.0,0.0,0.0,0.0017857142857142859,0.0017857142857142859,1.0,1.0,1.9642857142857142,1.9642857142857142,0.0,0.0,0.0,1.0,1.0,0.0,0.0,0.0,0.0,0.0,0.0,0.0,0.0,0.0,0.0,1.0,1.0,0.0,1.0,0.0,0.0,0.0,0.0,0.0017857142857142859,0.0017857142857142859,1.9642857142857142,1.9642857142857142,0.0,0.0,0.0,0.0,0.0
803,37.0,115.0,1.0,0.0,0.0,0.0,0.0,0.0,0.0,0.0,0.0,0.0,0.0,0.0,376.75107142857144,376.75107142857144,2.0,2.0,594.9239285714285,594.9239285714285,353.57142857142856,78.17392857142856,150.60714285714286,36.0,36.0,8.0,7.0,5.0,1.0,0.0,0.0,0.0,0.0,0.0,0.0,1.0,1.0,0.0,1.0,0.0,1.0,1.0,1.0,188.37553571428572,188.37553571428572,16.52566468253968,16.52566468253968,44.19642857142857,11.167704081632651,30.121428571428574,0.0,0.0
807,42.0,86.0,1.0,0.0,0.0,0.0,0.0,0.0,256.4892857142857,0.0,0.0,0.0,0.0,0.0,1695.6903571428572,1695.6903571428572,3.0,3.0,1509.3,1509.3,0.0,264.9785714285714,935.25,22.0,22.0,0.0,9.0,11.0,1.0,0.0,0.0,0.0,0.0,0.0,0.0,1.0,1.0,0.0,1.0,0.0,0.0,1.0,1.0,565.230119047619,565.230119047619,68.60454545454546,68.60454545454546,0.0,29.44206349206349,85.02272727272727,0.0,0.0
811,28.0,151.0,1.0,0.0,0.0,0.0,0.0,0.0,1227.8682142857142,0.0,0.0,0.0,0.0,0.0,1185.6196428571427,1185.6196428571427,3.0,3.0,1360.892857142857,1360.892857142857,0.0,0.0,285.35714285714283,7.0,7.0,0.0,0.0,5.0,1.0,0.0,0.0,0.0,0.0,0.0,0.0,1.0,1.0,0.0,1.0,0.0,0.0,0.0,1.0,395.20654761904757,395.20654761904757,194.41326530612244,194.41326530612244,0.0,0.0,57.07142857142857,0.0,0.0
813,57.0,150.0,1.0,1.0,0.0,1.0,0.0,0.0,20.413214285714286,29215.980357142857,0.0,306.9214285714285,0.0,0.0,257.8232142857143,253.4367857142857,3.0,2.0,14.214285714285714,14.214285714285714,0.0,0.0,10.821428571428571,2.0,2.0,0.0,0.0,1.0,0.0,1.0,0.0,0.0,29215.980357142857,0.0,0.0,1.0,1.0,1.0,1.0,0.0,0.0,0.0,1.0,85.94107142857143,126.71839285714285,7.107142857142857,7.107142857142857,0.0,0.0,10.821428571428571,4.38642857142861,0.0
816,24.0,4.0,1.0,0.0,0.0,0.0,0.0,0.0,382.7135714285714,0.0,0.0,0.0,0.0,0.0,1321.4303571428572,1321.4303571428572,2.0,2.0,1461.3178571428573,1461.3178571428573,0.0,0.0,909.1464285714285,11.0,11.0,0.0,0.0,7.0,1.0,0.0,0.0,0.0,0.0,0.0,0.0,1.0,1.0,0.0,1.0,0.0,0.0,0.0,1.0,660.7151785714286,660.7151785714286,132.84707792207794,132.84707792207794,0.0,0.0,129.87806122448978,0.0,0.0
817,42.0,152.0,1.0,0.0,3.0,0.0,0.0,0.0,57.5575,0.0,6083.648571428572,0.0,0.0,0.0,974.0171428571429,974.0171428571429,5.0,5.0,516.1785714285714,516.1785714285714,0.0,0.0,513.6785714285714,6.0,6.0,0.0,0.0,5.0,1.0,0.0,1.0,0.0,0.0,2027.8828571428573,0.0,1.0,1.0,0.0,1.0,0.0,0.0,0.0,1.0,194.80342857142858,194.80342857142858,86.02976190476191,86.02976190476191,0.0,0.0,102.7357142857143,0.0,0.0
818,76.0,173.0,1.0,0.0,0.0,0.0,0.0,0.0,1381.6385714285714,0.0,0.0,0.0,0.0,0.0,528.4346428571429,528.4346428571429,2.0,2.0,478.20464285714286,478.20464285714286,0.0,140.33928571428572,334.47249999999997,14.0,14.0,0.0,6.0,7.0,1.0,0.0,0.0,0.0,0.0,0.0,0.0,1.0,1.0,0.0,1.0,0.0,0.0,1.0,1.0,264.21732142857144,264.21732142857144,34.157474489795916,34.157474489795916,0.0,23.389880952380953,47.78178571428571,0.0,0.0
820,66.0,55.0,1.0,0.0,0.0,0.0,0.0,0.0,176.48464285714286,0.0,0.0,0.0,0.0,0.0,259.82178571428574,259.82178571428574,4.0,4.0,158.96428571428572,158.96428571428572,17.857142857142858,0.0,137.5,4.0,4.0,1.0,0.0,2.0,0.0,0.0,0.0,0.0,0.0,0.0,0.0,1.0,1.0,0.0,1.0,0.0,1.0,0.0,1.0,64.95544642857143,64.95544642857143,39.74107142857143,39.74107142857143,17.857142857142858,0.0,68.75,0.0,0.0
828,27.0,221.0,1.0,0.0,0.0,0.0,0.0,0.0,0.0,0.0,0.0,0.0,0.0,0.0,110.72214285714286,110.72214285714286,2.0,2.0,1.9642857142857142,1.9642857142857142,0.0,0.0,0.0,1.0,1.0,0.0,0.0,0.0,0.0,0.0,0.0,0.0,0.0,0.0,0.0,1.0,1.0,0.0,1.0,0.0,0.0,0.0,0.0,55.36107142857143,55.36107142857143,1.9642857142857142,1.9642857142857142,0.0,0.0,0.0,0.0,0.0
829,80.0,71.0,1.0,0.0,0.0,0.0,1.0,5.0,183.6614285714286,0.0,0.0,0.0,2.3446428571428575,1506.5014285714285,1672.2557142857145,1444.895,12.0,8.0,1339.8935714285712,1328.0721428571428,178.57142857142858,196.73285714285717,597.1428571428571,34.0,31.0,4.0,9.0,14.0,0.0,0.0,0.0,1.0,0.0,0.0,301.3002857142857,1.0,1.0,1.0,1.0,1.0,1.0,1.0,1.0,139.35464285714286,180.611875,39.40863445378151,42.841036866359445,44.642857142857146,21.859206349206353,42.6530612244898,227.3607142857145,11.821428571428442
830,23.0,65.0,1.0,0.0,0.0,0.0,0.0,0.0,21.3625,0.0,0.0,0.0,0.0,0.0,998.245,998.245,2.0,2.0,974.8242857142858,974.8242857142858,428.57142857142856,171.21714285714285,374.82142857142856,24.0,24.0,6.0,15.0,2.0,1.0,0.0,0.0,0.0,0.0,0.0,0.0,1.0,1.0,0.0,1.0,0.0,1.0,1.0,1.0,499.1225,499.1225,40.61767857142858,40.61767857142858,71.42857142857143,11.41447619047619,187.41071428571428,0.0,0.0
832,37.0,174.0,1.0,0.0,0.0,0.0,0.0,0.0,458.8110714285714,0.0,0.0,0.0,0.0,0.0,977.4860714285714,977.4860714285714,2.0,2.0,904.5357142857143,904.5357142857143,535.7142857142857,0.0,337.85714285714283,12.0,12.0,1.0,0.0,6.0,0.0,0.0,0.0,0.0,0.0,0.0,0.0,1.0,1.0,0.0,1.0,0.0,1.0,0.0,1.0,488.7430357142857,488.7430357142857,75.37797619047619,75.37797619047619,535.7142857142857,0.0,56.3095238095238,0.0,0.0
834,28.0,78.0,1.0,0.0,0.0,1.0,0.0,1.0,4430.363214285714,0.0,0.0,0.0,0.0,2015.4878571428574,3488.5882142857145,2380.5760714285716,23.0,20.0,3476.827142857143,2344.861785714286,267.85714285714283,155.64285714285714,752.7703571428572,42.0,23.0,5.0,6.0,8.0,0.0,0.0,0.0,1.0,0.0,0.0,2015.4878571428574,1.0,1.0,1.0,1.0,1.0,1.0,1.0,1.0,151.67774844720498,119.02880357142858,82.78159863945578,101.95051242236025,53.57142857142857,25.94047619047619,94.09629464285715,1108.0121428571429,1131.965357142857
835,66.0,98.0,1.0,0.0,0.0,0.0,0.0,0.0,871.5024999999999,0.0,0.0,0.0,0.0,0.0,382.21535714285716,382.21535714285716,3.0,3.0,5.535714285714286,5.535714285714286,0.0,0.0,0.0,1.0,1.0,0.0,0.0,0.0,0.0,0.0,0.0,0.0,0.0,0.0,0.0,1.0,1.0,0.0,1.0,0.0,0.0,0.0,0.0,127.40511904761905,127.40511904761905,5.535714285714286,5.535714285714286,0.0,0.0,0.0,0.0,0.0
839,29.0,55.0,1.0,0.0,0.0,0.0,0.0,0.0,870.7567857142857,0.0,0.0,0.0,0.0,0.0,0.00035714285714285714,0.00035714285714285714,1.0,1.0,67.85714285714286,67.85714285714286,67.85714285714286,0.0,0.0,1.0,1.0,1.0,0.0,0.0,1.0,0.0,0.0,0.0,0.0,0.0,0.0,1.0,1.0,0.0,1.0,0.0,1.0,0.0,0.0,0.00035714285714285714,0.00035714285714285714,67.85714285714286,67.85714285714286,67.85714285714286,0.0,0.0,0.0,0.0
841,63.0,134.0,1.0,1.0,2.0,0.0,0.0,0.0,1029.6585714285713,0.0,0.0,0.0,0.0,0.0,6.243214285714286,0.00035714285714285714,5.0,1.0,0.028571428571428574,0.0,0.0,0.0,0.0,2.0,0.0,0.0,0.0,0.0,0.0,1.0,1.0,0.0,0.0,0.0,0.0,1.0,1.0,1.0,1.0,1.0,0.0,0.0,0.0,1.2486428571428572,0.00035714285714285714,0.014285714285714287,0.0,0.0,0.0,0.0,6.242857142857143,0.028571428571428574
842,54.0,56.0,1.0,0.0,0.0,0.0,0.0,0.0,22.135714285714283,0.0,0.0,0.0,0.0,0.0,0.0,0.0,0.0,0.0,0.8939285714285715,0.8939285714285715,0.0,0.0,0.0,1.0,1.0,0.0,0.0,0.0,0.0,0.0,0.0,0.0,0.0,0.0,0.0,0.0,0.0,0.0,1.0,0.0,0.0,0.0,0.0,0.0,0.0,0.8939285714285715,0.8939285714285715,0.0,0.0,0.0,0.0,0.0
844,43.0,129.0,1.0,0.0,0.0,0.0,0.0,0.0,21.330714285714286,0.0,0.0,0.0,0.0,0.0,428.57250000000005,428.57250000000005,3.0,3.0,927.5357142857143,927.5357142857143,525.0,10.714285714285714,207.71428571428572,10.0,10.0,3.0,1.0,4.0,1.0,0.0,0.0,0.0,0.0,0.0,0.0,1.0,1.0,0.0,1.0,0.0,1.0,1.0,1.0,142.85750000000002,142.85750000000002,92.75357142857143,92.75357142857143,175.0,10.714285714285714,51.92857142857143,0.0,0.0
847,19.0,77.0,1.0,0.0,0.0,0.0,0.0,0.0,240.94892857142855,0.0,0.0,0.0,0.0,0.0,0.015714285714285715,0.015714285714285715,1.0,1.0,0.8928571428571429,0.8928571428571429,0.0,0.0,0.0,1.0,1.0,0.0,0.0,0.0,1.0,0.0,0.0,0.0,0.0,0.0,0.0,1.0,1.0,0.0,1.0,0.0,0.0,0.0,0.0,0.015714285714285715,0.015714285714285715,0.8928571428571429,0.8928571428571429,0.0,0.0,0.0,0.0,0.0
851,4.0,80.0,1.0,1.0,0.0,1.0,0.0,0.0,732.9371428571429,103328.81892857143,0.0,0.0,0.0,0.0,0.01107142857142857,0.01107142857142857,1.0,1.0,1312.6532142857143,1312.6532142857143,792.6646428571429,501.20464285714286,0.0,43.0,43.0,4.0,34.0,0.0,0.0,1.0,0.0,0.0,103328.81892857143,0.0,0.0,1.0,1.0,0.0,1.0,0.0,1.0,1.0,0.0,0.01107142857142857,0.01107142857142857,30.526818936877078,30.526818936877078,198.16616071428572,14.741313025210085,0.0,0.0,0.0
852,30.0,199.0,1.0,0.0,0.0,0.0,0.0,0.0,357.1457142857143,0.0,0.0,0.0,0.0,0.0,694.4614285714285,694.3239285714286,5.0,4.0,552.3,552.1428571428571,0.0,0.0,550.6071428571429,7.0,6.0,0.0,0.0,5.0,1.0,0.0,0.0,0.0,0.0,0.0,0.0,1.0,1.0,1.0,1.0,1.0,0.0,0.0,1.0,138.89228571428572,173.58098214285715,78.89999999999999,92.02380952380952,0.0,0.0,110.12142857142858,0.1374999999999318,0.15714285714284415
853,47.0,148.0,1.0,1.0,0.0,1.0,0.0,0.0,3061.968928571429,19069.40071428571,0.0,0.0,0.0,0.0,639.4228571428572,639.4092857142857,3.0,2.0,1093.7642857142857,1093.7642857142857,571.4285714285714,30.900000000000002,487.15000000000003,14.0,14.0,1.0,2.0,9.0,1.0,1.0,0.0,0.0,19069.40071428571,0.0,0.0,1.0,1.0,1.0,1.0,0.0,1.0,1.0,1.0,213.1409523809524,319.70464285714286,78.12602040816327,78.12602040816327,571.4285714285714,15.450000000000001,54.12777777777778,0.013571428571481192,0.0
854,26.0,47.0,1.0,1.0,4.0,1.0,0.0,0.0,1860.2396428571428,851.0614285714286,342.59607142857146,0.0,0.0,0.0,554.5521428571428,554.0432142857143,3.0,2.0,764.5360714285714,764.5360714285714,542.8571428571429,21.357142857142858,195.78607142857143,7.0,7.0,2.0,1.0,3.0,0.0,1.0,1.0,0.0,851.0614285714286,85.64901785714287,0.0,1.0,1.0,1.0,1.0,0.0,1.0,1.0,1.0,184.85071428571428,277.02160714285714,109.2194387755102,109.2194387755102,271.42857142857144,21.357142857142858,65.26202380952381,0.5089285714285552,0.0
861,46.0,20.0,1.0,0.0,0.0,0.0,0.0,0.0,736.4207142857142,0.0,0.0,0.0,0.0,0.0,114.28607142857143,114.28607142857143,4.0,4.0,110.71428571428571,110.71428571428571,110.71428571428571,0.0,0.0,4.0,4.0,4.0,0.0,0.0,1.0,0.0,0.0,0.0,0.0,0.0,0.0,1.0,1.0,0.0,1.0,0.0,1.0,0.0,0.0,28.571517857142858,28.571517857142858,27.678571428571427,27.678571428571427,27.678571428571427,0.0,0.0,0.0,0.0
862,29.0,152.0,1.0,0.0,0.0,0.0,0.0,0.0,3.5835714285714286,0.0,0.0,0.0,0.0,0.0,253.5725,253.5725,2.0,2.0,232.02142857142857,232.02142857142857,125.0,104.41428571428571,0.0,17.0,17.0,5.0,8.0,0.0,1.0,0.0,0.0,0.0,0.0,0.0,0.0,1.0,1.0,0.0,1.0,0.0,1.0,1.0,0.0,126.78625,126.78625,13.648319327731093,13.648319327731093,25.0,13.051785714285714,0.0,0.0,0.0
866,21.0,83.0,1.0,0.0,0.0,0.0,0.0,0.0,1751.3507142857143,0.0,0.0,0.0,0.0,0.0,2395.361785714286,2395.361785714286,5.0,5.0,2671.7489285714287,2671.7489285714287,696.4285714285714,928.2632142857143,804.25,70.0,70.0,12.0,34.0,15.0,1.0,0.0,0.0,0.0,0.0,0.0,0.0,1.0,1.0,0.0,1.0,0.0,1.0,1.0,1.0,479.0723571428572,479.0723571428572,38.167841836734695,38.167841836734695,58.035714285714285,27.30185924369748,53.61666666666667,0.0,0.0
868,40.0,151.0,1.0,0.0,2.0,0.0,0.0,0.0,0.0,0.0,848.3725000000001,0.0,0.0,0.0,1014.3632142857142,1014.3632142857142,2.0,2.0,568.0714285714286,568.0714285714286,0.0,0.0,567.8571428571429,4.0,4.0,0.0,0.0,3.0,0.0,0.0,1.0,0.0,0.0,424.18625000000003,0.0,1.0,1.0,0.0,1.0,0.0,0.0,0.0,1.0,507.1816071428571,507.1816071428571,142.01785714285714,142.01785714285714,0.0,0.0,189.2857142857143,0.0,0.0
870,22.0,101.0,1.0,0.0,0.0,1.0,0.0,0.0,122.10642857142857,0.0,0.0,182.96571428571428,0.0,0.0,142.31571428571428,72.14,5.0,3.0,108.5657142857143,72.14,0.0,0.0,0.0,5.0,3.0,0.0,0.0,0.0,1.0,0.0,0.0,0.0,0.0,0.0,0.0,1.0,1.0,1.0,1.0,1.0,0.0,0.0,0.0,28.463142857142856,24.046666666666667,21.71314285714286,24.046666666666667,0.0,0.0,0.0,70.17571428571428,36.42571428571429
871,45.0,157.0,1.0,0.0,0.0,0.0,1.0,2.0,2853.2082142857143,0.0,0.0,0.0,122.11714285714287,8660.066071428571,5649.168571428571,5415.585357142858,7.0,3.0,5755.8210714285715,5713.755,714.2857142857143,88.53571428571429,4334.239642857143,21.0,16.0,1.0,2.0,8.0,0.0,0.0,0.0,1.0,0.0,0.0,4330.033035714286,1.0,1.0,1.0,1.0,1.0,1.0,1.0,1.0,807.0240816326531,1805.1951190476193,274.08671768707484,357.1096875,714.2857142857143,44.267857142857146,541.7799553571429,233.58321428571344,42.06607142857138
876,57.0,115.0,1.0,1.0,0.0,1.0,0.0,0.0,5948.005714285714,7155.010357142857,0.0,0.0,0.0,0.0,3032.6771428571433,2319.4610714285714,18.0,15.0,2512.2050000000004,2274.246785714286,735.7142857142857,499.8525,321.35714285714283,37.0,27.0,3.0,14.0,5.0,0.0,1.0,0.0,0.0,7155.010357142857,0.0,0.0,1.0,1.0,1.0,1.0,1.0,1.0,1.0,1.0,168.4820634920635,154.6307380952381,67.89743243243244,84.23136243386244,245.2380952380952,35.70375,64.27142857142857,713.2160714285719,237.95821428571435
878,5.0,173.0,1.0,0.0,22.0,0.0,0.0,0.0,1519.9492857142857,0.0,617.8335714285714,0.0,0.0,0.0,1071.430357142857,1071.430357142857,2.0,2.0,1071.4285714285713,1071.4285714285713,0.0,0.0,0.0,2.0,2.0,0.0,0.0,0.0,0.0,0.0,1.0,0.0,0.0,28.083344155844156,0.0,1.0,1.0,0.0,1.0,0.0,0.0,0.0,0.0,535.7151785714285,535.7151785714285,535.7142857142857,535.7142857142857,0.0,0.0,0.0,0.0,0.0
886,36.0,181.0,1.0,1.0,0.0,0.0,0.0,0.0,168.90464285714285,115074.53357142858,0.0,0.0,0.0,0.0,4881.583928571429,2899.991785714286,6.0,4.0,2691.632857142857,2691.632857142857,232.14285714285714,107.66857142857143,387.10714285714283,25.0,25.0,3.0,9.0,11.0,0.0,1.0,0.0,0.0,115074.53357142858,0.0,0.0,1.0,1.0,1.0,1.0,0.0,1.0,1.0,1.0,813.5973214285715,724.9979464285715,107.66531428571429,107.66531428571429,77.38095238095238,11.963174603174602,35.19155844155844,1981.5921428571432,0.0
887,55.0,151.0,1.0,0.0,0.0,0.0,0.0,0.0,402.8014285714286,0.0,0.0,0.0,0.0,0.0,1746.9314285714286,1746.9314285714286,4.0,4.0,1833.9453571428571,1833.9453571428571,910.7142857142857,251.89535714285714,487.2142857142857,39.0,39.0,6.0,16.0,11.0,0.0,0.0,0.0,0.0,0.0,0.0,0.0,1.0,1.0,0.0,1.0,0.0,1.0,1.0,1.0,436.73285714285714,436.73285714285714,47.024239926739924,47.024239926739924,151.78571428571428,15.743459821428571,44.29220779220779,0.0,0.0
889,36.0,236.0,1.0,0.0,0.0,0.0,0.0,0.0,2560.4264285714285,0.0,0.0,0.0,0.0,0.0,25.0,25.0,1.0,1.0,26.175,26.175,7.142857142857143,19.032142857142855,0.0,3.0,3.0,1.0,2.0,0.0,1.0,0.0,0.0,0.0,0.0,0.0,0.0,1.0,1.0,0.0,1.0,0.0,1.0,1.0,0.0,25.0,25.0,8.725,8.725,7.142857142857143,9.516071428571427,0.0,0.0,0.0
89,40.0,118.0,1.0,1.0,2.0,0.0,0.0,0.0,137.70142857142858,893.1703571428571,1462.0660714285714,0.0,0.0,0.0,1979.1557142857143,1940.126785714286,6.0,5.0,2601.4375,1887.1517857142858,1089.2857142857142,82.43107142857143,715.4350000000001,24.0,23.0,8.0,2.0,13.0,0.0,1.0,1.0,0.0,893.1703571428571,731.0330357142857,0.0,1.0,1.0,1.0,1.0,1.0,1.0,1.0,1.0,329.8592857142857,388.02535714285716,108.39322916666667,82.05007763975155,136.16071428571428,41.215535714285714,55.033461538461545,39.02892857142842,714.2857142857142
891,21.0,11.0,1.0,0.0,0.0,1.0,0.0,0.0,1131.6232142857143,0.0,0.0,0.0,0.0,0.0,977.7939285714285,977.7939285714285,7.0,7.0,354.92857142857144,354.92857142857144,0.0,0.0,351.5357142857143,8.0,8.0,0.0,0.0,7.0,1.0,0.0,0.0,0.0,0.0,0.0,0.0,1.0,1.0,0.0,1.0,0.0,0.0,0.0,1.0,139.6848469387755,139.6848469387755,44.36607142857143,44.36607142857143,0.0,0.0,50.21938775510204,0.0,0.0
893,48.0,53.0,1.0,0.0,0.0,0.0,0.0,0.0,2.468928571428571,0.0,0.0,0.0,0.0,0.0,959.5124999999999,959.5124999999999,9.0,9.0,1772.107142857143,1772.107142857143,0.0,0.0,1767.7142857142858,17.0,17.0,0.0,0.0,15.0,1.0,0.0,0.0,0.0,0.0,0.0,0.0,1.0,1.0,0.0,1.0,0.0,0.0,0.0,1.0,106.6125,106.6125,104.24159663865547,104.24159663865547,0.0,0.0,117.84761904761905,0.0,0.0
894,69.0,21.0,1.0,0.0,0.0,1.0,1.0,2.0,354.98285714285714,0.0,0.0,0.0,0.7142857142857143,2182.3967857142857,2092.9910714285716,2031.5060714285714,11.0,6.0,2123.822142857143,2119.357857142857,857.1428571428571,300.98928571428576,859.0114285714286,42.0,37.0,3.0,11.0,19.0,1.0,0.0,0.0,1.0,0.0,0.0,1091.1983928571428,1.0,1.0,1.0,1.0,1.0,1.0,1.0,1.0,190.2719155844156,338.58434523809524,50.56719387755102,57.27994208494208,285.7142857142857,27.362662337662343,45.21112781954887,61.48500000000013,4.464285714285779
897,51.0,116.0,1.0,1.0,3.0,0.0,0.0,0.0,0.7553571428571428,7567.191785714285,6511.858928571428,0.0,0.0,0.0,375.7675,355.65142857142854,4.0,3.0,352.2857142857143,352.2857142857143,0.0,0.0,352.2857142857143,7.0,7.0,0.0,0.0,7.0,0.0,1.0,1.0,0.0,7567.191785714285,2170.6196428571425,0.0,1.0,1.0,1.0,1.0,0.0,0.0,0.0,1.0,93.941875,118.55047619047618,50.326530612244895,50.326530612244895,0.0,0.0,50.326530612244895,20.116071428571445,0.0
899,59.0,61.0,1.0,0.0,0.0,0.0,0.0,0.0,1068.9364285714287,0.0,0.0,0.0,0.0,0.0,403.57214285714286,403.57214285714286,2.0,2.0,401.43857142857144,401.43857142857144,17.857142857142858,2.7742857142857145,0.0,4.0,4.0,1.0,1.0,0.0,1.0,0.0,0.0,0.0,0.0,0.0,0.0,1.0,1.0,0.0,1.0,0.0,1.0,1.0,0.0,201.78607142857143,201.78607142857143,100.35964285714286,100.35964285714286,17.857142857142858,2.7742857142857145,0.0,0.0,0.0
9,33.0,182.0,1.0,0.0,0.0,1.0,0.0,0.0,510.1664285714286,0.0,0.0,0.0,0.0,0.0,527.175,379.7910714285714,6.0,4.0,415.4607142857143,375.70535714285717,53.57142857142857,0.0,170.71428571428572,10.0,7.0,1.0,0.0,3.0,0.0,0.0,0.0,0.0,0.0,0.0,0.0,1.0,1.0,1.0,1.0,1.0,1.0,0.0,1.0,87.8625,94.94776785714285,41.54607142857143,53.672193877551024,53.57142857142857,0.0,56.904761904761905,147.38392857142856,39.75535714285712
902,40.0,212.0,1.0,0.0,0.0,0.0,0.0,0.0,13482.236071428571,0.0,0.0,0.0,0.0,0.0,357.1621428571429,357.1621428571429,2.0,2.0,95.89285714285714,95.89285714285714,35.714285714285715,58.92857142857143,0.0,4.0,4.0,1.0,2.0,0.0,0.0,0.0,0.0,0.0,0.0,0.0,0.0,1.0,1.0,0.0,1.0,0.0,1.0,1.0,0.0,178.58107142857145,178.58107142857145,23.973214285714285,23.973214285714285,35.714285714285715,29.464285714285715,0.0,0.0,0.0
909,21.0,27.0,1.0,0.0,0.0,1.0,0.0,1.0,4.710714285714286,0.0,0.0,0.0,0.0,4291.996428571429,789.1296428571429,738.2299999999999,4.0,3.0,450.67857142857144,448.89285714285717,178.57142857142858,0.0,166.57142857142858,8.0,7.0,1.0,0.0,4.0,1.0,0.0,0.0,1.0,0.0,0.0,4291.996428571429,1.0,1.0,1.0,1.0,1.0,1.0,0.0,1.0,197.28241071428573,246.07666666666663,56.33482142857143,64.12755102040816,178.57142857142858,0.0,41.642857142857146,50.89964285714302,1.7857142857142776
91,35.0,61.0,1.0,0.0,0.0,0.0,0.0,0.0,0.0,0.0,0.0,0.0,0.0,0.0,1217.7807142857143,1217.7807142857143,2.0,2.0,1196.107142857143,1196.107142857143,571.4285714285714,503.25,121.42857142857143,29.0,29.0,4.0,23.0,2.0,1.0,0.0,0.0,0.0,0.0,0.0,0.0,1.0,1.0,0.0,1.0,0.0,1.0,1.0,1.0,608.8903571428572,608.8903571428572,41.245073891625616,41.245073891625616,142.85714285714286,21.880434782608695,60.714285714285715,0.0,0.0
910,34.0,44.0,1.0,1.0,0.0,0.0,1.0,0.0,3007.753214285714,1149.5053571428573,0.0,0.0,928.4642857142857,0.0,1629.6214285714286,1112.3975,12.0,4.0,1917.2925,1090.357142857143,107.14285714285714,909.6139285714286,391.7857142857143,46.0,12.0,3.0,32.0,5.0,1.0,1.0,0.0,0.0,1149.5053571428573,0.0,0.0,1.0,1.0,1.0,1.0,1.0,1.0,1.0,1.0,135.80178571428573,278.099375,41.68027173913043,90.86309523809524,35.714285714285715,28.425435267857143,78.35714285714286,517.2239285714286,826.9353571428571
912,50.0,10.0,1.0,0.0,0.0,0.0,0.0,0.0,3.496785714285714,0.0,0.0,0.0,0.0,0.0,1561.2549999999999,1561.2549999999999,3.0,3.0,1562.1307142857145,1562.1307142857145,0.0,67.39642857142857,1428.357142857143,14.0,14.0,0.0,5.0,5.0,1.0,0.0,0.0,0.0,0.0,0.0,0.0,1.0,1.0,0.0,1.0,0.0,0.0,1.0,1.0,520.4183333333333,520.4183333333333,111.58076530612246,111.58076530612246,0.0,13.479285714285714,285.6714285714286,0.0,0.0
916,51.0,151.0,1.0,1.0,5.0,1.0,1.0,0.0,7949.006785714286,554.9710714285715,2545.743214285714,470.0514285714286,1188.7867857142858,0.0,1096.8389285714286,1095.3882142857142,6.0,4.0,642.7414285714285,642.7414285714285,0.0,2.6700000000000004,623.8928571428571,16.0,16.0,0.0,3.0,10.0,0.0,1.0,1.0,0.0,554.9710714285715,509.1486428571428,0.0,1.0,1.0,1.0,1.0,0.0,0.0,1.0,1.0,182.8064880952381,273.84705357142855,40.17133928571428,40.17133928571428,0.0,0.8900000000000001,62.38928571428571,1.4507142857144117,0.0
919,29.0,5.0,1.0,0.0,0.0,1.0,0.0,0.0,254.0117857142857,0.0,0.0,0.0,0.0,0.0,919.0260714285714,898.6085714285715,9.0,7.0,927.6385714285715,898.8892857142857,278.57142857142856,157.67214285714286,438.7282142857143,26.0,22.0,4.0,7.0,8.0,0.0,0.0,0.0,0.0,0.0,0.0,0.0,1.0,1.0,1.0,1.0,1.0,1.0,1.0,1.0,102.11400793650793,128.3726530612245,35.67840659340659,40.858603896103894,69.64285714285714,22.524591836734693,54.841026785714284,20.417499999999905,28.749285714285747
923,49.0,226.0,1.0,0.0,0.0,0.0,0.0,0.0,96.08928571428571,0.0,0.0,0.0,0.0,0.0,1115.1467857142857,1115.1467857142857,2.0,2.0,1101.017857142857,1101.017857142857,1098.625,0.0,0.0,5.0,5.0,2.0,0.0,0.0,0.0,0.0,0.0,0.0,0.0,0.0,0.0,1.0,1.0,0.0,1.0,0.0,1.0,0.0,0.0,557.5733928571428,557.5733928571428,220.20357142857142,220.20357142857142,549.3125,0.0,0.0,0.0,0.0
925,28.0,0.0,1.0,0.0,0.0,0.0,0.0,0.0,527.9432142857142,0.0,0.0,0.0,0.0,0.0,472.5007142857143,472.5007142857143,3.0,3.0,470.0357142857143,470.0357142857143,267.85714285714283,0.0,200.0,4.0,4.0,2.0,0.0,1.0,1.0,0.0,0.0,0.0,0.0,0.0,0.0,1.0,1.0,0.0,1.0,0.0,1.0,0.0,1.0,157.5002380952381,157.5002380952381,117.50892857142857,117.50892857142857,133.92857142857142,0.0,200.0,0.0,0.0
929,87.0,150.0,1.0,0.0,0.0,0.0,0.0,0.0,291.1532142857143,0.0,0.0,0.0,0.0,0.0,0.00035714285714285714,0.00035714285714285714,1.0,1.0,0.0,0.0,0.0,0.0,0.0,0.0,0.0,0.0,0.0,0.0,1.0,0.0,0.0,0.0,0.0,0.0,0.0,1.0,1.0,0.0,0.0,0.0,0.0,0.0,0.0,0.00035714285714285714,0.00035714285714285714,0.0,0.0,0.0,0.0,0.0,0.0,0.0
931,40.0,63.0,1.0,0.0,0.0,0.0,0.0,0.0,10349.92,0.0,0.0,0.0,0.0,0.0,361.6082142857143,361.6082142857143,4.0,4.0,357.2142857142857,357.2142857142857,260.7142857142857,67.25,29.25,22.0,22.0,12.0,9.0,1.0,1.0,0.0,0.0,0.0,0.0,0.0,0.0,1.0,1.0,0.0,1.0,0.0,1.0,1.0,1.0,90.40205357142858,90.40205357142858,16.23701298701299,16.23701298701299,21.726190476190478,7.472222222222222,29.25,0.0,0.0
933,17.0,102.0,1.0,0.0,0.0,1.0,0.0,0.0,1624.8632142857143,0.0,0.0,0.0,0.0,0.0,1417.8614285714286,1417.8614285714286,5.0,5.0,579.9289285714286,579.9289285714286,35.714285714285715,276.3932142857143,267.82142857142856,19.0,19.0,1.0,14.0,4.0,0.0,0.0,0.0,0.0,0.0,0.0,0.0,1.0,1.0,0.0,1.0,0.0,1.0,1.0,1.0,283.5722857142857,283.5722857142857,30.522575187969927,30.522575187969927,35.714285714285715,19.74237244897959,66.95535714285714,0.0,0.0
936,22.0,13.0,1.0,0.0,0.0,0.0,0.0,0.0,1973.2807142857143,0.0,0.0,0.0,0.0,0.0,0.0007142857142857143,0.0007142857142857143,1.0,1.0,3.392857142857143,3.392857142857143,0.0,0.0,0.0,1.0,1.0,0.0,0.0,0.0,1.0,0.0,0.0,0.0,0.0,0.0,0.0,1.0,1.0,0.0,1.0,0.0,0.0,0.0,0.0,0.0007142857142857143,0.0007142857142857143,3.392857142857143,3.392857142857143,0.0,0.0,0.0,0.0,0.0
94,22.0,189.0,1.0,1.0,0.0,0.0,0.0,0.0,8079.0425000000005,7620.556071428572,0.0,0.0,0.0,0.0,527.6478571428571,527.3632142857143,4.0,3.0,367.0892857142857,367.0892857142857,232.14285714285714,79.0,55.30357142857143,7.0,7.0,1.0,2.0,3.0,1.0,1.0,0.0,0.0,7620.556071428572,0.0,0.0,1.0,1.0,1.0,1.0,0.0,1.0,1.0,1.0,131.91196428571428,175.7877380952381,52.441326530612244,52.441326530612244,232.14285714285714,39.5,18.43452380952381,0.28464285714278503,0.0
940,18.0,9.0,1.0,0.0,0.0,0.0,0.0,0.0,0.0,0.0,0.0,0.0,0.0,0.0,824.8985714285715,824.8985714285715,3.0,3.0,868.9464285714286,868.9464285714286,0.0,731.4107142857143,133.92857142857142,40.0,40.0,0.0,36.0,3.0,1.0,0.0,0.0,0.0,0.0,0.0,0.0,1.0,1.0,0.0,1.0,0.0,0.0,1.0,1.0,274.9661904761905,274.9661904761905,21.723660714285714,21.723660714285714,0.0,20.31696428571429,44.64285714285714,0.0,0.0
945,31.0,1.0,1.0,0.0,0.0,0.0,0.0,0.0,411.00821428571425,0.0,0.0,0.0,0.0,0.0,436.03607142857146,436.03607142857146,2.0,2.0,430.5357142857143,430.5357142857143,428.57142857142856,0.0,0.0,2.0,2.0,1.0,0.0,0.0,0.0,0.0,0.0,0.0,0.0,0.0,0.0,1.0,1.0,0.0,1.0,0.0,1.0,0.0,0.0,218.01803571428573,218.01803571428573,215.26785714285714,215.26785714285714,428.57142857142856,0.0,0.0,0.0,0.0
948,31.0,182.0,1.0,0.0,0.0,0.0,0.0,3.0,2574.7775,0.0,0.0,0.0,0.0,13012.385714285714,994.365,913.1789285714285,3.0,2.0,921.4285714285714,915.2142857142857,803.5714285714286,0.0,0.0,5.0,3.0,1.0,0.0,0.0,1.0,0.0,0.0,1.0,0.0,0.0,4337.461904761904,1.0,1.0,1.0,1.0,1.0,1.0,0.0,0.0,331.455,456.58946428571426,184.28571428571428,305.07142857142856,803.5714285714286,0.0,0.0,81.1860714285715,6.214285714285779
949,55.0,150.0,1.0,1.0,0.0,1.0,1.0,0.0,693.7617857142858,516.1596428571428,0.0,0.0,523.8107142857143,0.0,3112.797857142857,2980.3525,10.0,5.0,5846.526785714285,5578.716071428571,642.8571428571429,775.61,1721.345357142857,38.0,31.0,2.0,14.0,11.0,0.0,1.0,0.0,0.0,516.1596428571428,0.0,0.0,1.0,1.0,1.0,1.0,1.0,1.0,1.0,1.0,311.2797857142857,596.0705,153.85596804511277,179.95858294930875,321.42857142857144,55.40071428571429,156.48594155844154,132.44535714285712,267.8107142857143
951,69.0,178.0,2.0,1.0,0.0,1.0,1.0,0.0,338.36499999999995,93895.68785714285,0.0,0.0,30.345,0.0,1038.485357142857,926.1214285714286,16.0,7.0,1262.954642857143,976.8050000000001,392.85714285714283,287.5385714285714,382.17857142857144,37.0,22.0,4.0,10.0,11.0,1.0,1.0,0.0,0.0,93895.68785714285,0.0,0.0,1.0,1.0,1.0,1.0,1.0,1.0,1.0,1.0,64.90533482142857,132.3030612244898,34.13390926640927,44.40022727272728,98.21428571428571,28.75385714285714,34.743506493506494,112.36392857142846,286.1496428571429
954,83.0,20.0,1.0,1.0,0.0,0.0,0.0,0.0,32.559285714285714,1460.8,0.0,0.0,0.0,0.0,538.4432142857142,512.8314285714285,4.0,3.0,890.5714285714286,890.5714285714286,285.7142857142857,0.0,583.9642857142857,12.0,12.0,1.0,0.0,9.0,1.0,1.0,0.0,0.0,1460.8,0.0,0.0,1.0,1.0,1.0,1.0,0.0,1.0,0.0,1.0,134.61080357142856,170.9438095238095,74.21428571428571,74.21428571428571,285.7142857142857,0.0,64.88492063492063,25.611785714285702,0.0
957,92.0,19.0,1.0,2.0,0.0,1.0,0.0,0.0,125.80642857142857,5069.315714285714,0.0,664.3207142857143,0.0,0.0,1321.3999999999999,1320.5517857142856,4.0,3.0,956.1364285714286,956.1364285714286,346.42857142857144,179.70785714285714,426.39285714285717,20.0,20.0,2.0,7.0,10.0,0.0,1.0,0.0,0.0,2534.657857142857,0.0,0.0,1.0,1.0,1.0,1.0,0.0,1.0,1.0,1.0,330.34999999999997,440.18392857142857,47.80682142857143,47.80682142857143,173.21428571428572,25.67255102040816,42.63928571428572,0.8482142857142208,0.0
958,63.0,68.0,1.0,0.0,0.0,0.0,1.0,0.0,648.5142857142857,0.0,0.0,0.0,511.93642857142856,0.0,3315.4550000000004,3313.0807142857143,9.0,5.0,1024.9185714285716,918.0435714285715,214.28571428571428,384.11785714285713,419.5864285714286,30.0,22.0,2.0,12.0,10.0,0.0,0.0,0.0,0.0,0.0,0.0,0.0,1.0,1.0,1.0,1.0,1.0,1.0,1.0,1.0,368.3838888888889,662.6161428571429,34.16395238095239,41.729253246753245,107.14285714285714,32.00982142857143,41.95864285714286,2.3742857142860885,106.87500000000011
959,34.0,27.0,1.0,0.0,0.0,0.0,0.0,0.0,186.0989285714286,0.0,0.0,0.0,0.0,0.0,0.00035714285714285714,0.00035714285714285714,1.0,1.0,0.0,0.0,0.0,0.0,0.0,0.0,0.0,0.0,0.0,0.0,0.0,0.0,0.0,0.0,0.0,0.0,0.0,1.0,1.0,0.0,0.0,0.0,0.0,0.0,0.0,0.00035714285714285714,0.00035714285714285714,0.0,0.0,0.0,0.0,0.0,0.0,0.0
965,62.0,169.0,4.0,0.0,0.0,1.0,1.0,0.0,319.0475,0.0,0.0,0.0,1.1785714285714286,0.0,507.6067857142857,484.2892857142857,10.0,7.0,1174.1317857142858,1167.9571428571428,364.2857142857143,347.9214285714285,433.85714285714283,39.0,36.0,7.0,15.0,10.0,1.0,0.0,0.0,0.0,0.0,0.0,0.0,1.0,1.0,1.0,1.0,1.0,1.0,1.0,1.0,50.76067857142857,69.18418367346939,30.105943223443226,32.44325396825397,52.04081632653061,23.1947619047619,43.385714285714286,23.317499999999995,6.174642857142999
967,27.0,152.0,1.0,0.0,0.0,0.0,0.0,0.0,886.8014285714286,0.0,0.0,0.0,0.0,0.0,4622.691785714285,4622.691785714285,9.0,9.0,6446.189285714286,6446.189285714286,0.0,0.0,4300.975,15.0,15.0,0.0,0.0,13.0,0.0,0.0,0.0,0.0,0.0,0.0,0.0,1.0,1.0,0.0,1.0,0.0,0.0,0.0,1.0,513.6324206349205,513.6324206349205,429.74595238095236,429.74595238095236,0.0,0.0,330.8442307692308,0.0,0.0
968,35.0,116.0,1.0,0.0,0.0,1.0,0.0,0.0,158.03892857142858,0.0,0.0,0.0,0.0,0.0,410.7310714285714,410.7310714285714,2.0,2.0,292.1617857142857,292.1617857142857,53.57142857142857,183.0725,10.017857142857142,26.0,26.0,2.0,20.0,1.0,1.0,0.0,0.0,0.0,0.0,0.0,0.0,1.0,1.0,0.0,1.0,0.0,1.0,1.0,1.0,205.3655357142857,205.3655357142857,11.236991758241759,11.236991758241759,26.785714285714285,9.153625,10.017857142857142,0.0,0.0
97,71.0,135.0,1.0,1.0,0.0,1.0,0.0,1.0,67.99249999999999,6082.5599999999995,0.0,142.06607142857143,0.0,809.465,3048.8942857142856,2560.7635714285716,20.0,14.0,2644.3185714285714,2314.8832142857145,1057.142857142857,304.33178571428573,433.1928571428571,53.0,44.0,9.0,15.0,10.0,0.0,1.0,0.0,1.0,6082.5599999999995,0.0,809.465,1.0,1.0,1.0,1.0,1.0,1.0,1.0,1.0,152.44471428571427,182.9116836734694,49.89280323450135,52.61098214285715,117.46031746031746,20.288785714285716,43.31928571428571,488.130714285714,329.4353571428569
972,26.0,56.0,1.0,1.0,0.0,0.0,0.0,0.0,2780.945357142857,3422.092142857143,0.0,0.0,0.0,0.0,970.15,970.1460714285714,7.0,6.0,935.2321428571429,935.2321428571429,285.7142857142857,25.982142857142858,620.0357142857143,19.0,19.0,3.0,1.0,14.0,0.0,1.0,0.0,0.0,3422.092142857143,0.0,0.0,1.0,1.0,1.0,1.0,0.0,1.0,1.0,1.0,138.59285714285713,161.6910119047619,49.222744360902254,49.222744360902254,95.23809523809524,25.982142857142858,44.288265306122454,0.003928571428559735,0.0
974,61.0,110.0,1.0,0.0,0.0,0.0,0.0,0.0,6298.261428571429,0.0,0.0,0.0,0.0,0.0,327.8932142857143,327.8932142857143,2.0,2.0,321.89285714285717,321.89285714285717,321.42857142857144,0.0,0.0,2.0,2.0,1.0,0.0,0.0,0.0,0.0,0.0,0.0,0.0,0.0,0.0,1.0,1.0,0.0,1.0,0.0,1.0,0.0,0.0,163.94660714285715,163.94660714285715,160.94642857142858,160.94642857142858,321.42857142857144,0.0,0.0,0.0,0.0
975,57.0,215.0,2.0,0.0,0.0,0.0,0.0,0.0,85.04535714285714,0.0,0.0,0.0,0.0,0.0,2837.6353571428567,2837.6353571428567,2.0,2.0,3270.409285714286,3270.409285714286,1428.5714285714287,464.0521428571428,1375.7142857142858,7.0,7.0,2.0,1.0,3.0,1.0,0.0,0.0,0.0,0.0,0.0,0.0,1.0,1.0,0.0,1.0,0.0,1.0,1.0,1.0,1418.8176785714284,1418.8176785714284,467.2013265306123,467.2013265306123,714.2857142857143,464.0521428571428,458.5714285714286,0.0,0.0
976,58.0,175.0,1.0,1.0,3.0,0.0,0.0,0.0,16.882142857142856,1866.0357142857142,9412.839285714286,0.0,0.0,0.0,517.4003571428572,500.5753571428572,3.0,2.0,236.5,236.5,0.0,0.0,236.5,4.0,4.0,0.0,0.0,4.0,0.0,1.0,1.0,0.0,1866.0357142857142,3137.6130952380954,0.0,1.0,1.0,1.0,1.0,0.0,0.0,0.0,1.0,172.46678571428572,250.2876785714286,59.125,59.125,0.0,0.0,59.125,16.82499999999999,0.0
978,35.0,44.0,1.0,1.0,3.0,0.0,0.0,0.0,139.83892857142857,37869.08535714285,0.0,0.0,0.0,0.0,3.2707142857142855,0.7167857142857142,3.0,2.0,5714.285714285715,5714.285714285715,0.0,0.0,0.0,2.0,2.0,0.0,0.0,0.0,1.0,1.0,1.0,0.0,37869.08535714285,0.0,0.0,1.0,1.0,1.0,1.0,0.0,0.0,0.0,0.0,1.0902380952380952,0.3583928571428571,2857.1428571428573,2857.1428571428573,0.0,0.0,0.0,2.553928571428571,0.0
98,51.0,150.0,1.0,0.0,0.0,1.0,0.0,0.0,468.46964285714284,0.0,0.0,0.0,0.0,0.0,153.57214285714286,153.57214285714286,5.0,5.0,236.5885714285714,236.5885714285714,0.0,7.159999999999999,226.03571428571428,7.0,7.0,0.0,1.0,5.0,1.0,0.0,0.0,0.0,0.0,0.0,0.0,1.0,1.0,0.0,1.0,0.0,0.0,1.0,1.0,30.714428571428574,30.714428571428574,33.798367346938775,33.798367346938775,0.0,7.159999999999999,45.207142857142856,0.0,0.0
983,56.0,80.0,1.0,1.0,2.0,0.0,0.0,0.0,462.22178571428566,1053.04,0.0,0.0,0.0,0.0,2351.1946428571428,2351.156785714286,5.0,4.0,526.9389285714286,526.9389285714286,178.57142857142858,12.046071428571429,332.7142857142857,11.0,11.0,1.0,1.0,8.0,1.0,1.0,1.0,0.0,1053.04,0.0,0.0,1.0,1.0,1.0,1.0,0.0,1.0,1.0,1.0,470.2389285714286,587.7891964285715,47.90353896103897,47.90353896103897,178.57142857142858,12.046071428571429,41.589285714285715,0.03785714285686481,0.0
986,18.0,128.0,1.0,0.0,0.0,1.0,1.0,0.0,469.3117857142857,0.0,0.0,0.0,247.36999999999998,0.0,494.61428571428576,232.75142857142856,14.0,5.0,504.00714285714287,232.75142857142856,0.0,0.0,0.0,19.0,5.0,0.0,0.0,0.0,0.0,0.0,0.0,0.0,0.0,0.0,0.0,1.0,1.0,1.0,1.0,1.0,0.0,0.0,0.0,35.3295918367347,46.550285714285714,26.526691729323307,46.550285714285714,0.0,0.0,0.0,261.8628571428572,271.2557142857143
987,29.0,34.0,1.0,0.0,0.0,0.0,0.0,0.0,21.125,0.0,0.0,0.0,0.0,0.0,970.4392857142857,970.4392857142857,5.0,5.0,1647.1499999999999,1647.1499999999999,821.4285714285714,675.3642857142858,146.71428571428572,26.0,26.0,3.0,16.0,5.0,0.0,0.0,0.0,0.0,0.0,0.0,0.0,1.0,1.0,0.0,1.0,0.0,1.0,1.0,1.0,194.08785714285713,194.08785714285713,63.35192307692307,63.35192307692307,273.8095238095238,42.21026785714286,29.342857142857145,0.0,0.0
99,68.0,150.0,1.0,0.0,12.0,0.0,0.0,0.0,22.898571428571426,0.0,4689.070357142858,0.0,0.0,0.0,1807.3528571428571,1807.3528571428571,5.0,5.0,1669.2364285714286,1669.2364285714286,0.0,951.415,698.7142857142857,34.0,34.0,0.0,17.0,15.0,0.0,0.0,1.0,0.0,0.0,390.7558630952381,0.0,1.0,1.0,0.0,1.0,0.0,0.0,1.0,1.0,361.4705714285714,361.4705714285714,49.09518907563025,49.09518907563025,0.0,55.96558823529411,46.580952380952375,0.0,0.0
991,42.0,68.0,1.0,0.0,0.0,0.0,0.0,0.0,37.658928571428575,0.0,0.0,0.0,0.0,0.0,2136.074285714286,2136.074285714286,3.0,3.0,2172.299285714286,2172.299285714286,250.0,332.5492857142857,1584.6785714285713,47.0,47.0,6.0,23.0,16.0,1.0,0.0,0.0,0.0,0.0,0.0,0.0,1.0,1.0,0.0,1.0,0.0,1.0,1.0,1.0,712.0247619047619,712.0247619047619,46.219133738601826,46.219133738601826,41.666666666666664,14.458664596273291,99.04241071428571,0.0,0.0
994,40.0,31.0,1.0,0.0,0.0,0.0,0.0,2.0,2314.6135714285715,0.0,0.0,0.0,0.0,515.4564285714285,402.61035714285714,339.2864285714286,4.0,3.0,406.6928571428571,402.2642857142857,0.0,0.0,0.0,5.0,4.0,0.0,0.0,0.0,1.0,0.0,0.0,1.0,0.0,0.0,257.7282142857143,1.0,1.0,1.0,1.0,1.0,0.0,0.0,0.0,100.65258928571428,113.09547619047619,81.33857142857143,100.56607142857142,0.0,0.0,0.0,63.32392857142855,4.428571428571445
996,39.0,1.0,1.0,0.0,0.0,0.0,0.0,0.0,5689.675357142857,0.0,0.0,0.0,0.0,0.0,205.0007142857143,205.0007142857143,2.0,2.0,228.58928571428572,228.58928571428572,153.57142857142858,71.26785714285714,0.0,20.0,20.0,13.0,4.0,0.0,0.0,0.0,0.0,0.0,0.0,0.0,0.0,1.0,1.0,0.0,1.0,0.0,1.0,1.0,0.0,102.50035714285715,102.50035714285715,11.429464285714285,11.429464285714285,11.813186813186814,17.816964285714285,0.0,0.0,0.0
999,26.0,85.0,1.0,0.0,0.0,0.0,0.0,0.0,26.30392857142857,0.0,0.0,0.0,0.0,0.0,60.786071428571425,60.786071428571425,2.0,2.0,56.871428571428574,56.871428571428574,53.57142857142857,2.05,0.0,5.0,5.0,3.0,1.0,0.0,0.0,0.0,0.0,0.0,0.0,0.0,0.0,1.0,1.0,0.0,1.0,0.0,1.0,1.0,0.0,30.393035714285713,30.393035714285713,11.374285714285715,11.374285714285715,17.857142857142858,2.05,0.0,0.0,0.0
